ax,ay,az,gx,gy,gz,label
4.0,-251.0,35.0,-26.0,13.0,3.0,0
5.0,-245.0,39.0,-27.0,11.0,4.0,0
8.0,-249.0,33.0,-26.0,9.0,3.0,0
6.0,-249.0,35.0,-28.0,9.0,4.0,0
6.0,-250.0,34.0,-29.0,9.0,4.0,0
5.0,-249.0,34.0,-32.0,8.0,2.0,0
3.0,-247.0,37.0,-32.0,7.0,2.0,0
5.0,-249.0,36.0,-34.0,8.0,3.0,0
5.0,-249.0,36.0,-33.0,7.0,3.0,0
6.0,-247.0,37.0,-31.0,5.0,3.0,0
4.0,-251.0,37.0,-30.0,3.0,2.0,0
7.0,-253.0,37.0,-32.0,5.0,1.0,0
6.0,-250.0,36.0,-32.0,4.0,1.0,0
7.0,-250.0,35.0,-31.0,3.0,2.0,0
7.0,-250.0,32.0,-28.0,1.0,2.0,0
8.0,-250.0,36.0,-29.0,2.0,1.0,0
7.0,-247.0,33.0,-26.0,0.0,1.0,0
7.0,-249.0,34.0,-24.0,2.0,-1.0,0
8.0,-249.0,37.0,-23.0,4.0,-2.0,0
8.0,-245.0,36.0,-25.0,6.0,-2.0,0
8.0,-251.0,28.0,-28.0,7.0,-3.0,0
7.0,-247.0,37.0,-30.0,7.0,-2.0,0
5.0,-248.0,36.0,-37.0,7.0,-3.0,0
8.0,-248.0,38.0,-41.0,6.0,-2.0,0
8.0,-248.0,36.0,-43.0,6.0,-2.0,0
7.0,-248.0,36.0,-45.0,8.0,0.0,0
6.0,-249.0,39.0,-43.0,9.0,-1.0,0
9.0,-251.0,40.0,-44.0,10.0,0.0,0
4.0,-252.0,34.0,-42.0,11.0,1.0,0
7.0,-248.0,39.0,-41.0,12.0,1.0,0
5.0,-250.0,38.0,-41.0,12.0,0.0,0
8.0,-248.0,37.0,-42.0,12.0,0.0,0
8.0,-252.0,33.0,-42.0,13.0,0.0,0
6.0,-252.0,33.0,-43.0,13.0,0.0,0
6.0,-249.0,36.0,-45.0,12.0,-1.0,0
7.0,-251.0,38.0,-46.0,9.0,-1.0,0
6.0,-251.0,33.0,-46.0,10.0,0.0,0
8.0,-251.0,32.0,-46.0,9.0,0.0,0
8.0,-251.0,38.0,-45.0,9.0,0.0,0
9.0,-251.0,32.0,-44.0,9.0,0.0,0
7.0,-252.0,38.0,-40.0,10.0,0.0,0
7.0,-251.0,35.0,-39.0,11.0,0.0,0
7.0,-250.0,38.0,-37.0,12.0,-1.0,0
6.0,-253.0,32.0,-35.0,14.0,-2.0,0
8.0,-250.0,33.0,-34.0,16.0,-4.0,0
3.0,-246.0,36.0,-34.0,17.0,-5.0,0
7.0,-250.0,33.0,-36.0,18.0,-5.0,0
6.0,-249.0,35.0,-36.0,21.0,-8.0,0
4.0,-248.0,36.0,-38.0,23.0,-7.0,0
7.0,-247.0,40.0,-38.0,24.0,-6.0,0
5.0,-249.0,34.0,-38.0,24.0,-8.0,0
6.0,-248.0,37.0,-37.0,25.0,-8.0,0
4.0,-245.0,36.0,-38.0,24.0,-8.0,0
6.0,-249.0,37.0,-36.0,23.0,-8.0,0
7.0,-250.0,33.0,-37.0,22.0,-9.0,0
2.0,-248.0,35.0,-36.0,24.0,-10.0,0
6.0,-252.0,33.0,-38.0,24.0,-9.0,0
4.0,-248.0,35.0,-42.0,22.0,-8.0,0
12.0,-236.0,27.0,-42.0,21.0,-8.0,0
8.0,-250.0,32.0,-45.0,21.0,-9.0,0
7.0,-251.0,37.0,-44.0,18.0,-4.0,0
3.0,-252.0,35.0,-42.0,15.0,-5.0,0
3.0,-251.0,36.0,-40.0,13.0,-5.0,0
4.0,-250.0,37.0,-39.0,11.0,-3.0,0
3.0,-248.0,35.0,-39.0,10.0,-1.0,0
6.0,-249.0,38.0,-39.0,8.0,-1.0,0
4.0,-251.0,39.0,-39.0,8.0,-1.0,0
6.0,-249.0,37.0,-39.0,5.0,0.0,0
3.0,-250.0,40.0,-39.0,6.0,0.0,0
4.0,-247.0,35.0,-39.0,6.0,-1.0,0
5.0,-250.0,38.0,-40.0,6.0,-1.0,0
7.0,-249.0,34.0,-41.0,6.0,-3.0,0
5.0,-248.0,34.0,-39.0,7.0,-3.0,0
7.0,-246.0,35.0,-39.0,8.0,-4.0,0
5.0,-249.0,34.0,-39.0,10.0,-6.0,0
6.0,-251.0,37.0,-40.0,13.0,-6.0,0
3.0,-249.0,36.0,-40.0,12.0,-7.0,0
6.0,-250.0,33.0,-42.0,14.0,-8.0,0
7.0,-250.0,40.0,-42.0,14.0,-9.0,0
8.0,-252.0,35.0,-45.0,13.0,-9.0,0
4.0,-249.0,37.0,-47.0,14.0,-10.0,0
6.0,-252.0,37.0,-49.0,12.0,-8.0,0
2.0,-250.0,34.0,-52.0,8.0,-8.0,0
5.0,-251.0,38.0,-52.0,8.0,-7.0,0
3.0,-250.0,39.0,-53.0,7.0,-7.0,0
5.0,-248.0,39.0,-50.0,8.0,-7.0,0
4.0,-253.0,36.0,-49.0,9.0,-7.0,0
5.0,-249.0,39.0,-48.0,8.0,-6.0,0
3.0,-251.0,37.0,-51.0,8.0,-6.0,0
4.0,-250.0,39.0,-50.0,10.0,-7.0,0
7.0,-247.0,39.0,-48.0,12.0,-6.0,0
8.0,-250.0,37.0,-48.0,13.0,-5.0,0
6.0,-249.0,36.0,-46.0,15.0,-4.0,0
7.0,-249.0,36.0,-44.0,16.0,-5.0,0
6.0,-249.0,40.0,-43.0,16.0,-3.0,0
2.0,-251.0,38.0,-44.0,14.0,-3.0,0
5.0,-247.0,34.0,-44.0,12.0,-2.0,0
8.0,-251.0,39.0,-43.0,14.0,-1.0,0
7.0,-250.0,40.0,-45.0,14.0,-3.0,0
6.0,-252.0,38.0,-45.0,14.0,-3.0,0
9.0,-251.0,37.0,-42.0,14.0,-4.0,0
8.0,-250.0,37.0,-44.0,15.0,-4.0,0
5.0,-248.0,38.0,-45.0,16.0,-7.0,0
5.0,-252.0,35.0,-44.0,17.0,-9.0,0
5.0,-248.0,35.0,-45.0,20.0,-11.0,0
4.0,-247.0,33.0,-43.0,21.0,-14.0,0
5.0,-248.0,36.0,-44.0,26.0,-15.0,0
3.0,-250.0,39.0,-45.0,28.0,-18.0,0
4.0,-250.0,37.0,-45.0,31.0,-19.0,0
6.0,-252.0,38.0,-45.0,31.0,-20.0,0
7.0,-253.0,35.0,-45.0,33.0,-21.0,0
6.0,-251.0,38.0,-46.0,35.0,-20.0,0
7.0,-240.0,39.0,-42.0,34.0,-20.0,0
5.0,-247.0,36.0,-39.0,33.0,-20.0,0
5.0,-253.0,37.0,-35.0,33.0,-19.0,0
5.0,-248.0,36.0,-34.0,30.0,-18.0,0
5.0,-249.0,36.0,-35.0,29.0,-19.0,0
4.0,-245.0,38.0,-38.0,29.0,-19.0,0
6.0,-250.0,36.0,-43.0,28.0,-18.0,0
4.0,-247.0,39.0,-50.0,27.0,-20.0,0
6.0,-247.0,35.0,-58.0,27.0,-20.0,0
11.0,-249.0,39.0,-62.0,27.0,-22.0,0
6.0,-246.0,35.0,-66.0,29.0,-21.0,0
9.0,-246.0,34.0,-72.0,29.0,-23.0,0
5.0,-248.0,36.0,-77.0,29.0,-22.0,0
7.0,-248.0,37.0,-80.0,31.0,-22.0,0
5.0,-249.0,37.0,-81.0,31.0,-22.0,0
6.0,-250.0,40.0,-82.0,31.0,-25.0,0
8.0,-249.0,37.0,-82.0,33.0,-24.0,0
4.0,-249.0,39.0,-81.0,32.0,-27.0,0
3.0,-250.0,36.0,-80.0,34.0,-27.0,0
3.0,-250.0,33.0,-80.0,36.0,-28.0,0
6.0,-248.0,32.0,-82.0,37.0,-29.0,0
7.0,-249.0,34.0,-85.0,39.0,-30.0,0
6.0,-254.0,30.0,-85.0,40.0,-30.0,0
8.0,-251.0,33.0,-86.0,43.0,-31.0,0
7.0,-251.0,37.0,-87.0,45.0,-30.0,0
7.0,-249.0,37.0,-88.0,46.0,-31.0,0
7.0,-248.0,37.0,-87.0,47.0,-32.0,0
9.0,-249.0,38.0,-87.0,48.0,-34.0,0
7.0,-246.0,36.0,-85.0,52.0,-36.0,0
7.0,-248.0,35.0,-82.0,52.0,-37.0,0
7.0,-249.0,35.0,-82.0,54.0,-39.0,0
8.0,-247.0,37.0,-83.0,57.0,-40.0,0
9.0,-248.0,34.0,-83.0,56.0,-40.0,0
9.0,-248.0,35.0,-86.0,58.0,-41.0,0
13.0,-250.0,37.0,-90.0,58.0,-41.0,0
5.0,-248.0,34.0,-94.0,58.0,-41.0,0
8.0,-250.0,32.0,-97.0,61.0,-42.0,0
8.0,-251.0,28.0,-100.0,65.0,-42.0,0
9.0,-248.0,34.0,-100.0,70.0,-44.0,0
6.0,-251.0,35.0,-100.0,73.0,-46.0,0
7.0,-250.0,30.0,-98.0,79.0,-47.0,0
10.0,-252.0,33.0,-98.0,85.0,-47.0,0
7.0,-250.0,37.0,-95.0,91.0,-47.0,0
8.0,-249.0,34.0,-93.0,95.0,-48.0,0
8.0,-247.0,30.0,-92.0,97.0,-47.0,0
9.0,-251.0,36.0,-91.0,100.0,-48.0,0
9.0,-252.0,34.0,-90.0,104.0,-47.0,0
13.0,-249.0,37.0,-87.0,105.0,-48.0,0
9.0,-254.0,35.0,-83.0,109.0,-50.0,0
11.0,-254.0,37.0,-78.0,113.0,-52.0,0
11.0,-251.0,34.0,-71.0,114.0,-55.0,0
12.0,-254.0,40.0,-67.0,118.0,-57.0,0
10.0,-248.0,35.0,-61.0,122.0,-60.0,0
13.0,-249.0,37.0,-59.0,127.0,-63.0,0
13.0,-246.0,33.0,-58.0,131.0,-67.0,0
17.0,-248.0,37.0,-60.0,139.0,-69.0,0
13.0,-251.0,33.0,-64.0,146.0,-72.0,0
14.0,-245.0,31.0,-68.0,154.0,-73.0,0
12.0,-247.0,34.0,-71.0,161.0,-75.0,0
16.0,-247.0,31.0,-77.0,165.0,-78.0,0
16.0,-246.0,32.0,-82.0,173.0,-80.0,0
15.0,-249.0,33.0,-84.0,179.0,-82.0,0
15.0,-250.0,36.0,-88.0,185.0,-84.0,0
15.0,-251.0,36.0,-93.0,188.0,-83.0,0
12.0,-247.0,38.0,-96.0,191.0,-84.0,0
13.0,-250.0,35.0,-98.0,191.0,-83.0,0
12.0,-248.0,35.0,-102.0,194.0,-86.0,0
13.0,-250.0,32.0,-105.0,198.0,-86.0,0
13.0,-255.0,31.0,-104.0,202.0,-87.0,0
10.0,-251.0,32.0,-104.0,204.0,-89.0,0
10.0,-251.0,35.0,-106.0,210.0,-89.0,0
11.0,-252.0,35.0,-104.0,217.0,-91.0,0
11.0,-250.0,33.0,-104.0,222.0,-94.0,0
10.0,-251.0,32.0,-104.0,229.0,-97.0,0
9.0,-253.0,30.0,-105.0,235.0,-101.0,0
8.0,-252.0,34.0,-101.0,239.0,-103.0,0
10.0,-250.0,33.0,-101.0,240.0,-102.0,0
10.0,-254.0,36.0,-98.0,244.0,-103.0,0
7.0,-254.0,35.0,-94.0,244.0,-104.0,0
9.0,-252.0,32.0,-92.0,247.0,-106.0,0
10.0,-254.0,30.0,-90.0,250.0,-106.0,0
9.0,-250.0,35.0,-90.0,252.0,-107.0,0
11.0,-254.0,33.0,-93.0,254.0,-103.0,0
7.0,-250.0,32.0,-94.0,254.0,-103.0,0
9.0,-249.0,31.0,-96.0,256.0,-101.0,0
8.0,-249.0,36.0,-97.0,255.0,-100.0,0
10.0,-249.0,31.0,-96.0,257.0,-99.0,0
12.0,-251.0,32.0,-96.0,259.0,-98.0,0
15.0,-257.0,45.0,-94.0,260.0,-98.0,0
16.0,-253.0,30.0,-93.0,264.0,-99.0,0
11.0,-250.0,32.0,-91.0,268.0,-101.0,0
12.0,-251.0,31.0,-89.0,270.0,-104.0,0
13.0,-251.0,29.0,-88.0,275.0,-105.0,0
10.0,-249.0,33.0,-84.0,280.0,-111.0,0
12.0,-249.0,32.0,-83.0,286.0,-115.0,0
14.0,-252.0,28.0,-83.0,291.0,-119.0,0
15.0,-249.0,33.0,-86.0,296.0,-122.0,0
14.0,-249.0,27.0,-88.0,304.0,-128.0,0
13.0,-248.0,31.0,-90.0,310.0,-131.0,0
12.0,-248.0,29.0,-93.0,318.0,-135.0,0
15.0,-249.0,30.0,-98.0,325.0,-138.0,0
12.0,-252.0,28.0,-105.0,330.0,-142.0,0
13.0,-249.0,33.0,-111.0,336.0,-145.0,0
13.0,-250.0,26.0,-117.0,341.0,-149.0,0
14.0,-249.0,27.0,-121.0,349.0,-151.0,0
18.0,-253.0,27.0,-122.0,355.0,-152.0,0
19.0,-254.0,30.0,-123.0,360.0,-151.0,0
15.0,-251.0,30.0,-120.0,367.0,-151.0,0
18.0,-251.0,25.0,-120.0,371.0,-152.0,0
18.0,-253.0,28.0,-116.0,378.0,-153.0,0
18.0,-252.0,30.0,-113.0,388.0,-156.0,0
19.0,-247.0,27.0,-110.0,399.0,-155.0,0
21.0,-255.0,28.0,-108.0,406.0,-159.0,0
21.0,-252.0,29.0,-108.0,417.0,-163.0,0
17.0,-252.0,24.0,-105.0,427.0,-166.0,0
21.0,-251.0,28.0,-108.0,435.0,-172.0,0
24.0,-254.0,28.0,-109.0,447.0,-174.0,0
24.0,-256.0,29.0,-112.0,461.0,-179.0,0
24.0,-254.0,29.0,-113.0,470.0,-183.0,0
24.0,-255.0,30.0,-112.0,479.0,-187.0,0
22.0,-256.0,28.0,-112.0,490.0,-192.0,0
25.0,-254.0,22.0,-110.0,497.0,-197.0,0
24.0,-256.0,28.0,-108.0,505.0,-200.0,0
26.0,-257.0,25.0,-106.0,514.0,-205.0,0
23.0,-255.0,24.0,-105.0,523.0,-210.0,0
23.0,-253.0,25.0,-103.0,528.0,-214.0,0
25.0,-255.0,23.0,-102.0,536.0,-219.0,0
25.0,-255.0,22.0,-101.0,545.0,-224.0,0
21.0,-254.0,23.0,-101.0,553.0,-226.0,0
22.0,-253.0,24.0,-102.0,562.0,-231.0,0
23.0,-255.0,21.0,-102.0,571.0,-235.0,0
23.0,-252.0,23.0,-98.0,582.0,-239.0,0
22.0,-253.0,24.0,-91.0,597.0,-245.0,0
21.0,-255.0,25.0,-83.0,610.0,-249.0,0
23.0,-253.0,23.0,-77.0,623.0,-254.0,0
19.0,-253.0,23.0,-71.0,639.0,-258.0,0
24.0,-254.0,27.0,-67.0,652.0,-262.0,0
20.0,-252.0,25.0,-63.0,664.0,-267.0,0
23.0,-252.0,25.0,-62.0,677.0,-271.0,0
20.0,-249.0,23.0,-66.0,688.0,-275.0,0
20.0,-252.0,23.0,-70.0,700.0,-283.0,0
23.0,-255.0,23.0,-75.0,712.0,-287.0,0
18.0,-254.0,23.0,-77.0,720.0,-293.0,0
21.0,-253.0,19.0,-79.0,726.0,-297.0,0
22.0,-254.0,22.0,-79.0,730.0,-302.0,0
19.0,-255.0,19.0,-80.0,733.0,-306.0,0
18.0,-252.0,15.0,-77.0,738.0,-312.0,0
18.0,-257.0,17.0,-75.0,744.0,-317.0,0
17.0,-255.0,14.0,-75.0,746.0,-322.0,0
18.0,-254.0,18.0,-76.0,745.0,-326.0,0
18.0,-256.0,16.0,-80.0,749.0,-329.0,0
17.0,-257.0,18.0,-81.0,758.0,-332.0,0
17.0,-258.0,20.0,-78.0,765.0,-335.0,0
17.0,-256.0,20.0,-75.0,771.0,-334.0,0
16.0,-258.0,18.0,-65.0,776.0,-335.0,0
15.0,-256.0,20.0,-57.0,781.0,-334.0,0
13.0,-256.0,18.0,-50.0,786.0,-334.0,0
13.0,-256.0,13.0,-45.0,788.0,-333.0,0
11.0,-253.0,19.0,-42.0,792.0,-332.0,0
13.0,-256.0,16.0,-42.0,793.0,-329.0,0
10.0,-255.0,18.0,-42.0,795.0,-326.0,0
11.0,-255.0,18.0,-44.0,797.0,-323.0,0
12.0,-255.0,24.0,-45.0,797.0,-322.0,0
11.0,-254.0,20.0,-43.0,795.0,-320.0,0
11.0,-255.0,18.0,-42.0,793.0,-319.0,0
12.0,-251.0,25.0,-40.0,791.0,-319.0,0
11.0,-255.0,17.0,-40.0,790.0,-320.0,0
11.0,-253.0,19.0,-46.0,789.0,-318.0,0
16.0,-254.0,15.0,-54.0,786.0,-318.0,0
10.0,-252.0,17.0,-62.0,785.0,-316.0,0
12.0,-252.0,19.0,-69.0,783.0,-315.0,0
10.0,-256.0,18.0,-76.0,778.0,-315.0,0
10.0,-252.0,17.0,-81.0,774.0,-313.0,0
11.0,-254.0,20.0,-88.0,772.0,-314.0,0
11.0,-252.0,15.0,-89.0,769.0,-313.0,0
11.0,-253.0,15.0,-91.0,763.0,-313.0,0
11.0,-251.0,13.0,-94.0,759.0,-314.0,0
12.0,-252.0,16.0,-94.0,751.0,-312.0,0
13.0,-254.0,15.0,-92.0,743.0,-311.0,0
12.0,-252.0,11.0,-88.0,738.0,-310.0,0
13.0,-252.0,16.0,-87.0,731.0,-311.0,0
12.0,-249.0,13.0,-87.0,729.0,-310.0,0
15.0,-252.0,12.0,-88.0,729.0,-312.0,0
16.0,-249.0,15.0,-87.0,731.0,-309.0,0
16.0,-253.0,17.0,-93.0,733.0,-309.0,0
13.0,-247.0,17.0,-99.0,737.0,-308.0,0
16.0,-251.0,12.0,-107.0,743.0,-307.0,0
15.0,-249.0,17.0,-118.0,747.0,-304.0,0
12.0,-252.0,17.0,-127.0,748.0,-302.0,0
16.0,-253.0,17.0,-134.0,746.0,-300.0,0
15.0,-251.0,21.0,-141.0,742.0,-296.0,0
13.0,-253.0,23.0,-145.0,736.0,-293.0,0
14.0,-251.0,21.0,-148.0,727.0,-289.0,0
15.0,-255.0,18.0,-151.0,718.0,-286.0,0
15.0,-254.0,18.0,-150.0,710.0,-282.0,0
15.0,-256.0,18.0,-150.0,701.0,-280.0,0
19.0,-256.0,19.0,-150.0,692.0,-279.0,0
17.0,-257.0,19.0,-146.0,685.0,-277.0,0
18.0,-258.0,17.0,-141.0,679.0,-276.0,0
15.0,-259.0,17.0,-139.0,676.0,-274.0,0
15.0,-257.0,19.0,-136.0,671.0,-273.0,0
15.0,-256.0,18.0,-134.0,667.0,-271.0,0
14.0,-258.0,17.0,-131.0,667.0,-273.0,0
15.0,-258.0,19.0,-129.0,669.0,-273.0,0
13.0,-257.0,18.0,-129.0,671.0,-272.0,0
12.0,-257.0,16.0,-129.0,674.0,-272.0,0
15.0,-257.0,14.0,-134.0,678.0,-272.0,0
12.0,-257.0,16.0,-138.0,681.0,-270.0,0
11.0,-257.0,14.0,-134.0,684.0,-270.0,0
12.0,-258.0,17.0,-132.0,684.0,-269.0,0
14.0,-258.0,14.0,-128.0,681.0,-268.0,0
11.0,-259.0,17.0,-120.0,674.0,-266.0,0
13.0,-259.0,16.0,-111.0,664.0,-262.0,0
12.0,-254.0,16.0,-99.0,651.0,-259.0,0
13.0,-256.0,13.0,-89.0,636.0,-257.0,0
12.0,-252.0,18.0,-81.0,623.0,-255.0,0
13.0,-252.0,16.0,-74.0,612.0,-251.0,0
14.0,-252.0,19.0,-72.0,602.0,-247.0,0
12.0,-254.0,21.0,-74.0,591.0,-244.0,0
15.0,-252.0,16.0,-79.0,581.0,-238.0,0
13.0,-252.0,17.0,-88.0,570.0,-232.0,0
10.0,-251.0,20.0,-102.0,560.0,-229.0,0
16.0,-257.0,20.0,-109.0,548.0,-223.0,0
12.0,-255.0,19.0,-112.0,537.0,-221.0,0
11.0,-254.0,16.0,-111.0,526.0,-217.0,0
13.0,-258.0,17.0,-111.0,510.0,-211.0,0
12.0,-257.0,17.0,-114.0,495.0,-207.0,0
13.0,-256.0,13.0,-117.0,482.0,-203.0,0
12.0,-255.0,14.0,-120.0,473.0,-198.0,0
5.0,-262.0,22.0,-121.0,465.0,-195.0,0
9.0,-259.0,18.0,-122.0,458.0,-193.0,0
11.0,-258.0,20.0,-117.0,456.0,-190.0,0
14.0,-261.0,20.0,-108.0,457.0,-190.0,0
12.0,-259.0,17.0,-96.0,455.0,-188.0,0
13.0,-256.0,14.0,-87.0,454.0,-186.0,0
12.0,-258.0,14.0,-79.0,452.0,-184.0,0
13.0,-254.0,15.0,-74.0,448.0,-182.0,0
16.0,-257.0,14.0,-72.0,442.0,-178.0,0
11.0,-249.0,16.0,-76.0,435.0,-176.0,0
19.0,-253.0,14.0,-83.0,426.0,-169.0,0
17.0,-251.0,18.0,-93.0,417.0,-164.0,0
16.0,-252.0,16.0,-103.0,408.0,-159.0,0
19.0,-255.0,17.0,-110.0,396.0,-154.0,0
17.0,-253.0,21.0,-114.0,383.0,-150.0,0
22.0,-255.0,17.0,-117.0,373.0,-145.0,0
19.0,-256.0,20.0,-118.0,363.0,-142.0,0
20.0,-256.0,18.0,-117.0,350.0,-139.0,0
19.0,-255.0,20.0,-115.0,342.0,-138.0,0
19.0,-255.0,16.0,-114.0,334.0,-136.0,0
22.0,-253.0,17.0,-116.0,327.0,-136.0,0
23.0,-256.0,18.0,-118.0,326.0,-136.0,0
23.0,-253.0,14.0,-120.0,324.0,-136.0,0
27.0,-255.0,11.0,-124.0,326.0,-138.0,0
22.0,-256.0,12.0,-126.0,327.0,-139.0,0
23.0,-256.0,13.0,-128.0,329.0,-141.0,0
24.0,-254.0,13.0,-130.0,333.0,-142.0,0
26.0,-255.0,15.0,-129.0,335.0,-142.0,0
25.0,-256.0,15.0,-128.0,336.0,-143.0,0
26.0,-254.0,15.0,-127.0,339.0,-142.0,0
25.0,-255.0,12.0,-127.0,337.0,-141.0,0
28.0,-253.0,13.0,-128.0,338.0,-140.0,0
26.0,-254.0,13.0,-128.0,338.0,-139.0,0
27.0,-256.0,8.0,-132.0,335.0,-136.0,0
28.0,-250.0,10.0,-139.0,332.0,-133.0,0
26.0,-254.0,15.0,-143.0,331.0,-132.0,0
28.0,-254.0,9.0,-148.0,329.0,-129.0,0
28.0,-254.0,8.0,-154.0,329.0,-129.0,0
28.0,-255.0,12.0,-158.0,331.0,-129.0,0
27.0,-256.0,11.0,-162.0,333.0,-127.0,0
31.0,-255.0,14.0,-165.0,335.0,-129.0,0
31.0,-256.0,11.0,-165.0,338.0,-130.0,0
34.0,-258.0,11.0,-163.0,338.0,-131.0,0
31.0,-257.0,11.0,-159.0,338.0,-135.0,0
32.0,-259.0,12.0,-155.0,337.0,-136.0,0
34.0,-260.0,10.0,-153.0,336.0,-137.0,0
31.0,-260.0,13.0,-149.0,335.0,-139.0,0
29.0,-260.0,10.0,-145.0,337.0,-139.0,0
31.0,-259.0,9.0,-140.0,338.0,-139.0,0
31.0,-264.0,12.0,-133.0,340.0,-139.0,0
31.0,-260.0,8.0,-124.0,344.0,-140.0,0
32.0,-261.0,14.0,-115.0,349.0,-139.0,0
29.0,-259.0,11.0,-105.0,353.0,-139.0,0
27.0,-258.0,8.0,-98.0,356.0,-139.0,0
31.0,-259.0,13.0,-93.0,359.0,-137.0,0
33.0,-259.0,10.0,-90.0,360.0,-136.0,0
29.0,-257.0,12.0,-86.0,362.0,-136.0,0
29.0,-256.0,10.0,-84.0,362.0,-136.0,0
30.0,-256.0,13.0,-81.0,360.0,-133.0,0
30.0,-255.0,15.0,-79.0,359.0,-133.0,0
31.0,-251.0,15.0,-75.0,358.0,-133.0,0
31.0,-253.0,12.0,-73.0,356.0,-132.0,0
34.0,-254.0,16.0,-75.0,354.0,-131.0,0
31.0,-254.0,17.0,-81.0,354.0,-132.0,0
31.0,-254.0,14.0,-87.0,351.0,-131.0,0
28.0,-255.0,12.0,-96.0,345.0,-131.0,0
31.0,-256.0,14.0,-103.0,343.0,-132.0,0
29.0,-254.0,15.0,-109.0,342.0,-133.0,0
31.0,-259.0,11.0,-111.0,338.0,-132.0,0
29.0,-257.0,12.0,-109.0,336.0,-134.0,0
29.0,-258.0,11.0,-102.0,333.0,-136.0,0
27.0,-260.0,15.0,-94.0,331.0,-136.0,0
28.0,-260.0,14.0,-85.0,330.0,-136.0,0
24.0,-258.0,13.0,-78.0,327.0,-137.0,0
25.0,-258.0,14.0,-70.0,325.0,-137.0,0
23.0,-258.0,11.0,-63.0,324.0,-137.0,0
24.0,-257.0,15.0,-56.0,324.0,-138.0,0
22.0,-258.0,14.0,-52.0,323.0,-137.0,0
23.0,-258.0,12.0,-47.0,318.0,-137.0,0
23.0,-254.0,15.0,-44.0,313.0,-134.0,0
25.0,-256.0,18.0,-43.0,309.0,-134.0,0
23.0,-253.0,15.0,-45.0,306.0,-132.0,0
23.0,-254.0,17.0,-50.0,302.0,-130.0,0
27.0,-253.0,17.0,-54.0,297.0,-131.0,0
23.0,-254.0,16.0,-55.0,291.0,-128.0,0
26.0,-253.0,19.0,-53.0,283.0,-126.0,0
26.0,-254.0,16.0,-53.0,274.0,-127.0,0
27.0,-251.0,14.0,-53.0,265.0,-125.0,0
24.0,-253.0,9.0,-55.0,257.0,-124.0,0
30.0,-256.0,11.0,-57.0,250.0,-125.0,0
28.0,-256.0,13.0,-65.0,244.0,-124.0,0
25.0,-254.0,12.0,-69.0,239.0,-123.0,0
26.0,-259.0,5.0,-76.0,234.0,-122.0,0
25.0,-259.0,10.0,-81.0,230.0,-120.0,0
28.0,-260.0,13.0,-84.0,227.0,-122.0,0
25.0,-259.0,11.0,-82.0,225.0,-120.0,0
26.0,-258.0,11.0,-80.0,222.0,-119.0,0
27.0,-262.0,12.0,-75.0,220.0,-117.0,0
27.0,-260.0,21.0,-69.0,215.0,-117.0,0
26.0,-262.0,12.0,-62.0,209.0,-116.0,0
26.0,-259.0,13.0,-54.0,205.0,-114.0,0
26.0,-259.0,11.0,-48.0,198.0,-113.0,0
26.0,-258.0,9.0,-43.0,188.0,-111.0,0
24.0,-257.0,11.0,-44.0,179.0,-108.0,0
26.0,-259.0,10.0,-42.0,170.0,-105.0,0
29.0,-260.0,10.0,-42.0,158.0,-101.0,0
27.0,-258.0,10.0,-40.0,147.0,-99.0,0
25.0,-258.0,9.0,-37.0,137.0,-96.0,0
25.0,-259.0,15.0,-30.0,131.0,-93.0,0
31.0,-260.0,11.0,-26.0,125.0,-90.0,0
30.0,-257.0,6.0,-23.0,121.0,-87.0,0
33.0,-257.0,10.0,-21.0,120.0,-88.0,0
33.0,-258.0,10.0,-19.0,122.0,-87.0,0
36.0,-256.0,11.0,-21.0,126.0,-90.0,0
32.0,-254.0,11.0,-25.0,132.0,-92.0,0
37.0,-254.0,8.0,-27.0,135.0,-96.0,0
36.0,-255.0,10.0,-34.0,140.0,-97.0,0
35.0,-256.0,3.0,-37.0,141.0,-101.0,0
41.0,-253.0,7.0,-39.0,140.0,-105.0,0
38.0,-255.0,4.0,-44.0,139.0,-108.0,0
42.0,-253.0,5.0,-50.0,135.0,-111.0,0
44.0,-253.0,2.0,-53.0,134.0,-112.0,0
40.0,-257.0,2.0,-56.0,130.0,-111.0,0
44.0,-257.0,0.0,-58.0,129.0,-111.0,0
40.0,-263.0,2.0,-60.0,130.0,-111.0,0
42.0,-258.0,1.0,-57.0,130.0,-112.0,0
36.0,-254.0,2.0,-53.0,132.0,-112.0,0
36.0,-256.0,5.0,-50.0,134.0,-109.0,0
34.0,-256.0,3.0,-45.0,134.0,-108.0,0
35.0,-256.0,3.0,-42.0,133.0,-107.0,0
31.0,-258.0,4.0,-38.0,130.0,-102.0,0
29.0,-255.0,3.0,-36.0,126.0,-97.0,0
31.0,-257.0,7.0,-33.0,121.0,-92.0,0
30.0,-256.0,5.0,-30.0,115.0,-87.0,0
28.0,-257.0,5.0,-27.0,111.0,-81.0,0
30.0,-257.0,4.0,-26.0,110.0,-77.0,0
27.0,-257.0,9.0,-27.0,108.0,-74.0,0
29.0,-256.0,7.0,-27.0,105.0,-69.0,0
29.0,-257.0,4.0,-26.0,106.0,-68.0,0
30.0,-257.0,6.0,-25.0,104.0,-68.0,0
32.0,-257.0,9.0,-23.0,105.0,-66.0,0
31.0,-255.0,8.0,-21.0,103.0,-66.0,0
33.0,-269.0,24.0,-19.0,103.0,-66.0,0
35.0,-254.0,6.0,-15.0,103.0,-70.0,0
39.0,-254.0,3.0,-17.0,99.0,-70.0,0
35.0,-250.0,10.0,-21.0,97.0,-71.0,0
38.0,-250.0,7.0,-28.0,98.0,-73.0,0
38.0,-245.0,7.0,-40.0,100.0,-75.0,0
43.0,-245.0,8.0,-52.0,100.0,-78.0,0
43.0,-244.0,8.0,-65.0,104.0,-80.0,0
42.0,-243.0,6.0,-78.0,110.0,-83.0,0
43.0,-243.0,6.0,-92.0,115.0,-85.0,0
43.0,-243.0,8.0,-105.0,120.0,-88.0,0
41.0,-242.0,4.0,-120.0,127.0,-93.0,0
35.0,-242.0,8.0,-134.0,132.0,-98.0,0
40.0,-241.0,7.0,-149.0,137.0,-101.0,0
36.0,-242.0,14.0,-163.0,139.0,-104.0,0
38.0,-238.0,8.0,-178.0,146.0,-103.0,0
39.0,-241.0,9.0,-192.0,153.0,-103.0,0
37.0,-243.0,9.0,-209.0,159.0,-102.0,0
34.0,-241.0,7.0,-227.0,165.0,-99.0,0
35.0,-241.0,9.0,-250.0,170.0,-93.0,0
39.0,-241.0,3.0,-274.0,173.0,-86.0,0
37.0,-242.0,2.0,-294.0,178.0,-76.0,0
35.0,-241.0,5.0,-312.0,184.0,-66.0,0
38.0,-245.0,3.0,-323.0,189.0,-54.0,0
40.0,-243.0,4.0,-330.0,197.0,-40.0,0
44.0,-245.0,4.0,-330.0,206.0,-23.0,0
42.0,-247.0,4.0,-322.0,214.0,-5.0,0
43.0,-247.0,5.0,-307.0,221.0,12.0,0
44.0,-255.0,6.0,-291.0,227.0,30.0,0
47.0,-251.0,9.0,-266.0,229.0,50.0,0
46.0,-251.0,11.0,-239.0,229.0,69.0,0
49.0,-253.0,14.0,-206.0,226.0,85.0,0
47.0,-250.0,16.0,-176.0,218.0,100.0,0
46.0,-253.0,22.0,-152.0,205.0,113.0,0
46.0,-253.0,21.0,-137.0,189.0,126.0,0
43.0,-250.0,26.0,-129.0,167.0,136.0,0
40.0,-255.0,28.0,-130.0,142.0,147.0,0
37.0,-255.0,30.0,-138.0,109.0,157.0,0
38.0,-256.0,31.0,-146.0,76.0,168.0,0
34.0,-260.0,42.0,-153.0,42.0,178.0,0
29.0,-266.0,41.0,-159.0,9.0,184.0,0
26.0,-268.0,41.0,-160.0,-21.0,191.0,0
21.0,-270.0,40.0,-157.0,-47.0,193.0,0
20.0,-277.0,48.0,-148.0,-70.0,192.0,0
19.0,-278.0,44.0,-139.0,-92.0,192.0,0
19.0,-280.0,43.0,-125.0,-112.0,190.0,0
20.0,-277.0,44.0,-111.0,-126.0,188.0,0
23.0,-280.0,36.0,-99.0,-133.0,183.0,0
22.0,-279.0,35.0,-84.0,-134.0,178.0,0
18.0,-277.0,34.0,-67.0,-130.0,176.0,0
24.0,-278.0,29.0,-45.0,-127.0,172.0,0
22.0,-276.0,28.0,-26.0,-121.0,169.0,0
21.0,-275.0,25.0,2.0,-113.0,165.0,0
23.0,-272.0,29.0,27.0,-105.0,162.0,0
22.0,-268.0,23.0,51.0,-98.0,158.0,0
27.0,-266.0,22.0,76.0,-89.0,152.0,0
28.0,-264.0,22.0,95.0,-79.0,150.0,0
32.0,-262.0,23.0,116.0,-70.0,145.0,0
37.0,-262.0,25.0,138.0,-60.0,140.0,0
43.0,-258.0,23.0,155.0,-47.0,133.0,0
49.0,-256.0,27.0,177.0,-33.0,130.0,0
56.0,-255.0,29.0,199.0,-17.0,125.0,0
64.0,-252.0,26.0,218.0,2.0,121.0,0
67.0,-248.0,26.0,234.0,17.0,117.0,0
72.0,-245.0,28.0,244.0,34.0,112.0,0
75.0,-244.0,31.0,244.0,45.0,108.0,0
76.0,-241.0,31.0,243.0,52.0,105.0,0
79.0,-238.0,27.0,234.0,58.0,102.0,0
79.0,-234.0,24.0,218.0,59.0,100.0,0
80.0,-234.0,27.0,191.0,57.0,99.0,0
79.0,-229.0,23.0,155.0,51.0,99.0,0
76.0,-228.0,24.0,110.0,45.0,100.0,0
76.0,-230.0,29.0,64.0,38.0,103.0,0
72.0,-232.0,25.0,18.0,29.0,108.0,0
69.0,-239.0,26.0,-25.0,21.0,114.0,0
62.0,-239.0,24.0,-60.0,15.0,124.0,0
54.0,-244.0,27.0,-84.0,9.0,134.0,0
51.0,-247.0,22.0,-99.0,-2.0,145.0,0
44.0,-250.0,20.0,-115.0,-19.0,158.0,0
42.0,-255.0,18.0,-132.0,-40.0,170.0,0
37.0,-265.0,18.0,-145.0,-63.0,183.0,0
37.0,-272.0,15.0,-146.0,-81.0,192.0,0
31.0,-284.0,13.0,-131.0,-92.0,199.0,0
31.0,-289.0,15.0,-103.0,-93.0,200.0,0
25.0,-294.0,11.0,-62.0,-84.0,194.0,0
26.0,-300.0,10.0,-19.0,-66.0,182.0,0
25.0,-302.0,7.0,23.0,-45.0,162.0,0
24.0,-306.0,0.0,61.0,-22.0,137.0,0
17.0,-304.0,0.0,91.0,2.0,107.0,0
19.0,-304.0,-9.0,107.0,26.0,72.0,0
22.0,-305.0,-5.0,109.0,53.0,33.0,0
21.0,-302.0,-5.0,101.0,85.0,-13.0,0
26.0,-299.0,1.0,96.0,122.0,-59.0,0
29.0,-298.0,8.0,111.0,164.0,-102.0,0
31.0,-295.0,17.0,147.0,204.0,-140.0,0
26.0,-284.0,19.0,203.0,240.0,-170.0,0
27.0,-278.0,27.0,271.0,267.0,-193.0,0
18.0,-273.0,28.0,341.0,282.0,-205.0,0
24.0,-259.0,27.0,398.0,283.0,-212.0,0
24.0,-252.0,25.0,433.0,273.0,-210.0,0
22.0,-241.0,20.0,442.0,253.0,-202.0,0
24.0,-234.0,15.0,418.0,233.0,-185.0,0
25.0,-227.0,9.0,373.0,212.0,-162.0,0
27.0,-227.0,4.0,312.0,189.0,-135.0,0
28.0,-225.0,6.0,249.0,170.0,-103.0,0
30.0,-222.0,7.0,184.0,154.0,-69.0,0
32.0,-221.0,8.0,138.0,141.0,-37.0,0
33.0,-221.0,12.0,93.0,133.0,-8.0,0
37.0,-220.0,15.0,63.0,127.0,17.0,0
41.0,-221.0,10.0,40.0,125.0,41.0,0
41.0,-222.0,15.0,27.0,121.0,59.0,0
46.0,-226.0,11.0,11.0,120.0,76.0,0
50.0,-231.0,12.0,-5.0,121.0,85.0,0
51.0,-232.0,4.0,-26.0,126.0,94.0,0
51.0,-241.0,1.0,-51.0,142.0,96.0,0
53.0,-246.0,0.0,-78.0,165.0,95.0,0
50.0,-252.0,0.0,-100.0,192.0,91.0,0
50.0,-255.0,5.0,-113.0,223.0,86.0,0
48.0,-259.0,1.0,-111.0,253.0,78.0,0
41.0,-261.0,4.0,-100.0,284.0,71.0,0
39.0,-270.0,3.0,-81.0,309.0,66.0,0
34.0,-270.0,3.0,-54.0,333.0,57.0,0
27.0,-271.0,1.0,-25.0,353.0,53.0,0
28.0,-274.0,2.0,8.0,368.0,51.0,0
17.0,-272.0,4.0,39.0,380.0,48.0,0
15.0,-271.0,6.0,71.0,391.0,49.0,0
7.0,-271.0,5.0,97.0,399.0,49.0,0
5.0,-269.0,12.0,119.0,407.0,51.0,0
3.0,-269.0,11.0,144.0,411.0,56.0,0
3.0,-260.0,11.0,168.0,413.0,61.0,0
0.0,-258.0,15.0,192.0,411.0,65.0,0
0.0,-257.0,14.0,214.0,407.0,70.0,0
-3.0,-253.0,12.0,234.0,403.0,72.0,0
-1.0,-250.0,11.0,248.0,398.0,75.0,0
-3.0,-246.0,12.0,255.0,388.0,72.0,0
0.0,-243.0,11.0,254.0,379.0,70.0,0
0.0,-241.0,10.0,250.0,368.0,66.0,0
1.0,-240.0,7.0,242.0,356.0,60.0,0
1.0,-236.0,8.0,232.0,342.0,56.0,0
6.0,-237.0,6.0,221.0,329.0,50.0,0
13.0,-233.0,4.0,213.0,314.0,43.0,0
8.0,-231.0,4.0,205.0,296.0,36.0,0
12.0,-232.0,4.0,201.0,278.0,33.0,0
12.0,-233.0,3.0,194.0,261.0,28.0,0
10.0,-230.0,1.0,189.0,247.0,23.0,0
15.0,-229.0,-2.0,180.0,233.0,18.0,0
11.0,-230.0,9.0,172.0,223.0,17.0,0
10.0,-228.0,3.0,160.0,212.0,16.0,0
13.0,-231.0,5.0,144.0,203.0,16.0,0
11.0,-227.0,6.0,124.0,197.0,17.0,0
9.0,-228.0,8.0,106.0,193.0,18.0,0
9.0,-227.0,17.0,84.0,194.0,17.0,0
8.0,-228.0,14.0,61.0,200.0,16.0,0
4.0,-230.0,18.0,38.0,207.0,13.0,0
2.0,-232.0,22.0,16.0,213.0,13.0,0
2.0,-237.0,22.0,-5.0,211.0,11.0,0
1.0,-240.0,19.0,-30.0,204.0,12.0,0
0.0,-243.0,19.0,-52.0,191.0,16.0,0
-5.0,-252.0,26.0,-71.0,178.0,21.0,0
0.0,-254.0,27.0,-90.0,164.0,26.0,0
0.0,-261.0,28.0,-110.0,148.0,30.0,0
-5.0,-269.0,30.0,-120.0,133.0,33.0,0
-3.0,-268.0,28.0,-127.0,113.0,33.0,0
-7.0,-272.0,30.0,-126.0,92.0,33.0,0
-7.0,-276.0,31.0,-118.0,68.0,31.0,0
-8.0,-271.0,37.0,-102.0,48.0,29.0,0
-8.0,-273.0,38.0,-83.0,34.0,27.0,0
-12.0,-270.0,40.0,-62.0,16.0,25.0,0
-8.0,-266.0,37.0,-46.0,-1.0,23.0,0
-7.0,-265.0,38.0,-33.0,-14.0,21.0,0
-4.0,-260.0,36.0,-32.0,-26.0,20.0,0
-2.0,-260.0,32.0,-40.0,-36.0,20.0,0
0.0,-257.0,28.0,-56.0,-42.0,21.0,0
2.0,-263.0,28.0,-78.0,-43.0,20.0,0
5.0,-260.0,32.0,-101.0,-40.0,17.0,0
6.0,-260.0,40.0,-116.0,-31.0,12.0,0
10.0,-264.0,36.0,-127.0,-22.0,8.0,0
13.0,-260.0,42.0,-128.0,-11.0,2.0,0
14.0,-262.0,44.0,-123.0,2.0,-3.0,0
19.0,-261.0,47.0,-113.0,15.0,-9.0,0
19.0,-259.0,50.0,-102.0,30.0,-13.0,0
22.0,-258.0,51.0,-87.0,43.0,-19.0,0
24.0,-258.0,57.0,-70.0,55.0,-24.0,0
24.0,-258.0,59.0,-57.0,66.0,-27.0,0
27.0,-258.0,55.0,-45.0,75.0,-31.0,0
27.0,-258.0,52.0,-39.0,82.0,-29.0,0
27.0,-257.0,53.0,-38.0,86.0,-27.0,0
28.0,-258.0,49.0,-41.0,92.0,-23.0,0
31.0,-262.0,52.0,-43.0,99.0,-19.0,0
29.0,-267.0,46.0,-47.0,107.0,-10.0,0
25.0,-269.0,43.0,-50.0,118.0,-2.0,0
25.0,-270.0,44.0,-52.0,131.0,8.0,0
21.0,-271.0,44.0,-47.0,146.0,17.0,0
20.0,-270.0,41.0,-38.0,162.0,25.0,0
17.0,-269.0,33.0,-27.0,179.0,33.0,0
11.0,-269.0,41.0,-10.0,201.0,40.0,0
9.0,-264.0,41.0,9.0,225.0,44.0,0
7.0,-260.0,39.0,32.0,251.0,45.0,0
6.0,-256.0,37.0,54.0,273.0,45.0,0
4.0,-252.0,36.0,72.0,291.0,45.0,0
6.0,-251.0,38.0,85.0,309.0,40.0,0
2.0,-246.0,38.0,92.0,323.0,34.0,0
4.0,-241.0,32.0,89.0,333.0,29.0,0
4.0,-239.0,33.0,85.0,340.0,21.0,0
2.0,-238.0,32.0,74.0,348.0,14.0,0
2.0,-235.0,33.0,63.0,355.0,7.0,0
2.0,-230.0,36.0,51.0,361.0,-1.0,0
1.0,-231.0,31.0,37.0,365.0,-12.0,0
4.0,-229.0,35.0,25.0,368.0,-23.0,0
5.0,-228.0,37.0,20.0,370.0,-33.0,0
8.0,-227.0,35.0,16.0,370.0,-46.0,0
4.0,-226.0,35.0,17.0,370.0,-57.0,0
6.0,-227.0,35.0,15.0,367.0,-68.0,0
7.0,-228.0,32.0,12.0,365.0,-80.0,0
6.0,-228.0,37.0,6.0,360.0,-93.0,0
4.0,-226.0,29.0,-2.0,354.0,-108.0,0
6.0,-229.0,33.0,-13.0,349.0,-121.0,0
4.0,-229.0,29.0,-23.0,342.0,-134.0,0
4.0,-230.0,26.0,-34.0,333.0,-148.0,0
2.0,-232.0,30.0,-44.0,325.0,-165.0,0
0.0,-240.0,36.0,-56.0,325.0,-177.0,0
-4.0,-244.0,38.0,-69.0,325.0,-192.0,0
-3.0,-252.0,36.0,-82.0,329.0,-204.0,0
-7.0,-257.0,42.0,-101.0,333.0,-210.0,0
-13.0,-259.0,35.0,-124.0,336.0,-215.0,0
-9.0,-262.0,32.0,-149.0,334.0,-215.0,0
-11.0,-274.0,28.0,-174.0,331.0,-214.0,0
-9.0,-285.0,27.0,-199.0,332.0,-209.0,0
-5.0,-297.0,33.0,-221.0,350.0,-200.0,0
-1.0,-304.0,34.0,-227.0,381.0,-188.0,0
-2.0,-312.0,46.0,-206.0,415.0,-174.0,0
3.0,-312.0,44.0,-151.0,434.0,-156.0,0
2.0,-312.0,34.0,-75.0,436.0,-128.0,0
6.0,-309.0,32.0,1.0,415.0,-95.0,0
9.0,-306.0,25.0,63.0,383.0,-58.0,0
13.0,-303.0,25.0,107.0,350.0,-27.0,0
10.0,-299.0,26.0,144.0,327.0,-2.0,0
19.0,-297.0,16.0,181.0,307.0,18.0,0
13.0,-283.0,26.0,230.0,295.0,32.0,0
8.0,-268.0,30.0,287.0,286.0,42.0,0
10.0,-258.0,28.0,348.0,274.0,52.0,0
11.0,-245.0,27.0,406.0,259.0,60.0,0
10.0,-234.0,22.0,448.0,240.0,67.0,0
8.0,-226.0,16.0,468.0,222.0,73.0,0
9.0,-219.0,17.0,461.0,205.0,74.0,0
6.0,-207.0,10.0,429.0,194.0,72.0,0
7.0,-203.0,8.0,379.0,192.0,66.0,0
6.0,-196.0,7.0,318.0,202.0,54.0,0
3.0,-192.0,12.0,250.0,220.0,39.0,0
5.0,-192.0,13.0,184.0,243.0,21.0,0
2.0,-193.0,17.0,117.0,268.0,2.0,0
4.0,-193.0,17.0,54.0,290.0,-15.0,0
5.0,-196.0,20.0,0.0,307.0,-32.0,0
6.0,-204.0,20.0,-49.0,320.0,-48.0,0
6.0,-211.0,25.0,-91.0,327.0,-64.0,0
12.0,-219.0,21.0,-121.0,332.0,-78.0,0
2.0,-223.0,27.0,-145.0,334.0,-92.0,0
4.0,-231.0,26.0,-161.0,333.0,-107.0,0
5.0,-240.0,27.0,-170.0,333.0,-120.0,0
4.0,-245.0,27.0,-175.0,328.0,-132.0,0
4.0,-249.0,28.0,-178.0,322.0,-146.0,0
6.0,-255.0,29.0,-180.0,314.0,-157.0,0
5.0,-257.0,27.0,-181.0,306.0,-167.0,0
6.0,-264.0,29.0,-180.0,295.0,-177.0,0
9.0,-266.0,31.0,-175.0,283.0,-186.0,0
5.0,-269.0,26.0,-169.0,268.0,-191.0,0
8.0,-273.0,30.0,-157.0,255.0,-195.0,0
6.0,-273.0,27.0,-141.0,238.0,-198.0,0
4.0,-275.0,25.0,-118.0,219.0,-199.0,0
8.0,-280.0,25.0,-90.0,198.0,-197.0,0
6.0,-278.0,27.0,-57.0,178.0,-196.0,0
5.0,-277.0,22.0,-19.0,155.0,-192.0,0
5.0,-277.0,17.0,15.0,135.0,-187.0,0
4.0,-270.0,16.0,46.0,114.0,-179.0,0
6.0,-268.0,20.0,70.0,96.0,-171.0,0
6.0,-267.0,22.0,87.0,79.0,-162.0,0
2.0,-264.0,19.0,102.0,65.0,-156.0,0
2.0,-259.0,19.0,113.0,52.0,-147.0,0
2.0,-258.0,18.0,122.0,37.0,-138.0,0
3.0,-256.0,23.0,129.0,24.0,-131.0,0
4.0,-255.0,24.0,136.0,13.0,-124.0,0
1.0,-255.0,24.0,142.0,2.0,-116.0,0
4.0,-255.0,28.0,147.0,-6.0,-111.0,0
3.0,-251.0,28.0,149.0,-13.0,-106.0,0
5.0,-253.0,27.0,152.0,-21.0,-103.0,0
6.0,-250.0,28.0,152.0,-27.0,-100.0,0
4.0,-248.0,31.0,154.0,-30.0,-98.0,0
4.0,-248.0,34.0,155.0,-36.0,-98.0,0
5.0,-246.0,32.0,158.0,-39.0,-100.0,0
3.0,-248.0,35.0,161.0,-49.0,-100.0,0
1.0,-251.0,36.0,164.0,-63.0,-98.0,0
0.0,-244.0,33.0,164.0,-83.0,-95.0,0
0.0,-242.0,37.0,162.0,-106.0,-92.0,0
1.0,-244.0,36.0,158.0,-132.0,-87.0,0
0.0,-245.0,37.0,148.0,-159.0,-84.0,0
0.0,-243.0,34.0,135.0,-183.0,-84.0,0
3.0,-246.0,40.0,120.0,-203.0,-83.0,0
5.0,-247.0,37.0,104.0,-217.0,-87.0,0
6.0,-248.0,39.0,90.0,-225.0,-92.0,0
13.0,-249.0,41.0,81.0,-231.0,-99.0,0
14.0,-246.0,40.0,77.0,-232.0,-109.0,0
21.0,-248.0,45.0,77.0,-230.0,-122.0,0
22.0,-244.0,41.0,75.0,-227.0,-132.0,0
27.0,-242.0,42.0,74.0,-224.0,-139.0,0
30.0,-238.0,40.0,67.0,-222.0,-146.0,0
33.0,-240.0,41.0,55.0,-224.0,-148.0,0
37.0,-240.0,44.0,32.0,-228.0,-147.0,0
46.0,-241.0,37.0,-1.0,-234.0,-142.0,0
48.0,-240.0,42.0,-37.0,-238.0,-137.0,0
49.0,-242.0,44.0,-72.0,-238.0,-127.0,0
54.0,-245.0,46.0,-101.0,-236.0,-117.0,0
55.0,-249.0,48.0,-122.0,-231.0,-105.0,0
53.0,-249.0,47.0,-135.0,-227.0,-93.0,0
54.0,-250.0,44.0,-138.0,-222.0,-76.0,0
49.0,-247.0,42.0,-137.0,-219.0,-59.0,0
47.0,-249.0,42.0,-131.0,-219.0,-42.0,0
46.0,-248.0,43.0,-126.0,-221.0,-27.0,0
44.0,-246.0,37.0,-125.0,-221.0,-10.0,0
40.0,-242.0,40.0,-124.0,-223.0,5.0,0
38.0,-239.0,34.0,-130.0,-226.0,21.0,0
35.0,-236.0,36.0,-144.0,-227.0,35.0,0
30.0,-234.0,33.0,-163.0,-233.0,49.0,0
28.0,-236.0,32.0,-185.0,-239.0,61.0,0
25.0,-234.0,28.0,-202.0,-245.0,74.0,0
24.0,-231.0,30.0,-220.0,-254.0,86.0,0
24.0,-231.0,33.0,-237.0,-265.0,96.0,0
23.0,-230.0,29.0,-251.0,-273.0,106.0,0
22.0,-234.0,26.0,-260.0,-280.0,115.0,0
19.0,-232.0,34.0,-264.0,-285.0,123.0,0
20.0,-233.0,28.0,-268.0,-290.0,132.0,0
18.0,-236.0,27.0,-268.0,-294.0,140.0,0
21.0,-239.0,26.0,-268.0,-294.0,147.0,0
23.0,-239.0,30.0,-269.0,-291.0,151.0,0
22.0,-237.0,26.0,-267.0,-286.0,159.0,0
21.0,-241.0,26.0,-269.0,-277.0,162.0,0
20.0,-243.0,38.0,-264.0,-265.0,165.0,0
26.0,-243.0,24.0,-256.0,-252.0,169.0,0
26.0,-245.0,28.0,-244.0,-238.0,171.0,0
31.0,-245.0,31.0,-230.0,-222.0,177.0,0
32.0,-244.0,29.0,-214.0,-203.0,180.0,0
39.0,-242.0,29.0,-198.0,-186.0,183.0,0
41.0,-243.0,32.0,-185.0,-166.0,183.0,0
51.0,-248.0,30.0,-180.0,-144.0,181.0,0
45.0,-245.0,29.0,-182.0,-120.0,178.0,0
51.0,-246.0,35.0,-191.0,-96.0,172.0,0
53.0,-247.0,34.0,-198.0,-74.0,167.0,0
53.0,-252.0,34.0,-204.0,-59.0,162.0,0
50.0,-252.0,34.0,-208.0,-47.0,153.0,0
54.0,-253.0,36.0,-211.0,-39.0,143.0,0
49.0,-255.0,38.0,-209.0,-38.0,134.0,0
49.0,-259.0,36.0,-204.0,-41.0,120.0,0
47.0,-258.0,34.0,-195.0,-48.0,106.0,0
45.0,-258.0,36.0,-180.0,-55.0,91.0,0
43.0,-259.0,34.0,-163.0,-62.0,76.0,0
39.0,-259.0,34.0,-146.0,-67.0,63.0,0
34.0,-258.0,32.0,-126.0,-71.0,49.0,0
28.0,-257.0,31.0,-106.0,-75.0,35.0,0
24.0,-257.0,26.0,-90.0,-83.0,22.0,0
20.0,-254.0,26.0,-78.0,-88.0,13.0,0
15.0,-252.0,29.0,-67.0,-95.0,4.0,0
7.0,-251.0,26.0,-62.0,-103.0,-1.0,0
7.0,-248.0,27.0,-60.0,-109.0,-5.0,0
2.0,-249.0,25.0,-64.0,-114.0,-6.0,0
-4.0,-244.0,29.0,-73.0,-122.0,-5.0,0
-10.0,-243.0,25.0,-88.0,-128.0,-1.0,0
-8.0,-241.0,27.0,-108.0,-133.0,7.0,0
-7.0,-240.0,26.0,-129.0,-138.0,16.0,0
-9.0,-242.0,25.0,-156.0,-141.0,26.0,0
-9.0,-240.0,26.0,-186.0,-144.0,38.0,0
-7.0,-238.0,21.0,-220.0,-146.0,49.0,0
-1.0,-241.0,28.0,-254.0,-147.0,60.0,0
-1.0,-244.0,24.0,-286.0,-148.0,73.0,0
0.0,-248.0,30.0,-316.0,-152.0,83.0,0
1.0,-252.0,23.0,-343.0,-157.0,95.0,0
8.0,-259.0,26.0,-366.0,-163.0,105.0,0
9.0,-260.0,25.0,-381.0,-168.0,113.0,0
13.0,-268.0,23.0,-390.0,-172.0,122.0,0
19.0,-273.0,21.0,-387.0,-178.0,129.0,0
24.0,-279.0,17.0,-375.0,-182.0,136.0,0
29.0,-291.0,18.0,-351.0,-187.0,144.0,0
30.0,-283.0,14.0,-321.0,-192.0,151.0,0
32.0,-285.0,13.0,-288.0,-199.0,157.0,0
34.0,-280.0,11.0,-253.0,-204.0,162.0,0
32.0,-279.0,10.0,-223.0,-208.0,167.0,0
32.0,-279.0,10.0,-200.0,-208.0,169.0,0
32.0,-275.0,13.0,-180.0,-206.0,170.0,0
34.0,-270.0,11.0,-166.0,-201.0,170.0,0
37.0,-272.0,15.0,-155.0,-194.0,171.0,0
33.0,-263.0,12.0,-142.0,-184.0,170.0,0
28.0,-261.0,19.0,-123.0,-174.0,171.0,0
33.0,-262.0,18.0,-104.0,-163.0,168.0,0
29.0,-260.0,18.0,-83.0,-153.0,167.0,0
27.0,-256.0,25.0,-63.0,-142.0,166.0,0
29.0,-257.0,26.0,-46.0,-131.0,165.0,0
28.0,-251.0,27.0,-33.0,-118.0,164.0,0
26.0,-249.0,26.0,-23.0,-109.0,163.0,0
27.0,-248.0,29.0,-21.0,-98.0,161.0,0
25.0,-244.0,31.0,-24.0,-88.0,158.0,0
23.0,-244.0,30.0,-29.0,-76.0,155.0,0
24.0,-243.0,27.0,-38.0,-63.0,151.0,0
22.0,-244.0,24.0,-49.0,-51.0,145.0,0
21.0,-244.0,28.0,-61.0,-37.0,139.0,0
22.0,-243.0,30.0,-71.0,-25.0,132.0,0
18.0,-247.0,30.0,-84.0,-14.0,126.0,0
19.0,-242.0,32.0,-98.0,-6.0,119.0,0
19.0,-249.0,27.0,-111.0,2.0,113.0,0
18.0,-244.0,30.0,-124.0,9.0,106.0,0
16.0,-246.0,28.0,-136.0,14.0,101.0,0
14.0,-246.0,26.0,-150.0,18.0,94.0,0
13.0,-246.0,30.0,-161.0,21.0,88.0,0
12.0,-249.0,25.0,-166.0,24.0,81.0,0
11.0,-252.0,27.0,-171.0,24.0,75.0,0
13.0,-255.0,23.0,-174.0,26.0,70.0,0
12.0,-254.0,25.0,-170.0,26.0,66.0,0
10.0,-254.0,26.0,-168.0,24.0,60.0,0
9.0,-253.0,21.0,-164.0,22.0,54.0,0
12.0,-255.0,23.0,-156.0,18.0,49.0,0
10.0,-257.0,17.0,-149.0,15.0,46.0,0
12.0,-255.0,16.0,-144.0,16.0,41.0,0
9.0,-255.0,19.0,-140.0,15.0,37.0,0
12.0,-253.0,19.0,-135.0,16.0,31.0,0
9.0,-254.0,19.0,-133.0,18.0,30.0,0
9.0,-255.0,20.0,-129.0,18.0,26.0,0
4.0,-254.0,19.0,-128.0,20.0,24.0,0
18.0,-260.0,17.0,-127.0,22.0,23.0,0
11.0,-257.0,21.0,-130.0,25.0,23.0,0
11.0,-256.0,21.0,-132.0,27.0,21.0,0
10.0,-256.0,24.0,-134.0,30.0,20.0,0
11.0,-258.0,19.0,-133.0,33.0,20.0,0
9.0,-263.0,24.0,-132.0,34.0,17.0,0
8.0,-259.0,18.0,-129.0,33.0,16.0,0
12.0,-259.0,21.0,-127.0,32.0,16.0,0
7.0,-260.0,22.0,-125.0,30.0,15.0,0
6.0,-261.0,19.0,-123.0,28.0,13.0,0
7.0,-261.0,14.0,-120.0,23.0,13.0,0
9.0,-270.0,17.0,-115.0,20.0,14.0,0
10.0,-263.0,18.0,-113.0,16.0,15.0,0
6.0,-265.0,17.0,-109.0,13.0,14.0,0
7.0,-269.0,15.0,-106.0,11.0,15.0,0
5.0,-265.0,12.0,-99.0,10.0,13.0,0
6.0,-266.0,16.0,-92.0,11.0,12.0,0
5.0,-265.0,12.0,-81.0,10.0,10.0,0
11.0,-270.0,15.0,-71.0,10.0,8.0,0
10.0,-269.0,15.0,-57.0,9.0,8.0,0
6.0,-268.0,12.0,-42.0,9.0,6.0,0
8.0,-265.0,15.0,-27.0,12.0,5.0,0
5.0,-266.0,15.0,-17.0,12.0,3.0,0
8.0,-265.0,18.0,-4.0,14.0,1.0,0
7.0,-262.0,19.0,7.0,15.0,1.0,0
8.0,-261.0,19.0,16.0,18.0,-1.0,0
12.0,-261.0,18.0,27.0,19.0,-2.0,0
11.0,-258.0,19.0,37.0,20.0,-3.0,0
11.0,-258.0,18.0,47.0,19.0,-3.0,0
13.0,-256.0,20.0,55.0,19.0,-3.0,0
13.0,-256.0,18.0,62.0,17.0,-1.0,0
11.0,-255.0,18.0,69.0,17.0,0.0,0
10.0,-253.0,16.0,74.0,17.0,4.0,0
12.0,-254.0,18.0,76.0,19.0,5.0,0
12.0,-253.0,16.0,80.0,19.0,6.0,0
11.0,-250.0,15.0,83.0,21.0,4.0,0
7.0,-248.0,17.0,84.0,21.0,6.0,0
9.0,-250.0,16.0,83.0,22.0,6.0,0
10.0,-249.0,18.0,80.0,21.0,7.0,0
9.0,-248.0,15.0,73.0,18.0,6.0,0
8.0,-247.0,19.0,64.0,15.0,7.0,0
4.0,-246.0,17.0,54.0,10.0,9.0,0
5.0,-248.0,15.0,41.0,4.0,9.0,0
5.0,-245.0,15.0,30.0,-1.0,9.0,0
7.0,-246.0,16.0,21.0,-7.0,10.0,0
7.0,-247.0,19.0,13.0,-10.0,9.0,0
5.0,-249.0,17.0,6.0,-15.0,10.0,0
3.0,-250.0,19.0,0.0,-18.0,8.0,0
2.0,-248.0,16.0,-6.0,-23.0,6.0,0
4.0,-249.0,15.0,-12.0,-26.0,5.0,0
3.0,-253.0,16.0,-17.0,-31.0,6.0,0
3.0,-249.0,16.0,-24.0,-35.0,7.0,0
3.0,-241.0,-6.0,-31.0,-39.0,9.0,0
3.0,-252.0,15.0,-37.0,-42.0,10.0,0
2.0,-253.0,17.0,-45.0,-46.0,12.0,0
3.0,-254.0,20.0,-52.0,-50.0,15.0,0
4.0,-256.0,19.0,-58.0,-54.0,17.0,0
5.0,-255.0,18.0,-62.0,-57.0,20.0,0
2.0,-253.0,17.0,-64.0,-61.0,21.0,0
4.0,-255.0,13.0,-63.0,-63.0,23.0,0
2.0,-256.0,14.0,-63.0,-66.0,25.0,0
5.0,-257.0,15.0,-62.0,-68.0,27.0,0
6.0,-256.0,17.0,-60.0,-72.0,25.0,0
5.0,-253.0,13.0,-60.0,-75.0,25.0,0
6.0,-256.0,15.0,-60.0,-80.0,24.0,0
4.0,-253.0,13.0,-57.0,-85.0,22.0,0
6.0,-251.0,15.0,-59.0,-90.0,20.0,0
9.0,-253.0,14.0,-60.0,-95.0,21.0,0
9.0,-253.0,18.0,-65.0,-102.0,19.0,0
11.0,-251.0,17.0,-70.0,-106.0,16.0,0
9.0,-254.0,14.0,-75.0,-112.0,18.0,0
9.0,-251.0,21.0,-82.0,-114.0,16.0,0
14.0,-254.0,21.0,-88.0,-117.0,15.0,0
11.0,-251.0,22.0,-92.0,-119.0,15.0,0
11.0,-249.0,21.0,-95.0,-122.0,15.0,0
14.0,-252.0,18.0,-99.0,-125.0,17.0,0
13.0,-253.0,18.0,-99.0,-127.0,18.0,0
12.0,-256.0,18.0,-98.0,-129.0,21.0,0
12.0,-255.0,21.0,-96.0,-130.0,21.0,0
15.0,-256.0,20.0,-95.0,-130.0,21.0,0
17.0,-256.0,18.0,-91.0,-131.0,22.0,0
15.0,-255.0,20.0,-92.0,-131.0,22.0,0
17.0,-255.0,18.0,-92.0,-130.0,20.0,0
15.0,-257.0,16.0,-92.0,-129.0,20.0,0
15.0,-255.0,18.0,-91.0,-127.0,20.0,0
18.0,-256.0,18.0,-91.0,-127.0,20.0,0
17.0,-257.0,16.0,-88.0,-124.0,19.0,0
13.0,-254.0,17.0,-85.0,-122.0,19.0,0
15.0,-257.0,18.0,-85.0,-121.0,18.0,0
16.0,-255.0,17.0,-86.0,-121.0,19.0,0
12.0,-253.0,19.0,-84.0,-120.0,20.0,0
15.0,-256.0,19.0,-87.0,-121.0,20.0,0
15.0,-256.0,17.0,-87.0,-121.0,21.0,0
14.0,-253.0,16.0,-89.0,-117.0,22.0,0
16.0,-259.0,14.0,-88.0,-112.0,23.0,0
12.0,-256.0,17.0,-88.0,-108.0,23.0,0
18.0,-267.0,21.0,-85.0,-106.0,24.0,0
16.0,-260.0,23.0,-81.0,-104.0,25.0,0
14.0,-256.0,22.0,-78.0,-103.0,26.0,0
17.0,-258.0,19.0,-74.0,-99.0,27.0,0
15.0,-256.0,19.0,-72.0,-94.0,28.0,0
14.0,-257.0,23.0,-72.0,-90.0,28.0,0
14.0,-260.0,18.0,-71.0,-85.0,29.0,0
17.0,-259.0,19.0,-72.0,-80.0,29.0,0
19.0,-257.0,18.0,-70.0,-76.0,28.0,0
15.0,-257.0,13.0,-70.0,-71.0,28.0,0
17.0,-256.0,18.0,-69.0,-67.0,29.0,0
17.0,-256.0,17.0,-69.0,-64.0,29.0,0
17.0,-256.0,16.0,-70.0,-62.0,27.0,0
18.0,-255.0,14.0,-68.0,-60.0,28.0,0
17.0,-255.0,13.0,-67.0,-57.0,28.0,0
14.0,-255.0,17.0,-67.0,-55.0,28.0,0
15.0,-254.0,15.0,-63.0,-56.0,26.0,0
17.0,-256.0,15.0,-61.0,-55.0,25.0,0
18.0,-255.0,12.0,-60.0,-53.0,26.0,0
13.0,-252.0,14.0,-61.0,-54.0,27.0,0
13.0,-252.0,18.0,-61.0,-53.0,27.0,0
14.0,-254.0,17.0,-64.0,-54.0,27.0,0
14.0,-253.0,19.0,-64.0,-52.0,29.0,0
13.0,-255.0,17.0,-64.0,-50.0,28.0,0
13.0,-255.0,17.0,-61.0,-48.0,29.0,0
13.0,-255.0,16.0,-60.0,-46.0,29.0,0
14.0,-257.0,21.0,-54.0,-43.0,28.0,0
13.0,-255.0,19.0,-50.0,-39.0,28.0,0
9.0,-256.0,19.0,-47.0,-36.0,27.0,0
13.0,-257.0,19.0,-46.0,-33.0,25.0,0
14.0,-256.0,19.0,-43.0,-31.0,23.0,0
11.0,-256.0,18.0,-43.0,-28.0,23.0,0
9.0,-254.0,18.0,-40.0,-26.0,21.0,0
10.0,-260.0,17.0,-41.0,-23.0,20.0,0
11.0,-276.0,8.0,-42.0,-20.0,18.0,0
10.0,-257.0,20.0,-45.0,-18.0,17.0,0
11.0,-258.0,22.0,-44.0,-16.0,15.0,0
11.0,-254.0,14.0,-42.0,-14.0,14.0,0
13.0,-255.0,19.0,-42.0,-15.0,11.0,0
9.0,-256.0,15.0,-40.0,-16.0,10.0,0
9.0,-255.0,17.0,-42.0,-16.0,10.0,0
14.0,-251.0,16.0,-40.0,-15.0,7.0,0
14.0,-254.0,17.0,-41.0,-16.0,9.0,0
10.0,-252.0,19.0,-40.0,-17.0,8.0,0
10.0,-250.0,14.0,-39.0,-19.0,6.0,0
9.0,-253.0,20.0,-38.0,-22.0,5.0,0
10.0,-255.0,19.0,-39.0,-26.0,5.0,0
9.0,-253.0,19.0,-38.0,-29.0,3.0,0
10.0,-252.0,17.0,-37.0,-31.0,2.0,0
9.0,-254.0,18.0,-35.0,-35.0,1.0,0
10.0,-254.0,15.0,-34.0,-36.0,-2.0,0
5.0,-254.0,19.0,-35.0,-38.0,-5.0,0
8.0,-251.0,18.0,-39.0,-39.0,-7.0,0
8.0,-251.0,19.0,-42.0,-40.0,-9.0,0
11.0,-255.0,23.0,-46.0,-39.0,-10.0,0
7.0,-255.0,17.0,-49.0,-40.0,-13.0,0
6.0,-255.0,18.0,-52.0,-40.0,-15.0,0
8.0,-255.0,20.0,-55.0,-41.0,-18.0,0
6.0,-256.0,23.0,-57.0,-43.0,-20.0,0
2.0,-253.0,18.0,-58.0,-44.0,-19.0,0
4.0,-254.0,15.0,-58.0,-45.0,-23.0,0
7.0,-256.0,19.0,-57.0,-46.0,-25.0,0
9.0,-255.0,20.0,-56.0,-46.0,-26.0,0
8.0,-254.0,16.0,-55.0,-46.0,-27.0,0
6.0,-255.0,17.0,-54.0,-47.0,-28.0,0
7.0,-256.0,17.0,-53.0,-46.0,-28.0,0
8.0,-254.0,17.0,-49.0,-48.0,-28.0,0
9.0,-256.0,16.0,-48.0,-49.0,-26.0,0
9.0,-255.0,17.0,-47.0,-51.0,-26.0,0
9.0,-255.0,22.0,-45.0,-53.0,-27.0,0
10.0,-255.0,18.0,-41.0,-54.0,-27.0,0
7.0,-254.0,11.0,-39.0,-55.0,-26.0,0
10.0,-257.0,18.0,-37.0,-56.0,-25.0,0
8.0,-254.0,16.0,-37.0,-56.0,-24.0,0
9.0,-256.0,19.0,-34.0,-59.0,-26.0,0
10.0,-256.0,17.0,-34.0,-60.0,-25.0,0
10.0,-252.0,17.0,-35.0,-64.0,-25.0,0
8.0,-255.0,18.0,-34.0,-64.0,-24.0,0
10.0,-256.0,18.0,-38.0,-65.0,-24.0,0
7.0,-255.0,16.0,-41.0,-67.0,-22.0,0
10.0,-255.0,18.0,-44.0,-67.0,-22.0,0
8.0,-256.0,21.0,-43.0,-69.0,-19.0,0
10.0,-256.0,18.0,-43.0,-70.0,-17.0,0
9.0,-259.0,17.0,-43.0,-70.0,-16.0,0
10.0,-258.0,25.0,-43.0,-69.0,-13.0,0
10.0,-257.0,18.0,-42.0,-67.0,-11.0,0
10.0,-257.0,19.0,-38.0,-64.0,-9.0,0
6.0,-256.0,16.0,-36.0,-63.0,-5.0,0
11.0,-257.0,18.0,-33.0,-61.0,-3.0,0
12.0,-257.0,18.0,-31.0,-60.0,1.0,0
11.0,-256.0,19.0,-26.0,-60.0,2.0,0
8.0,-255.0,20.0,-25.0,-59.0,5.0,0
12.0,-255.0,15.0,-23.0,-60.0,7.0,0
11.0,-256.0,23.0,-25.0,-60.0,9.0,0
10.0,-256.0,19.0,-26.0,-61.0,8.0,0
11.0,-256.0,21.0,-25.0,-62.0,10.0,0
10.0,-256.0,20.0,-23.0,-65.0,12.0,0
11.0,-255.0,17.0,-20.0,-66.0,13.0,0
12.0,-245.0,0.0,-20.0,-68.0,14.0,0
14.0,-256.0,22.0,-22.0,-70.0,13.0,0
10.0,-254.0,22.0,-20.0,-69.0,12.0,0
14.0,-255.0,17.0,-22.0,-69.0,10.0,0
12.0,-255.0,21.0,-21.0,-67.0,10.0,0
14.0,-250.0,18.0,-19.0,-67.0,8.0,0
11.0,-255.0,16.0,-17.0,-65.0,5.0,0
15.0,-252.0,18.0,-17.0,-63.0,3.0,0
13.0,-252.0,18.0,-19.0,-61.0,1.0,0
15.0,-253.0,19.0,-20.0,-56.0,0.0,0
16.0,-252.0,20.0,-21.0,-49.0,-2.0,0
12.0,-251.0,15.0,-26.0,-44.0,-5.0,0
11.0,-251.0,16.0,-32.0,-38.0,-7.0,0
13.0,-253.0,20.0,-38.0,-32.0,-9.0,0
17.0,-256.0,17.0,-42.0,-28.0,-8.0,0
13.0,-252.0,24.0,-43.0,-25.0,-8.0,0
15.0,-255.0,20.0,-44.0,-21.0,-11.0,0
16.0,-254.0,19.0,-44.0,-18.0,-12.0,0
15.0,-255.0,23.0,-41.0,-13.0,-14.0,0
12.0,-254.0,23.0,-41.0,-12.0,-13.0,0
14.0,-253.0,21.0,-38.0,-9.0,-14.0,0
15.0,-255.0,20.0,-36.0,-7.0,-14.0,0
13.0,-255.0,18.0,-36.0,-5.0,-14.0,0
16.0,-253.0,19.0,-35.0,-4.0,-16.0,0
14.0,-256.0,22.0,-33.0,-1.0,-15.0,0
16.0,-257.0,21.0,-30.0,0.0,-16.0,0
18.0,-255.0,20.0,-29.0,3.0,-17.0,0
14.0,-255.0,20.0,-26.0,3.0,-16.0,0
17.0,-254.0,20.0,-23.0,5.0,-17.0,0
17.0,-256.0,19.0,-21.0,6.0,-17.0,0
18.0,-256.0,23.0,-18.0,9.0,-18.0,0
17.0,-257.0,23.0,-11.0,13.0,-18.0,0
19.0,-257.0,23.0,-7.0,15.0,-19.0,0
13.0,-248.0,20.0,-3.0,21.0,-22.0,0
17.0,-255.0,18.0,1.0,26.0,-24.0,0
19.0,-258.0,18.0,4.0,32.0,-26.0,0
18.0,-255.0,19.0,6.0,38.0,-30.0,0
18.0,-256.0,22.0,6.0,44.0,-33.0,0
19.0,-255.0,23.0,6.0,50.0,-35.0,0
20.0,-254.0,24.0,7.0,55.0,-36.0,0
20.0,-253.0,22.0,8.0,61.0,-37.0,0
25.0,-254.0,22.0,10.0,67.0,-38.0,0
19.0,-251.0,23.0,9.0,72.0,-39.0,0
23.0,-250.0,22.0,7.0,77.0,-41.0,0
16.0,-246.0,22.0,6.0,81.0,-40.0,0
16.0,-247.0,23.0,1.0,84.0,-39.0,0
15.0,-247.0,25.0,-7.0,88.0,-39.0,0
14.0,-246.0,23.0,-18.0,90.0,-38.0,0
16.0,-247.0,17.0,-30.0,91.0,-37.0,0
15.0,-247.0,25.0,-40.0,91.0,-37.0,0
13.0,-245.0,21.0,-50.0,91.0,-37.0,0
14.0,-246.0,24.0,-58.0,93.0,-37.0,0
16.0,-251.0,22.0,-70.0,95.0,-35.0,0
17.0,-250.0,25.0,-76.0,96.0,-35.0,0
14.0,-249.0,25.0,-85.0,98.0,-35.0,0
12.0,-251.0,19.0,-89.0,99.0,-38.0,0
20.0,-255.0,23.0,-95.0,100.0,-39.0,0
13.0,-252.0,23.0,-97.0,102.0,-40.0,0
14.0,-255.0,24.0,-100.0,104.0,-41.0,0
13.0,-256.0,20.0,-101.0,106.0,-44.0,0
12.0,-255.0,24.0,-101.0,108.0,-44.0,0
15.0,-258.0,22.0,-99.0,111.0,-47.0,0
17.0,-258.0,22.0,-94.0,112.0,-50.0,0
14.0,-257.0,20.0,-89.0,113.0,-51.0,0
15.0,-257.0,20.0,-81.0,117.0,-54.0,0
16.0,-257.0,23.0,-77.0,121.0,-55.0,0
13.0,-257.0,21.0,-72.0,126.0,-55.0,0
16.0,-258.0,21.0,-68.0,132.0,-57.0,0
17.0,-260.0,23.0,-67.0,137.0,-58.0,0
20.0,-260.0,25.0,-69.0,144.0,-58.0,0
21.0,-263.0,34.0,-71.0,154.0,-57.0,0
23.0,-266.0,31.0,-73.0,162.0,-59.0,0
24.0,-267.0,35.0,-73.0,173.0,-60.0,0
23.0,-272.0,33.0,-72.0,182.0,-60.0,0
24.0,-273.0,37.0,-73.0,189.0,-60.0,0
21.0,-276.0,36.0,-74.0,192.0,-60.0,0
28.0,-280.0,38.0,-76.0,195.0,-61.0,0
22.0,-284.0,41.0,-74.0,199.0,-64.0,0
27.0,-284.0,41.0,-69.0,202.0,-63.0,0
29.0,-284.0,46.0,-58.0,206.0,-66.0,0
24.0,-283.0,39.0,-42.0,207.0,-69.0,0
24.0,-281.0,36.0,-25.0,211.0,-69.0,0
28.0,-281.0,31.0,-9.0,215.0,-71.0,0
29.0,-279.0,39.0,3.0,220.0,-73.0,0
29.0,-271.0,39.0,10.0,227.0,-74.0,0
31.0,-267.0,38.0,6.0,230.0,-73.0,0
32.0,-265.0,36.0,-8.0,223.0,-68.0,0
34.0,-261.0,34.0,-28.0,199.0,-58.0,0
31.0,-258.0,21.0,-59.0,153.0,-45.0,0
34.0,-256.0,5.0,-111.0,83.0,-30.0,0
32.0,-252.0,-21.0,-183.0,-2.0,-14.0,0
37.0,-255.0,-48.0,-267.0,-90.0,-2.0,0
44.0,-249.0,-66.0,-350.0,-143.0,8.0,0
48.0,-248.0,-76.0,-416.0,-126.0,19.0,0
43.0,-246.0,-73.0,-462.0,-35.0,29.0,0
35.0,-244.0,-63.0,-488.0,84.0,29.0,0
42.0,-241.0,-52.0,-496.0,206.0,21.0,0
36.0,-236.0,-43.0,-487.0,333.0,10.0,0
35.0,-229.0,-22.0,-462.0,464.0,-4.0,0
34.0,-223.0,-8.0,-428.0,580.0,-21.0,0
38.0,-213.0,3.0,-388.0,675.0,-34.0,0
35.0,-204.0,11.0,-354.0,751.0,-44.0,0
33.0,-201.0,16.0,-328.0,819.0,-46.0,0
29.0,-190.0,29.0,-315.0,877.0,-44.0,0
22.0,-183.0,35.0,-313.0,923.0,-34.0,0
19.0,-179.0,42.0,-310.0,951.0,-19.0,0
11.0,-170.0,42.0,-303.0,956.0,-1.0,0
13.0,-170.0,42.0,-291.0,940.0,19.0,0
7.0,-171.0,36.0,-280.0,906.0,34.0,0
4.0,-173.0,27.0,-275.0,865.0,48.0,0
5.0,-176.0,21.0,-287.0,823.0,57.0,0
4.0,-185.0,11.0,-313.0,788.0,56.0,0
9.0,-196.0,1.0,-359.0,763.0,50.0,0
16.0,-207.0,-8.0,-420.0,751.0,31.0,0
11.0,-221.0,-16.0,-473.0,750.0,10.0,0
15.0,-233.0,-16.0,-504.0,751.0,-16.0,0
15.0,-239.0,-25.0,-518.0,745.0,-42.0,0
17.0,-243.0,-30.0,-508.0,733.0,-63.0,0
21.0,-247.0,-36.0,-475.0,708.0,-83.0,0
28.0,-249.0,-40.0,-433.0,677.0,-104.0,0
34.0,-248.0,-32.0,-389.0,651.0,-132.0,0
38.0,-239.0,-38.0,-349.0,631.0,-170.0,0
51.0,-234.0,-35.0,-323.0,628.0,-218.0,0
59.0,-224.0,-30.0,-323.0,648.0,-273.0,0
65.0,-222.0,-22.0,-348.0,695.0,-338.0,0
69.0,-218.0,-12.0,-392.0,776.0,-410.0,0
66.0,-218.0,-4.0,-452.0,877.0,-486.0,0
66.0,-221.0,0.0,-520.0,993.0,-560.0,0
71.0,-230.0,6.0,-589.0,1121.0,-632.0,0
71.0,-241.0,7.0,-649.0,1262.0,-701.0,0
68.0,-258.0,3.0,-689.0,1423.0,-762.0,0
64.0,-276.0,8.0,-702.0,1603.0,-820.0,0
61.0,-299.0,16.0,-670.0,1800.0,-870.0,0
48.0,-316.0,19.0,-582.0,2006.0,-908.0,0
44.0,-326.0,20.0,-441.0,2215.0,-926.0,0
42.0,-331.0,23.0,-255.0,2427.0,-925.0,0
45.0,-324.0,25.0,-31.0,2635.0,-905.0,0
39.0,-303.0,29.0,212.0,2826.0,-877.0,0
32.0,-274.0,27.0,461.0,2984.0,-839.0,0
16.0,-242.0,24.0,698.0,3095.0,-793.0,0
2.0,-202.0,20.0,907.0,3146.0,-737.0,0
-5.0,-168.0,28.0,1065.0,3130.0,-666.0,0
-16.0,-126.0,13.0,1159.0,3050.0,-580.0,0
-24.0,-90.0,1.0,1181.0,2917.0,-487.0,0
-33.0,-51.0,-13.0,1129.0,2746.0,-398.0,0
-45.0,-25.0,-29.0,1002.0,2550.0,-313.0,0
-55.0,3.0,-39.0,816.0,2336.0,-228.0,0
-57.0,20.0,-57.0,581.0,2117.0,-144.0,0
-64.0,35.0,-69.0,314.0,1898.0,-70.0,0
-66.0,36.0,-80.0,26.0,1693.0,-9.0,0
-61.0,30.0,-90.0,-267.0,1516.0,43.0,0
-51.0,17.0,-101.0,-550.0,1381.0,75.0,0
-38.0,1.0,-107.0,-809.0,1310.0,84.0,0
-35.0,-20.0,-108.0,-1035.0,1303.0,74.0,0
-33.0,-46.0,-99.0,-1220.0,1347.0,59.0,0
-29.0,-77.0,-85.0,-1359.0,1424.0,41.0,0
-29.0,-114.0,-77.0,-1451.0,1535.0,24.0,0
-33.0,-141.0,-67.0,-1499.0,1676.0,4.0,0
-41.0,-167.0,-46.0,-1512.0,1826.0,-22.0,0
-49.0,-188.0,-34.0,-1500.0,1955.0,-45.0,0
-51.0,-203.0,-19.0,-1484.0,2036.0,-69.0,0
-58.0,-235.0,-10.0,-1502.0,2059.0,-111.0,0
-79.0,-285.0,-1.0,-1579.0,2016.0,-164.0,0
-107.0,-371.0,16.0,-1721.0,1892.0,-196.0,0
-131.0,-476.0,58.0,-1886.0,1657.0,-174.0,0
-136.0,-588.0,119.0,-1987.0,1311.0,-115.0,0
-114.0,-703.0,172.0,-1957.0,875.0,-65.0,0
-62.0,-783.0,188.0,-1787.0,378.0,-50.0,0
6.0,-802.0,184.0,-1486.0,-91.0,-40.0,0
78.0,-796.0,166.0,-1111.0,-405.0,15.0,0
122.0,-787.0,159.0,-413.0,-518.0,69.0,0
116.0,-728.0,166.0,499.0,-488.0,61.0,0
90.0,-638.0,168.0,1411.0,-445.0,15.0,0
79.0,-528.0,163.0,2087.0,-438.0,-11.0,0
87.0,-419.0,141.0,2399.0,-487.0,-14.0,0
102.0,-332.0,115.0,2373.0,-537.0,-14.0,0
116.0,-265.0,87.0,2112.0,-514.0,-29.0,0
123.0,-218.0,65.0,1746.0,-384.0,-58.0,0
111.0,-190.0,63.0,1370.0,-178.0,-94.0,0
102.0,-170.0,67.0,1037.0,39.0,-125.0,0
88.0,-156.0,80.0,770.0,215.0,-151.0,0
78.0,-146.0,82.0,567.0,334.0,-177.0,0
70.0,-142.0,92.0,402.0,401.0,-209.0,0
67.0,-141.0,94.0,257.0,423.0,-246.0,0
67.0,-146.0,94.0,106.0,404.0,-277.0,0
72.0,-158.0,93.0,-91.0,352.0,-302.0,0
75.0,-176.0,90.0,-367.0,274.0,-319.0,0
79.0,-200.0,93.0,-714.0,172.0,-339.0,0
83.0,-239.0,100.0,-1085.0,58.0,-359.0,0
82.0,-279.0,103.0,-1439.0,-54.0,-377.0,0
78.0,-315.0,116.0,-1738.0,-151.0,-385.0,0
73.0,-349.0,121.0,-1962.0,-228.0,-381.0,0
64.0,-383.0,131.0,-2095.0,-284.0,-364.0,0
61.0,-411.0,150.0,-2138.0,-319.0,-336.0,0
57.0,-432.0,150.0,-2091.0,-339.0,-297.0,0
58.0,-448.0,152.0,-1968.0,-343.0,-250.0,0
60.0,-461.0,148.0,-1792.0,-331.0,-204.0,0
65.0,-464.0,137.0,-1575.0,-306.0,-158.0,0
66.0,-462.0,121.0,-1343.0,-270.0,-118.0,0
69.0,-453.0,107.0,-1120.0,-223.0,-88.0,0
69.0,-441.0,98.0,-927.0,-174.0,-67.0,0
64.0,-426.0,87.0,-765.0,-127.0,-59.0,0
65.0,-412.0,74.0,-629.0,-83.0,-64.0,0
63.0,-390.0,73.0,-507.0,-43.0,-76.0,0
59.0,-371.0,66.0,-392.0,-5.0,-99.0,0
62.0,-349.0,62.0,-287.0,28.0,-128.0,0
59.0,-328.0,57.0,-195.0,51.0,-165.0,0
57.0,-305.0,53.0,-124.0,64.0,-204.0,0
53.0,-284.0,54.0,-73.0,63.0,-243.0,0
49.0,-267.0,41.0,-34.0,50.0,-277.0,0
46.0,-246.0,44.0,-3.0,30.0,-307.0,0
42.0,-228.0,42.0,29.0,9.0,-340.0,0
36.0,-208.0,37.0,58.0,-4.0,-371.0,0
33.0,-192.0,30.0,81.0,-3.0,-399.0,0
32.0,-177.0,22.0,95.0,1.0,-420.0,0
29.0,-165.0,17.0,92.0,12.0,-430.0,0
24.0,-151.0,10.0,61.0,22.0,-424.0,0
23.0,-142.0,5.0,1.0,27.0,-403.0,0
22.0,-134.0,0.0,-72.0,19.0,-371.0,0
20.0,-126.0,-1.0,-143.0,-7.0,-323.0,0
8.0,-117.0,-2.0,-210.0,-57.0,-266.0,0
5.0,-111.0,-5.0,-277.0,-146.0,-191.0,0
4.0,-108.0,-8.0,-339.0,-272.0,-96.0,0
6.0,-100.0,-10.0,-383.0,-404.0,-3.0,0
17.0,-97.0,-2.0,-401.0,-514.0,80.0,0
17.0,-92.0,-6.0,-394.0,-584.0,142.0,0
9.0,-97.0,-24.0,-359.0,-609.0,177.0,0
-13.0,-98.0,-41.0,-276.0,-602.0,195.0,0
-27.0,-98.0,-51.0,-158.0,-595.0,217.0,0
-7.0,-98.0,-50.0,-36.0,-602.0,247.0,0
40.0,-105.0,-52.0,76.0,-619.0,246.0,0
93.0,-106.0,-50.0,206.0,-632.0,218.0,0
87.0,-110.0,-64.0,387.0,-587.0,170.0,0
73.0,-128.0,-91.0,578.0,-460.0,95.0,0
75.0,-146.0,-115.0,698.0,-296.0,13.0,0
73.0,-165.0,-139.0,701.0,-130.0,-77.0,0
75.0,-173.0,-157.0,569.0,72.0,-195.0,0
92.0,-183.0,-168.0,319.0,350.0,-352.0,0
122.0,-196.0,-180.0,5.0,713.0,-553.0,0
140.0,-220.0,-187.0,-338.0,1124.0,-802.0,0
141.0,-247.0,-181.0,-700.0,1530.0,-1084.0,0
122.0,-278.0,-146.0,-1076.0,1867.0,-1371.0,0
78.0,-299.0,-98.0,-1430.0,2067.0,-1619.0,0
36.0,-321.0,-43.0,-1696.0,2091.0,-1779.0,0
11.0,-342.0,0.0,-1823.0,1955.0,-1842.0,0
0.0,-354.0,32.0,-1804.0,1708.0,-1823.0,0
2.0,-365.0,40.0,-1656.0,1416.0,-1730.0,0
0.0,-370.0,35.0,-1406.0,1143.0,-1573.0,0
-2.0,-374.0,31.0,-1094.0,913.0,-1350.0,0
-13.0,-381.0,27.0,-777.0,707.0,-1082.0,0
-21.0,-388.0,27.0,-514.0,504.0,-795.0,0
-45.0,-392.0,25.0,-352.0,306.0,-517.0,0
-62.0,-398.0,17.0,-310.0,143.0,-259.0,0
-75.0,-407.0,12.0,-349.0,50.0,-32.0,0
-98.0,-413.0,3.0,-431.0,49.0,154.0,0
-125.0,-432.0,-4.0,-515.0,120.0,301.0,0
-151.0,-451.0,-5.0,-568.0,221.0,419.0,0
-175.0,-475.0,-2.0,-573.0,308.0,517.0,0
-190.0,-500.0,-5.0,-528.0,352.0,594.0,0
-195.0,-511.0,-6.0,-442.0,351.0,638.0,0
-188.0,-507.0,-4.0,-326.0,324.0,654.0,0
-170.0,-490.0,0.0,-203.0,276.0,655.0,0
-145.0,-469.0,11.0,-97.0,192.0,666.0,0
-126.0,-450.0,21.0,-38.0,54.0,694.0,0
-104.0,-437.0,30.0,-52.0,-129.0,734.0,0
-88.0,-423.0,38.0,-133.0,-330.0,785.0,0
-68.0,-425.0,52.0,-263.0,-513.0,854.0,0
-53.0,-429.0,65.0,-403.0,-661.0,934.0,0
-34.0,-442.0,83.0,-519.0,-761.0,1022.0,0
-18.0,-455.0,102.0,-573.0,-817.0,1114.0,0
-13.0,-472.0,124.0,-549.0,-837.0,1196.0,0
1.0,-481.0,133.0,-440.0,-843.0,1261.0,0
0.0,-474.0,137.0,-249.0,-866.0,1305.0,0
-2.0,-459.0,141.0,-6.0,-921.0,1345.0,0
-11.0,-431.0,121.0,245.0,-1021.0,1395.0,0
-23.0,-388.0,103.0,453.0,-1158.0,1465.0,0
-35.0,-349.0,84.0,586.0,-1316.0,1562.0,0
-44.0,-310.0,57.0,642.0,-1472.0,1688.0,0
-57.0,-264.0,29.0,624.0,-1605.0,1839.0,0
-64.0,-242.0,-1.0,540.0,-1696.0,1995.0,0
-61.0,-234.0,-15.0,403.0,-1728.0,2133.0,0
-60.0,-209.0,-32.0,219.0,-1706.0,2232.0,0
-52.0,-203.0,-40.0,0.0,-1634.0,2275.0,0
-42.0,-197.0,-34.0,-192.0,-1522.0,2258.0,0
-30.0,-194.0,-28.0,-424.0,-1374.0,2187.0,0
-10.0,-197.0,-15.0,-611.0,-1209.0,2080.0,0
14.0,-199.0,-5.0,-728.0,-1077.0,1921.0,0
46.0,-205.0,7.0,-766.0,-925.0,1705.0,0
71.0,-206.0,12.0,-715.0,-801.0,1445.0,0
80.0,-200.0,14.0,-584.0,-697.0,1214.0,0
96.0,-184.0,6.0,-402.0,-600.0,927.0,0
107.0,-162.0,0.0,-181.0,-519.0,639.0,0
112.0,-139.0,-7.0,54.0,-449.0,359.0,0
112.0,-118.0,-28.0,276.0,-388.0,93.0,0
107.0,-96.0,-38.0,465.0,-338.0,-160.0,0
95.0,-71.0,-51.0,606.0,-298.0,-394.0,0
85.0,-49.0,-63.0,687.0,-268.0,-604.0,0
77.0,-25.0,-71.0,712.0,-252.0,-776.0,0
72.0,-10.0,-75.0,692.0,-256.0,-912.0,0
67.0,2.0,-76.0,642.0,-276.0,-1010.0,0
65.0,14.0,-73.0,571.0,-306.0,-1063.0,0
67.0,19.0,-72.0,503.0,-350.0,-1079.0,0
66.0,16.0,-65.0,429.0,-405.0,-1075.0,0
66.0,15.0,-55.0,358.0,-465.0,-1065.0,0
63.0,11.0,-44.0,318.0,-517.0,-1047.0,0
66.0,3.0,-47.0,340.0,-553.0,-1013.0,0
57.0,-18.0,-65.0,437.0,-602.0,-952.0,0
42.0,-26.0,-84.0,619.0,-687.0,-866.0,0
5.0,-41.0,-99.0,850.0,-791.0,-763.0,0
-44.0,-36.0,-101.0,1058.0,-856.0,-651.0,0
-86.0,-33.0,-114.0,1203.0,-883.0,-529.0,0
-125.0,-33.0,-131.0,1267.0,-927.0,-392.0,0
-173.0,-36.0,-163.0,1246.0,-1014.0,-238.0,0
-236.0,-37.0,-203.0,1159.0,-1105.0,-56.0,0
-245.0,-66.0,-252.0,997.0,-1157.0,168.0,0
-203.0,-111.0,-318.0,689.0,-1181.0,441.0,0
-157.0,-177.0,-377.0,140.0,-1153.0,711.0,0
-119.0,-260.0,-410.0,-683.0,-1012.0,948.0,0
-83.0,-355.0,-384.0,-1656.0,-731.0,1162.0,0
-51.0,-450.0,-320.0,-2559.0,-315.0,1368.0,0
-23.0,-546.0,-235.0,-3213.0,210.0,1574.0,0
-1.0,-624.0,-129.0,-3476.0,754.0,1783.0,0
3.0,-714.0,-48.0,-3217.0,1172.0,1967.0,0
-13.0,-799.0,-53.0,-2565.0,1250.0,2011.0,0
-30.0,-836.0,-55.0,-1895.0,844.0,1786.0,0
-23.0,-819.0,-4.0,-1345.0,168.0,1366.0,0
-1.0,-770.0,67.0,-913.0,-477.0,916.0,0
27.0,-720.0,138.0,-573.0,-958.0,487.0,0
32.0,-667.0,193.0,-324.0,-1331.0,-12.0,0
37.0,-615.0,203.0,-169.0,-1650.0,-583.0,0
43.0,-571.0,190.0,-72.0,-1878.0,-1113.0,0
41.0,-527.0,162.0,16.0,-1924.0,-1519.0,0
48.0,-488.0,139.0,183.0,-1748.0,-1774.0,0
48.0,-446.0,120.0,460.0,-1433.0,-1918.0,0
53.0,-399.0,90.0,772.0,-1080.0,-1984.0,0
71.0,-354.0,57.0,996.0,-729.0,-1976.0,0
78.0,-315.0,23.0,1037.0,-388.0,-1903.0,0
84.0,-290.0,-3.0,860.0,-54.0,-1772.0,0
92.0,-278.0,-15.0,483.0,258.0,-1593.0,0
108.0,-280.0,-18.0,-24.0,526.0,-1379.0,0
126.0,-288.0,-10.0,-596.0,748.0,-1150.0,0
142.0,-299.0,3.0,-1171.0,933.0,-931.0,0
151.0,-315.0,20.0,-1660.0,1085.0,-723.0,0
144.0,-329.0,44.0,-2001.0,1196.0,-545.0,0
134.0,-354.0,57.0,-2174.0,1236.0,-401.0,0
129.0,-377.0,62.0,-2196.0,1193.0,-294.0,0
106.0,-392.0,66.0,-2104.0,1077.0,-213.0,0
98.0,-407.0,62.0,-1913.0,904.0,-182.0,0
89.0,-413.0,56.0,-1695.0,708.0,-206.0,0
73.0,-405.0,45.0,-1351.0,525.0,-277.0,0
64.0,-397.0,31.0,-937.0,402.0,-379.0,0
48.0,-381.0,18.0,-473.0,272.0,-497.0,0
34.0,-353.0,3.0,6.0,151.0,-619.0,0
11.0,-323.0,-10.0,474.0,37.0,-710.0,0
-3.0,-288.0,-24.0,888.0,-65.0,-782.0,0
-28.0,-248.0,-33.0,1214.0,-139.0,-798.0,0
-34.0,-202.0,-36.0,1451.0,-181.0,-769.0,0
-38.0,-155.0,-35.0,1632.0,-198.0,-709.0,0
-42.0,-108.0,-35.0,1785.0,-186.0,-631.0,0
-48.0,-58.0,-33.0,1926.0,-135.0,-537.0,0
-54.0,-14.0,-30.0,2047.0,-62.0,-417.0,0
-65.0,25.0,-29.0,2153.0,0.0,-271.0,0
-77.0,53.0,-37.0,2233.0,22.0,-97.0,0
-82.0,68.0,-66.0,2253.0,-7.0,101.0,0
-79.0,82.0,-92.0,2167.0,-87.0,288.0,0
-68.0,79.0,-127.0,1967.0,-202.0,450.0,0
-62.0,82.0,-150.0,1642.0,-333.0,564.0,0
-50.0,74.0,-169.0,1215.0,-448.0,642.0,0
-49.0,75.0,-177.0,749.0,-512.0,698.0,0
-45.0,74.0,-169.0,302.0,-503.0,724.0,0
-46.0,81.0,-138.0,-65.0,-424.0,722.0,0
-43.0,79.0,-105.0,-314.0,-295.0,699.0,0
-39.0,70.0,-74.0,-448.0,-155.0,667.0,0
-41.0,52.0,-48.0,-501.0,-42.0,612.0,0
-43.0,28.0,-46.0,-481.0,20.0,539.0,0
-35.0,-11.0,-38.0,-360.0,47.0,454.0,0
-6.0,-28.0,-59.0,-131.0,70.0,383.0,0
63.0,-57.0,-71.0,186.0,132.0,325.0,0
136.0,-88.0,-90.0,535.0,261.0,245.0,0
203.0,-118.0,-122.0,876.0,440.0,123.0,0
221.0,-129.0,-162.0,1221.0,602.0,-27.0,0
194.0,-140.0,-223.0,1572.0,680.0,-160.0,0
133.0,-151.0,-284.0,1855.0,703.0,-272.0,0
83.0,-157.0,-327.0,1918.0,752.0,-397.0,0
88.0,-170.0,-358.0,1639.0,837.0,-548.0,0
139.0,-197.0,-388.0,997.0,923.0,-743.0,0
197.0,-234.0,-404.0,106.0,1007.0,-1012.0,0
222.0,-287.0,-397.0,-928.0,1066.0,-1353.0,0
188.0,-336.0,-345.0,-2093.0,1016.0,-1750.0,0
110.0,-379.0,-272.0,-3350.0,801.0,-2131.0,0
20.0,-420.0,-185.0,-4549.0,509.0,-2414.0,0
-50.0,-473.0,-102.0,-5432.0,353.0,-2542.0,0
-50.0,-581.0,-48.0,-5835.0,465.0,-2480.0,0
-42.0,-719.0,1.0,-5802.0,784.0,-2290.0,0
-43.0,-855.0,31.0,-5484.0,1153.0,-1934.0,0
-69.0,-997.0,37.0,-5105.0,1474.0,-1325.0,0
-103.0,-1121.0,82.0,-4757.0,1681.0,-484.0,0
-110.0,-1199.0,172.0,-4171.0,1675.0,410.0,0
-127.0,-1195.0,226.0,-3042.0,1447.0,1107.0,0
-140.0,-1096.0,242.0,-1378.0,1089.0,1516.0,0
-143.0,-954.0,231.0,552.0,679.0,1713.0,0
-137.0,-791.0,194.0,2465.0,277.0,1779.0,0
-126.0,-642.0,141.0,4156.0,-83.0,1818.0,0
-107.0,-504.0,91.0,5476.0,-365.0,1880.0,0
-97.0,-385.0,40.0,6314.0,-562.0,1960.0,0
-101.0,-280.0,-17.0,6567.0,-690.0,2028.0,0
-99.0,-195.0,-57.0,6176.0,-790.0,2055.0,0
-89.0,-126.0,-92.0,5207.0,-890.0,2042.0,0
-76.0,-74.0,-109.0,3835.0,-983.0,1999.0,0
-59.0,-47.0,-119.0,2286.0,-1037.0,1950.0,0
-43.0,-30.0,-114.0,752.0,-1028.0,1922.0,0
-30.0,-37.0,-88.0,-372.0,-953.0,1917.0,0
-17.0,-68.0,-45.0,-1553.0,-825.0,1921.0,0
-16.0,-120.0,-5.0,-2408.0,-635.0,1924.0,0
-14.0,-198.0,31.0,-2939.0,-450.0,1897.0,0
-22.0,-272.0,74.0,-3227.0,-219.0,1806.0,0
-29.0,-347.0,99.0,-3297.0,-37.0,1660.0,0
-37.0,-403.0,119.0,-3171.0,91.0,1532.0,0
-36.0,-447.0,115.0,-2862.0,159.0,1383.0,0
-17.0,-469.0,97.0,-2395.0,161.0,1243.0,0
9.0,-456.0,86.0,-1789.0,104.0,1099.0,0
35.0,-417.0,62.0,-1073.0,-4.0,940.0,0
62.0,-367.0,44.0,-282.0,-168.0,773.0,0
85.0,-309.0,6.0,545.0,-386.0,594.0,0
110.0,-242.0,-21.0,1363.0,-652.0,410.0,0
114.0,-169.0,-63.0,2132.0,-968.0,237.0,0
107.0,-94.0,-101.0,2789.0,-1314.0,81.0,0
88.0,-23.0,-147.0,3241.0,-1645.0,-60.0,0
69.0,36.0,-181.0,3430.0,-1902.0,-170.0,0
64.0,78.0,-215.0,3363.0,-2022.0,-252.0,0
48.0,109.0,-241.0,3073.0,-1971.0,-311.0,0
34.0,131.0,-257.0,2569.0,-1775.0,-353.0,0
33.0,145.0,-261.0,1863.0,-1507.0,-379.0,0
41.0,151.0,-251.0,1015.0,-1217.0,-408.0,0
69.0,154.0,-226.0,106.0,-927.0,-456.0,0
82.0,141.0,-190.0,-741.0,-648.0,-545.0,0
91.0,121.0,-139.0,-1424.0,-392.0,-664.0,0
89.0,84.0,-91.0,-1896.0,-187.0,-787.0,0
76.0,54.0,-32.0,-2128.0,-50.0,-887.0,0
76.0,11.0,61.0,-2053.0,43.0,-936.0,0
76.0,-21.0,92.0,-1519.0,151.0,-930.0,0
75.0,-46.0,71.0,-686.0,192.0,-905.0,0
70.0,-51.0,26.0,190.0,153.0,-898.0,0
64.0,-52.0,-43.0,999.0,88.0,-882.0,0
39.0,-45.0,-106.0,1670.0,17.0,-839.0,0
2.0,-39.0,-142.0,2127.0,-20.0,-788.0,0
-42.0,-26.0,-190.0,2302.0,10.0,-736.0,0
-117.0,-36.0,-248.0,2204.0,50.0,-661.0,0
-226.0,-44.0,-273.0,1868.0,-4.0,-504.0,0
-301.0,-52.0,-294.0,1359.0,-166.0,-170.0,0
-283.0,-94.0,-340.0,740.0,-336.0,336.0,0
-181.0,-174.0,-404.0,-12.0,-461.0,867.0,0
-82.0,-258.0,-435.0,-935.0,-527.0,1236.0,0
-54.0,-331.0,-389.0,-2010.0,-439.0,1376.0,0
-80.0,-411.0,-254.0,-3127.0,-99.0,1427.0,0
-104.0,-561.0,-24.0,-4042.0,415.0,1637.0,0
-104.0,-796.0,111.0,-4360.0,942.0,2064.0,0
-68.0,-1003.0,2.0,-4192.0,1428.0,2482.0,0
-53.0,-1180.0,-89.0,-3916.0,1639.0,2430.0,0
-62.0,-1253.0,-50.0,-3434.0,1472.0,1904.0,0
-128.0,-1192.0,112.0,-2619.0,947.0,1128.0,0
-176.0,-1067.0,261.0,-1450.0,90.0,293.0,0
-177.0,-938.0,332.0,-189.0,-887.0,-433.0,0
-125.0,-798.0,317.0,907.0,-1719.0,-1050.0,0
-39.0,-662.0,239.0,1739.0,-2209.0,-1558.0,0
32.0,-538.0,157.0,2315.0,-2281.0,-1898.0,0
73.0,-431.0,103.0,2670.0,-1958.0,-2050.0,0
100.0,-324.0,73.0,2872.0,-1436.0,-2080.0,0
98.0,-252.0,67.0,2956.0,-936.0,-2049.0,0
99.0,-186.0,59.0,2879.0,-551.0,-1951.0,0
108.0,-145.0,41.0,2565.0,-255.0,-1788.0,0
123.0,-125.0,16.0,1954.0,-26.0,-1593.0,0
167.0,-122.0,-19.0,1055.0,140.0,-1369.0,0
202.0,-142.0,-35.0,170.0,252.0,-1111.0,0
235.0,-185.0,-44.0,-1054.0,323.0,-844.0,0
262.0,-224.0,-26.0,-2230.0,368.0,-624.0,0
275.0,-270.0,0.0,-3144.0,440.0,-479.0,0
259.0,-328.0,32.0,-3693.0,575.0,-390.0,0
242.0,-391.0,66.0,-3871.0,777.0,-341.0,0
225.0,-437.0,71.0,-3697.0,988.0,-320.0,0
203.0,-463.0,62.0,-3258.0,1146.0,-390.0,0
175.0,-468.0,41.0,-2707.0,1220.0,-555.0,0
131.0,-451.0,34.0,-2142.0,1233.0,-752.0,0
79.0,-423.0,41.0,-1552.0,1217.0,-896.0,0
31.0,-386.0,47.0,-882.0,1175.0,-935.0,0
-13.0,-336.0,50.0,-123.0,1094.0,-906.0,0
-49.0,-287.0,44.0,690.0,967.0,-853.0,0
-75.0,-233.0,22.0,1500.0,811.0,-785.0,0
-84.0,-175.0,-6.0,2244.0,644.0,-710.0,0
-89.0,-120.0,-33.0,2848.0,482.0,-620.0,0
-102.0,-74.0,-55.0,3277.0,336.0,-509.0,0
-116.0,-33.0,-65.0,3532.0,196.0,-367.0,0
-130.0,-1.0,-79.0,3638.0,70.0,-187.0,0
-127.0,13.0,-107.0,3607.0,-46.0,22.0,0
-116.0,35.0,-126.0,3439.0,-156.0,217.0,0
-111.0,50.0,-155.0,3145.0,-249.0,362.0,0
-101.0,59.0,-174.0,2726.0,-321.0,444.0,0
-90.0,76.0,-185.0,2212.0,-356.0,497.0,0
-83.0,87.0,-176.0,1666.0,-336.0,535.0,0
-79.0,96.0,-161.0,1151.0,-257.0,575.0,0
-77.0,95.0,-131.0,714.0,-135.0,620.0,0
-70.0,79.0,-100.0,366.0,-19.0,636.0,0
-73.0,55.0,-71.0,73.0,55.0,586.0,0
-79.0,36.0,-39.0,-193.0,90.0,512.0,0
-81.0,17.0,4.0,-370.0,97.0,449.0,0
-82.0,-7.0,58.0,-363.0,86.0,404.0,0
-72.0,-27.0,67.0,-125.0,52.0,376.0,0
-64.0,-38.0,58.0,259.0,-6.0,352.0,0
-57.0,-51.0,28.0,697.0,-81.0,336.0,0
-42.0,-62.0,-38.0,1118.0,-163.0,328.0,0
-21.0,-81.0,-114.0,1493.0,-233.0,319.0,0
52.0,-117.0,-195.0,1773.0,-247.0,309.0,0
195.0,-172.0,-295.0,1920.0,-126.0,250.0,0
334.0,-217.0,-361.0,1933.0,214.0,97.0,0
397.0,-266.0,-431.0,1893.0,690.0,-143.0,0
309.0,-265.0,-442.0,1862.0,1008.0,-476.0,0
130.0,-279.0,-431.0,1775.0,1051.0,-825.0,0
138.0,-345.0,-434.0,1437.0,969.0,-1100.0,0
302.0,-416.0,-401.0,632.0,822.0,-1435.0,0
456.0,-507.0,-379.0,-657.0,535.0,-1934.0,0
501.0,-588.0,-384.0,-2371.0,239.0,-2611.0,0
415.0,-698.0,-373.0,-4235.0,196.0,-3353.0,0
146.0,-836.0,-322.0,-5732.0,528.0,-3848.0,0
-93.0,-938.0,-227.0,-6494.0,1200.0,-3717.0,0
-195.0,-1040.0,-96.0,-6510.0,1866.0,-2878.0,0
-182.0,-1101.0,48.0,-6064.0,2158.0,-1695.0,0
-192.0,-1126.0,207.0,-5289.0,2051.0,-631.0,0
-232.0,-1098.0,314.0,-4106.0,1742.0,212.0,0
-258.0,-1033.0,365.0,-2538.0,1422.0,936.0,0
-263.0,-940.0,374.0,-720.0,1122.0,1521.0,0
-266.0,-834.0,340.0,1099.0,774.0,1848.0,0
-278.0,-707.0,298.0,2679.0,378.0,1939.0,0
-269.0,-569.0,246.0,3923.0,-13.0,1951.0,0
-241.0,-443.0,180.0,4658.0,-363.0,1983.0,0
-193.0,-338.0,101.0,5231.0,-654.0,2025.0,0
-139.0,-249.0,23.0,5393.0,-852.0,2075.0,0
-86.0,-190.0,-44.0,5135.0,-918.0,2131.0,0
-47.0,-143.0,-84.0,4503.0,-877.0,2180.0,0
-14.0,-126.0,-124.0,3601.0,-737.0,2208.0,0
2.0,-124.0,-128.0,2520.0,-552.0,2212.0,0
10.0,-136.0,-124.0,1370.0,-374.0,2180.0,0
15.0,-163.0,-98.0,250.0,-214.0,2116.0,0
21.0,-196.0,-49.0,-713.0,-81.0,1996.0,0
30.0,-237.0,13.0,-1408.0,18.0,1820.0,0
38.0,-259.0,78.0,-1765.0,94.0,1620.0,0
37.0,-299.0,116.0,-1771.0,150.0,1437.0,0
36.0,-328.0,126.0,-1537.0,184.0,1252.0,0
35.0,-345.0,132.0,-1165.0,180.0,1065.0,0
34.0,-340.0,106.0,-747.0,128.0,877.0,0
35.0,-309.0,88.0,-372.0,37.0,685.0,0
36.0,-253.0,77.0,-39.0,-81.0,530.0,0
48.0,-198.0,62.0,284.0,-203.0,434.0,0
67.0,-149.0,46.0,564.0,-302.0,384.0,0
94.0,-104.0,29.0,783.0,-363.0,350.0,0
112.0,-64.0,8.0,945.0,-364.0,317.0,0
136.0,-21.0,-4.0,1077.0,-316.0,271.0,0
162.0,12.0,-19.0,1196.0,-256.0,212.0,0
189.0,38.0,-41.0,1312.0,-213.0,136.0,0
195.0,60.0,-64.0,1410.0,-202.0,18.0,0
188.0,67.0,-93.0,1447.0,-228.0,-135.0,0
175.0,86.0,-118.0,1365.0,-285.0,-306.0,0
144.0,95.0,-141.0,1148.0,-372.0,-475.0,0
109.0,112.0,-167.0,781.0,-466.0,-626.0,0
90.0,115.0,-173.0,293.0,-570.0,-748.0,0
74.0,124.0,-165.0,-218.0,-674.0,-858.0,0
61.0,119.0,-159.0,-712.0,-761.0,-982.0,0
38.0,104.0,-151.0,-1144.0,-808.0,-1155.0,0
3.0,91.0,-143.0,-1500.0,-806.0,-1342.0,0
-53.0,71.0,-122.0,-1739.0,-734.0,-1446.0,0
-91.0,63.0,-101.0,-1826.0,-672.0,-1370.0,0
-127.0,63.0,-56.0,-1726.0,-664.0,-1159.0,0
-128.0,51.0,-47.0,-1359.0,-717.0,-862.0,0
-89.0,24.0,-61.0,-802.0,-813.0,-549.0,0
-54.0,-3.0,-81.0,-196.0,-889.0,-340.0,0
-37.0,-32.0,-104.0,334.0,-859.0,-287.0,0
-32.0,-52.0,-101.0,703.0,-693.0,-347.0,0
-19.0,-63.0,-78.0,915.0,-421.0,-448.0,0
-4.0,-80.0,-54.0,1018.0,-108.0,-546.0,0
9.0,-95.0,-32.0,1039.0,188.0,-625.0,0
25.0,-113.0,-14.0,1032.0,446.0,-687.0,0
22.0,-132.0,-15.0,1068.0,674.0,-721.0,0
15.0,-166.0,-24.0,1215.0,863.0,-707.0,0
-13.0,-197.0,-7.0,1494.0,1021.0,-635.0,0
-48.0,-224.0,4.0,1835.0,1214.0,-518.0,0
-129.0,-246.0,-10.0,2063.0,1459.0,-367.0,0
-246.0,-258.0,-67.0,1924.0,1594.0,-160.0,0
-326.0,-277.0,-179.0,1227.0,1370.0,212.0,0
-327.0,-323.0,-287.0,190.0,685.0,851.0,0
-237.0,-428.0,-369.0,-831.0,-194.0,1723.0,0
-89.0,-553.0,-416.0,-1751.0,-780.0,2598.0,0
-11.0,-687.0,-448.0,-2767.0,-719.0,3168.0,0
0.0,-854.0,-456.0,-3976.0,-158.0,3519.0,0
35.0,-1150.0,-421.0,-5094.0,383.0,3868.0,0
85.0,-1350.0,-346.0,-5461.0,276.0,4096.0,0
56.0,-1340.0,-195.0,-4576.0,-433.0,3630.0,0
64.0,-1171.0,13.0,-2400.0,-903.0,2533.0,0
122.0,-973.0,184.0,331.0,-814.0,1448.0,0
153.0,-777.0,287.0,2266.0,-595.0,611.0,0
123.0,-592.0,307.0,4013.0,-519.0,-72.0,0
78.0,-423.0,273.0,4963.0,-528.0,-674.0,0
40.0,-275.0,207.0,5209.0,-529.0,-1174.0,0
15.0,-172.0,132.0,4926.0,-484.0,-1504.0,0
11.0,-98.0,68.0,4278.0,-432.0,-1662.0,0
6.0,-54.0,15.0,3374.0,-381.0,-1830.0,0
-12.0,-11.0,0.0,2247.0,-311.0,-1966.0,0
-24.0,12.0,2.0,959.0,-207.0,-1996.0,0
-33.0,7.0,19.0,-350.0,-78.0,-1905.0,0
-31.0,-27.0,23.0,-1545.0,61.0,-1718.0,0
-26.0,-92.0,32.0,-2602.0,197.0,-1483.0,0
-17.0,-163.0,51.0,-3529.0,309.0,-1241.0,0
0.0,-271.0,70.0,-4266.0,346.0,-1001.0,0
17.0,-379.0,69.0,-4777.0,275.0,-785.0,0
21.0,-472.0,67.0,-5094.0,131.0,-621.0,0
40.0,-559.0,80.0,-5211.0,0.0,-496.0,0
65.0,-625.0,106.0,-5056.0,-38.0,-397.0,0
96.0,-677.0,126.0,-4580.0,36.0,-342.0,0
120.0,-712.0,133.0,-3855.0,194.0,-337.0,0
133.0,-724.0,133.0,-2973.0,370.0,-362.0,0
129.0,-707.0,113.0,-1989.0,486.0,-399.0,0
127.0,-664.0,96.0,-998.0,509.0,-455.0,0
120.0,-599.0,79.0,-104.0,440.0,-539.0,0
115.0,-526.0,56.0,677.0,317.0,-692.0,0
100.0,-445.0,19.0,1320.0,179.0,-927.0,0
91.0,-375.0,-15.0,1764.0,53.0,-1209.0,0
70.0,-298.0,-44.0,1958.0,-49.0,-1462.0,0
52.0,-222.0,-62.0,1916.0,-111.0,-1629.0,0
35.0,-153.0,-56.0,1716.0,-130.0,-1713.0,0
11.0,-90.0,-42.0,1452.0,-123.0,-1711.0,0
-5.0,-34.0,-21.0,1224.0,-113.0,-1638.0,0
-25.0,11.0,-6.0,1098.0,-113.0,-1509.0,0
-30.0,53.0,12.0,1069.0,-122.0,-1313.0,0
-41.0,79.0,28.0,1143.0,-116.0,-1103.0,0
-56.0,103.0,26.0,1305.0,-86.0,-881.0,0
-74.0,118.0,17.0,1519.0,-44.0,-640.0,0
-83.0,128.0,1.0,1706.0,-20.0,-360.0,0
-85.0,122.0,-27.0,1812.0,-39.0,-60.0,0
-76.0,115.0,-65.0,1788.0,-108.0,217.0,0
-60.0,110.0,-109.0,1613.0,-211.0,453.0,0
-33.0,101.0,-151.0,1313.0,-323.0,644.0,0
-6.0,92.0,-192.0,911.0,-391.0,772.0,0
1.0,88.0,-214.0,462.0,-382.0,850.0,0
6.0,82.0,-221.0,28.0,-277.0,907.0,0
3.0,80.0,-199.0,-334.0,-103.0,936.0,0
9.0,73.0,-170.0,-585.0,92.0,925.0,0
18.0,61.0,-135.0,-738.0,256.0,864.0,0
20.0,37.0,-108.0,-823.0,358.0,750.0,0
27.0,2.0,-70.0,-870.0,404.0,608.0,0
24.0,-34.0,9.0,-838.0,418.0,469.0,0
30.0,-66.0,30.0,-561.0,426.0,341.0,0
31.0,-88.0,40.0,-127.0,418.0,220.0,0
37.0,-98.0,27.0,348.0,402.0,98.0,0
51.0,-100.0,6.0,797.0,381.0,-30.0,0
59.0,-100.0,-20.0,1175.0,367.0,-162.0,0
61.0,-104.0,-66.0,1455.0,366.0,-289.0,0
74.0,-112.0,-121.0,1640.0,382.0,-400.0,0
142.0,-132.0,-166.0,1705.0,429.0,-512.0,0
278.0,-162.0,-210.0,1623.0,571.0,-667.0,0
339.0,-148.0,-223.0,1308.0,814.0,-871.0,0
259.0,-105.0,-258.0,760.0,1004.0,-1099.0,0
113.0,-68.0,-344.0,56.0,1083.0,-1334.0,0
46.0,-105.0,-444.0,-698.0,1150.0,-1583.0,0
71.0,-177.0,-486.0,-1546.0,1155.0,-1898.0,0
115.0,-260.0,-460.0,-2612.0,1078.0,-2188.0,0
150.0,-367.0,-422.0,-3808.0,1053.0,-2563.0,0
154.0,-475.0,-402.0,-4956.0,1201.0,-2926.0,0
122.0,-596.0,-370.0,-5955.0,1545.0,-3238.0,0
7.0,-742.0,-283.0,-6714.0,2015.0,-3453.0,0
-156.0,-918.0,-102.0,-7103.0,2403.0,-3507.0,0
-282.0,-1051.0,3.0,-6921.0,2423.0,-3346.0,0
-351.0,-1139.0,2.0,-6236.0,2096.0,-2730.0,0
-336.0,-1175.0,79.0,-5372.0,1632.0,-1512.0,0
-256.0,-1149.0,162.0,-4220.0,1042.0,-125.0,0
-237.0,-1102.0,254.0,-2556.0,366.0,789.0,0
-207.0,-974.0,266.0,-617.0,-239.0,1249.0,0
-205.0,-843.0,212.0,1231.0,-689.0,1531.0,0
-174.0,-689.0,173.0,2745.0,-1013.0,1708.0,0
-139.0,-535.0,126.0,3830.0,-1296.0,1831.0,0
-109.0,-397.0,62.0,4484.0,-1576.0,1960.0,0
-74.0,-303.0,22.0,4680.0,-1784.0,2087.0,0
-38.0,-252.0,-27.0,4383.0,-1832.0,2140.0,0
8.0,-214.0,-50.0,3627.0,-1706.0,2081.0,0
48.0,-190.0,-27.0,2568.0,-1478.0,1950.0,0
77.0,-214.0,-36.0,1415.0,-1243.0,1822.0,0
101.0,-255.0,-9.0,305.0,-1032.0,1722.0,0
114.0,-296.0,20.0,-661.0,-843.0,1628.0,0
123.0,-347.0,50.0,-1420.0,-676.0,1531.0,0
134.0,-398.0,80.0,-1959.0,-538.0,1460.0,0
139.0,-451.0,102.0,-2269.0,-429.0,1432.0,0
144.0,-502.0,111.0,-2338.0,-349.0,1443.0,0
153.0,-529.0,122.0,-2160.0,-293.0,1493.0,0
157.0,-533.0,120.0,-1731.0,-274.0,1542.0,0
152.0,-518.0,103.0,-1159.0,-271.0,1562.0,0
133.0,-487.0,92.0,-549.0,-243.0,1536.0,0
109.0,-438.0,94.0,43.0,-186.0,1461.0,0
71.0,-376.0,96.0,613.0,-119.0,1370.0,0
41.0,-300.0,93.0,1104.0,-61.0,1291.0,0
19.0,-247.0,92.0,1475.0,-51.0,1214.0,0
9.0,-184.0,76.0,1722.0,-101.0,1150.0,0
12.0,-128.0,62.0,1867.0,-195.0,1104.0,0
28.0,-80.0,31.0,1954.0,-313.0,1083.0,0
39.0,-36.0,0.0,1995.0,-433.0,1060.0,0
57.0,0.0,-43.0,1988.0,-537.0,992.0,0
74.0,30.0,-84.0,1928.0,-617.0,842.0,0
74.0,61.0,-121.0,1810.0,-699.0,583.0,0
64.0,86.0,-149.0,1624.0,-795.0,272.0,0
32.0,109.0,-193.0,1362.0,-884.0,-48.0,0
-3.0,119.0,-225.0,985.0,-955.0,-336.0,0
-27.0,123.0,-248.0,476.0,-1003.0,-571.0,0
-39.0,122.0,-254.0,-104.0,-1028.0,-754.0,0
-46.0,116.0,-245.0,-676.0,-1030.0,-910.0,0
-51.0,105.0,-224.0,-1184.0,-998.0,-1058.0,0
-62.0,95.0,-194.0,-1574.0,-932.0,-1173.0,0
-64.0,73.0,-154.0,-1823.0,-847.0,-1238.0,0
-68.0,47.0,-106.0,-1916.0,-756.0,-1274.0,0
-64.0,6.0,-9.0,-1803.0,-660.0,-1276.0,0
-57.0,-29.0,14.0,-1464.0,-545.0,-1235.0,0
-56.0,-56.0,30.0,-854.0,-467.0,-1197.0,0
-51.0,-61.0,20.0,-174.0,-407.0,-1181.0,0
-53.0,-60.0,15.0,504.0,-337.0,-1163.0,0
-52.0,-50.0,8.0,1121.0,-207.0,-1123.0,0
-47.0,-39.0,9.0,1637.0,-35.0,-1072.0,0
-36.0,-21.0,-2.0,2027.0,160.0,-990.0,0
-19.0,-20.0,-10.0,2286.0,340.0,-892.0,0
-3.0,-21.0,-40.0,2417.0,461.0,-777.0,0
2.0,-31.0,-76.0,2443.0,486.0,-648.0,0
-13.0,-38.0,-81.0,2382.0,410.0,-517.0,0
-43.0,-38.0,-73.0,2210.0,324.0,-386.0,0
-64.0,-52.0,-101.0,1875.0,328.0,-239.0,0
-119.0,-78.0,-159.0,1316.0,366.0,-61.0,0
-194.0,-91.0,-217.0,433.0,242.0,187.0,0
-237.0,-94.0,-267.0,-717.0,-154.0,613.0,0
-171.0,-144.0,-348.0,-1864.0,-673.0,1283.0,0
-52.0,-253.0,-410.0,-2780.0,-1008.0,2001.0,0
19.0,-379.0,-419.0,-3465.0,-917.0,2484.0,0
7.0,-551.0,-335.0,-4122.0,-392.0,2721.0,0
-97.0,-786.0,-184.0,-4847.0,239.0,2910.0,0
-131.0,-1121.0,-125.0,-5438.0,628.0,3257.0,0
-46.0,-1414.0,-295.0,-5789.0,606.0,3542.0,0
20.0,-1519.0,-364.0,-5738.0,148.0,3175.0,0
55.0,-1456.0,-183.0,-4860.0,-317.0,2138.0,0
66.0,-1256.0,65.0,-2925.0,-450.0,886.0,0
78.0,-1074.0,245.0,-344.0,-352.0,-92.0,0
66.0,-903.0,314.0,2013.0,-325.0,-786.0,0
49.0,-745.0,290.0,3598.0,-434.0,-1297.0,0
29.0,-586.0,238.0,4399.0,-561.0,-1682.0,0
39.0,-449.0,185.0,4646.0,-568.0,-1935.0,0
68.0,-331.0,135.0,4542.0,-407.0,-2078.0,0
81.0,-228.0,103.0,4183.0,-121.0,-2163.0,0
65.0,-152.0,97.0,3586.0,154.0,-2162.0,0
30.0,-102.0,86.0,2817.0,289.0,-2042.0,0
3.0,-73.0,77.0,1980.0,286.0,-1805.0,0
10.0,-73.0,57.0,1165.0,227.0,-1484.0,0
38.0,-92.0,26.0,380.0,192.0,-1141.0,0
75.0,-122.0,12.0,-395.0,210.0,-846.0,0
92.0,-148.0,10.0,-1132.0,269.0,-665.0,0
103.0,-169.0,18.0,-1798.0,332.0,-600.0,0
94.0,-193.0,21.0,-2348.0,363.0,-630.0,0
90.0,-220.0,12.0,-2799.0,357.0,-711.0,0
92.0,-270.0,10.0,-3171.0,322.0,-820.0,0
98.0,-315.0,14.0,-3409.0,271.0,-906.0,0
112.0,-355.0,16.0,-3412.0,248.0,-958.0,0
109.0,-398.0,-2.0,-3150.0,275.0,-990.0,0
89.0,-422.0,-5.0,-2722.0,364.0,-1020.0,0
64.0,-425.0,-4.0,-2208.0,482.0,-1037.0,0
32.0,-401.0,0.0,-1632.0,579.0,-1030.0,0
1.0,-359.0,4.0,-981.0,598.0,-1009.0,0
-30.0,-312.0,7.0,-266.0,508.0,-961.0,0
-64.0,-258.0,-1.0,459.0,331.0,-868.0,0
-89.0,-207.0,-4.0,1135.0,116.0,-705.0,0
-98.0,-166.0,-19.0,1726.0,-97.0,-482.0,0
-114.0,-124.0,-28.0,2202.0,-278.0,-231.0,0
-113.0,-97.0,-43.0,2541.0,-411.0,16.0,0
-105.0,-65.0,-50.0,2715.0,-507.0,244.0,0
-88.0,-33.0,-52.0,2732.0,-578.0,439.0,0
-68.0,-9.0,-65.0,2622.0,-625.0,594.0,0
-48.0,9.0,-74.0,2424.0,-627.0,694.0,0
-16.0,19.0,-95.0,2173.0,-571.0,746.0,0
8.0,28.0,-110.0,1912.0,-456.0,756.0,0
12.0,39.0,-120.0,1719.0,-274.0,750.0,0
13.0,41.0,-117.0,1507.0,-53.0,744.0,0
19.0,46.0,-106.0,1327.0,155.0,717.0,0
26.0,46.0,-94.0,1169.0,277.0,645.0,0
27.0,42.0,-70.0,1014.0,364.0,535.0,0
27.0,41.0,-48.0,876.0,392.0,410.0,0
22.0,33.0,-33.0,795.0,377.0,309.0,0
18.0,32.0,-27.0,793.0,329.0,196.0,0
20.0,24.0,-43.0,863.0,253.0,103.0,0
13.0,15.0,-69.0,987.0,155.0,26.0,0
8.0,-2.0,-115.0,1142.0,44.0,-32.0,0
44.0,-24.0,-147.0,1295.0,-57.0,-64.0,0
114.0,-61.0,-174.0,1385.0,-104.0,-96.0,0
196.0,-97.0,-193.0,1363.0,-65.0,-166.0,0
240.0,-131.0,-209.0,1234.0,34.0,-287.0,0
201.0,-155.0,-249.0,1020.0,98.0,-451.0,0
91.0,-164.0,-299.0,695.0,87.0,-642.0,0
-10.0,-178.0,-342.0,206.0,131.0,-834.0,0
-40.0,-204.0,-344.0,-486.0,339.0,-1013.0,0
-4.0,-249.0,-310.0,-1345.0,692.0,-1211.0,0
51.0,-297.0,-236.0,-2304.0,1124.0,-1469.0,0
72.0,-373.0,-146.0,-3243.0,1480.0,-1826.0,0
49.0,-538.0,-66.0,-4149.0,1585.0,-2285.0,0
-7.0,-670.0,-70.0,-5101.0,1368.0,-2718.0,0
-40.0,-819.0,-53.0,-6009.0,1056.0,-2853.0,0
-58.0,-963.0,-25.0,-6590.0,819.0,-2572.0,0
-68.0,-1088.0,9.0,-6589.0,643.0,-1876.0,0
-63.0,-1195.0,82.0,-5891.0,512.0,-821.0,0
-48.0,-1257.0,165.0,-4521.0,429.0,231.0,0
-40.0,-1213.0,201.0,-2594.0,334.0,905.0,0
-55.0,-1079.0,193.0,-420.0,188.0,1208.0,0
-57.0,-913.0,177.0,1600.0,-1.0,1383.0,0
-46.0,-731.0,155.0,3212.0,-231.0,1508.0,0
-28.0,-568.0,134.0,4358.0,-490.0,1605.0,0
-11.0,-430.0,116.0,5066.0,-712.0,1700.0,0
-7.0,-314.0,90.0,5347.0,-839.0,1807.0,0
-7.0,-227.0,54.0,5205.0,-862.0,1900.0,0
-7.0,-159.0,15.0,4639.0,-803.0,1953.0,0
-9.0,-119.0,-12.0,3707.0,-694.0,1957.0,0
-16.0,-99.0,-18.0,2528.0,-572.0,1912.0,0
-22.0,-79.0,-2.0,1263.0,-468.0,1841.0,0
-31.0,-72.0,20.0,94.0,-406.0,1805.0,0
-35.0,-83.0,39.0,-885.0,-413.0,1842.0,0
-26.0,-108.0,44.0,-1645.0,-477.0,1917.0,0
-17.0,-149.0,41.0,-2230.0,-574.0,1960.0,0
-11.0,-177.0,32.0,-2683.0,-663.0,1920.0,0
-13.0,-194.0,29.0,-2989.0,-696.0,1806.0,0
-11.0,-206.0,30.0,-3109.0,-684.0,1681.0,0
-11.0,-219.0,38.0,-3017.0,-669.0,1555.0,0
-2.0,-224.0,46.0,-2717.0,-683.0,1416.0,0
5.0,-220.0,51.0,-2244.0,-726.0,1274.0,0
15.0,-215.0,47.0,-1653.0,-797.0,1132.0,0
25.0,-194.0,43.0,-1017.0,-882.0,992.0,0
46.0,-176.0,33.0,-373.0,-952.0,851.0,0
67.0,-152.0,6.0,246.0,-973.0,696.0,0
96.0,-125.0,-16.0,809.0,-936.0,528.0,0
125.0,-101.0,-61.0,1285.0,-838.0,334.0,0
137.0,-75.0,-99.0,1612.0,-693.0,111.0,0
137.0,-54.0,-140.0,1757.0,-530.0,-103.0,0
129.0,-32.0,-178.0,1701.0,-391.0,-280.0,0
109.0,-15.0,-196.0,1551.0,-285.0,-471.0,0
91.0,3.0,-201.0,1310.0,-241.0,-669.0,0
63.0,30.0,-202.0,1064.0,-264.0,-881.0,0
38.0,54.0,-197.0,850.0,-335.0,-1057.0,0
23.0,71.0,-185.0,659.0,-392.0,-1175.0,0
22.0,73.0,-154.0,499.0,-403.0,-1221.0,0
22.0,51.0,-126.0,368.0,-368.0,-1235.0,0
24.0,23.0,-68.0,270.0,-312.0,-1238.0,0
13.0,5.0,-35.0,249.0,-257.0,-1249.0,0
0.0,-16.0,-2.0,336.0,-232.0,-1248.0,0
-15.0,-31.0,0.0,504.0,-233.0,-1223.0,0
-28.0,-39.0,-9.0,712.0,-244.0,-1184.0,0
-41.0,-53.0,-52.0,951.0,-268.0,-1131.0,0
-53.0,-67.0,-91.0,1205.0,-317.0,-1069.0,0
-80.0,-74.0,-106.0,1453.0,-367.0,-997.0,0
-121.0,-82.0,-96.0,1643.0,-342.0,-912.0,0
-183.0,-96.0,-103.0,1689.0,-176.0,-800.0,0
-250.0,-125.0,-139.0,1481.0,100.0,-616.0,0
-273.0,-154.0,-161.0,893.0,350.0,-281.0,0
-205.0,-183.0,-167.0,19.0,451.0,242.0,0
-67.0,-246.0,-195.0,-874.0,409.0,827.0,0
32.0,-345.0,-239.0,-1698.0,382.0,1331.0,0
63.0,-478.0,-275.0,-2515.0,584.0,1735.0,0
44.0,-608.0,-287.0,-3381.0,1027.0,2094.0,0
56.0,-709.0,-272.0,-4153.0,1530.0,2498.0,0
100.0,-869.0,-269.0,-4545.0,1737.0,2934.0,0
90.0,-1072.0,-311.0,-4345.0,1211.0,3170.0,0
10.0,-1164.0,-300.0,-3584.0,103.0,2935.0,0
-35.0,-1061.0,-152.0,-2360.0,-826.0,2189.0,0
-4.0,-887.0,14.0,-693.0,-1114.0,1397.0,0
22.0,-752.0,135.0,1087.0,-984.0,880.0,0
8.0,-638.0,209.0,2514.0,-784.0,470.0,0
-17.0,-532.0,221.0,3397.0,-704.0,7.0,0
-36.0,-432.0,191.0,3735.0,-738.0,-513.0,0
-45.0,-330.0,142.0,3651.0,-737.0,-999.0,0
-38.0,-259.0,93.0,3290.0,-588.0,-1359.0,0
-28.0,-204.0,66.0,2755.0,-341.0,-1591.0,0
-36.0,-156.0,43.0,2126.0,-103.0,-1703.0,0
-51.0,-128.0,31.0,1448.0,81.0,-1707.0,0
-62.0,-120.0,17.0,737.0,223.0,-1656.0,0
-68.0,-133.0,6.0,-5.0,345.0,-1572.0,0
-56.0,-158.0,7.0,-789.0,450.0,-1453.0,0
-29.0,-187.0,24.0,-1604.0,533.0,-1287.0,0
21.0,-243.0,42.0,-2422.0,569.0,-1095.0,0
65.0,-319.0,61.0,-3240.0,532.0,-937.0,0
99.0,-389.0,83.0,-4043.0,429.0,-805.0,0
127.0,-460.0,116.0,-4681.0,286.0,-631.0,0
153.0,-525.0,128.0,-4952.0,133.0,-427.0,0
162.0,-578.0,125.0,-4766.0,14.0,-227.0,0
187.0,-610.0,104.0,-4164.0,-44.0,-91.0,0
181.0,-620.0,81.0,-3236.0,-25.0,-91.0,0
161.0,-600.0,63.0,-2102.0,53.0,-212.0,0
132.0,-554.0,51.0,-876.0,139.0,-409.0,0
112.0,-485.0,40.0,314.0,180.0,-673.0,0
97.0,-396.0,23.0,1365.0,145.0,-964.0,0
79.0,-305.0,9.0,2185.0,60.0,-1240.0,0
66.0,-219.0,-10.0,2761.0,-12.0,-1467.0,0
37.0,-117.0,-31.0,3099.0,-32.0,-1627.0,0
20.0,-60.0,-35.0,3215.0,1.0,-1717.0,0
-17.0,-2.0,-51.0,3158.0,48.0,-1738.0,0
-62.0,40.0,-64.0,3012.0,70.0,-1680.0,0
-105.0,75.0,-77.0,2731.0,48.0,-1520.0,0
-129.0,105.0,-90.0,2367.0,-14.0,-1253.0,0
-142.0,123.0,-109.0,1966.0,-95.0,-917.0,0
-133.0,137.0,-128.0,1543.0,-217.0,-555.0,0
-115.0,131.0,-150.0,1120.0,-347.0,-208.0,0
-92.0,117.0,-172.0,666.0,-466.0,52.0,0
-64.0,91.0,-183.0,207.0,-561.0,340.0,0
-43.0,68.0,-183.0,-213.0,-614.0,566.0,0
-16.0,46.0,-180.0,-567.0,-621.0,721.0,0
2.0,27.0,-174.0,-854.0,-559.0,799.0,0
17.0,1.0,-142.0,-1035.0,-422.0,802.0,0
26.0,-30.0,-98.0,-1102.0,-235.0,764.0,0
29.0,-65.0,-28.0,-1023.0,-49.0,712.0,0
34.0,-94.0,23.0,-730.0,91.0,648.0,0
37.0,-119.0,58.0,-242.0,153.0,579.0,0
44.0,-126.0,71.0,364.0,142.0,514.0,0
51.0,-124.0,74.0,1019.0,90.0,451.0,0
55.0,-118.0,58.0,1659.0,33.0,373.0,0
52.0,-103.0,32.0,2231.0,-5.0,282.0,0
61.0,-92.0,-9.0,2694.0,-11.0,186.0,0
56.0,-87.0,-66.0,3013.0,28.0,82.0,0
70.0,-98.0,-124.0,3187.0,115.0,-25.0,0
139.0,-115.0,-181.0,3195.0,254.0,-138.0,0
276.0,-141.0,-244.0,2976.0,465.0,-278.0,0
379.0,-145.0,-286.0,2509.0,758.0,-463.0,0
342.0,-136.0,-321.0,1866.0,1026.0,-694.0,0
193.0,-120.0,-378.0,1146.0,1127.0,-995.0,0
65.0,-153.0,-423.0,352.0,1086.0,-1354.0,0
30.0,-207.0,-409.0,-638.0,1027.0,-1706.0,0
54.0,-273.0,-341.0,-1834.0,1043.0,-1981.0,0
74.0,-346.0,-278.0,-3114.0,1170.0,-2219.0,0
63.0,-456.0,-241.0,-4366.0,1401.0,-2477.0,0
33.0,-605.0,-223.0,-5453.0,1720.0,-2761.0,0
-42.0,-831.0,-203.0,-6296.0,2011.0,-2950.0,0
-152.0,-1054.0,-126.0,-6852.0,2141.0,-2947.0,0
-256.0,-1198.0,-62.0,-7015.0,1972.0,-2599.0,0
-320.0,-1267.0,5.0,-6690.0,1492.0,-1717.0,0
-270.0,-1281.0,154.0,-5613.0,910.0,-465.0,0
-248.0,-1236.0,203.0,-3554.0,423.0,542.0,0
-257.0,-1126.0,222.0,-925.0,131.0,1073.0,0
-228.0,-963.0,221.0,1625.0,-46.0,1339.0,0
-200.0,-766.0,197.0,3699.0,-215.0,1467.0,0
-136.0,-565.0,147.0,5135.0,-446.0,1511.0,0
-118.0,-373.0,100.0,5948.0,-783.0,1590.0,0
-95.0,-268.0,36.0,6152.0,-1165.0,1755.0,0
-52.0,-181.0,-48.0,5750.0,-1479.0,1930.0,0
2.0,-107.0,-84.0,4786.0,-1661.0,2016.0,0
60.0,-51.0,-110.0,3412.0,-1722.0,2003.0,0
88.0,-21.0,-115.0,1874.0,-1697.0,1955.0,0
92.0,-12.0,-93.0,363.0,-1595.0,1926.0,0
102.0,-59.0,-65.0,-998.0,-1429.0,1926.0,0
85.0,-92.0,-43.0,-2118.0,-1202.0,1928.0,0
64.0,-188.0,-7.0,-2934.0,-948.0,1923.0,0
69.0,-236.0,8.0,-3425.0,-701.0,1903.0,0
53.0,-285.0,31.0,-3645.0,-472.0,1869.0,0
62.0,-323.0,29.0,-3661.0,-279.0,1802.0,0
52.0,-351.0,37.0,-3532.0,-131.0,1686.0,0
65.0,-357.0,57.0,-3247.0,-36.0,1539.0,0
67.0,-326.0,77.0,-2766.0,14.0,1409.0,0
61.0,-330.0,108.0,-2083.0,22.0,1310.0,0
36.0,-300.0,123.0,-1437.0,-10.0,1237.0,0
62.0,-292.0,90.0,-594.0,-76.0,1181.0,0
59.0,-241.0,84.0,211.0,-157.0,1134.0,0
86.0,-198.0,68.0,947.0,-229.0,1111.0,0
122.0,-150.0,55.0,1604.0,-301.0,1096.0,0
151.0,-97.0,13.0,2167.0,-345.0,1044.0,0
171.0,-59.0,-31.0,2609.0,-358.0,940.0,0
188.0,-16.0,-73.0,2896.0,-352.0,742.0,0
184.0,14.0,-114.0,2986.0,-340.0,495.0,0
172.0,45.0,-148.0,2867.0,-324.0,232.0,0
163.0,59.0,-170.0,2534.0,-317.0,-50.0,0
145.0,78.0,-187.0,2015.0,-341.0,-347.0,0
122.0,93.0,-205.0,1384.0,-407.0,-640.0,0
102.0,110.0,-217.0,706.0,-495.0,-894.0,0
74.0,117.0,-215.0,37.0,-565.0,-1083.0,0
44.0,114.0,-204.0,-562.0,-596.0,-1208.0,0
7.0,89.0,-186.0,-1061.0,-580.0,-1264.0,0
-29.0,57.0,-147.0,-1447.0,-544.0,-1267.0,0
-60.0,7.0,-61.0,-1675.0,-527.0,-1232.0,0
-78.0,-34.0,-28.0,-1613.0,-538.0,-1191.0,0
-108.0,-64.0,1.0,-1303.0,-595.0,-1160.0,0
-128.0,-75.0,16.0,-830.0,-672.0,-1136.0,0
-135.0,-81.0,22.0,-266.0,-714.0,-1112.0,0
-128.0,-81.0,19.0,316.0,-679.0,-1079.0,0
-135.0,-79.0,11.0,847.0,-554.0,-1043.0,0
-134.0,-72.0,-1.0,1298.0,-357.0,-1007.0,0
-129.0,-73.0,-21.0,1663.0,-136.0,-955.0,0
-132.0,-83.0,-48.0,1945.0,54.0,-882.0,0
-146.0,-98.0,-46.0,2138.0,205.0,-780.0,0
-172.0,-111.0,-50.0,2192.0,388.0,-646.0,0
-213.0,-131.0,-71.0,2011.0,654.0,-484.0,0
-286.0,-160.0,-145.0,1465.0,927.0,-262.0,0
-286.0,-182.0,-214.0,510.0,1044.0,84.0,0
-185.0,-238.0,-270.0,-678.0,875.0,628.0,0
-30.0,-296.0,-324.0,-1836.0,460.0,1334.0,0
88.0,-368.0,-347.0,-2804.0,176.0,1925.0,0
132.0,-460.0,-384.0,-3657.0,295.0,2246.0,0
116.0,-594.0,-405.0,-4547.0,665.0,2470.0,0
115.0,-884.0,-319.0,-5384.0,874.0,2836.0,0
138.0,-1236.0,-314.0,-5660.0,490.0,3296.0,0
140.0,-1426.0,-331.0,-5276.0,-461.0,3393.0,0
80.0,-1329.0,-124.0,-4388.0,-1248.0,2655.0,0
58.0,-1070.0,151.0,-2522.0,-1299.0,1404.0,0
59.0,-890.0,299.0,130.0,-988.0,467.0,0
50.0,-758.0,311.0,2532.0,-859.0,-47.0,0
23.0,-637.0,244.0,4134.0,-959.0,-425.0,0
0.0,-503.0,149.0,4884.0,-1087.0,-805.0,0
-4.0,-371.0,64.0,4911.0,-1088.0,-1154.0,0
8.0,-265.0,24.0,4437.0,-889.0,-1436.0,0
16.0,-184.0,15.0,3683.0,-566.0,-1646.0,0
1.0,-123.0,29.0,2807.0,-245.0,-1765.0,0
-18.0,-88.0,48.0,1908.0,21.0,-1776.0,0
-38.0,-81.0,49.0,1031.0,233.0,-1693.0,0
-35.0,-95.0,53.0,188.0,411.0,-1523.0,0
-16.0,-132.0,44.0,-620.0,559.0,-1278.0,0
26.0,-181.0,45.0,-1420.0,661.0,-991.0,0
71.0,-229.0,58.0,-2213.0,692.0,-742.0,0
95.0,-278.0,60.0,-2821.0,672.0,-583.0,0
102.0,-336.0,49.0,-3523.0,642.0,-491.0,0
105.0,-389.0,41.0,-4145.0,612.0,-423.0,0
117.0,-452.0,38.0,-4584.0,528.0,-344.0,0
133.0,-498.0,44.0,-4739.0,381.0,-264.0,0
134.0,-525.0,41.0,-4498.0,225.0,-236.0,0
137.0,-547.0,39.0,-3847.0,131.0,-257.0,0
130.0,-541.0,37.0,-2885.0,95.0,-350.0,0
116.0,-519.0,32.0,-1736.0,84.0,-494.0,0
105.0,-471.0,25.0,-536.0,69.0,-668.0,0
93.0,-404.0,22.0,588.0,30.0,-823.0,0
79.0,-324.0,16.0,1556.0,-39.0,-951.0,0
63.0,-244.0,2.0,2326.0,-122.0,-1048.0,0
39.0,-166.0,-6.0,2887.0,-199.0,-1121.0,0
9.0,-93.0,-16.0,3259.0,-247.0,-1169.0,0
-27.0,-37.0,-33.0,3465.0,-274.0,-1183.0,0
-66.0,20.0,-43.0,3523.0,-287.0,-1134.0,0
-92.0,58.0,-58.0,3461.0,-302.0,-1003.0,0
-93.0,76.0,-91.0,3277.0,-342.0,-792.0,0
-79.0,80.0,-129.0,2918.0,-376.0,-522.0,0
-56.0,85.0,-143.0,2367.0,-370.0,-240.0,0
-34.0,90.0,-157.0,1753.0,-319.0,-24.0,0
-22.0,97.0,-155.0,1155.0,-237.0,110.0,0
-30.0,98.0,-152.0,657.0,-131.0,181.0,0
-35.0,94.0,-147.0,247.0,-22.0,246.0,0
-28.0,82.0,-133.0,-86.0,98.0,333.0,0
-7.0,56.0,-109.0,-360.0,231.0,432.0,0
1.0,30.0,-74.0,-546.0,359.0,478.0,0
-2.0,2.0,-22.0,-595.0,455.0,458.0,0
-5.0,-30.0,21.0,-468.0,506.0,421.0,0
-5.0,-53.0,49.0,-167.0,488.0,395.0,0
2.0,-65.0,56.0,260.0,395.0,374.0,0
7.0,-74.0,46.0,744.0,262.0,350.0,0
13.0,-66.0,27.0,1223.0,126.0,320.0,0
23.0,-58.0,0.0,1635.0,12.0,276.0,0
28.0,-42.0,-28.0,1957.0,-57.0,218.0,0
23.0,-39.0,-63.0,2177.0,-77.0,157.0,0
13.0,-53.0,-110.0,2301.0,-57.0,108.0,0
6.0,-72.0,-157.0,2349.0,-3.0,70.0,0
71.0,-104.0,-194.0,2292.0,103.0,34.0,0
238.0,-146.0,-243.0,2061.0,329.0,-36.0,0
353.0,-183.0,-260.0,1663.0,725.0,-197.0,0
360.0,-186.0,-277.0,1161.0,1182.0,-444.0,0
221.0,-163.0,-281.0,530.0,1409.0,-780.0,0
12.0,-162.0,-291.0,-210.0,1286.0,-1115.0,0
-45.0,-227.0,-311.0,-1131.0,1089.0,-1351.0,0
33.0,-328.0,-309.0,-2314.0,1100.0,-1594.0,0
130.0,-449.0,-294.0,-3591.0,1320.0,-1985.0,0
192.0,-594.0,-321.0,-4788.0,1527.0,-2466.0,0
151.0,-769.0,-402.0,-6011.0,1543.0,-2841.0,0
22.0,-987.0,-392.0,-7284.0,1531.0,-2901.0,0
-102.0,-1213.0,-265.0,-8193.0,1604.0,-2566.0,0
-184.0,-1365.0,-84.0,-8237.0,1504.0,-1761.0,0
-230.0,-1434.0,60.0,-7078.0,1254.0,-695.0,0
-222.0,-1408.0,201.0,-4762.0,1130.0,221.0,0
-213.0,-1297.0,275.0,-1693.0,1152.0,748.0,0
-195.0,-1134.0,296.0,1419.0,1189.0,997.0,0
-176.0,-935.0,282.0,3961.0,1087.0,1063.0,0
-157.0,-724.0,254.0,5700.0,786.0,1064.0,0
-123.0,-540.0,191.0,6527.0,332.0,1139.0,0
-81.0,-386.0,109.0,6940.0,-157.0,1303.0,0
-56.0,-255.0,38.0,6758.0,-522.0,1514.0,0
-46.0,-144.0,-14.0,6082.0,-922.0,1720.0,0
-41.0,-39.0,-54.0,5055.0,-1252.0,1891.0,0
-32.0,36.0,-78.0,3855.0,-1497.0,2019.0,0
-13.0,72.0,-91.0,2584.0,-1641.0,2177.0,0
10.0,69.0,-88.0,1323.0,-1676.0,2325.0,0
47.0,32.0,-70.0,106.0,-1582.0,2442.0,0
87.0,-35.0,-24.0,-1033.0,-1384.0,2492.0,0
106.0,-102.0,20.0,-2017.0,-1144.0,2474.0,0
109.0,-153.0,56.0,-2782.0,-907.0,2387.0,0
93.0,-189.0,75.0,-3290.0,-679.0,2258.0,0
85.0,-224.0,93.0,-3539.0,-453.0,2115.0,0
79.0,-254.0,99.0,-3536.0,-227.0,1962.0,0
69.0,-278.0,109.0,-3320.0,-7.0,1805.0,0
71.0,-297.0,122.0,-2936.0,183.0,1632.0,0
83.0,-304.0,128.0,-2399.0,313.0,1439.0,0
94.0,-290.0,110.0,-1766.0,374.0,1233.0,0
98.0,-261.0,86.0,-1102.0,364.0,1021.0,0
104.0,-224.0,68.0,-458.0,296.0,816.0,0
113.0,-181.0,43.0,162.0,207.0,620.0,0
121.0,-141.0,5.0,767.0,118.0,448.0,0
131.0,-107.0,-31.0,1338.0,42.0,309.0,0
138.0,-78.0,-79.0,1819.0,-12.0,185.0,0
130.0,-56.0,-123.0,2155.0,-45.0,50.0,0
101.0,-26.0,-170.0,2302.0,-70.0,-91.0,0
71.0,-10.0,-195.0,2239.0,-99.0,-222.0,0
44.0,7.0,-215.0,1984.0,-174.0,-341.0,0
22.0,23.0,-220.0,1600.0,-320.0,-466.0,0
18.0,45.0,-217.0,1165.0,-525.0,-597.0,0
14.0,62.0,-211.0,746.0,-756.0,-717.0,0
11.0,74.0,-196.0,380.0,-966.0,-812.0,0
7.0,75.0,-176.0,70.0,-1116.0,-889.0,0
-4.0,62.0,-139.0,-183.0,-1177.0,-943.0,0
-16.0,38.0,-84.0,-354.0,-1149.0,-962.0,0
-29.0,9.0,-43.0,-379.0,-1041.0,-958.0,0
-43.0,-12.0,-16.0,-272.0,-886.0,-942.0,0
-46.0,-34.0,-10.0,-69.0,-704.0,-923.0,0
-55.0,-47.0,0.0,173.0,-496.0,-929.0,0
-65.0,-54.0,-3.0,433.0,-269.0,-949.0,0
-78.0,-62.0,-22.0,702.0,-45.0,-962.0,0
-95.0,-75.0,-49.0,987.0,142.0,-960.0,0
-122.0,-91.0,-54.0,1297.0,283.0,-932.0,0
-164.0,-113.0,-37.0,1596.0,427.0,-871.0,0
-237.0,-137.0,-25.0,1819.0,643.0,-766.0,0
-317.0,-158.0,-21.0,1837.0,934.0,-611.0,0
-353.0,-191.0,-55.0,1480.0,1177.0,-343.0,0
-291.0,-212.0,-80.0,663.0,1196.0,115.0,0
-126.0,-248.0,-88.0,-417.0,922.0,685.0,0
22.0,-309.0,-99.0,-1473.0,557.0,1133.0,0
107.0,-400.0,-167.0,-2396.0,478.0,1377.0,0
136.0,-515.0,-356.0,-3381.0,865.0,1544.0,0
168.0,-657.0,-454.0,-4610.0,1593.0,1882.0,0
208.0,-915.0,-331.0,-5627.0,2008.0,2458.0,0
225.0,-1193.0,-331.0,-5702.0,1490.0,3043.0,0
99.0,-1287.0,-268.0,-4831.0,273.0,3026.0,0
22.0,-1085.0,-44.0,-3026.0,-645.0,2230.0,0
42.0,-860.0,133.0,-354.0,-774.0,1325.0,0
86.0,-690.0,222.0,2277.0,-594.0,801.0,0
109.0,-554.0,221.0,4065.0,-544.0,446.0,0
108.0,-414.0,170.0,4920.0,-645.0,-10.0,0
84.0,-297.0,85.0,5050.0,-737.0,-587.0,0
50.0,-198.0,11.0,4652.0,-663.0,-1142.0,0
16.0,-133.0,-29.0,3805.0,-470.0,-1557.0,0
-10.0,-90.0,-30.0,2700.0,-137.0,-1817.0,0
-35.0,-64.0,-19.0,1517.0,207.0,-1951.0,0
-59.0,-65.0,0.0,370.0,527.0,-1975.0,0
-72.0,-97.0,27.0,-671.0,820.0,-1917.0,0
-69.0,-145.0,50.0,-1569.0,1061.0,-1778.0,0
-47.0,-213.0,72.0,-2326.0,1220.0,-1597.0,0
-27.0,-310.0,75.0,-2995.0,1279.0,-1434.0,0
-18.0,-406.0,90.0,-3685.0,1240.0,-1290.0,0
-7.0,-499.0,114.0,-4365.0,1104.0,-1108.0,0
10.0,-577.0,129.0,-4888.0,875.0,-885.0,0
34.0,-632.0,156.0,-5097.0,581.0,-647.0,0
63.0,-662.0,158.0,-4880.0,289.0,-423.0,0
94.0,-682.0,138.0,-4245.0,76.0,-254.0,0
110.0,-668.0,120.0,-3261.0,-31.0,-197.0,0
115.0,-624.0,103.0,-2034.0,-57.0,-270.0,0
107.0,-552.0,75.0,-688.0,-41.0,-461.0,0
107.0,-463.0,54.0,591.0,-20.0,-721.0,0
103.0,-367.0,32.0,1639.0,-32.0,-974.0,0
96.0,-271.0,10.0,2369.0,-74.0,-1179.0,0
93.0,-187.0,-11.0,2782.0,-108.0,-1332.0,0
86.0,-112.0,-29.0,2952.0,-108.0,-1447.0,0
68.0,-54.0,-46.0,2968.0,-83.0,-1556.0,0
45.0,5.0,-55.0,2857.0,-45.0,-1645.0,0
12.0,49.0,-58.0,2656.0,-23.0,-1688.0,0
-25.0,89.0,-61.0,2416.0,-28.0,-1670.0,0
-67.0,123.0,-78.0,2172.0,-58.0,-1584.0,0
-105.0,141.0,-93.0,1917.0,-116.0,-1414.0,0
-107.0,143.0,-128.0,1632.0,-180.0,-1160.0,0
-106.0,130.0,-159.0,1273.0,-229.0,-852.0,0
-100.0,113.0,-186.0,825.0,-260.0,-527.0,0
-96.0,85.0,-200.0,309.0,-277.0,-200.0,0
-86.0,55.0,-200.0,-233.0,-276.0,116.0,0
-62.0,23.0,-184.0,-740.0,-240.0,372.0,0
-34.0,0.0,-154.0,-1133.0,-167.0,507.0,0
-22.0,-14.0,-106.0,-1358.0,-60.0,539.0,0
-19.0,-27.0,-49.0,-1355.0,79.0,533.0,0
-11.0,-50.0,9.0,-1099.0,220.0,527.0,0
-1.0,-78.0,55.0,-626.0,327.0,511.0,0
0.0,-103.0,77.0,-21.0,360.0,477.0,0
3.0,-126.0,87.0,632.0,307.0,436.0,0
6.0,-128.0,73.0,1271.0,191.0,394.0,0
4.0,-126.0,54.0,1858.0,52.0,349.0,0
2.0,-113.0,17.0,2354.0,-68.0,304.0,0
-1.0,-94.0,-45.0,2727.0,-150.0,255.0,0
-4.0,-98.0,-88.0,2976.0,-186.0,198.0,0
4.0,-106.0,-144.0,3107.0,-172.0,130.0,0
76.0,-123.0,-202.0,3100.0,-105.0,53.0,0
223.0,-158.0,-256.0,2930.0,63.0,-59.0,0
353.0,-177.0,-259.0,2606.0,405.0,-249.0,0
380.0,-182.0,-230.0,2135.0,856.0,-518.0,0
283.0,-178.0,-236.0,1507.0,1164.0,-895.0,0
117.0,-182.0,-290.0,704.0,1202.0,-1338.0,0
47.0,-213.0,-359.0,-302.0,1096.0,-1712.0,0
73.0,-275.0,-395.0,-1499.0,1062.0,-2008.0,0
122.0,-361.0,-368.0,-2803.0,1249.0,-2312.0,0
118.0,-470.0,-319.0,-4050.0,1584.0,-2673.0,0
79.0,-621.0,-289.0,-4927.0,1848.0,-3075.0,0
9.0,-820.0,-243.0,-5910.0,1856.0,-3427.0,0
-112.0,-1001.0,-134.0,-6680.0,1688.0,-3549.0,0
-204.0,-1118.0,-29.0,-6909.0,1374.0,-3188.0,0
-221.0,-1185.0,54.0,-6446.0,1009.0,-2195.0,0
-201.0,-1211.0,153.0,-5346.0,687.0,-1147.0,0
-227.0,-1176.0,222.0,-3590.0,457.0,6.0,0
-268.0,-1079.0,254.0,-1366.0,319.0,768.0,0
-289.0,-943.0,242.0,897.0,155.0,1244.0,0
-271.0,-785.0,223.0,2818.0,-142.0,1542.0,0
-228.0,-626.0,179.0,4231.0,-541.0,1713.0,0
-170.0,-480.0,117.0,5123.0,-976.0,1821.0,0
-122.0,-357.0,57.0,5501.0,-1412.0,1938.0,0
-81.0,-252.0,-6.0,5401.0,-1797.0,2068.0,0
-41.0,-169.0,-57.0,4803.0,-2047.0,2146.0,0
1.0,-112.0,-86.0,3770.0,-2127.0,2142.0,0
35.0,-78.0,-90.0,2486.0,-2083.0,2063.0,0
62.0,-71.0,-72.0,1169.0,-1968.0,1971.0,0
79.0,-90.0,-55.0,-48.0,-1808.0,1901.0,0
86.0,-128.0,-17.0,-1101.0,-1613.0,1854.0,0
92.0,-183.0,18.0,-1942.0,-1412.0,1811.0,0
106.0,-242.0,45.0,-2553.0,-1245.0,1750.0,0
116.0,-294.0,65.0,-2945.0,-1124.0,1663.0,0
128.0,-322.0,87.0,-3113.0,-1020.0,1586.0,0
135.0,-347.0,99.0,-3054.0,-888.0,1543.0,0
146.0,-366.0,100.0,-2798.0,-699.0,1529.0,0
155.0,-367.0,108.0,-2395.0,-476.0,1510.0,0
151.0,-345.0,119.0,-1838.0,-254.0,1463.0,0
142.0,-325.0,124.0,-1144.0,-67.0,1398.0,0
129.0,-297.0,115.0,-380.0,75.0,1332.0,0
109.0,-249.0,86.0,337.0,166.0,1248.0,0
113.0,-201.0,73.0,932.0,209.0,1148.0,0
120.0,-154.0,49.0,1408.0,203.0,1037.0,0
127.0,-105.0,20.0,1788.0,167.0,926.0,0
131.0,-63.0,-15.0,2074.0,119.0,833.0,0
145.0,-28.0,-60.0,2241.0,68.0,749.0,0
140.0,3.0,-89.0,2283.0,10.0,640.0,0
128.0,38.0,-126.0,2190.0,-52.0,502.0,0
114.0,63.0,-151.0,1972.0,-130.0,352.0,0
90.0,75.0,-181.0,1651.0,-230.0,195.0,0
61.0,87.0,-205.0,1243.0,-345.0,17.0,0
33.0,95.0,-227.0,754.0,-492.0,-180.0,0
14.0,100.0,-230.0,213.0,-665.0,-386.0,0
-6.0,113.0,-225.0,-330.0,-838.0,-575.0,0
-29.0,119.0,-214.0,-826.0,-971.0,-722.0,0
-46.0,108.0,-186.0,-1246.0,-1038.0,-810.0,0
-68.0,85.0,-140.0,-1563.0,-1040.0,-841.0,0
-86.0,58.0,-62.0,-1728.0,-1004.0,-825.0,0
-106.0,15.0,8.0,-1613.0,-952.0,-772.0,0
-117.0,-24.0,50.0,-1202.0,-922.0,-704.0,0
-118.0,-51.0,62.0,-630.0,-924.0,-658.0,0
-116.0,-59.0,61.0,16.0,-911.0,-645.0,0
-116.0,-56.0,47.0,666.0,-841.0,-652.0,0
-116.0,-46.0,32.0,1260.0,-702.0,-652.0,0
-110.0,-44.0,5.0,1744.0,-496.0,-631.0,0
-101.0,-44.0,-30.0,2097.0,-244.0,-596.0,0
-97.0,-61.0,-62.0,2330.0,1.0,-549.0,0
-109.0,-82.0,-82.0,2455.0,198.0,-480.0,0
-138.0,-103.0,-79.0,2432.0,370.0,-375.0,0
-176.0,-123.0,-87.0,2208.0,570.0,-222.0,0
-216.0,-141.0,-105.0,1715.0,783.0,-6.0,0
-223.0,-166.0,-127.0,870.0,903.0,332.0,0
-131.0,-192.0,-140.0,-252.0,807.0,812.0,0
43.0,-256.0,-136.0,-1350.0,480.0,1274.0,0
183.0,-327.0,-141.0,-2082.0,138.0,1529.0,0
247.0,-399.0,-291.0,-2901.0,83.0,1585.0,0
243.0,-506.0,-482.0,-3978.0,515.0,1670.0,0
228.0,-703.0,-486.0,-5449.0,1068.0,2078.0,0
232.0,-1072.0,-324.0,-6909.0,1357.0,2837.0,0
213.0,-1357.0,-227.0,-7488.0,718.0,3415.0,0
124.0,-1379.0,-83.0,-6756.0,-380.0,3241.0,0
48.0,-1200.0,130.0,-4547.0,-987.0,2172.0,0
48.0,-1027.0,280.0,-1217.0,-929.0,997.0,0
49.0,-880.0,338.0,1992.0,-760.0,302.0,0
34.0,-736.0,308.0,4221.0,-780.0,-113.0,0
1.0,-577.0,223.0,5324.0,-889.0,-486.0,0
-19.0,-418.0,123.0,5483.0,-899.0,-880.0,0
-22.0,-290.0,43.0,4981.0,-728.0,-1281.0,0
-37.0,-164.0,13.0,4131.0,-416.0,-1655.0,0
-63.0,-97.0,26.0,3159.0,-55.0,-1927.0,0
-88.0,-61.0,35.0,2187.0,283.0,-2045.0,0
-105.0,-48.0,52.0,1268.0,573.0,-2026.0,0
-101.0,-69.0,79.0,418.0,800.0,-1891.0,0
-77.0,-85.0,101.0,-364.0,944.0,-1653.0,0
-25.0,-139.0,119.0,-1115.0,985.0,-1344.0,0
20.0,-196.0,132.0,-1847.0,911.0,-1068.0,0
54.0,-258.0,142.0,-2517.0,762.0,-842.0,0
82.0,-322.0,146.0,-3105.0,603.0,-638.0,0
118.0,-393.0,136.0,-3597.0,481.0,-437.0,0
139.0,-453.0,128.0,-3945.0,402.0,-257.0,0
145.0,-496.0,113.0,-4034.0,371.0,-154.0,0
140.0,-512.0,81.0,-3760.0,366.0,-158.0,0
127.0,-513.0,43.0,-3144.0,363.0,-252.0,0
109.0,-506.0,16.0,-2291.0,339.0,-378.0,0
96.0,-482.0,-4.0,-1287.0,257.0,-504.0,0
73.0,-450.0,-28.0,-242.0,87.0,-651.0,0
40.0,-400.0,-38.0,731.0,-145.0,-824.0,0
1.0,-338.0,-52.0,1536.0,-382.0,-1005.0,0
-40.0,-264.0,-50.0,2125.0,-590.0,-1154.0,0
-67.0,-188.0,-51.0,2527.0,-747.0,-1251.0,0
-93.0,-114.0,-60.0,2783.0,-842.0,-1262.0,0
-104.0,-52.0,-65.0,2907.0,-869.0,-1172.0,0
-113.0,-1.0,-78.0,2915.0,-835.0,-996.0,0
-112.0,34.0,-91.0,2817.0,-762.0,-755.0,0
-97.0,55.0,-110.0,2585.0,-693.0,-455.0,0
-69.0,56.0,-131.0,2224.0,-645.0,-142.0,0
-30.0,53.0,-133.0,1753.0,-620.0,132.0,0
8.0,51.0,-138.0,1257.0,-605.0,302.0,0
35.0,51.0,-136.0,844.0,-581.0,361.0,0
52.0,48.0,-130.0,558.0,-513.0,368.0,0
63.0,41.0,-121.0,385.0,-372.0,352.0,0
67.0,30.0,-113.0,330.0,-167.0,320.0,0
72.0,8.0,-99.0,327.0,62.0,274.0,0
77.0,-3.0,-62.0,344.0,263.0,207.0,0
75.0,-9.0,-28.0,431.0,410.0,115.0,0
73.0,-10.0,5.0,604.0,492.0,9.0,0
64.0,0.0,24.0,844.0,519.0,-83.0,0
64.0,0.0,28.0,1116.0,503.0,-151.0,0
59.0,11.0,11.0,1376.0,458.0,-197.0,0
46.0,10.0,-21.0,1595.0,407.0,-221.0,0
22.0,-7.0,-70.0,1773.0,355.0,-227.0,0
16.0,-41.0,-119.0,1908.0,300.0,-205.0,0
60.0,-77.0,-154.0,1956.0,281.0,-175.0,0
178.0,-119.0,-186.0,1833.0,351.0,-185.0,0
295.0,-144.0,-216.0,1484.0,525.0,-280.0,0
319.0,-142.0,-216.0,952.0,690.0,-468.0,0
185.0,-126.0,-256.0,358.0,701.0,-729.0,0
9.0,-137.0,-300.0,-246.0,654.0,-980.0,0
-66.0,-193.0,-309.0,-917.0,803.0,-1140.0,0
-47.0,-273.0,-272.0,-1790.0,1198.0,-1292.0,0
-7.0,-374.0,-201.0,-2825.0,1728.0,-1538.0,0
12.0,-488.0,-155.0,-3777.0,2147.0,-1909.0,0
-21.0,-640.0,-177.0,-4505.0,2161.0,-2307.0,0
-95.0,-827.0,-232.0,-5598.0,1842.0,-2514.0,0
-153.0,-1071.0,-226.0,-6748.0,1644.0,-2439.0,0
-229.0,-1264.0,-93.0,-7543.0,1582.0,-2159.0,0
-293.0,-1321.0,59.0,-7470.0,1297.0,-1590.0,0
-256.0,-1305.0,189.0,-6146.0,734.0,-711.0,0
-166.0,-1244.0,272.0,-3733.0,176.0,-6.0,0
-81.0,-1113.0,289.0,-828.0,-85.0,576.0,0
-55.0,-919.0,279.0,1801.0,-10.0,796.0,0
-61.0,-710.0,244.0,3739.0,156.0,887.0,0
-58.0,-533.0,180.0,5005.0,164.0,1059.0,0
-47.0,-393.0,101.0,5711.0,-53.0,1342.0,0
-41.0,-285.0,29.0,5901.0,-419.0,1653.0,0
-22.0,-190.0,-19.0,5588.0,-812.0,1926.0,0
-2.0,-104.0,-48.0,4879.0,-1146.0,2120.0,0
27.0,-33.0,-54.0,3916.0,-1357.0,2225.0,0
46.0,11.0,-42.0,2817.0,-1412.0,2261.0,0
57.0,22.0,-19.0,1660.0,-1310.0,2236.0,0
66.0,15.0,3.0,511.0,-1101.0,2164.0,0
66.0,-22.0,38.0,-556.0,-849.0,2078.0,0
59.0,-76.0,67.0,-1499.0,-623.0,1992.0,0
34.0,-139.0,84.0,-2310.0,-469.0,1889.0,0
24.0,-208.0,99.0,-2998.0,-379.0,1760.0,0
19.0,-259.0,112.0,-3506.0,-326.0,1599.0,0
25.0,-296.0,120.0,-3747.0,-279.0,1436.0,0
22.0,-318.0,115.0,-3725.0,-227.0,1281.0,0
23.0,-331.0,116.0,-3453.0,-181.0,1133.0,0
24.0,-327.0,121.0,-2942.0,-175.0,1006.0,0
20.0,-309.0,109.0,-2210.0,-230.0,885.0,0
20.0,-286.0,81.0,-1345.0,-356.0,775.0,0
29.0,-252.0,45.0,-461.0,-534.0,695.0,0
41.0,-211.0,8.0,382.0,-719.0,639.0,0
61.0,-168.0,-34.0,1168.0,-869.0,582.0,0
73.0,-121.0,-85.0,1864.0,-948.0,491.0,0
71.0,-73.0,-143.0,2411.0,-939.0,378.0,0
70.0,-31.0,-195.0,2724.0,-830.0,279.0,0
76.0,9.0,-228.0,2743.0,-636.0,196.0,0
77.0,41.0,-242.0,2506.0,-403.0,95.0,0
66.0,67.0,-254.0,2042.0,-181.0,-24.0,0
68.0,84.0,-242.0,1399.0,-60.0,-155.0,0
65.0,99.0,-230.0,652.0,-103.0,-321.0,0
62.0,112.0,-204.0,-113.0,-294.0,-496.0,0
55.0,112.0,-178.0,-812.0,-559.0,-664.0,0
28.0,106.0,-137.0,-1391.0,-794.0,-819.0,0
6.0,80.0,-69.0,-1784.0,-926.0,-914.0,0
-1.0,40.0,-1.0,-1917.0,-955.0,-911.0,0
5.0,-3.0,35.0,-1752.0,-927.0,-846.0,0
14.0,-44.0,51.0,-1389.0,-880.0,-799.0,0
20.0,-74.0,59.0,-910.0,-808.0,-815.0,0
13.0,-92.0,57.0,-380.0,-704.0,-875.0,0
9.0,-102.0,50.0,165.0,-557.0,-934.0,0
6.0,-109.0,42.0,691.0,-359.0,-981.0,0
5.0,-111.0,15.0,1156.0,-117.0,-1017.0,0
9.0,-115.0,-10.0,1538.0,164.0,-1039.0,0
16.0,-123.0,-55.0,1847.0,446.0,-1047.0,0
5.0,-130.0,-94.0,2116.0,642.0,-1027.0,0
-31.0,-133.0,-99.0,2340.0,699.0,-953.0,0
-63.0,-132.0,-94.0,2437.0,667.0,-814.0,0
-123.0,-145.0,-135.0,2267.0,623.0,-595.0,0
-178.0,-154.0,-196.0,1584.0,584.0,-224.0,0
-218.0,-167.0,-225.0,420.0,451.0,296.0,0
-220.0,-198.0,-254.0,-833.0,189.0,909.0,0
-123.0,-265.0,-279.0,-1874.0,-49.0,1564.0,0
-5.0,-333.0,-283.0,-2707.0,-102.0,2054.0,0
5.0,-431.0,-284.0,-3482.0,142.0,2229.0,0
-91.0,-595.0,-290.0,-4211.0,643.0,2344.0,0
-184.0,-822.0,-229.0,-5340.0,1099.0,2827.0,0
-143.0,-1161.0,-213.0,-6339.0,994.0,3590.0,0
-10.0,-1381.0,-257.0,-6724.0,418.0,3896.0,0
55.0,-1418.0,-207.0,-6246.0,-500.0,3092.0,0
-5.0,-1276.0,-26.0,-4735.0,-927.0,1490.0,0
-57.0,-1085.0,169.0,-2248.0,-721.0,385.0,0
-56.0,-951.0,283.0,600.0,-425.0,-363.0,0
-49.0,-817.0,305.0,2958.0,-402.0,-739.0,0
-36.0,-647.0,284.0,4413.0,-555.0,-1059.0,0
-25.0,-472.0,239.0,5095.0,-653.0,-1376.0,0
5.0,-323.0,177.0,5258.0,-567.0,-1666.0,0
19.0,-204.0,134.0,5029.0,-339.0,-1917.0,0
7.0,-111.0,103.0,4470.0,-76.0,-2096.0,0
-17.0,-38.0,82.0,3628.0,133.0,-2160.0,0
-45.0,4.0,66.0,2586.0,258.0,-2065.0,0
-63.0,8.0,60.0,1438.0,298.0,-1805.0,0
-54.0,-3.0,48.0,250.0,257.0,-1425.0,0
-23.0,-50.0,49.0,-933.0,160.0,-994.0,0
33.0,-120.0,35.0,-2076.0,23.0,-613.0,0
72.0,-190.0,25.0,-3147.0,-115.0,-378.0,0
94.0,-254.0,34.0,-4048.0,-188.0,-273.0,0
116.0,-330.0,47.0,-4668.0,-165.0,-243.0,0
116.0,-376.0,51.0,-4923.0,-96.0,-257.0,0
131.0,-412.0,52.0,-4799.0,-13.0,-301.0,0
132.0,-439.0,27.0,-4359.0,84.0,-362.0,0
140.0,-453.0,13.0,-3672.0,150.0,-410.0,0
140.0,-457.0,-13.0,-2801.0,169.0,-495.0,0
129.0,-441.0,-34.0,-1858.0,175.0,-647.0,0
100.0,-401.0,-37.0,-933.0,188.0,-874.0,0
65.0,-348.0,-36.0,-65.0,182.0,-1101.0,0
26.0,-285.0,-42.0,706.0,144.0,-1252.0,0
-12.0,-225.0,-46.0,1342.0,82.0,-1296.0,0
-46.0,-164.0,-53.0,1806.0,17.0,-1240.0,0
-67.0,-107.0,-54.0,2083.0,-42.0,-1092.0,0
-81.0,-65.0,-58.0,2205.0,-104.0,-870.0,0
-71.0,-31.0,-49.0,2195.0,-179.0,-599.0,0
-34.0,-12.0,-49.0,2073.0,-265.0,-321.0,0
5.0,0.0,-55.0,1848.0,-375.0,-87.0,0
36.0,7.0,-55.0,1567.0,-478.0,93.0,0
54.0,15.0,-45.0,1308.0,-539.0,220.0,0
60.0,19.0,-44.0,1159.0,-527.0,291.0,0
68.0,23.0,-45.0,1125.0,-444.0,331.0,0
71.0,25.0,-55.0,1175.0,-304.0,359.0,0
77.0,22.0,-65.0,1265.0,-127.0,374.0,0
77.0,8.0,-80.0,1359.0,54.0,365.0,0
69.0,0.0,-88.0,1421.0,208.0,331.0,0
55.0,-4.0,-93.0,1443.0,315.0,285.0,0
43.0,-6.0,-94.0,1446.0,368.0,241.0,0
27.0,-2.0,-99.0,1438.0,373.0,200.0,0
14.0,0.0,-104.0,1423.0,344.0,167.0,0
8.0,3.0,-110.0,1394.0,308.0,136.0,0
0.0,10.0,-117.0,1330.0,279.0,104.0,0
-10.0,13.0,-126.0,1238.0,265.0,70.0,0
-23.0,21.0,-131.0,1109.0,267.0,27.0,0
-28.0,13.0,-149.0,952.0,279.0,-28.0,0
-34.0,-10.0,-171.0,791.0,302.0,-91.0,0
-18.0,-39.0,-187.0,635.0,349.0,-160.0,0
52.0,-79.0,-183.0,457.0,447.0,-253.0,0
135.0,-116.0,-166.0,211.0,644.0,-402.0,0
167.0,-135.0,-142.0,-104.0,905.0,-587.0,0
141.0,-142.0,-148.0,-449.0,1088.0,-813.0,0
36.0,-126.0,-209.0,-704.0,1131.0,-1096.0,0
-64.0,-154.0,-270.0,-962.0,1163.0,-1334.0,0
-22.0,-206.0,-283.0,-1203.0,1245.0,-1474.0,0
61.0,-279.0,-280.0,-1546.0,1464.0,-1592.0,0
167.0,-342.0,-261.0,-1991.0,1891.0,-1766.0,0
234.0,-414.0,-218.0,-2539.0,2366.0,-1977.0,0
246.0,-525.0,-207.0,-3278.0,2573.0,-2319.0,0
183.0,-669.0,-183.0,-4283.0,2398.0,-2702.0,0
34.0,-871.0,-125.0,-5308.0,1977.0,-2923.0,0
-49.0,-1035.0,-131.0,-6038.0,1532.0,-2687.0,0
-55.0,-1143.0,-63.0,-6359.0,1231.0,-1789.0,0
11.0,-1193.0,74.0,-5983.0,1032.0,-464.0,0
20.0,-1174.0,175.0,-4622.0,892.0,582.0,0
-20.0,-1089.0,220.0,-2505.0,781.0,1051.0,0
-56.0,-960.0,223.0,-212.0,628.0,1222.0,0
-74.0,-801.0,211.0,1794.0,459.0,1282.0,0
-67.0,-647.0,185.0,3336.0,299.0,1265.0,0
-64.0,-503.0,140.0,4364.0,132.0,1260.0,0
-56.0,-382.0,91.0,4855.0,-34.0,1316.0,0
-41.0,-278.0,48.0,4804.0,-171.0,1405.0,0
-30.0,-192.0,12.0,4240.0,-257.0,1490.0,0
-17.0,-133.0,-5.0,3316.0,-297.0,1572.0,0
-4.0,-114.0,-27.0,2226.0,-306.0,1654.0,0
1.0,-125.0,-32.0,1109.0,-280.0,1704.0,0
0.0,-155.0,-20.0,26.0,-230.0,1690.0,0
-14.0,-192.0,12.0,-974.0,-176.0,1633.0,0
-18.0,-228.0,53.0,-1812.0,-132.0,1589.0,0
-8.0,-261.0,75.0,-2413.0,-105.0,1573.0,0
-10.0,-295.0,87.0,-2755.0,-94.0,1592.0,0
-10.0,-325.0,91.0,-2858.0,-80.0,1634.0,0
-20.0,-350.0,75.0,-2771.0,-64.0,1671.0,0
-22.0,-356.0,67.0,-2557.0,-52.0,1676.0,0
-24.0,-350.0,60.0,-2222.0,-48.0,1644.0,0
-22.0,-345.0,50.0,-1798.0,-50.0,1576.0,0
-24.0,-330.0,45.0,-1326.0,-63.0,1474.0,0
-20.0,-299.0,38.0,-819.0,-93.0,1349.0,0
-9.0,-258.0,30.0,-288.0,-150.0,1241.0,0
14.0,-216.0,16.0,270.0,-223.0,1139.0,0
56.0,-171.0,4.0,847.0,-290.0,1018.0,0
90.0,-121.0,-12.0,1417.0,-325.0,871.0,0
118.0,-67.0,-35.0,1940.0,-320.0,699.0,0
129.0,-18.0,-59.0,2360.0,-285.0,530.0,0
127.0,26.0,-83.0,2607.0,-265.0,360.0,0
104.0,51.0,-122.0,2637.0,-279.0,199.0,0
77.0,74.0,-158.0,2438.0,-331.0,54.0,0
47.0,86.0,-185.0,2041.0,-422.0,-86.0,0
24.0,96.0,-204.0,1498.0,-549.0,-239.0,0
8.0,98.0,-218.0,880.0,-688.0,-409.0,0
-1.0,105.0,-224.0,262.0,-799.0,-565.0,0
-13.0,99.0,-207.0,-286.0,-846.0,-683.0,0
-19.0,77.0,-182.0,-715.0,-818.0,-764.0,0
-22.0,51.0,-133.0,-990.0,-739.0,-812.0,0
-24.0,10.0,-85.0,-1060.0,-630.0,-851.0,0
-30.0,-19.0,-48.0,-921.0,-515.0,-889.0,0
-32.0,-43.0,-21.0,-616.0,-400.0,-915.0,0
-31.0,-52.0,2.0,-200.0,-279.0,-928.0,0
-34.0,-55.0,13.0,268.0,-138.0,-929.0,0
-23.0,-54.0,6.0,738.0,25.0,-920.0,0
-28.0,-43.0,10.0,1172.0,194.0,-905.0,0
-31.0,-37.0,-8.0,1539.0,349.0,-886.0,0
-31.0,-37.0,-38.0,1824.0,470.0,-854.0,0
-37.0,-50.0,-63.0,2034.0,527.0,-793.0,0
-60.0,-58.0,-66.0,2126.0,540.0,-688.0,0
-93.0,-64.0,-94.0,2048.0,572.0,-553.0,0
-133.0,-72.0,-160.0,1697.0,621.0,-404.0,0
-219.0,-82.0,-231.0,1019.0,616.0,-221.0,0
-275.0,-103.0,-289.0,70.0,466.0,111.0,0
-231.0,-165.0,-336.0,-984.0,122.0,714.0,0
-82.0,-251.0,-373.0,-1927.0,-320.0,1331.0,0
41.0,-330.0,-384.0,-2682.0,-621.0,1984.0,0
96.0,-412.0,-346.0,-3400.0,-552.0,2327.0,0
54.0,-557.0,-333.0,-4246.0,-137.0,2454.0,0
-34.0,-743.0,-288.0,-5225.0,444.0,2649.0,0
-43.0,-1076.0,-201.0,-6018.0,843.0,3122.0,0
25.0,-1293.0,-278.0,-6162.0,631.0,3538.0,0
49.0,-1309.0,-253.0,-5850.0,-180.0,3176.0,0
6.0,-1137.0,-27.0,-4807.0,-900.0,1952.0,0
26.0,-979.0,156.0,-2612.0,-1060.0,729.0,0
69.0,-892.0,233.0,64.0,-974.0,137.0,0
60.0,-804.0,228.0,2349.0,-894.0,-179.0,0
26.0,-688.0,182.0,3874.0,-821.0,-532.0,0
9.0,-548.0,135.0,4659.0,-750.0,-900.0,0
5.0,-411.0,94.0,4871.0,-668.0,-1224.0,0
8.0,-290.0,63.0,4680.0,-556.0,-1492.0,0
1.0,-194.0,47.0,4199.0,-457.0,-1685.0,0
-16.0,-128.0,43.0,3491.0,-399.0,-1762.0,0
-33.0,-94.0,34.0,2618.0,-341.0,-1709.0,0
-49.0,-97.0,27.0,1670.0,-238.0,-1543.0,0
-47.0,-128.0,18.0,715.0,-81.0,-1279.0,0
-10.0,-179.0,30.0,-205.0,93.0,-954.0,0
32.0,-229.0,42.0,-1085.0,217.0,-691.0,0
62.0,-264.0,55.0,-1907.0,255.0,-543.0,0
86.0,-302.0,63.0,-2635.0,228.0,-488.0,0
108.0,-358.0,69.0,-3242.0,164.0,-473.0,0
126.0,-409.0,68.0,-3732.0,95.0,-472.0,0
141.0,-452.0,74.0,-4016.0,22.0,-460.0,0
153.0,-477.0,75.0,-4007.0,-30.0,-446.0,0
150.0,-493.0,77.0,-3651.0,-51.0,-452.0,0
141.0,-496.0,67.0,-2996.0,-27.0,-497.0,0
118.0,-476.0,63.0,-2138.0,32.0,-606.0,0
101.0,-442.0,54.0,-1212.0,92.0,-754.0,0
79.0,-390.0,47.0,-308.0,101.0,-895.0,0
58.0,-339.0,39.0,510.0,52.0,-1017.0,0
35.0,-268.0,35.0,1188.0,-35.0,-1090.0,0
20.0,-211.0,38.0,1721.0,-123.0,-1109.0,0
10.0,-153.0,33.0,2132.0,-174.0,-1115.0,0
-3.0,-94.0,26.0,2440.0,-165.0,-1145.0,0
-31.0,-43.0,0.0,2654.0,-128.0,-1192.0,0
-62.0,2.0,-21.0,2745.0,-90.0,-1169.0,0
-73.0,39.0,-43.0,2728.0,-77.0,-1020.0,0
-73.0,65.0,-67.0,2636.0,-109.0,-776.0,0
-64.0,84.0,-109.0,2481.0,-170.0,-472.0,0
-43.0,85.0,-146.0,2245.0,-213.0,-160.0,0
-22.0,83.0,-181.0,1884.0,-238.0,103.0,0
-5.0,74.0,-204.0,1412.0,-260.0,295.0,0
6.0,69.0,-218.0,885.0,-277.0,436.0,0
19.0,63.0,-213.0,386.0,-280.0,543.0,0
30.0,52.0,-194.0,-2.0,-256.0,611.0,0
33.0,32.0,-167.0,-226.0,-208.0,643.0,0
32.0,8.0,-133.0,-312.0,-146.0,646.0,0
24.0,-11.0,-90.0,-273.0,-100.0,625.0,0
19.0,-34.0,-49.0,-89.0,-76.0,591.0,0
15.0,-47.0,-9.0,237.0,-75.0,551.0,0
15.0,-58.0,9.0,662.0,-83.0,503.0,0
15.0,-62.0,15.0,1126.0,-94.0,435.0,0
11.0,-61.0,10.0,1562.0,-102.0,346.0,0
5.0,-49.0,-11.0,1912.0,-91.0,237.0,0
10.0,-51.0,-55.0,2107.0,-48.0,119.0,0
18.0,-55.0,-108.0,2240.0,38.0,1.0,0
48.0,-65.0,-153.0,2245.0,167.0,-113.0,0
118.0,-86.0,-193.0,2116.0,302.0,-233.0,0
224.0,-114.0,-218.0,1841.0,524.0,-387.0,0
285.0,-125.0,-223.0,1439.0,792.0,-569.0,0
289.0,-137.0,-214.0,902.0,990.0,-729.0,0
177.0,-142.0,-244.0,239.0,985.0,-997.0,0
36.0,-167.0,-310.0,-479.0,924.0,-1293.0,0
5.0,-228.0,-358.0,-1246.0,1048.0,-1496.0,0
44.0,-312.0,-339.0,-2153.0,1354.0,-1657.0,0
84.0,-402.0,-286.0,-3171.0,1673.0,-1884.0,0
97.0,-516.0,-245.0,-4211.0,1821.0,-2185.0,0
72.0,-677.0,-269.0,-5286.0,1680.0,-2538.0,0
-6.0,-859.0,-294.0,-6416.0,1419.0,-2790.0,0
-110.0,-1064.0,-269.0,-7341.0,1362.0,-2658.0,0
-177.0,-1215.0,-200.0,-7757.0,1413.0,-2070.0,0
-230.0,-1288.0,-99.0,-7383.0,1245.0,-1172.0,0
-245.0,-1281.0,41.0,-5924.0,834.0,-125.0,0
-220.0,-1231.0,151.0,-3381.0,506.0,694.0,0
-186.0,-1113.0,192.0,-360.0,482.0,1075.0,0
-169.0,-953.0,195.0,2341.0,558.0,1170.0,0
-163.0,-767.0,184.0,4281.0,427.0,1184.0,0
-138.0,-585.0,153.0,5463.0,43.0,1224.0,0
-86.0,-402.0,72.0,6054.0,-452.0,1297.0,0
-46.0,-282.0,-1.0,6095.0,-900.0,1393.0,0
-4.0,-186.0,-54.0,5561.0,-1219.0,1499.0,0
35.0,-114.0,-74.0,4549.0,-1394.0,1593.0,0
57.0,-74.0,-81.0,3282.0,-1455.0,1617.0,0
75.0,-59.0,-65.0,1959.0,-1434.0,1560.0,0
94.0,-77.0,-36.0,706.0,-1355.0,1460.0,0
95.0,-101.0,6.0,-408.0,-1227.0,1380.0,0
96.0,-151.0,51.0,-1342.0,-1062.0,1356.0,0
97.0,-211.0,89.0,-2063.0,-878.0,1372.0,0
104.0,-254.0,132.0,-2559.0,-717.0,1373.0,0
106.0,-286.0,155.0,-2806.0,-597.0,1351.0,0
101.0,-310.0,157.0,-2824.0,-479.0,1346.0,0
86.0,-324.0,153.0,-2652.0,-336.0,1366.0,0
79.0,-341.0,133.0,-2335.0,-157.0,1387.0,0
64.0,-332.0,116.0,-1924.0,28.0,1363.0,0
43.0,-316.0,100.0,-1432.0,171.0,1319.0,0
25.0,-294.0,81.0,-892.0,238.0,1268.0,0
15.0,-260.0,62.0,-341.0,212.0,1195.0,0
25.0,-229.0,37.0,214.0,100.0,1094.0,0
48.0,-200.0,-4.0,774.0,-48.0,967.0,0
78.0,-172.0,-55.0,1313.0,-169.0,832.0,0
111.0,-136.0,-96.0,1805.0,-212.0,696.0,0
126.0,-98.0,-135.0,2231.0,-166.0,548.0,0
127.0,-50.0,-169.0,2565.0,-55.0,372.0,0
103.0,-7.0,-195.0,2765.0,49.0,190.0,0
73.0,33.0,-214.0,2774.0,103.0,18.0,0
53.0,65.0,-222.0,2569.0,97.0,-116.0,0
24.0,91.0,-227.0,2159.0,43.0,-222.0,0
18.0,115.0,-218.0,1581.0,-41.0,-309.0,0
22.0,133.0,-200.0,915.0,-162.0,-404.0,0
37.0,149.0,-179.0,246.0,-304.0,-529.0,0
51.0,159.0,-151.0,-364.0,-435.0,-695.0,0
46.0,157.0,-113.0,-877.0,-528.0,-881.0,0
8.0,142.0,-79.0,-1275.0,-556.0,-1033.0,0
-25.0,120.0,-33.0,-1528.0,-524.0,-1067.0,0
-36.0,77.0,11.0,-1593.0,-470.0,-1003.0,0
-37.0,31.0,46.0,-1456.0,-429.0,-929.0,0
-42.0,-10.0,58.0,-1155.0,-403.0,-905.0,0
-54.0,-38.0,63.0,-737.0,-374.0,-908.0,0
-64.0,-57.0,59.0,-242.0,-326.0,-911.0,0
-68.0,-73.0,42.0,184.0,-242.0,-909.0,0
-67.0,-85.0,23.0,696.0,-99.0,-909.0,0
-60.0,-90.0,7.0,1145.0,109.0,-907.0,0
-45.0,-96.0,-5.0,1505.0,301.0,-899.0,0
-21.0,-103.0,-35.0,1769.0,529.0,-870.0,0
-3.0,-116.0,-73.0,1952.0,695.0,-812.0,0
-12.0,-126.0,-100.0,2091.0,748.0,-741.0,0
-57.0,-146.0,-80.0,2169.0,697.0,-609.0,0
-113.0,-153.0,-76.0,2109.0,615.0,-408.0,0
-182.0,-175.0,-143.0,1789.0,570.0,-120.0,0
-245.0,-181.0,-246.0,985.0,548.0,291.0,0
-280.0,-198.0,-313.0,-274.0,400.0,792.0,0
-224.0,-262.0,-386.0,-1603.0,33.0,1375.0,0
-97.0,-352.0,-447.0,-2763.0,-436.0,2037.0,0
-21.0,-434.0,-460.0,-3794.0,-736.0,2530.0,0
-74.0,-558.0,-456.0,-4777.0,-614.0,2664.0,0
-174.0,-740.0,-401.0,-5775.0,-72.0,2712.0,0
-166.0,-1043.0,-319.0,-6704.0,398.0,3053.0,0
-9.0,-1337.0,-303.0,-7115.0,272.0,3422.0,0
107.0,-1450.0,-272.0,-6666.0,-452.0,3071.0,0
121.0,-1357.0,-92.0,-5350.0,-1041.0,1853.0,0
104.0,-1181.0,88.0,-3153.0,-1046.0,499.0,0
112.0,-1025.0,229.0,-479.0,-698.0,-370.0,0
86.0,-879.0,298.0,2030.0,-364.0,-841.0,0
56.0,-732.0,303.0,3904.0,-147.0,-1135.0,0
31.0,-561.0,288.0,5057.0,-25.0,-1385.0,0
25.0,-404.0,243.0,5718.0,25.0,-1619.0,0
40.0,-283.0,176.0,6025.0,37.0,-1814.0,0
51.0,-194.0,114.0,5895.0,53.0,-1979.0,0
41.0,-113.0,65.0,5251.0,113.0,-2101.0,0
12.0,-41.0,40.0,4178.0,200.0,-2113.0,0
-31.0,-12.0,28.0,2898.0,307.0,-1959.0,0
-65.0,-16.0,13.0,1602.0,412.0,-1605.0,0
-71.0,-46.0,16.0,355.0,469.0,-1095.0,0
-39.0,-94.0,21.0,-806.0,420.0,-571.0,0
2.0,-143.0,27.0,-1853.0,228.0,-206.0,0
18.0,-190.0,25.0,-2770.0,-40.0,-70.0,0
24.0,-229.0,18.0,-3528.0,-277.0,-97.0,0
29.0,-261.0,12.0,-4104.0,-430.0,-197.0,0
53.0,-295.0,0.0,-4434.0,-519.0,-313.0,0
68.0,-317.0,-3.0,-4487.0,-532.0,-442.0,0
94.0,-343.0,-13.0,-4267.0,-438.0,-548.0,0
109.0,-372.0,-14.0,-3787.0,-250.0,-589.0,0
122.0,-377.0,-6.0,-3078.0,-4.0,-630.0,0
118.0,-367.0,-2.0,-2200.0,244.0,-718.0,0
109.0,-341.0,1.0,-1276.0,426.0,-832.0,0
90.0,-300.0,5.0,-395.0,516.0,-974.0,0
64.0,-247.0,2.0,386.0,530.0,-1121.0,0
28.0,-194.0,-5.0,1022.0,494.0,-1227.0,0
-7.0,-143.0,-11.0,1516.0,430.0,-1262.0,0
-41.0,-90.0,-18.0,1873.0,327.0,-1220.0,0
-70.0,-55.0,-29.0,2094.0,180.0,-1083.0,0
-84.0,-19.0,-31.0,2175.0,-8.0,-833.0,0
-77.0,-2.0,-49.0,2136.0,-225.0,-485.0,0
-45.0,1.0,-70.0,1978.0,-433.0,-115.0,0
3.0,-5.0,-87.0,1717.0,-601.0,184.0,0
31.0,-14.0,-91.0,1402.0,-718.0,354.0,0
52.0,9.0,-91.0,1112.0,-769.0,416.0,0
52.0,1.0,-67.0,964.0,-734.0,409.0,0
65.0,1.0,-62.0,965.0,-622.0,397.0,0
71.0,-4.0,-58.0,1072.0,-452.0,379.0,0
74.0,-23.0,-56.0,1205.0,-255.0,335.0,0
68.0,-34.0,-51.0,1302.0,-68.0,269.0,0
56.0,-33.0,-35.0,1374.0,84.0,199.0,0
44.0,-31.0,-25.0,1439.0,185.0,133.0,0
36.0,-27.0,-22.0,1529.0,242.0,68.0,0
30.0,-21.0,-34.0,1606.0,263.0,3.0,0
17.0,-13.0,-50.0,1644.0,277.0,-63.0,0
7.0,-17.0,-84.0,1637.0,286.0,-126.0,0
-21.0,-34.0,-129.0,1603.0,296.0,-172.0,0
-39.0,-52.0,-174.0,1569.0,302.0,-218.0,0
5.0,-82.0,-201.0,1512.0,300.0,-246.0,0
115.0,-119.0,-199.0,1379.0,314.0,-286.0,0
203.0,-139.0,-164.0,1165.0,428.0,-384.0,0
206.0,-156.0,-95.0,887.0,636.0,-506.0,0
134.0,-174.0,-86.0,524.0,772.0,-657.0,0
-13.0,-164.0,-172.0,-4.0,768.0,-871.0,0
-88.0,-176.0,-276.0,-742.0,789.0,-1088.0,0
-52.0,-221.0,-330.0,-1724.0,969.0,-1291.0,0
16.0,-293.0,-350.0,-2810.0,1270.0,-1544.0,0
79.0,-405.0,-359.0,-3744.0,1636.0,-1894.0,0
104.0,-577.0,-377.0,-4536.0,1883.0,-2310.0,0
53.0,-761.0,-423.0,-5383.0,1873.0,-2673.0,0
-69.0,-935.0,-375.0,-6321.0,1776.0,-2748.0,0
-175.0,-1102.0,-225.0,-7007.0,1639.0,-2419.0,0
-208.0,-1211.0,-121.0,-6886.0,1276.0,-1727.0,0
-148.0,-1223.0,-20.0,-5723.0,790.0,-731.0,0
-94.0,-1160.0,95.0,-3659.0,368.0,240.0,0
-91.0,-1030.0,182.0,-1106.0,127.0,844.0,0
-112.0,-871.0,224.0,1352.0,62.0,1057.0,0
-121.0,-692.0,230.0,3232.0,89.0,1050.0,0
-115.0,-526.0,202.0,4406.0,65.0,997.0,0
-106.0,-392.0,150.0,4934.0,-130.0,1027.0,0
-93.0,-285.0,90.0,4851.0,-471.0,1158.0,0
-76.0,-196.0,42.0,4215.0,-853.0,1322.0,0
-58.0,-134.0,16.0,3184.0,-1185.0,1457.0,0
-46.0,-113.0,2.0,1993.0,-1430.0,1528.0,0
-31.0,-138.0,4.0,837.0,-1571.0,1546.0,0
-2.0,-192.0,12.0,-180.0,-1587.0,1517.0,0
11.0,-259.0,26.0,-994.0,-1488.0,1455.0,0
17.0,-319.0,48.0,-1573.0,-1315.0,1382.0,0
24.0,-363.0,71.0,-1883.0,-1126.0,1335.0,0
30.0,-411.0,92.0,-1941.0,-942.0,1341.0,0
36.0,-420.0,96.0,-1795.0,-785.0,1375.0,0
44.0,-413.0,95.0,-1474.0,-664.0,1420.0,0
39.0,-395.0,84.0,-1016.0,-572.0,1471.0,0
32.0,-369.0,65.0,-487.0,-490.0,1511.0,0
26.0,-327.0,58.0,64.0,-411.0,1537.0,0
17.0,-288.0,44.0,608.0,-355.0,1539.0,0
18.0,-236.0,29.0,1094.0,-335.0,1516.0,0
26.0,-184.0,18.0,1493.0,-351.0,1480.0,0
44.0,-131.0,3.0,1800.0,-379.0,1449.0,0
58.0,-82.0,-13.0,1997.0,-392.0,1413.0,0
85.0,-32.0,-29.0,2081.0,-374.0,1358.0,0
117.0,7.0,-47.0,2072.0,-319.0,1269.0,0
155.0,47.0,-69.0,1991.0,-228.0,1139.0,0
188.0,67.0,-103.0,1843.0,-108.0,960.0,0
197.0,85.0,-133.0,1609.0,11.0,728.0,0
196.0,87.0,-157.0,1277.0,89.0,466.0,0
179.0,83.0,-182.0,838.0,111.0,188.0,0
155.0,72.0,-199.0,309.0,70.0,-96.0,0
116.0,69.0,-215.0,-259.0,-23.0,-372.0,0
80.0,61.0,-217.0,-774.0,-144.0,-630.0,0
49.0,50.0,-211.0,-1168.0,-244.0,-848.0,0
22.0,37.0,-191.0,-1369.0,-316.0,-1002.0,0
-5.0,12.0,-152.0,-1458.0,-374.0,-1076.0,0
-29.0,-27.0,-102.0,-1374.0,-434.0,-1075.0,0
-51.0,-67.0,-40.0,-1105.0,-501.0,-1043.0,0
-73.0,-93.0,-3.0,-660.0,-623.0,-1006.0,0
-96.0,-111.0,24.0,-99.0,-779.0,-966.0,0
-104.0,-111.0,35.0,487.0,-938.0,-933.0,0
-112.0,-109.0,40.0,1041.0,-1049.0,-893.0,0
-113.0,-90.0,39.0,1523.0,-1066.0,-853.0,0
-107.0,-73.0,40.0,1919.0,-981.0,-814.0,0
-100.0,-56.0,40.0,2211.0,-793.0,-781.0,0
-82.0,-45.0,15.0,2401.0,-534.0,-753.0,0
-78.0,-55.0,-9.0,2500.0,-266.0,-726.0,0
-110.0,-59.0,-24.0,2482.0,-19.0,-678.0,0
-165.0,-68.0,-30.0,2272.0,232.0,-583.0,0
-235.0,-75.0,-56.0,1823.0,501.0,-441.0,0
-306.0,-105.0,-113.0,1081.0,719.0,-204.0,0
-309.0,-169.0,-201.0,-15.0,758.0,307.0,0
-217.0,-267.0,-290.0,-1382.0,493.0,1176.0,0
-97.0,-374.0,-375.0,-2727.0,14.0,2127.0,0
-24.0,-472.0,-447.0,-3785.0,-328.0,2769.0,0
5.0,-569.0,-460.0,-4579.0,-205.0,2999.0,0
-6.0,-659.0,-462.0,-5221.0,248.0,3059.0,0
-4.0,-935.0,-400.0,-5744.0,597.0,3289.0,0
60.0,-1259.0,-328.0,-5637.0,275.0,3625.0,0
152.0,-1439.0,-275.0,-4851.0,-748.0,3527.0,0
172.0,-1297.0,-69.0,-3621.0,-1650.0,2579.0,0
149.0,-1047.0,108.0,-1836.0,-1779.0,1193.0,0
147.0,-855.0,217.0,337.0,-1384.0,166.0,0
133.0,-715.0,260.0,2329.0,-990.0,-431.0,0
117.0,-574.0,238.0,3846.0,-731.0,-836.0,0
99.0,-430.0,192.0,4812.0,-516.0,-1193.0,0
72.0,-296.0,134.0,5242.0,-268.0,-1552.0,0
56.0,-181.0,95.0,5135.0,18.0,-1874.0,0
30.0,-91.0,83.0,4615.0,271.0,-2088.0,0
8.0,-26.0,83.0,3862.0,427.0,-2152.0,0
-11.0,4.0,76.0,2997.0,522.0,-2090.0,0
-20.0,4.0,74.0,2057.0,662.0,-1941.0,0
-14.0,-24.0,68.0,1039.0,915.0,-1733.0,0
7.0,-62.0,74.0,-58.0,1246.0,-1524.0,0
37.0,-117.0,83.0,-1205.0,1559.0,-1378.0,0
56.0,-181.0,79.0,-2367.0,1755.0,-1318.0,0
50.0,-251.0,74.0,-3494.0,1787.0,-1295.0,0
58.0,-311.0,68.0,-4454.0,1659.0,-1223.0,0
75.0,-377.0,56.0,-5078.0,1422.0,-1079.0,0
97.0,-434.0,46.0,-5299.0,1149.0,-901.0,0
117.0,-492.0,35.0,-5126.0,921.0,-724.0,0
125.0,-532.0,27.0,-4601.0,772.0,-600.0,0
129.0,-552.0,15.0,-3813.0,711.0,-555.0,0
124.0,-553.0,0.0,-2842.0,689.0,-574.0,0
105.0,-520.0,0.0,-1721.0,653.0,-632.0,0
81.0,-468.0,-9.0,-530.0,578.0,-736.0,0
41.0,-403.0,-12.0,617.0,452.0,-863.0,0
9.0,-320.0,-12.0,1618.0,262.0,-985.0,0
-30.0,-234.0,-17.0,2426.0,16.0,-1091.0,0
-68.0,-151.0,-25.0,3014.0,-218.0,-1134.0,0
-99.0,-85.0,-38.0,3402.0,-394.0,-1115.0,0
-124.0,-16.0,-38.0,3606.0,-494.0,-1036.0,0
-133.0,40.0,-36.0,3680.0,-525.0,-887.0,0
-128.0,91.0,-40.0,3638.0,-511.0,-680.0,0
-115.0,117.0,-48.0,3465.0,-458.0,-449.0,0
-94.0,132.0,-68.0,3125.0,-372.0,-235.0,0
-78.0,140.0,-93.0,2620.0,-251.0,-55.0,0
-74.0,140.0,-111.0,1973.0,-119.0,74.0,0
-69.0,129.0,-127.0,1250.0,3.0,172.0,0
-62.0,119.0,-132.0,520.0,122.0,256.0,0
-52.0,96.0,-139.0,-108.0,247.0,336.0,0
-24.0,63.0,-141.0,-593.0,383.0,419.0,0
-4.0,20.0,-126.0,-908.0,501.0,465.0,0
-4.0,-14.0,-106.0,-1021.0,563.0,453.0,0
-10.0,-41.0,-79.0,-954.0,539.0,420.0,0
-8.0,-60.0,-49.0,-790.0,430.0,396.0,0
0.0,-74.0,-25.0,-463.0,261.0,376.0,0
3.0,-87.0,-18.0,-37.0,78.0,352.0,0
3.0,-95.0,-24.0,449.0,-56.0,332.0,0
1.0,-101.0,-48.0,940.0,-182.0,320.0,0
-3.0,-111.0,-90.0,1394.0,-261.0,309.0,0
4.0,-128.0,-132.0,1791.0,-299.0,295.0,0
54.0,-154.0,-161.0,2091.0,-304.0,265.0,0
159.0,-191.0,-179.0,2239.0,-257.0,195.0,0
241.0,-216.0,-178.0,2189.0,-116.0,40.0,0
236.0,-223.0,-142.0,1935.0,65.0,-187.0,0
156.0,-199.0,-139.0,1480.0,97.0,-475.0,0
34.0,-177.0,-195.0,886.0,-45.0,-803.0,0
-1.0,-194.0,-260.0,184.0,-137.0,-1102.0,0
38.0,-252.0,-319.0,-749.0,-33.0,-1406.0,0
91.0,-311.0,-349.0,-1926.0,284.0,-1760.0,0
122.0,-379.0,-339.0,-3158.0,844.0,-2129.0,0
118.0,-484.0,-328.0,-4277.0,1450.0,-2476.0,0
73.0,-640.0,-334.0,-5314.0,1870.0,-2817.0,0
-27.0,-837.0,-266.0,-6218.0,2133.0,-3167.0,0
-137.0,-1001.0,-71.0,-6674.0,2282.0,-3398.0,0
-219.0,-1106.0,66.0,-6389.0,2082.0,-3159.0,0
-218.0,-1165.0,158.0,-5420.0,1540.0,-2243.0,0
-114.0,-1153.0,251.0,-3909.0,935.0,-945.0,0
-84.0,-1053.0,274.0,-1876.0,471.0,64.0,0
-89.0,-915.0,252.0,333.0,234.0,647.0,0
-90.0,-760.0,218.0,2216.0,130.0,1020.0,0
-85.0,-605.0,176.0,3567.0,18.0,1293.0,0
-76.0,-469.0,129.0,4358.0,-217.0,1500.0,0
-60.0,-359.0,83.0,4634.0,-574.0,1675.0,0
-44.0,-261.0,48.0,4448.0,-956.0,1826.0,0
-29.0,-182.0,24.0,3892.0,-1256.0,1941.0,0
-9.0,-128.0,15.0,3036.0,-1434.0,2017.0,0
13.0,-118.0,10.0,2000.0,-1505.0,2039.0,0
28.0,-129.0,7.0,925.0,-1492.0,1991.0,0
42.0,-153.0,20.0,-74.0,-1398.0,1872.0,0
55.0,-184.0,27.0,-922.0,-1240.0,1722.0,0
47.0,-217.0,34.0,-1605.0,-1052.0,1594.0,0
42.0,-255.0,40.0,-2115.0,-841.0,1527.0,0
38.0,-298.0,50.0,-2446.0,-625.0,1519.0,0
37.0,-339.0,47.0,-2597.0,-434.0,1539.0,0
40.0,-370.0,46.0,-2605.0,-283.0,1523.0,0
41.0,-384.0,53.0,-2484.0,-192.0,1447.0,0
36.0,-378.0,57.0,-2238.0,-158.0,1329.0,0
30.0,-362.0,56.0,-1856.0,-170.0,1206.0,0
21.0,-328.0,62.0,-1343.0,-207.0,1090.0,0
22.0,-290.0,64.0,-719.0,-258.0,993.0,0
31.0,-246.0,66.0,-34.0,-311.0,910.0,0
47.0,-200.0,65.0,654.0,-356.0,838.0,0
71.0,-145.0,58.0,1298.0,-390.0,765.0,0
99.0,-95.0,44.0,1837.0,-395.0,685.0,0
132.0,-36.0,14.0,2232.0,-351.0,588.0,0
156.0,5.0,-22.0,2459.0,-253.0,461.0,0
149.0,45.0,-77.0,2501.0,-126.0,298.0,0
141.0,58.0,-110.0,2343.0,-9.0,120.0,0
120.0,68.0,-154.0,1992.0,87.0,-57.0,0
89.0,76.0,-192.0,1495.0,136.0,-231.0,0
63.0,81.0,-223.0,917.0,110.0,-402.0,0
43.0,78.0,-236.0,317.0,13.0,-571.0,0
18.0,77.0,-244.0,-245.0,-135.0,-731.0,0
-3.0,75.0,-236.0,-732.0,-293.0,-853.0,0
-21.0,64.0,-206.0,-1101.0,-425.0,-908.0,0
-42.0,39.0,-163.0,-1322.0,-516.0,-886.0,0
-51.0,5.0,-108.0,-1372.0,-580.0,-816.0,0
-61.0,-25.0,-52.0,-1254.0,-645.0,-755.0,0
-74.0,-60.0,-14.0,-932.0,-716.0,-713.0,0
-85.0,-73.0,3.0,-452.0,-787.0,-680.0,0
-97.0,-79.0,14.0,117.0,-828.0,-645.0,0
-100.0,-76.0,5.0,714.0,-832.0,-610.0,0
-102.0,-71.0,-8.0,1284.0,-773.0,-575.0,0
-104.0,-70.0,-36.0,1785.0,-663.0,-546.0,0
-99.0,-78.0,-62.0,2194.0,-526.0,-504.0,0
-134.0,-77.0,-64.0,2476.0,-359.0,-451.0,0
-182.0,-82.0,-70.0,2579.0,-141.0,-378.0,0
-243.0,-88.0,-86.0,2437.0,126.0,-260.0,0
-302.0,-85.0,-122.0,1974.0,387.0,-78.0,0
-291.0,-107.0,-179.0,1157.0,526.0,244.0,0
-181.0,-167.0,-236.0,35.0,434.0,812.0,0
-28.0,-259.0,-272.0,-1156.0,136.0,1490.0,0
72.0,-343.0,-297.0,-2213.0,-89.0,1983.0,0
130.0,-433.0,-275.0,-3134.0,89.0,2166.0,0
128.0,-542.0,-288.0,-3995.0,666.0,2160.0,0
120.0,-658.0,-313.0,-4851.0,1330.0,2263.0,0
143.0,-889.0,-241.0,-5624.0,1507.0,2616.0,0
176.0,-1174.0,-271.0,-5937.0,788.0,2887.0,0
193.0,-1318.0,-263.0,-5692.0,-439.0,2586.0,0
168.0,-1238.0,-108.0,-4746.0,-1260.0,1639.0,0
143.0,-1046.0,90.0,-2880.0,-1266.0,668.0,0
138.0,-899.0,214.0,-439.0,-896.0,141.0,0
100.0,-770.0,249.0,1796.0,-665.0,-209.0,0
52.0,-637.0,218.0,3433.0,-663.0,-585.0,0
17.0,-490.0,151.0,4409.0,-674.0,-982.0,0
3.0,-354.0,85.0,4778.0,-513.0,-1355.0,0
3.0,-246.0,39.0,4647.0,-171.0,-1667.0,0
-4.0,-155.0,29.0,4133.0,208.0,-1891.0,0
-41.0,-78.0,34.0,3376.0,510.0,-2006.0,0
-72.0,-28.0,46.0,2464.0,714.0,-2010.0,0
-91.0,-17.0,52.0,1449.0,845.0,-1903.0,0
-90.0,-40.0,55.0,368.0,918.0,-1701.0,0
-60.0,-89.0,63.0,-729.0,942.0,-1438.0,0
13.0,-187.0,62.0,-1807.0,914.0,-1162.0,0
54.0,-276.0,57.0,-2864.0,842.0,-944.0,0
76.0,-366.0,66.0,-3890.0,748.0,-792.0,0
89.0,-444.0,72.0,-4768.0,641.0,-656.0,0
95.0,-516.0,82.0,-5359.0,528.0,-503.0,0
101.0,-567.0,93.0,-5555.0,420.0,-345.0,0
113.0,-605.0,82.0,-5302.0,323.0,-228.0,0
118.0,-622.0,62.0,-4672.0,241.0,-186.0,0
116.0,-615.0,38.0,-3753.0,187.0,-235.0,0
118.0,-583.0,23.0,-2607.0,172.0,-373.0,0
96.0,-532.0,15.0,-1306.0,195.0,-602.0,0
68.0,-461.0,-1.0,41.0,200.0,-842.0,0
47.0,-380.0,-13.0,1309.0,138.0,-1025.0,0
27.0,-293.0,-23.0,2399.0,18.0,-1140.0,0
9.0,-201.0,-42.0,3247.0,-124.0,-1207.0,0
-17.0,-116.0,-56.0,3818.0,-250.0,-1232.0,0
-37.0,-38.0,-69.0,4105.0,-317.0,-1203.0,0
-60.0,40.0,-65.0,4155.0,-329.0,-1109.0,0
-73.0,94.0,-72.0,4030.0,-310.0,-937.0,0
-86.0,135.0,-87.0,3757.0,-287.0,-697.0,0
-77.0,147.0,-112.0,3355.0,-262.0,-420.0,0
-56.0,141.0,-135.0,2811.0,-234.0,-184.0,0
-38.0,130.0,-156.0,2142.0,-203.0,-50.0,0
-30.0,120.0,-170.0,1408.0,-174.0,4.0,0
-34.0,110.0,-174.0,675.0,-144.0,31.0,0
-38.0,101.0,-153.0,26.0,-96.0,88.0,0
-28.0,86.0,-124.0,-427.0,-16.0,203.0,0
-10.0,61.0,-97.0,-654.0,95.0,333.0,0
2.0,34.0,-69.0,-690.0,205.0,392.0,0
0.0,14.0,-36.0,-571.0,297.0,360.0,0
-5.0,-2.0,-14.0,-324.0,363.0,294.0,0
-6.0,-16.0,5.0,18.0,394.0,234.0,0
0.0,-29.0,10.0,429.0,392.0,184.0,0
-3.0,-42.0,9.0,869.0,365.0,137.0,0
-1.0,-47.0,-15.0,1292.0,322.0,98.0,0
0.0,-49.0,-56.0,1655.0,277.0,70.0,0
-6.0,-55.0,-88.0,1929.0,241.0,50.0,0
8.0,-62.0,-110.0,2099.0,221.0,32.0,0
60.0,-78.0,-126.0,2153.0,224.0,5.0,0
134.0,-108.0,-131.0,2087.0,258.0,-56.0,0
196.0,-129.0,-133.0,1861.0,313.0,-160.0,0
196.0,-135.0,-149.0,1474.0,327.0,-304.0,0
112.0,-127.0,-193.0,910.0,273.0,-478.0,0
13.0,-138.0,-253.0,161.0,230.0,-650.0,0
-19.0,-182.0,-290.0,-840.0,330.0,-767.0,0
9.0,-245.0,-296.0,-2114.0,573.0,-932.0,0
63.0,-324.0,-273.0,-3449.0,903.0,-1182.0,0
112.0,-444.0,-261.0,-4592.0,1201.0,-1561.0,0
115.0,-639.0,-307.0,-5528.0,1266.0,-1986.0,0
54.0,-780.0,-330.0,-6384.0,1116.0,-2313.0,0
-25.0,-927.0,-255.0,-7015.0,1058.0,-2456.0,0
-82.0,-1001.0,-146.0,-7045.0,1087.0,-2320.0,0
-78.0,-1041.0,-59.0,-6320.0,963.0,-1775.0,0
-63.0,-1064.0,21.0,-4990.0,681.0,-979.0,0
-75.0,-1052.0,87.0,-3281.0,419.0,-236.0,0
-85.0,-981.0,124.0,-1395.0,238.0,339.0,0
-89.0,-879.0,119.0,474.0,32.0,748.0,0
-83.0,-753.0,101.0,2073.0,-236.0,992.0,0
-67.0,-616.0,77.0,3239.0,-479.0,1088.0,0
-43.0,-482.0,55.0,3944.0,-610.0,1098.0,0
-15.0,-373.0,33.0,4204.0,-657.0,1126.0,0
7.0,-292.0,13.0,4065.0,-683.0,1220.0,0
30.0,-231.0,0.0,3587.0,-711.0,1357.0,0
46.0,-193.0,5.0,2832.0,-727.0,1498.0,0
56.0,-182.0,20.0,1929.0,-734.0,1624.0,0
65.0,-202.0,44.0,993.0,-748.0,1705.0,0
61.0,-245.0,62.0,99.0,-767.0,1708.0,0
54.0,-289.0,85.0,-713.0,-765.0,1633.0,0
43.0,-328.0,108.0,-1378.0,-711.0,1530.0,0
40.0,-366.0,130.0,-1851.0,-607.0,1471.0,0
46.0,-393.0,145.0,-2127.0,-491.0,1457.0,0
51.0,-408.0,158.0,-2189.0,-385.0,1468.0,0
40.0,-411.0,141.0,-2023.0,-305.0,1482.0,0
20.0,-398.0,120.0,-1658.0,-235.0,1497.0,0
6.0,-378.0,96.0,-1150.0,-173.0,1515.0,0
-3.0,-344.0,66.0,-579.0,-122.0,1516.0,0
-14.0,-304.0,51.0,-7.0,-104.0,1498.0,0
-12.0,-267.0,32.0,527.0,-115.0,1466.0,0
-6.0,-219.0,8.0,987.0,-148.0,1410.0,0
17.0,-173.0,-11.0,1346.0,-183.0,1336.0,0
52.0,-130.0,-31.0,1610.0,-207.0,1236.0,0
88.0,-87.0,-49.0,1797.0,-206.0,1093.0,0
129.0,-46.0,-72.0,1940.0,-161.0,896.0,0
162.0,2.0,-97.0,2056.0,-76.0,656.0,0
176.0,48.0,-112.0,2133.0,19.0,394.0,0
168.0,89.0,-135.0,2133.0,118.0,140.0,0
146.0,112.0,-154.0,2002.0,202.0,-89.0,0
117.0,136.0,-168.0,1709.0,232.0,-295.0,0
100.0,154.0,-187.0,1272.0,172.0,-492.0,0
92.0,163.0,-200.0,746.0,29.0,-706.0,0
72.0,163.0,-211.0,214.0,-149.0,-916.0,0
47.0,153.0,-218.0,-277.0,-289.0,-1074.0,0
24.0,126.0,-204.0,-714.0,-355.0,-1152.0,0
4.0,86.0,-176.0,-1072.0,-359.0,-1160.0,0
-14.0,39.0,-126.0,-1303.0,-329.0,-1121.0,0
-34.0,-10.0,-64.0,-1348.0,-307.0,-1061.0,0
-51.0,-55.0,-14.0,-1174.0,-316.0,-999.0,0
-65.0,-92.0,18.0,-815.0,-352.0,-933.0,0
-68.0,-103.0,32.0,-339.0,-394.0,-867.0,0
-69.0,-101.0,32.0,185.0,-418.0,-814.0,0
-67.0,-91.0,34.0,705.0,-401.0,-777.0,0
-60.0,-75.0,28.0,1191.0,-327.0,-749.0,0
-39.0,-65.0,14.0,1612.0,-200.0,-725.0,0
-19.0,-67.0,-36.0,1942.0,-34.0,-708.0,0
-12.0,-78.0,-74.0,2145.0,125.0,-688.0,0
-42.0,-89.0,-86.0,2310.0,258.0,-641.0,0
-73.0,-102.0,-68.0,2325.0,405.0,-541.0,0
-131.0,-119.0,-58.0,2142.0,556.0,-348.0,0
-192.0,-137.0,-86.0,1666.0,765.0,-18.0,0
-235.0,-153.0,-150.0,801.0,903.0,429.0,0
-234.0,-190.0,-254.0,-358.0,850.0,825.0,0
-171.0,-269.0,-366.0,-1596.0,561.0,1372.0,0
-103.0,-362.0,-441.0,-2744.0,184.0,1915.0,0
-79.0,-455.0,-468.0,-3748.0,-29.0,2288.0,0
-105.0,-585.0,-444.0,-4712.0,-37.0,2513.0,0
-133.0,-738.0,-463.0,-5643.0,-27.0,2830.0,0
-72.0,-998.0,-466.0,-6442.0,-171.0,3317.0,0
59.0,-1247.0,-410.0,-6784.0,-597.0,3532.0,0
182.0,-1331.0,-258.0,-6331.0,-1130.0,2975.0,0
167.0,-1193.0,-26.0,-4921.0,-1347.0,1693.0,0
158.0,-1042.0,168.0,-2648.0,-1077.0,565.0,0
172.0,-932.0,276.0,-84.0,-608.0,-46.0,0
144.0,-817.0,295.0,2076.0,-281.0,-430.0,0
121.0,-672.0,267.0,3587.0,-129.0,-752.0,0
106.0,-514.0,201.0,4542.0,-30.0,-1030.0,0
99.0,-364.0,136.0,5069.0,87.0,-1267.0,0
89.0,-246.0,74.0,5209.0,237.0,-1487.0,0
80.0,-158.0,33.0,4950.0,355.0,-1666.0,0
61.0,-93.0,12.0,4349.0,364.0,-1743.0,0
32.0,-54.0,-1.0,3521.0,287.0,-1717.0,0
7.0,-40.0,-10.0,2536.0,230.0,-1591.0,0
-4.0,-69.0,-12.0,1444.0,283.0,-1356.0,0
0.0,-115.0,1.0,318.0,448.0,-1048.0,0
14.0,-167.0,18.0,-765.0,670.0,-767.0,0
25.0,-206.0,51.0,-1751.0,873.0,-617.0,0
25.0,-243.0,69.0,-2593.0,1002.0,-616.0,0
22.0,-275.0,79.0,-3279.0,1030.0,-688.0,0
32.0,-310.0,85.0,-3813.0,958.0,-728.0,0
52.0,-348.0,77.0,-4151.0,821.0,-722.0,0
71.0,-387.0,59.0,-4255.0,656.0,-694.0,0
72.0,-423.0,41.0,-4114.0,517.0,-685.0,0
81.0,-450.0,24.0,-3723.0,424.0,-717.0,0
83.0,-461.0,2.0,-3122.0,384.0,-803.0,0
75.0,-466.0,-9.0,-2347.0,363.0,-910.0,0
64.0,-445.0,-11.0,-1443.0,339.0,-995.0,0
45.0,-391.0,-3.0,-473.0,292.0,-1041.0,0
33.0,-339.0,2.0,489.0,217.0,-1064.0,0
10.0,-276.0,12.0,1374.0,115.0,-1085.0,0
-14.0,-215.0,18.0,2140.0,18.0,-1112.0,0
-36.0,-143.0,21.0,2765.0,-55.0,-1131.0,0
-66.0,-75.0,8.0,3215.0,-103.0,-1138.0,0
-89.0,-19.0,4.0,3477.0,-141.0,-1073.0,0
-99.0,36.0,-1.0,3536.0,-187.0,-909.0,0
-84.0,79.0,-26.0,3402.0,-241.0,-654.0,0
-52.0,104.0,-71.0,3102.0,-280.0,-364.0,0
-25.0,113.0,-106.0,2672.0,-289.0,-106.0,0
-7.0,112.0,-143.0,2159.0,-271.0,82.0,0
-9.0,105.0,-177.0,1595.0,-243.0,209.0,0
-17.0,97.0,-192.0,1026.0,-206.0,322.0,0
-15.0,88.0,-192.0,515.0,-151.0,448.0,0
0.0,66.0,-170.0,137.0,-72.0,558.0,0
10.0,37.0,-141.0,-77.0,19.0,622.0,0
11.0,6.0,-99.0,-140.0,93.0,622.0,0
3.0,-18.0,-52.0,-66.0,135.0,574.0,0
-11.0,-42.0,-15.0,151.0,142.0,511.0,0
-19.0,-51.0,4.0,490.0,113.0,456.0,0
-11.0,-58.0,5.0,902.0,63.0,407.0,0
-13.0,-66.0,-18.0,1324.0,17.0,354.0,0
-16.0,-66.0,-61.0,1699.0,-4.0,297.0,0
-18.0,-79.0,-106.0,2004.0,3.0,243.0,0
8.0,-100.0,-151.0,2230.0,46.0,190.0,0
84.0,-129.0,-177.0,2331.0,159.0,130.0,0
183.0,-168.0,-197.0,2267.0,373.0,14.0,0
256.0,-192.0,-189.0,2052.0,664.0,-183.0,0
257.0,-213.0,-176.0,1683.0,874.0,-463.0,0
163.0,-224.0,-192.0,1260.0,875.0,-845.0,0
35.0,-224.0,-234.0,598.0,800.0,-1226.0,0
3.0,-261.0,-267.0,-214.0,850.0,-1500.0,0
57.0,-320.0,-270.0,-1237.0,1002.0,-1744.0,0
121.0,-391.0,-274.0,-2423.0,1317.0,-2061.0,0
172.0,-502.0,-263.0,-3610.0,1585.0,-2461.0,0
165.0,-660.0,-264.0,-4772.0,1465.0,-2814.0,0
84.0,-840.0,-257.0,-5865.0,1019.0,-3199.0,0
-53.0,-1013.0,-175.0,-6544.0,684.0,-3365.0,0
-159.0,-1126.0,-61.0,-6443.0,483.0,-2951.0,0
-168.0,-1197.0,50.0,-5507.0,288.0,-1877.0,0
-128.0,-1207.0,133.0,-3873.0,150.0,-723.0,0
-138.0,-1119.0,163.0,-1762.0,92.0,-34.0,0
-164.0,-975.0,151.0,469.0,67.0,326.0,0
-172.0,-821.0,128.0,2388.0,-4.0,604.0,0
-153.0,-652.0,116.0,3767.0,-126.0,850.0,0
-116.0,-491.0,108.0,4575.0,-287.0,1061.0,0
-68.0,-356.0,94.0,4872.0,-503.0,1271.0,0
-8.0,-227.0,65.0,4732.0,-759.0,1487.0,0
34.0,-147.0,47.0,4206.0,-994.0,1688.0,0
72.0,-84.0,11.0,3376.0,-1144.0,1864.0,0
96.0,-51.0,-4.0,2334.0,-1175.0,2021.0,0
108.0,-55.0,3.0,1201.0,-1111.0,2169.0,0
88.0,-90.0,-2.0,68.0,-1011.0,2271.0,0
63.0,-156.0,18.0,-992.0,-914.0,2286.0,0
39.0,-229.0,49.0,-1896.0,-819.0,2193.0,0
35.0,-296.0,91.0,-2576.0,-713.0,2039.0,0
43.0,-340.0,123.0,-2967.0,-616.0,1874.0,0
51.0,-380.0,136.0,-3061.0,-529.0,1736.0,0
55.0,-395.0,136.0,-2912.0,-466.0,1635.0,0
48.0,-395.0,124.0,-2558.0,-432.0,1565.0,0
37.0,-385.0,111.0,-2067.0,-422.0,1530.0,0
22.0,-359.0,104.0,-1481.0,-442.0,1505.0,0
8.0,-323.0,103.0,-809.0,-494.0,1470.0,0
2.0,-280.0,99.0,-60.0,-571.0,1447.0,0
1.0,-237.0,80.0,717.0,-660.0,1447.0,0
13.0,-196.0,50.0,1454.0,-745.0,1441.0,0
44.0,-155.0,7.0,2085.0,-819.0,1410.0,0
82.0,-115.0,-27.0,2583.0,-849.0,1341.0,0
120.0,-69.0,-67.0,2951.0,-820.0,1221.0,0
152.0,-24.0,-103.0,3212.0,-710.0,1043.0,0
164.0,21.0,-134.0,3376.0,-538.0,807.0,0
164.0,59.0,-168.0,3423.0,-352.0,557.0,0
159.0,81.0,-193.0,3310.0,-179.0,326.0,0
140.0,100.0,-223.0,2974.0,-29.0,133.0,0
126.0,111.0,-239.0,2400.0,85.0,-40.0,0
103.0,123.0,-250.0,1633.0,141.0,-223.0,0
89.0,135.0,-248.0,753.0,107.0,-437.0,0
73.0,146.0,-235.0,-124.0,-13.0,-659.0,0
55.0,154.0,-214.0,-910.0,-186.0,-854.0,0
22.0,149.0,-192.0,-1559.0,-352.0,-960.0,0
-7.0,123.0,-165.0,-2095.0,-471.0,-947.0,0
-26.0,73.0,-69.0,-2499.0,-541.0,-860.0,0
-51.0,12.0,5.0,-2588.0,-573.0,-757.0,0
-73.0,-46.0,63.0,-2330.0,-639.0,-688.0,0
-87.0,-89.0,83.0,-1809.0,-744.0,-654.0,0
-97.0,-119.0,86.0,-1132.0,-844.0,-651.0,0
-95.0,-133.0,85.0,-377.0,-879.0,-675.0,0
-90.0,-138.0,64.0,391.0,-806.0,-717.0,0
-82.0,-135.0,39.0,1119.0,-615.0,-766.0,0
-73.0,-141.0,-3.0,1777.0,-339.0,-814.0,0
-75.0,-150.0,-30.0,2352.0,-52.0,-838.0,0
-113.0,-164.0,-31.0,2819.0,205.0,-818.0,0
-162.0,-165.0,-22.0,3071.0,475.0,-728.0,0
-227.0,-183.0,-25.0,2971.0,783.0,-551.0,0
-295.0,-193.0,-72.0,2331.0,1071.0,-211.0,0
-286.0,-217.0,-136.0,1149.0,1220.0,328.0,0
-142.0,-329.0,-212.0,-279.0,1128.0,987.0,0
-9.0,-421.0,-245.0,-1734.0,848.0,1579.0,0
37.0,-507.0,-369.0,-3219.0,724.0,1863.0,0
23.0,-597.0,-500.0,-4814.0,1178.0,1892.0,0
32.0,-755.0,-503.0,-6139.0,1959.0,2071.0,0
80.0,-1057.0,-366.0,-7541.0,2049.0,2701.0,0
118.0,-1312.0,-272.0,-7937.0,899.0,3298.0,0
94.0,-1346.0,-153.0,-6905.0,-449.0,3005.0,0
101.0,-1190.0,24.0,-4571.0,-1519.0,1865.0,0
148.0,-1017.0,171.0,-1380.0,-1486.0,775.0,0
161.0,-859.0,265.0,1786.0,-953.0,128.0,0
120.0,-696.0,288.0,4130.0,-573.0,-184.0,0
81.0,-532.0,250.0,5489.0,-483.0,-490.0,0
51.0,-383.0,182.0,6054.0,-505.0,-776.0,0
43.0,-255.0,111.0,6012.0,-514.0,-1032.0,0
37.0,-155.0,67.0,5523.0,-460.0,-1270.0,0
20.0,-71.0,46.0,4732.0,-320.0,-1519.0,0
-11.0,-17.0,45.0,3728.0,-105.0,-1758.0,0
-49.0,1.0,48.0,2592.0,155.0,-1877.0,0
-77.0,2.0,55.0,1417.0,421.0,-1809.0,0
-86.0,-26.0,57.0,269.0,677.0,-1546.0,0
-69.0,-71.0,70.0,-829.0,907.0,-1174.0,0
-31.0,-130.0,81.0,-1834.0,1068.0,-815.0,0
0.0,-200.0,90.0,-2740.0,1102.0,-606.0,0
10.0,-259.0,91.0,-3576.0,1015.0,-558.0,0
6.0,-308.0,95.0,-4317.0,852.0,-586.0,0
10.0,-357.0,92.0,-4846.0,645.0,-591.0,0
32.0,-398.0,82.0,-5090.0,433.0,-555.0,0
63.0,-443.0,69.0,-5021.0,271.0,-516.0,0
87.0,-469.0,65.0,-4678.0,202.0,-518.0,0
98.0,-492.0,55.0,-4066.0,211.0,-584.0,0
102.0,-498.0,45.0,-3238.0,251.0,-694.0,0
100.0,-488.0,45.0,-2267.0,258.0,-806.0,0
96.0,-459.0,34.0,-1215.0,192.0,-871.0,0
89.0,-408.0,27.0,-150.0,52.0,-858.0,0
77.0,-351.0,10.0,882.0,-114.0,-822.0,0
64.0,-285.0,-4.0,1802.0,-286.0,-810.0,0
35.0,-222.0,-21.0,2541.0,-441.0,-856.0,0
4.0,-154.0,-36.0,3064.0,-549.0,-937.0,0
-35.0,-82.0,-45.0,3376.0,-592.0,-1005.0,0
-66.0,-18.0,-46.0,3528.0,-581.0,-1012.0,0
-80.0,34.0,-48.0,3552.0,-537.0,-916.0,0
-83.0,75.0,-54.0,3458.0,-477.0,-712.0,0
-71.0,102.0,-66.0,3272.0,-423.0,-437.0,0
-54.0,113.0,-84.0,2995.0,-370.0,-162.0,0
-24.0,114.0,-108.0,2595.0,-329.0,45.0,0
-1.0,104.0,-132.0,2085.0,-269.0,158.0,0
21.0,89.0,-160.0,1484.0,-171.0,212.0,0
27.0,91.0,-160.0,911.0,-22.0,247.0,0
29.0,82.0,-156.0,464.0,165.0,273.0,0
33.0,82.0,-135.0,153.0,357.0,307.0,0
32.0,73.0,-104.0,-1.0,518.0,316.0,0
36.0,59.0,-94.0,-42.0,605.0,271.0,0
24.0,37.0,-79.0,-40.0,610.0,204.0,0
15.0,15.0,-58.0,-23.0,552.0,165.0,0
11.0,1.0,-41.0,59.0,448.0,149.0,0
13.0,-18.0,-27.0,226.0,321.0,139.0,0
10.0,-32.0,-22.0,466.0,192.0,121.0,0
11.0,-50.0,-34.0,741.0,82.0,91.0,0
7.0,-62.0,-54.0,1017.0,3.0,50.0,0
0.0,-77.0,-91.0,1271.0,-52.0,1.0,0
-11.0,-98.0,-124.0,1472.0,-87.0,-49.0,0
18.0,-125.0,-146.0,1581.0,-99.0,-103.0,0
103.0,-160.0,-153.0,1557.0,-30.0,-180.0,0
172.0,-181.0,-137.0,1356.0,191.0,-321.0,0
188.0,-183.0,-101.0,938.0,496.0,-523.0,0
156.0,-172.0,-98.0,298.0,656.0,-781.0,0
28.0,-127.0,-145.0,-483.0,543.0,-1070.0,0
-83.0,-127.0,-211.0,-1344.0,352.0,-1281.0,0
-75.0,-190.0,-261.0,-2323.0,364.0,-1382.0,0
5.0,-289.0,-288.0,-3141.0,729.0,-1541.0,0
93.0,-409.0,-291.0,-4060.0,1332.0,-1830.0,0
140.0,-559.0,-338.0,-4910.0,1801.0,-2186.0,0
112.0,-725.0,-408.0,-5957.0,1969.0,-2537.0,0
39.0,-930.0,-368.0,-7227.0,2112.0,-2822.0,0
-84.0,-1119.0,-141.0,-8169.0,2274.0,-2943.0,0
-196.0,-1241.0,105.0,-8069.0,2104.0,-2714.0,0
-209.0,-1306.0,210.0,-6683.0,1402.0,-1843.0,0
-70.0,-1318.0,270.0,-4444.0,649.0,-587.0,0
-2.0,-1227.0,264.0,-1764.0,206.0,375.0,0
5.0,-1071.0,241.0,872.0,113.0,882.0,0
4.0,-885.0,227.0,3026.0,189.0,1102.0,0
11.0,-694.0,198.0,4583.0,227.0,1180.0,0
26.0,-521.0,149.0,5552.0,129.0,1236.0,0
42.0,-368.0,90.0,5945.0,-83.0,1347.0,0
56.0,-239.0,37.0,5753.0,-320.0,1508.0,0
72.0,-135.0,4.0,5033.0,-532.0,1702.0,0
86.0,-64.0,1.0,3956.0,-697.0,1881.0,0
82.0,-20.0,10.0,2747.0,-787.0,1996.0,0
63.0,-13.0,24.0,1571.0,-781.0,2046.0,0
50.0,-35.0,45.0,502.0,-689.0,2025.0,0
44.0,-69.0,57.0,-409.0,-520.0,1959.0,0
44.0,-123.0,68.0,-1137.0,-307.0,1888.0,0
28.0,-165.0,77.0,-1696.0,-97.0,1831.0,0
10.0,-221.0,76.0,-2126.0,58.0,1799.0,0
-11.0,-271.0,79.0,-2472.0,152.0,1803.0,0
-46.0,-303.0,79.0,-2709.0,164.0,1800.0,0
-59.0,-332.0,74.0,-2794.0,95.0,1776.0,0
-72.0,-346.0,72.0,-2690.0,-54.0,1708.0,0
-71.0,-335.0,81.0,-2406.0,-266.0,1600.0,0
-66.0,-314.0,83.0,-1931.0,-511.0,1477.0,0
-56.0,-281.0,76.0,-1291.0,-747.0,1359.0,0
-38.0,-249.0,62.0,-558.0,-940.0,1238.0,0
-20.0,-198.0,40.0,198.0,-1056.0,1088.0,0
10.0,-154.0,4.0,942.0,-1063.0,896.0,0
34.0,-104.0,-33.0,1612.0,-962.0,653.0,0
63.0,-61.0,-75.0,2133.0,-775.0,372.0,0
81.0,-17.0,-109.0,2448.0,-531.0,90.0,0
87.0,22.0,-146.0,2529.0,-250.0,-161.0,0
80.0,51.0,-179.0,2362.0,29.0,-375.0,0
72.0,68.0,-199.0,1978.0,258.0,-548.0,0
60.0,80.0,-216.0,1440.0,396.0,-698.0,0
43.0,80.0,-229.0,817.0,409.0,-856.0,0
24.0,87.0,-228.0,180.0,312.0,-1014.0,0
7.0,83.0,-213.0,-414.0,155.0,-1132.0,0
2.0,73.0,-184.0,-910.0,5.0,-1186.0,0
-10.0,54.0,-126.0,-1258.0,-105.0,-1161.0,0
-5.0,11.0,-72.0,-1424.0,-198.0,-1072.0,0
-4.0,-18.0,-16.0,-1389.0,-308.0,-971.0,0
-10.0,-47.0,24.0,-1151.0,-442.0,-888.0,0
-7.0,-66.0,37.0,-745.0,-578.0,-812.0,0
-2.0,-75.0,35.0,-230.0,-693.0,-737.0,0
-1.0,-82.0,11.0,341.0,-770.0,-667.0,0
0.0,-94.0,-38.0,942.0,-802.0,-614.0,0
-7.0,-107.0,-73.0,1558.0,-814.0,-576.0,0
-38.0,-112.0,-88.0,2113.0,-778.0,-532.0,0
-82.0,-108.0,-94.0,2448.0,-634.0,-463.0,0
-139.0,-105.0,-108.0,2441.0,-399.0,-359.0,0
-219.0,-113.0,-145.0,2011.0,-209.0,-190.0,0
-247.0,-130.0,-214.0,1161.0,-211.0,185.0,0
-185.0,-178.0,-277.0,54.0,-347.0,802.0,0
-60.0,-269.0,-322.0,-1082.0,-380.0,1486.0,0
54.0,-385.0,-323.0,-1963.0,-141.0,1942.0,0
62.0,-524.0,-347.0,-3187.0,422.0,2101.0,0
0.0,-679.0,-359.0,-4646.0,1344.0,2231.0,0
-19.0,-891.0,-241.0,-6163.0,2098.0,2613.0,0
46.0,-1191.0,-261.0,-7268.0,2366.0,3003.0,0
71.0,-1412.0,-288.0,-7662.0,1503.0,2731.0,0
13.0,-1372.0,-113.0,-7023.0,166.0,1915.0,0
26.0,-1215.0,89.0,-4858.0,-702.0,789.0,0
106.0,-1096.0,181.0,-1687.0,-938.0,134.0,0
142.0,-979.0,217.0,1286.0,-865.0,-221.0,0
122.0,-836.0,202.0,3454.0,-738.0,-536.0,0
82.0,-668.0,170.0,4822.0,-605.0,-853.0,0
51.0,-494.0,129.0,5560.0,-398.0,-1160.0,0
35.0,-338.0,100.0,5824.0,-105.0,-1478.0,0
15.0,-206.0,83.0,5699.0,195.0,-1802.0,0
-28.0,-60.0,79.0,5248.0,426.0,-2038.0,0
-53.0,14.0,64.0,4530.0,567.0,-2093.0,0
-73.0,37.0,52.0,3588.0,653.0,-1964.0,0
-73.0,32.0,33.0,2481.0,721.0,-1705.0,0
-49.0,-5.0,18.0,1304.0,780.0,-1389.0,0
-3.0,-61.0,17.0,152.0,837.0,-1075.0,0
30.0,-113.0,24.0,-900.0,881.0,-838.0,0
45.0,-157.0,32.0,-1794.0,891.0,-715.0,0
32.0,-202.0,28.0,-2564.0,869.0,-672.0,0
28.0,-250.0,19.0,-3265.0,810.0,-669.0,0
26.0,-297.0,19.0,-3895.0,693.0,-682.0,0
20.0,-329.0,23.0,-4390.0,508.0,-698.0,0
20.0,-359.0,20.0,-4643.0,280.0,-722.0,0
22.0,-375.0,21.0,-4579.0,39.0,-745.0,0
32.0,-382.0,27.0,-4219.0,-172.0,-754.0,0
42.0,-384.0,29.0,-3580.0,-338.0,-772.0,0
44.0,-384.0,27.0,-2723.0,-445.0,-794.0,0
41.0,-369.0,35.0,-1737.0,-513.0,-823.0,0
34.0,-334.0,40.0,-693.0,-578.0,-858.0,0
23.0,-294.0,31.0,330.0,-650.0,-890.0,0
-2.0,-248.0,18.0,1253.0,-708.0,-890.0,0
-26.0,-189.0,4.0,2034.0,-738.0,-838.0,0
-49.0,-128.0,-4.0,2650.0,-736.0,-750.0,0
-65.0,-68.0,-16.0,3085.0,-703.0,-654.0,0
-65.0,-12.0,-25.0,3324.0,-651.0,-530.0,0
-50.0,37.0,-39.0,3372.0,-585.0,-386.0,0
-29.0,77.0,-60.0,3256.0,-488.0,-206.0,0
2.0,97.0,-79.0,2992.0,-343.0,1.0,0
24.0,108.0,-101.0,2586.0,-169.0,191.0,0
50.0,112.0,-109.0,2073.0,6.0,335.0,0
64.0,112.0,-114.0,1571.0,170.0,391.0,0
71.0,103.0,-117.0,1134.0,317.0,388.0,0
77.0,88.0,-118.0,767.0,442.0,362.0,0
75.0,60.0,-113.0,486.0,544.0,322.0,0
68.0,26.0,-100.0,278.0,618.0,286.0,0
60.0,-3.0,-79.0,179.0,656.0,248.0,0
48.0,-34.0,-56.0,219.0,640.0,215.0,0
39.0,-51.0,-45.0,396.0,555.0,177.0,0
25.0,-64.0,-45.0,679.0,416.0,145.0,0
16.0,-77.0,-64.0,1010.0,249.0,121.0,0
8.0,-92.0,-108.0,1333.0,84.0,106.0,0
0.0,-109.0,-156.0,1614.0,-56.0,88.0,0
35.0,-132.0,-195.0,1815.0,-156.0,61.0,0
132.0,-166.0,-222.0,1894.0,-171.0,-10.0,0
235.0,-196.0,-203.0,1830.0,-42.0,-171.0,0
269.0,-216.0,-150.0,1638.0,223.0,-411.0,0
201.0,-227.0,-91.0,1316.0,478.0,-732.0,0
58.0,-217.0,-100.0,871.0,646.0,-1107.0,0
-16.0,-210.0,-175.0,240.0,795.0,-1453.0,0
5.0,-218.0,-256.0,-700.0,1001.0,-1753.0,0
34.0,-249.0,-295.0,-1859.0,1303.0,-2045.0,0
39.0,-309.0,-302.0,-2799.0,1669.0,-2353.0,0
18.0,-438.0,-285.0,-3867.0,1929.0,-2683.0,0
-38.0,-606.0,-282.0,-4787.0,1940.0,-3067.0,0
-125.0,-758.0,-254.0,-5502.0,1917.0,-3407.0,0
-208.0,-872.0,-179.0,-5856.0,1999.0,-3415.0,0
-233.0,-962.0,-82.0,-5730.0,2049.0,-3028.0,0
-179.0,-1021.0,35.0,-5176.0,1867.0,-2071.0,0
-98.0,-1023.0,140.0,-4156.0,1354.0,-871.0,0
-87.0,-954.0,198.0,-2644.0,640.0,238.0,0
-109.0,-847.0,203.0,-815.0,5.0,1073.0,0
-119.0,-715.0,166.0,922.0,-389.0,1569.0,0
-111.0,-582.0,124.0,2181.0,-557.0,1768.0,0
-95.0,-459.0,68.0,2857.0,-650.0,1769.0,0
-86.0,-353.0,29.0,3004.0,-825.0,1711.0,0
-65.0,-266.0,-12.0,2739.0,-1065.0,1688.0,0
-24.0,-204.0,-27.0,2206.0,-1247.0,1694.0,0
20.0,-184.0,-21.0,1536.0,-1301.0,1659.0,0
58.0,-203.0,-7.0,796.0,-1236.0,1526.0,0
81.0,-239.0,18.0,33.0,-1072.0,1300.0,0
76.0,-280.0,58.0,-690.0,-875.0,1058.0,0
64.0,-336.0,88.0,-1321.0,-691.0,910.0,0
73.0,-395.0,125.0,-1820.0,-565.0,870.0,0
99.0,-447.0,165.0,-2136.0,-515.0,886.0,0
118.0,-483.0,181.0,-2222.0,-510.0,924.0,0
136.0,-501.0,189.0,-2112.0,-501.0,1000.0,0
139.0,-500.0,197.0,-1848.0,-469.0,1116.0,0
128.0,-475.0,191.0,-1464.0,-416.0,1273.0,0
104.0,-445.0,171.0,-1020.0,-355.0,1438.0,0
63.0,-402.0,138.0,-557.0,-305.0,1574.0,0
26.0,-355.0,104.0,-92.0,-257.0,1650.0,0
0.0,-308.0,59.0,344.0,-199.0,1649.0,0
-22.0,-256.0,18.0,704.0,-122.0,1581.0,0
-28.0,-200.0,-2.0,956.0,-43.0,1457.0,0
-24.0,-140.0,-20.0,1124.0,-8.0,1316.0,0
1.0,-90.0,-36.0,1243.0,-30.0,1194.0,0
23.0,-36.0,-60.0,1310.0,-89.0,1072.0,0
44.0,12.0,-81.0,1303.0,-167.0,937.0,0
74.0,59.0,-102.0,1212.0,-229.0,787.0,0
95.0,85.0,-147.0,1028.0,-233.0,614.0,0
93.0,106.0,-177.0,728.0,-176.0,415.0,0
69.0,110.0,-202.0,307.0,-102.0,175.0,0
32.0,100.0,-212.0,-213.0,-71.0,-94.0,0
2.0,85.0,-208.0,-761.0,-124.0,-362.0,0
-29.0,71.0,-188.0,-1234.0,-228.0,-601.0,0
-48.0,50.0,-160.0,-1539.0,-327.0,-774.0,0
-52.0,18.0,-117.0,-1623.0,-402.0,-904.0,0
-49.0,-11.0,-62.0,-1464.0,-454.0,-1038.0,0
-48.0,-41.0,-30.0,-1089.0,-483.0,-1159.0,0
-44.0,-58.0,-9.0,-558.0,-499.0,-1244.0,0
-36.0,-70.0,0.0,50.0,-508.0,-1284.0,0
-35.0,-77.0,-1.0,672.0,-506.0,-1291.0,0
-36.0,-72.0,-11.0,1260.0,-482.0,-1274.0,0
-37.0,-64.0,-26.0,1780.0,-447.0,-1239.0,0
-35.0,-55.0,-38.0,2204.0,-395.0,-1198.0,0
-32.0,-45.0,-71.0,2517.0,-324.0,-1160.0,0
-28.0,-44.0,-116.0,2725.0,-264.0,-1129.0,0
-38.0,-34.0,-131.0,2826.0,-231.0,-1086.0,0
-74.0,-27.0,-128.0,2779.0,-192.0,-1012.0,0
-118.0,-33.0,-135.0,2526.0,-90.0,-883.0,0
-190.0,-52.0,-179.0,2021.0,79.0,-685.0,0
-268.0,-88.0,-237.0,1159.0,227.0,-348.0,0
-287.0,-134.0,-271.0,-5.0,259.0,229.0,0
-182.0,-207.0,-284.0,-972.0,132.0,991.0,0
-35.0,-294.0,-296.0,-2036.0,-124.0,1677.0,0
45.0,-381.0,-311.0,-2907.0,-299.0,2079.0,0
45.0,-462.0,-276.0,-3723.0,-210.0,2291.0,0
-18.0,-566.0,-197.0,-4521.0,193.0,2498.0,0
-73.0,-698.0,-162.0,-5112.0,681.0,2849.0,0
-60.0,-900.0,-169.0,-5426.0,813.0,3211.0,0
19.0,-1090.0,-235.0,-5427.0,281.0,3420.0,0
87.0,-1161.0,-219.0,-5100.0,-629.0,2900.0,0
92.0,-1098.0,-89.0,-4208.0,-1232.0,1665.0,0
53.0,-965.0,73.0,-2597.0,-1148.0,439.0,0
43.0,-875.0,166.0,-548.0,-741.0,-134.0,0
26.0,-811.0,190.0,1326.0,-518.0,-325.0,0
7.0,-732.0,174.0,2659.0,-565.0,-554.0,0
10.0,-625.0,137.0,3443.0,-710.0,-885.0,0
29.0,-502.0,107.0,3806.0,-755.0,-1240.0,0
41.0,-372.0,93.0,3909.0,-603.0,-1533.0,0
44.0,-264.0,83.0,3871.0,-318.0,-1704.0,0
16.0,-193.0,66.0,3707.0,-70.0,-1722.0,0
-26.0,-146.0,53.0,3379.0,53.0,-1603.0,0
-48.0,-122.0,33.0,2863.0,81.0,-1415.0,0
-57.0,-118.0,13.0,2160.0,71.0,-1199.0,0
-43.0,-111.0,-3.0,1277.0,54.0,-975.0,0
1.0,-110.0,-1.0,211.0,36.0,-767.0,0
61.0,-137.0,-1.0,-980.0,4.0,-625.0,0
101.0,-190.0,-3.0,-2200.0,-50.0,-588.0,0
123.0,-244.0,4.0,-3338.0,-82.0,-603.0,0
128.0,-293.0,36.0,-4225.0,-66.0,-605.0,0
129.0,-339.0,72.0,-4685.0,0.0,-574.0,0
130.0,-377.0,99.0,-4653.0,101.0,-549.0,0
126.0,-402.0,112.0,-4189.0,189.0,-561.0,0
127.0,-420.0,117.0,-3412.0,232.0,-616.0,0
121.0,-423.0,110.0,-2455.0,234.0,-703.0,0
109.0,-402.0,84.0,-1415.0,205.0,-801.0,0
86.0,-374.0,63.0,-383.0,144.0,-885.0,0
59.0,-337.0,36.0,567.0,52.0,-929.0,0
16.0,-293.0,15.0,1367.0,-56.0,-960.0,0
-8.0,-236.0,-6.0,1999.0,-177.0,-976.0,0
-39.0,-178.0,-24.0,2479.0,-298.0,-944.0,0
-66.0,-124.0,-43.0,2842.0,-403.0,-884.0,0
-89.0,-66.0,-61.0,3112.0,-497.0,-797.0,0
-103.0,-11.0,-80.0,3278.0,-572.0,-685.0,0
-113.0,42.0,-86.0,3310.0,-615.0,-524.0,0
-118.0,81.0,-105.0,3181.0,-629.0,-309.0,0
-101.0,111.0,-121.0,2876.0,-617.0,-55.0,0
-92.0,128.0,-134.0,2414.0,-596.0,209.0,0
-71.0,129.0,-147.0,1843.0,-552.0,445.0,0
-37.0,118.0,-152.0,1212.0,-479.0,602.0,0
-7.0,103.0,-157.0,578.0,-369.0,684.0,0
18.0,77.0,-157.0,3.0,-221.0,718.0,0
34.0,52.0,-147.0,-445.0,-49.0,728.0,0
37.0,18.0,-118.0,-733.0,127.0,706.0,0
35.0,-4.0,-83.0,-846.0,281.0,652.0,0
31.0,-30.0,-50.0,-808.0,393.0,574.0,0
27.0,-52.0,-6.0,-638.0,450.0,501.0,0
22.0,-65.0,27.0,-329.0,447.0,441.0,0
29.0,-81.0,51.0,129.0,395.0,379.0,0
32.0,-94.0,59.0,692.0,310.0,310.0,0
36.0,-100.0,45.0,1291.0,201.0,230.0,0
35.0,-105.0,6.0,1849.0,80.0,141.0,0
29.0,-121.0,-58.0,2315.0,-22.0,49.0,0
33.0,-137.0,-142.0,2690.0,-95.0,-45.0,0
110.0,-167.0,-205.0,2911.0,-107.0,-136.0,0
275.0,-201.0,-259.0,2892.0,48.0,-256.0,0
363.0,-220.0,-252.0,2658.0,456.0,-440.0,0
376.0,-233.0,-171.0,2234.0,922.0,-723.0,0
258.0,-210.0,-139.0,1592.0,1136.0,-1186.0,0
51.0,-173.0,-194.0,761.0,1020.0,-1683.0,0
-30.0,-189.0,-303.0,-235.0,819.0,-1990.0,0
13.0,-271.0,-395.0,-1409.0,819.0,-2168.0,0
63.0,-365.0,-391.0,-2663.0,1146.0,-2353.0,0
84.0,-461.0,-330.0,-3745.0,1637.0,-2545.0,0
81.0,-617.0,-323.0,-4708.0,1917.0,-2738.0,0
12.0,-806.0,-355.0,-5635.0,1867.0,-2875.0,0
-97.0,-1011.0,-275.0,-6923.0,1765.0,-2671.0,0
-201.0,-1176.0,-124.0,-7666.0,1637.0,-2040.0,0
-277.0,-1239.0,-46.0,-7264.0,1261.0,-1160.0,0
-298.0,-1196.0,61.0,-5717.0,879.0,-188.0,0
-248.0,-1105.0,178.0,-3242.0,574.0,610.0,0
-202.0,-985.0,246.0,-290.0,529.0,1031.0,0
-202.0,-836.0,265.0,2464.0,561.0,1147.0,0
-216.0,-627.0,246.0,4510.0,421.0,1191.0,0
-206.0,-466.0,192.0,5741.0,-15.0,1268.0,0
-192.0,-320.0,108.0,6267.0,-667.0,1389.0,0
-168.0,-193.0,36.0,6125.0,-1368.0,1535.0,0
-125.0,-81.0,-18.0,5346.0,-1979.0,1696.0,0
-67.0,-24.0,-62.0,4101.0,-2405.0,1821.0,0
3.0,-19.0,-103.0,2634.0,-2598.0,1830.0,0
62.0,-45.0,-117.0,1127.0,-2542.0,1727.0,0
95.0,-65.0,-101.0,-297.0,-2266.0,1589.0,0
107.0,-109.0,-64.0,-1541.0,-1869.0,1489.0,0
98.0,-170.0,-17.0,-2539.0,-1473.0,1439.0,0
93.0,-230.0,31.0,-3268.0,-1157.0,1441.0,0
94.0,-277.0,67.0,-3692.0,-934.0,1484.0,0
99.0,-316.0,96.0,-3809.0,-765.0,1550.0,0
98.0,-355.0,110.0,-3674.0,-605.0,1629.0,0
91.0,-379.0,118.0,-3377.0,-433.0,1709.0,0
73.0,-387.0,119.0,-2988.0,-276.0,1756.0,0
55.0,-390.0,112.0,-2514.0,-156.0,1754.0,0
32.0,-372.0,116.0,-1979.0,-94.0,1716.0,0
4.0,-346.0,117.0,-1373.0,-108.0,1665.0,0
-10.0,-322.0,109.0,-713.0,-211.0,1625.0,0
-13.0,-290.0,89.0,-40.0,-397.0,1590.0,0
2.0,-254.0,64.0,605.0,-618.0,1536.0,0
13.0,-209.0,29.0,1196.0,-829.0,1459.0,0
55.0,-169.0,-9.0,1716.0,-995.0,1379.0,0
91.0,-124.0,-44.0,2147.0,-1093.0,1286.0,0
125.0,-86.0,-77.0,2473.0,-1106.0,1168.0,0
137.0,-48.0,-115.0,2676.0,-1022.0,994.0,0
140.0,-8.0,-145.0,2739.0,-875.0,780.0,0
133.0,19.0,-185.0,2640.0,-725.0,557.0,0
122.0,46.0,-209.0,2355.0,-598.0,343.0,0
111.0,65.0,-226.0,1900.0,-493.0,143.0,0
113.0,79.0,-227.0,1322.0,-416.0,-50.0,0
108.0,96.0,-222.0,689.0,-388.0,-247.0,0
108.0,100.0,-199.0,79.0,-405.0,-460.0,0
105.0,98.0,-169.0,-450.0,-432.0,-697.0,0
77.0,80.0,-137.0,-842.0,-451.0,-932.0,0
33.0,59.0,-109.0,-1097.0,-442.0,-1089.0,0
5.0,28.0,-73.0,-1208.0,-407.0,-1122.0,0
0.0,-4.0,-45.0,-1155.0,-382.0,-1093.0,0
-9.0,-38.0,-28.0,-944.0,-385.0,-1062.0,0
-23.0,-63.0,-33.0,-607.0,-396.0,-1052.0,0
-43.0,-85.0,-60.0,-173.0,-407.0,-1050.0,0
-68.0,-105.0,-87.0,324.0,-416.0,-1033.0,0
-98.0,-119.0,-94.0,844.0,-401.0,-999.0,0
-142.0,-126.0,-89.0,1326.0,-306.0,-945.0,0
-203.0,-144.0,-95.0,1697.0,-108.0,-856.0,0
-276.0,-173.0,-122.0,1869.0,171.0,-697.0,0
-326.0,-229.0,-159.0,1752.0,444.0,-409.0,0
-281.0,-283.0,-149.0,1340.0,608.0,111.0,0
-137.0,-320.0,-110.0,813.0,638.0,749.0,0
6.0,-376.0,-81.0,278.0,633.0,1210.0,0
70.0,-425.0,-51.0,-448.0,803.0,1410.0,0
83.0,-466.0,-54.0,-1399.0,1290.0,1434.0,0
76.0,-542.0,-122.0,-2441.0,2053.0,1433.0,0
121.0,-617.0,-187.0,-3448.0,2774.0,1589.0,0
155.0,-718.0,-259.0,-4231.0,2799.0,1846.0,0
81.0,-812.0,-292.0,-4646.0,1841.0,2014.0,0
-45.0,-873.0,-227.0,-4734.0,447.0,1998.0,0
-79.0,-873.0,-110.0,-4048.0,-633.0,1795.0,0
-27.0,-836.0,-23.0,-2536.0,-1067.0,1420.0,0
19.0,-765.0,42.0,-692.0,-1174.0,994.0,0
36.0,-675.0,84.0,1014.0,-1019.0,567.0,0
33.0,-580.0,116.0,2339.0,-782.0,222.0,0
20.0,-486.0,134.0,3230.0,-557.0,-240.0,0
0.0,-395.0,137.0,3738.0,-383.0,-692.0,0
-13.0,-310.0,127.0,3924.0,-251.0,-1046.0,0
0.0,-241.0,103.0,3845.0,-107.0,-1281.0,0
21.0,-197.0,72.0,3471.0,100.0,-1457.0,0
32.0,-165.0,53.0,2795.0,385.0,-1642.0,0
32.0,-140.0,45.0,1842.0,716.0,-1815.0,0
31.0,-128.0,50.0,681.0,1041.0,-1929.0,0
25.0,-143.0,63.0,-595.0,1311.0,-1933.0,0
11.0,-196.0,71.0,-1910.0,1484.0,-1804.0,0
38.0,-307.0,92.0,-3226.0,1543.0,-1512.0,0
78.0,-421.0,127.0,-4422.0,1449.0,-1133.0,0
101.0,-512.0,150.0,-5274.0,1215.0,-807.0,0
99.0,-568.0,168.0,-5612.0,953.0,-579.0,0
102.0,-589.0,167.0,-5415.0,752.0,-418.0,0
103.0,-585.0,158.0,-4760.0,625.0,-319.0,0
97.0,-564.0,146.0,-3781.0,538.0,-286.0,0
91.0,-527.0,133.0,-2591.0,463.0,-311.0,0
86.0,-481.0,102.0,-1286.0,361.0,-406.0,0
82.0,-424.0,77.0,34.0,223.0,-568.0,0
80.0,-368.0,41.0,1260.0,61.0,-757.0,0
65.0,-306.0,12.0,2282.0,-102.0,-958.0,0
39.0,-240.0,-14.0,3031.0,-243.0,-1133.0,0
6.0,-176.0,-37.0,3527.0,-351.0,-1259.0,0
-26.0,-110.0,-59.0,3822.0,-418.0,-1362.0,0
-52.0,-60.0,-77.0,3921.0,-439.0,-1459.0,0
-71.0,-6.0,-99.0,3811.0,-413.0,-1502.0,0
-80.0,44.0,-106.0,3540.0,-342.0,-1456.0,0
-77.0,93.0,-114.0,3189.0,-244.0,-1335.0,0
-72.0,130.0,-127.0,2807.0,-128.0,-1172.0,0
-72.0,165.0,-134.0,2385.0,-2.0,-993.0,0
-81.0,188.0,-152.0,1871.0,108.0,-804.0,0
-98.0,183.0,-170.0,1251.0,198.0,-563.0,0
-97.0,162.0,-190.0,535.0,250.0,-274.0,0
-82.0,134.0,-203.0,-251.0,248.0,14.0,0
-59.0,95.0,-185.0,-1019.0,211.0,258.0,0
-34.0,53.0,-144.0,-1636.0,177.0,438.0,0
-14.0,5.0,-109.0,-1981.0,172.0,556.0,0
-4.0,-29.0,-64.0,-2023.0,185.0,609.0,0
-9.0,-58.0,-16.0,-1774.0,182.0,623.0,0
-1.0,-87.0,17.0,-1291.0,130.0,628.0,0
5.0,-115.0,43.0,-655.0,21.0,626.0,0
11.0,-133.0,60.0,60.0,-115.0,595.0,0
23.0,-141.0,55.0,784.0,-241.0,533.0,0
29.0,-148.0,45.0,1474.0,-324.0,444.0,0
30.0,-145.0,15.0,2088.0,-346.0,333.0,0
19.0,-139.0,-27.0,2602.0,-302.0,215.0,0
-8.0,-132.0,-85.0,3015.0,-207.0,109.0,0
-6.0,-129.0,-135.0,3306.0,-100.0,37.0,0
66.0,-133.0,-176.0,3413.0,20.0,0.0,0
184.0,-145.0,-197.0,3292.0,219.0,-55.0,0
267.0,-148.0,-181.0,2955.0,504.0,-170.0,0
302.0,-157.0,-140.0,2423.0,735.0,-367.0,0
256.0,-157.0,-158.0,1710.0,733.0,-687.0,0
162.0,-163.0,-229.0,791.0,576.0,-1071.0,0
104.0,-196.0,-325.0,-358.0,541.0,-1383.0,0
119.0,-270.0,-380.0,-1693.0,778.0,-1610.0,0
134.0,-362.0,-389.0,-3096.0,1216.0,-1836.0,0
113.0,-460.0,-371.0,-4420.0,1617.0,-2110.0,0
54.0,-572.0,-330.0,-5622.0,1817.0,-2424.0,0
-48.0,-695.0,-247.0,-6640.0,1807.0,-2676.0,0
-157.0,-814.0,-109.0,-7228.0,1688.0,-2710.0,0
-205.0,-937.0,7.0,-7176.0,1496.0,-2412.0,0
-202.0,-1037.0,62.0,-6498.0,1239.0,-1839.0,0
-198.0,-1100.0,81.0,-5360.0,975.0,-1107.0,0
-205.0,-1116.0,87.0,-3876.0,753.0,-274.0,0
-207.0,-1070.0,115.0,-2135.0,557.0,525.0,0
-224.0,-968.0,137.0,-240.0,336.0,1067.0,0
-236.0,-846.0,149.0,1536.0,82.0,1347.0,0
-237.0,-712.0,145.0,2664.0,-178.0,1448.0,0
-212.0,-574.0,131.0,3619.0,-444.0,1449.0,0
-188.0,-437.0,104.0,4107.0,-737.0,1415.0,0
-152.0,-322.0,79.0,4121.0,-1027.0,1400.0,0
-108.0,-224.0,60.0,3694.0,-1222.0,1422.0,0
-53.0,-155.0,46.0,2892.0,-1380.0,1462.0,0
6.0,-126.0,39.0,1833.0,-1455.0,1513.0,0
48.0,-119.0,57.0,688.0,-1475.0,1568.0,0
70.0,-143.0,74.0,-378.0,-1457.0,1670.0,0
80.0,-205.0,89.0,-1250.0,-1420.0,1767.0,0
66.0,-261.0,117.0,-1895.0,-1389.0,1810.0,0
62.0,-318.0,141.0,-2281.0,-1363.0,1811.0,0
71.0,-366.0,158.0,-2405.0,-1351.0,1786.0,0
77.0,-397.0,155.0,-2302.0,-1347.0,1765.0,0
85.0,-407.0,125.0,-2048.0,-1316.0,1775.0,0
79.0,-415.0,88.0,-1689.0,-1235.0,1801.0,0
59.0,-405.0,47.0,-1245.0,-1116.0,1818.0,0
33.0,-378.0,9.0,-750.0,-988.0,1793.0,0
4.0,-346.0,-16.0,-251.0,-887.0,1706.0,0
-10.0,-300.0,-41.0,219.0,-842.0,1572.0,0
-8.0,-251.0,-57.0,634.0,-851.0,1405.0,0
14.0,-195.0,-72.0,1012.0,-886.0,1226.0,0
52.0,-143.0,-85.0,1363.0,-903.0,1035.0,0
101.0,-89.0,-109.0,1695.0,-863.0,825.0,0
151.0,-35.0,-135.0,1990.0,-734.0,582.0,0
195.0,17.0,-162.0,2213.0,-522.0,319.0,0
216.0,61.0,-191.0,2317.0,-278.0,44.0,0
214.0,100.0,-212.0,2263.0,-32.0,-230.0,0
193.0,127.0,-232.0,2007.0,184.0,-488.0,0
157.0,146.0,-243.0,1542.0,345.0,-730.0,0
135.0,158.0,-251.0,926.0,427.0,-953.0,0
116.0,161.0,-251.0,247.0,426.0,-1162.0,0
103.0,159.0,-251.0,-395.0,385.0,-1354.0,0
89.0,156.0,-228.0,-937.0,340.0,-1516.0,0
72.0,142.0,-194.0,-1313.0,313.0,-1623.0,0
48.0,95.0,-137.0,-1490.0,321.0,-1646.0,0
23.0,37.0,-84.0,-1448.0,349.0,-1559.0,0
2.0,-23.0,-29.0,-1197.0,332.0,-1385.0,0
-8.0,-68.0,14.0,-766.0,226.0,-1192.0,0
-27.0,-96.0,26.0,-224.0,39.0,-1024.0,0
-44.0,-97.0,27.0,356.0,-188.0,-889.0,0
-58.0,-90.0,17.0,921.0,-405.0,-772.0,0
-67.0,-75.0,-15.0,1432.0,-580.0,-665.0,0
-82.0,-65.0,-61.0,1864.0,-713.0,-568.0,0
-106.0,-56.0,-73.0,2176.0,-790.0,-493.0,0
-142.0,-42.0,-61.0,2310.0,-755.0,-435.0,0
-204.0,-34.0,-43.0,2242.0,-576.0,-361.0,0
-267.0,-39.0,-52.0,1932.0,-278.0,-238.0,0
-291.0,-66.0,-116.0,1282.0,64.0,28.0,0
-228.0,-142.0,-194.0,214.0,338.0,558.0,0
-138.0,-264.0,-258.0,-1091.0,472.0,1282.0,0
-87.0,-397.0,-312.0,-2289.0,521.0,1956.0,0
-61.0,-528.0,-340.0,-3274.0,664.0,2444.0,0
-60.0,-637.0,-338.0,-4153.0,1038.0,2768.0,0
-53.0,-713.0,-300.0,-4811.0,1552.0,3036.0,0
-16.0,-788.0,-275.0,-5035.0,1779.0,3309.0,0
48.0,-927.0,-320.0,-4860.0,1272.0,3397.0,0
108.0,-1061.0,-336.0,-4429.0,115.0,2901.0,0
103.0,-1091.0,-246.0,-3675.0,-1035.0,1798.0,0
68.0,-1032.0,-94.0,-2481.0,-1538.0,717.0,0
130.0,-958.0,66.0,-1014.0,-1418.0,172.0,0
178.0,-880.0,156.0,357.0,-1004.0,-78.0,0
185.0,-762.0,199.0,1507.0,-536.0,-372.0,0
160.0,-610.0,209.0,2480.0,-85.0,-748.0,0
128.0,-450.0,182.0,3324.0,354.0,-1103.0,0
97.0,-303.0,159.0,3963.0,726.0,-1388.0,0
63.0,-174.0,143.0,4308.0,950.0,-1591.0,0
4.0,-79.0,105.0,4326.0,984.0,-1689.0,0
-46.0,-32.0,71.0,4061.0,866.0,-1664.0,0
-67.0,-18.0,32.0,3468.0,694.0,-1554.0,0
-67.0,-22.0,1.0,2533.0,583.0,-1429.0,0
-51.0,-51.0,-19.0,1297.0,620.0,-1331.0,0
-39.0,-87.0,-14.0,-125.0,803.0,-1268.0,0
-39.0,-142.0,3.0,-1286.0,1042.0,-1227.0,0
-18.0,-217.0,28.0,-2638.0,1241.0,-1194.0,0
-11.0,-302.0,51.0,-3765.0,1307.0,-1190.0,0
-2.0,-387.0,72.0,-4610.0,1268.0,-1179.0,0
14.0,-470.0,90.0,-5116.0,1143.0,-1116.0,0
44.0,-540.0,111.0,-5228.0,995.0,-1031.0,0
75.0,-586.0,117.0,-4920.0,864.0,-926.0,0
102.0,-617.0,102.0,-4216.0,753.0,-845.0,0
117.0,-623.0,76.0,-3217.0,672.0,-838.0,0
126.0,-606.0,43.0,-2048.0,600.0,-863.0,0
114.0,-564.0,13.0,-783.0,512.0,-901.0,0
103.0,-497.0,-20.0,501.0,409.0,-943.0,0
82.0,-439.0,-42.0,1720.0,265.0,-997.0,0
41.0,-341.0,-69.0,2726.0,78.0,-1068.0,0
0.0,-246.0,-82.0,3431.0,-121.0,-1135.0,0
-46.0,-142.0,-88.0,3824.0,-305.0,-1174.0,0
-85.0,-51.0,-86.0,3940.0,-468.0,-1180.0,0
-117.0,39.0,-81.0,3834.0,-592.0,-1138.0,0
-135.0,105.0,-86.0,3564.0,-677.0,-1026.0,0
-145.0,157.0,-99.0,3178.0,-719.0,-846.0,0
-152.0,181.0,-110.0,2683.0,-709.0,-592.0,0
-132.0,176.0,-130.0,2067.0,-640.0,-288.0,0
-111.0,159.0,-144.0,1359.0,-519.0,-4.0,0
-105.0,129.0,-160.0,631.0,-386.0,209.0,0
-108.0,105.0,-150.0,-79.0,-293.0,362.0,0
-90.0,65.0,-108.0,-673.0,-263.0,490.0,0
-77.0,24.0,-88.0,-994.0,-268.0,597.0,0
-57.0,-11.0,-76.0,-1045.0,-284.0,669.0,0
-35.0,-50.0,-66.0,-917.0,-281.0,709.0,0
-21.0,-66.0,-55.0,-649.0,-254.0,713.0,0
-10.0,-72.0,-43.0,-279.0,-228.0,677.0,0
-1.0,-72.0,-26.0,149.0,-225.0,619.0,0
6.0,-64.0,-14.0,606.0,-244.0,558.0,0
18.0,-59.0,-10.0,1076.0,-267.0,504.0,0
25.0,-57.0,-14.0,1516.0,-273.0,469.0,0
15.0,-63.0,-54.0,1902.0,-264.0,446.0,0
27.0,-55.0,-75.0,2206.0,-242.0,430.0,0
51.0,-62.0,-112.0,2397.0,-201.0,412.0,0
114.0,-78.0,-150.0,2443.0,-120.0,378.0,0
193.0,-104.0,-184.0,2320.0,15.0,303.0,0
250.0,-120.0,-205.0,2042.0,171.0,161.0,0
255.0,-139.0,-224.0,1634.0,266.0,-38.0,0
213.0,-169.0,-229.0,1108.0,234.0,-298.0,0
136.0,-187.0,-237.0,497.0,145.0,-618.0,0
115.0,-212.0,-251.0,-162.0,138.0,-925.0,0
150.0,-250.0,-272.0,-895.0,282.0,-1189.0,0
200.0,-295.0,-290.0,-1731.0,590.0,-1444.0,0
214.0,-347.0,-288.0,-2676.0,1006.0,-1718.0,0
191.0,-425.0,-281.0,-3703.0,1394.0,-1996.0,0
119.0,-531.0,-272.0,-4722.0,1651.0,-2292.0,0
7.0,-632.0,-221.0,-5584.0,1799.0,-2551.0,0
-80.0,-726.0,-121.0,-6105.0,1837.0,-2589.0,0
-130.0,-830.0,-11.0,-6173.0,1688.0,-2245.0,0
-121.0,-929.0,70.0,-5761.0,1347.0,-1567.0,0
-119.0,-1005.0,82.0,-4925.0,921.0,-805.0,0
-151.0,-1027.0,73.0,-3824.0,548.0,-112.0,0
-194.0,-1008.0,51.0,-2536.0,282.0,428.0,0
-227.0,-932.0,36.0,-1144.0,96.0,730.0,0
-243.0,-817.0,24.0,246.0,-47.0,799.0,0
-244.0,-691.0,27.0,1513.0,-202.0,765.0,0
-219.0,-574.0,33.0,2548.0,-455.0,757.0,0
-183.0,-480.0,34.0,3262.0,-792.0,817.0,0
-137.0,-392.0,35.0,3629.0,-1122.0,901.0,0
-87.0,-319.0,23.0,3624.0,-1346.0,960.0,0
-44.0,-252.0,18.0,3212.0,-1427.0,1001.0,0
-3.0,-203.0,21.0,2445.0,-1398.0,1056.0,0
35.0,-172.0,29.0,1483.0,-1327.0,1134.0,0
61.0,-169.0,51.0,491.0,-1247.0,1235.0,0
71.0,-184.0,74.0,-422.0,-1156.0,1347.0,0
80.0,-228.0,94.0,-1197.0,-1054.0,1456.0,0
79.0,-275.0,113.0,-1795.0,-948.0,1538.0,0
81.0,-319.0,114.0,-2122.0,-846.0,1590.0,0
87.0,-354.0,120.0,-2345.0,-751.0,1632.0,0
98.0,-370.0,111.0,-2365.0,-664.0,1666.0,0
97.0,-380.0,99.0,-2188.0,-584.0,1698.0,0
81.0,-373.0,89.0,-1867.0,-478.0,1715.0,0
65.0,-362.0,85.0,-1449.0,-379.0,1701.0,0
51.0,-338.0,71.0,-971.0,-312.0,1646.0,0
40.0,-309.0,51.0,-460.0,-286.0,1583.0,0
34.0,-274.0,26.0,55.0,-303.0,1505.0,0
47.0,-242.0,1.0,555.0,-357.0,1440.0,0
66.0,-210.0,-27.0,1003.0,-433.0,1387.0,0
98.0,-179.0,-53.0,1385.0,-510.0,1317.0,0
125.0,-139.0,-77.0,1709.0,-568.0,1206.0,0
150.0,-98.0,-99.0,1986.0,-577.0,1039.0,0
154.0,-44.0,-108.0,2231.0,-568.0,829.0,0
149.0,5.0,-112.0,2440.0,-563.0,639.0,0
138.0,50.0,-131.0,2573.0,-544.0,473.0,0
124.0,82.0,-146.0,2602.0,-516.0,306.0,0
97.0,121.0,-182.0,2489.0,-502.0,123.0,0
79.0,143.0,-201.0,2186.0,-506.0,-89.0,0
65.0,158.0,-213.0,1691.0,-530.0,-323.0,0
53.0,166.0,-228.0,1055.0,-555.0,-556.0,0
42.0,163.0,-232.0,343.0,-564.0,-760.0,0
24.0,152.0,-228.0,-391.0,-546.0,-918.0,0
5.0,132.0,-224.0,-1095.0,-492.0,-1035.0,0
-4.0,106.0,-178.0,-1708.0,-404.0,-1113.0,0
-10.0,60.0,-92.0,-2124.0,-280.0,-1160.0,0
-21.0,16.0,-37.0,-2178.0,-143.0,-1178.0,0
-21.0,-25.0,17.0,-1927.0,-50.0,-1191.0,0
-27.0,-55.0,46.0,-1454.0,6.0,-1201.0,0
-27.0,-77.0,66.0,-843.0,54.0,-1190.0,0
-29.0,-88.0,66.0,-167.0,116.0,-1164.0,0
-27.0,-101.0,58.0,505.0,200.0,-1133.0,0
-27.0,-109.0,29.0,1121.0,303.0,-1101.0,0
-28.0,-118.0,-11.0,1680.0,388.0,-1070.0,0
-48.0,-127.0,-35.0,2181.0,444.0,-1032.0,0
-64.0,-130.0,-59.0,2567.0,514.0,-970.0,0
-102.0,-132.0,-89.0,2750.0,631.0,-864.0,0
-217.0,-159.0,-118.0,2623.0,744.0,-671.0,0
-349.0,-196.0,-161.0,2090.0,730.0,-290.0,0
-389.0,-249.0,-240.0,1223.0,550.0,351.0,0
-293.0,-335.0,-314.0,222.0,382.0,1243.0,0
-110.0,-435.0,-335.0,-796.0,358.0,2138.0,0
-27.0,-521.0,-331.0,-1881.0,493.0,2659.0,0
-91.0,-616.0,-379.0,-3228.0,792.0,2855.0,0
-149.0,-771.0,-466.0,-4792.0,1218.0,3118.0,0
-133.0,-1058.0,-521.0,-6327.0,1418.0,3542.0,0
-64.0,-1276.0,-493.0,-7520.0,779.0,3697.0,0
-67.0,-1318.0,-284.0,-7870.0,-674.0,3037.0,0
-75.0,-1191.0,-17.0,-6655.0,-2036.0,1834.0,0
11.0,-1094.0,135.0,-3904.0,-2550.0,856.0,0
118.0,-1035.0,195.0,-678.0,-2203.0,270.0,0
157.0,-938.0,221.0,1985.0,-1455.0,-120.0,0
128.0,-786.0,215.0,3725.0,-743.0,-439.0,0
95.0,-604.0,207.0,4683.0,-267.0,-704.0,0
68.0,-438.0,188.0,5210.0,-65.0,-957.0,0
48.0,-311.0,147.0,5543.0,-33.0,-1224.0,0
33.0,-216.0,100.0,5632.0,-61.0,-1457.0,0
9.0,-146.0,63.0,5407.0,-70.0,-1599.0,0
-16.0,-91.0,41.0,4895.0,-40.0,-1637.0,0
-34.0,-58.0,31.0,4129.0,16.0,-1568.0,0
-28.0,-31.0,11.0,3153.0,81.0,-1441.0,0
-13.0,-28.0,-5.0,2017.0,149.0,-1307.0,0
2.0,-21.0,-25.0,772.0,202.0,-1177.0,0
27.0,-37.0,-45.0,-540.0,215.0,-1041.0,0
55.0,-65.0,-54.0,-1862.0,177.0,-919.0,0
80.0,-110.0,-57.0,-3097.0,86.0,-835.0,0
94.0,-168.0,-58.0,-4139.0,-25.0,-778.0,0
95.0,-232.0,-40.0,-4949.0,-74.0,-748.0,0
92.0,-291.0,-9.0,-5450.0,-45.0,-723.0,0
89.0,-345.0,15.0,-5558.0,22.0,-704.0,0
81.0,-392.0,34.0,-5281.0,94.0,-712.0,0
73.0,-424.0,51.0,-4728.0,151.0,-752.0,0
67.0,-435.0,63.0,-4132.0,165.0,-776.0,0
63.0,-427.0,67.0,-3199.0,161.0,-793.0,0
50.0,-400.0,69.0,-2119.0,157.0,-799.0,0
35.0,-361.0,67.0,-983.0,145.0,-768.0,0
19.0,-312.0,69.0,156.0,108.0,-716.0,0
13.0,-260.0,61.0,1270.0,64.0,-659.0,0
2.0,-209.0,44.0,2300.0,8.0,-608.0,0
-11.0,-159.0,22.0,3177.0,-72.0,-543.0,0
-28.0,-108.0,-3.0,3845.0,-169.0,-479.0,0
-39.0,-60.0,-30.0,4275.0,-275.0,-416.0,0
-56.0,-6.0,-51.0,4457.0,-379.0,-350.0,0
-51.0,37.0,-78.0,4397.0,-473.0,-258.0,0
-40.0,74.0,-93.0,4115.0,-554.0,-148.0,0
-22.0,111.0,-117.0,3676.0,-610.0,-50.0,0
-7.0,131.0,-126.0,3126.0,-635.0,26.0,0
1.0,144.0,-147.0,2520.0,-608.0,96.0,0
13.0,142.0,-157.0,1880.0,-528.0,194.0,0
21.0,139.0,-163.0,1236.0,-423.0,299.0,0
23.0,130.0,-161.0,615.0,-318.0,365.0,0
23.0,113.0,-143.0,55.0,-228.0,367.0,0
11.0,78.0,-105.0,-410.0,-162.0,332.0,0
1.0,46.0,-71.0,-689.0,-108.0,296.0,0
-3.0,19.0,-35.0,-754.0,-83.0,264.0,0
-10.0,-4.0,-15.0,-596.0,-90.0,242.0,0
-12.0,-33.0,-17.0,-260.0,-125.0,228.0,0
-6.0,-63.0,-37.0,169.0,-172.0,217.0,0
-11.0,-86.0,-69.0,615.0,-207.0,199.0,0
-8.0,-116.0,-105.0,1030.0,-214.0,181.0,0
31.0,-146.0,-126.0,1371.0,-171.0,169.0,0
116.0,-178.0,-158.0,1590.0,-36.0,138.0,0
211.0,-202.0,-180.0,1644.0,228.0,51.0,0
235.0,-212.0,-178.0,1550.0,569.0,-101.0,0
199.0,-222.0,-193.0,1313.0,776.0,-324.0,0
77.0,-217.0,-236.0,891.0,793.0,-624.0,0
-17.0,-227.0,-249.0,255.0,850.0,-898.0,0
-20.0,-265.0,-238.0,-641.0,1149.0,-1140.0,0
55.0,-365.0,-226.0,-1778.0,1640.0,-1445.0,0
115.0,-464.0,-234.0,-3008.0,2063.0,-1859.0,0
103.0,-575.0,-309.0,-4314.0,2115.0,-2247.0,0
61.0,-731.0,-384.0,-5748.0,1830.0,-2426.0,0
-4.0,-907.0,-343.0,-7111.0,1519.0,-2416.0,0
-123.0,-1068.0,-184.0,-7930.0,1269.0,-2273.0,0
-199.0,-1183.0,-53.0,-7777.0,902.0,-1826.0,0
-187.0,-1246.0,50.0,-6591.0,536.0,-990.0,0
-113.0,-1261.0,140.0,-4582.0,372.0,-108.0,0
-102.0,-1176.0,189.0,-2085.0,302.0,423.0,0
-115.0,-1044.0,186.0,473.0,208.0,691.0,0
-121.0,-882.0,174.0,2682.0,73.0,836.0,0
-99.0,-720.0,158.0,4348.0,-67.0,911.0,0
-71.0,-573.0,126.0,5458.0,-249.0,972.0,0
-59.0,-427.0,98.0,6066.0,-487.0,1052.0,0
-44.0,-283.0,58.0,6224.0,-704.0,1167.0,0
-25.0,-172.0,11.0,5901.0,-835.0,1325.0,0
-6.0,-81.0,-23.0,5056.0,-943.0,1524.0,0
3.0,-8.0,-36.0,3750.0,-1072.0,1707.0,0
12.0,22.0,-44.0,2188.0,-1219.0,1825.0,0
26.0,5.0,-41.0,536.0,-1355.0,1830.0,0
40.0,-40.0,-26.0,-1029.0,-1450.0,1738.0,0
38.0,-102.0,-6.0,-2339.0,-1430.0,1634.0,0
32.0,-162.0,6.0,-3309.0,-1252.0,1589.0,0
32.0,-212.0,25.0,-3929.0,-975.0,1588.0,0
29.0,-253.0,42.0,-4198.0,-678.0,1578.0,0
11.0,-280.0,43.0,-4164.0,-415.0,1536.0,0
-15.0,-296.0,43.0,-3888.0,-222.0,1493.0,0
-35.0,-310.0,41.0,-3444.0,-106.0,1460.0,0
-53.0,-314.0,55.0,-2858.0,-57.0,1434.0,0
-54.0,-312.0,65.0,-2136.0,-76.0,1410.0,0
-34.0,-291.0,77.0,-1301.0,-151.0,1392.0,0
-23.0,-260.0,70.0,-385.0,-255.0,1364.0,0
8.0,-221.0,57.0,351.0,-334.0,1302.0,0
39.0,-174.0,33.0,1231.0,-358.0,1174.0,0
86.0,-121.0,3.0,2010.0,-323.0,981.0,0
119.0,-60.0,-27.0,2642.0,-259.0,747.0,0
142.0,-2.0,-53.0,3115.0,-129.0,510.0,0
153.0,46.0,-84.0,3405.0,46.0,276.0,0
144.0,88.0,-118.0,3473.0,226.0,53.0,0
131.0,117.0,-144.0,3281.0,366.0,-108.0,0
117.0,139.0,-172.0,2836.0,420.0,-310.0,0
118.0,148.0,-191.0,2192.0,363.0,-499.0,0
120.0,146.0,-199.0,1441.0,193.0,-687.0,0
105.0,151.0,-206.0,678.0,-56.0,-873.0,0
68.0,138.0,-205.0,-29.0,-321.0,-1018.0,0
31.0,113.0,-197.0,-634.0,-538.0,-1081.0,0
1.0,61.0,-163.0,-1083.0,-695.0,-1061.0,0
-15.0,6.0,-122.0,-1328.0,-825.0,-1008.0,0
-36.0,-46.0,-76.0,-1371.0,-954.0,-962.0,0
-41.0,-74.0,-62.0,-1242.0,-1067.0,-929.0,0
-37.0,-97.0,-35.0,-978.0,-1130.0,-893.0,0
-37.0,-107.0,-24.0,-629.0,-1101.0,-858.0,0
-32.0,-117.0,-17.0,-235.0,-980.0,-836.0,0
-30.0,-115.0,-14.0,170.0,-780.0,-835.0,0
-20.0,-111.0,-20.0,573.0,-528.0,-849.0,0
-21.0,-113.0,-44.0,989.0,-276.0,-880.0,0
-35.0,-110.0,-49.0,1419.0,-59.0,-908.0,0
-64.0,-109.0,-44.0,1799.0,138.0,-900.0,0
-117.0,-106.0,-53.0,2000.0,342.0,-834.0,0
-192.0,-128.0,-73.0,1921.0,505.0,-692.0,0
-262.0,-174.0,-112.0,1481.0,534.0,-382.0,0
-264.0,-236.0,-194.0,678.0,403.0,192.0,0
-172.0,-307.0,-271.0,-348.0,223.0,968.0,0
-53.0,-379.0,-331.0,-1426.0,128.0,1685.0,0
1.0,-439.0,-341.0,-2514.0,231.0,2128.0,0
0.0,-528.0,-303.0,-3684.0,534.0,2383.0,0
-31.0,-697.0,-267.0,-4807.0,843.0,2660.0,0
-15.0,-976.0,-306.0,-5661.0,903.0,3066.0,0
49.0,-1246.0,-314.0,-6135.0,498.0,3298.0,0
95.0,-1338.0,-223.0,-6023.0,-227.0,2846.0,0
66.0,-1247.0,-54.0,-4944.0,-743.0,1715.0,0
26.0,-1095.0,72.0,-2833.0,-828.0,600.0,0
36.0,-971.0,125.0,-325.0,-664.0,-59.0,0
53.0,-849.0,153.0,1876.0,-441.0,-476.0,0
68.0,-710.0,159.0,3511.0,-245.0,-875.0,0
64.0,-553.0,148.0,4613.0,-63.0,-1292.0,0
53.0,-407.0,125.0,5257.0,148.0,-1654.0,0
58.0,-288.0,107.0,5499.0,387.0,-1911.0,0
56.0,-178.0,88.0,5373.0,564.0,-2043.0,0
41.0,-102.0,81.0,4883.0,652.0,-2044.0,0
17.0,-40.0,66.0,4063.0,690.0,-1930.0,0
2.0,-15.0,63.0,2980.0,735.0,-1743.0,0
-3.0,-15.0,46.0,1759.0,806.0,-1515.0,0
3.0,-48.0,32.0,513.0,892.0,-1273.0,0
20.0,-88.0,35.0,-670.0,973.0,-1034.0,0
54.0,-159.0,28.0,-1746.0,1033.0,-815.0,0
75.0,-232.0,16.0,-2742.0,1047.0,-644.0,0
82.0,-293.0,22.0,-3639.0,1024.0,-537.0,0
80.0,-340.0,33.0,-4341.0,953.0,-457.0,0
85.0,-382.0,40.0,-4737.0,826.0,-392.0,0
87.0,-407.0,39.0,-4745.0,659.0,-364.0,0
87.0,-426.0,33.0,-4376.0,487.0,-383.0,0
83.0,-435.0,22.0,-3704.0,340.0,-470.0,0
78.0,-436.0,9.0,-2818.0,236.0,-637.0,0
68.0,-422.0,1.0,-1816.0,168.0,-831.0,0
58.0,-393.0,-9.0,-806.0,118.0,-987.0,0
49.0,-343.0,-24.0,128.0,67.0,-1102.0,0
26.0,-293.0,-35.0,942.0,26.0,-1210.0,0
-4.0,-225.0,-56.0,1491.0,17.0,-1319.0,0
-41.0,-175.0,-46.0,2036.0,26.0,-1365.0,0
-80.0,-121.0,-45.0,2412.0,37.0,-1333.0,0
-117.0,-58.0,-43.0,2636.0,34.0,-1246.0,0
-127.0,-6.0,-44.0,2712.0,12.0,-1107.0,0
-131.0,43.0,-40.0,2654.0,-21.0,-916.0,0
-118.0,79.0,-50.0,2479.0,-60.0,-734.0,0
-99.0,100.0,-63.0,2213.0,-97.0,-487.0,0
-83.0,118.0,-78.0,1905.0,-117.0,-254.0,0
-73.0,117.0,-95.0,1539.0,-114.0,-59.0,0
-65.0,105.0,-106.0,1108.0,-88.0,99.0,0
-59.0,88.0,-112.0,655.0,-48.0,225.0,0
-45.0,59.0,-116.0,226.0,1.0,337.0,0
-25.0,25.0,-105.0,-121.0,68.0,441.0,0
-2.0,-8.0,-87.0,-343.0,157.0,503.0,0
4.0,-37.0,-63.0,-410.0,253.0,499.0,0
10.0,-52.0,-39.0,-305.0,346.0,454.0,0
12.0,-67.0,-20.0,-40.0,413.0,397.0,0
15.0,-79.0,-9.0,354.0,436.0,340.0,0
12.0,-84.0,-12.0,820.0,406.0,291.0,0
10.0,-86.0,-25.0,1315.0,337.0,257.0,0
10.0,-86.0,-57.0,1779.0,249.0,243.0,0
1.0,-82.0,-103.0,2174.0,166.0,239.0,0
7.0,-83.0,-142.0,2463.0,93.0,239.0,0
60.0,-90.0,-165.0,2615.0,45.0,228.0,0
151.0,-111.0,-179.0,2601.0,56.0,183.0,0
240.0,-131.0,-179.0,2406.0,159.0,63.0,0
253.0,-148.0,-155.0,2028.0,301.0,-122.0,0
182.0,-160.0,-169.0,1491.0,339.0,-380.0,0
66.0,-160.0,-213.0,807.0,239.0,-707.0,0
7.0,-181.0,-251.0,-83.0,117.0,-1019.0,0
9.0,-218.0,-261.0,-1214.0,72.0,-1305.0,0
46.0,-271.0,-255.0,-2464.0,210.0,-1584.0,0
69.0,-331.0,-243.0,-3635.0,583.0,-1850.0,0
75.0,-427.0,-214.0,-4590.0,1042.0,-2089.0,0
35.0,-554.0,-185.0,-5323.0,1376.0,-2346.0,0
-40.0,-696.0,-143.0,-5859.0,1550.0,-2613.0,0
-127.0,-843.0,-54.0,-6124.0,1651.0,-2739.0,0
-177.0,-984.0,9.0,-5983.0,1654.0,-2472.0,0
-172.0,-1104.0,41.0,-5475.0,1457.0,-1725.0,0
-120.0,-1176.0,79.0,-4590.0,1039.0,-692.0,0
-80.0,-1154.0,132.0,-3165.0,520.0,259.0,0
-98.0,-1054.0,154.0,-1174.0,76.0,868.0,0
-108.0,-914.0,139.0,988.0,-223.0,1209.0,0
-98.0,-765.0,125.0,2841.0,-421.0,1383.0,0
-73.0,-601.0,97.0,4119.0,-577.0,1440.0,0
-49.0,-423.0,57.0,4769.0,-734.0,1451.0,0
-34.0,-300.0,21.0,4841.0,-886.0,1472.0,0
-8.0,-205.0,-14.0,4410.0,-998.0,1537.0,0
27.0,-141.0,-19.0,3604.0,-1069.0,1639.0,0
45.0,-113.0,-11.0,2617.0,-1137.0,1700.0,0
52.0,-120.0,1.0,1549.0,-1213.0,1709.0,0
55.0,-153.0,18.0,453.0,-1249.0,1639.0,0
40.0,-205.0,41.0,-593.0,-1234.0,1494.0,0
21.0,-257.0,72.0,-1490.0,-1162.0,1335.0,0
20.0,-307.0,101.0,-2149.0,-1049.0,1236.0,0
24.0,-352.0,115.0,-2537.0,-931.0,1212.0,0
29.0,-381.0,122.0,-2672.0,-809.0,1218.0,0
21.0,-399.0,122.0,-2573.0,-680.0,1214.0,0
1.0,-400.0,118.0,-2275.0,-550.0,1220.0,0
-21.0,-390.0,106.0,-1814.0,-458.0,1249.0,0
-44.0,-369.0,90.0,-1244.0,-413.0,1271.0,0
-57.0,-332.0,87.0,-600.0,-417.0,1270.0,0
-64.0,-296.0,77.0,97.0,-465.0,1257.0,0
-52.0,-255.0,63.0,788.0,-547.0,1220.0,0
-24.0,-201.0,32.0,1427.0,-627.0,1153.0,0
25.0,-149.0,4.0,1990.0,-672.0,1070.0,0
91.0,-89.0,-39.0,2463.0,-646.0,970.0,0
138.0,-23.0,-78.0,2821.0,-515.0,840.0,0
172.0,42.0,-123.0,2993.0,-313.0,693.0,0
189.0,97.0,-159.0,3037.0,-87.0,551.0,0
184.0,136.0,-191.0,2840.0,126.0,404.0,0
161.0,164.0,-219.0,2377.0,298.0,246.0,0
133.0,173.0,-233.0,1691.0,378.0,85.0,0
110.0,169.0,-241.0,880.0,371.0,-99.0,0
83.0,155.0,-248.0,33.0,235.0,-256.0,0
65.0,138.0,-251.0,-775.0,1.0,-441.0,0
33.0,121.0,-243.0,-1483.0,-260.0,-577.0,0
15.0,81.0,-215.0,-2061.0,-494.0,-638.0,0
-8.0,27.0,-134.0,-2452.0,-675.0,-638.0,0
-18.0,-30.0,-88.0,-2524.0,-817.0,-590.0,0
-24.0,-80.0,-37.0,-2318.0,-969.0,-544.0,0
-27.0,-118.0,-6.0,-1879.0,-1126.0,-526.0,0
-26.0,-141.0,6.0,-1276.0,-1258.0,-536.0,0
-23.0,-149.0,9.0,-584.0,-1325.0,-562.0,0
-17.0,-145.0,11.0,133.0,-1305.0,-598.0,0
-14.0,-139.0,2.0,824.0,-1194.0,-639.0,0
-17.0,-132.0,-34.0,1458.0,-1018.0,-683.0,0
-24.0,-131.0,-55.0,2008.0,-819.0,-732.0,0
-66.0,-127.0,-60.0,2442.0,-604.0,-764.0,0
-118.0,-124.0,-61.0,2701.0,-346.0,-735.0,0
-183.0,-125.0,-80.0,2725.0,-28.0,-616.0,0
-240.0,-130.0,-122.0,2429.0,299.0,-377.0,0
-264.0,-168.0,-164.0,1784.0,529.0,38.0,0
-195.0,-268.0,-220.0,881.0,608.0,625.0,0
-80.0,-351.0,-245.0,-133.0,565.0,1255.0,0
4.0,-422.0,-246.0,-1198.0,492.0,1697.0,0
16.0,-486.0,-232.0,-2370.0,566.0,1873.0,0
-11.0,-555.0,-216.0,-3572.0,923.0,1942.0,0
0.0,-678.0,-218.0,-4594.0,1413.0,2143.0,0
53.0,-888.0,-216.0,-5305.0,1540.0,2512.0,0
115.0,-1039.0,-197.0,-5647.0,952.0,2721.0,0
167.0,-1094.0,-111.0,-5478.0,-75.0,2402.0,0
139.0,-1029.0,6.0,-4479.0,-844.0,1542.0,0
113.0,-937.0,99.0,-2669.0,-966.0,716.0,0
107.0,-859.0,144.0,-570.0,-678.0,257.0,0
91.0,-775.0,164.0,1271.0,-371.0,-22.0,0
69.0,-673.0,172.0,2651.0,-197.0,-329.0,0
36.0,-552.0,154.0,3611.0,-112.0,-723.0,0
9.0,-427.0,139.0,4190.0,-22.0,-1147.0,0
-2.0,-312.0,127.0,4451.0,107.0,-1509.0,0
-17.0,-213.0,112.0,4433.0,250.0,-1729.0,0
-31.0,-141.0,97.0,4176.0,397.0,-1788.0,0
-37.0,-90.0,86.0,3696.0,560.0,-1729.0,0
-45.0,-64.0,64.0,2997.0,731.0,-1616.0,0
-50.0,-54.0,51.0,2093.0,899.0,-1490.0,0
-40.0,-56.0,45.0,1033.0,1049.0,-1356.0,0
-28.0,-71.0,36.0,-134.0,1157.0,-1206.0,0
4.0,-120.0,23.0,-1341.0,1190.0,-1041.0,0
38.0,-188.0,14.0,-2533.0,1119.0,-903.0,0
56.0,-259.0,4.0,-3651.0,967.0,-811.0,0
71.0,-325.0,15.0,-4587.0,785.0,-737.0,0
81.0,-386.0,33.0,-5186.0,598.0,-657.0,0
97.0,-430.0,54.0,-5335.0,449.0,-578.0,0
101.0,-461.0,69.0,-5024.0,347.0,-532.0,0
104.0,-480.0,66.0,-4315.0,287.0,-550.0,0
98.0,-483.0,66.0,-3311.0,233.0,-631.0,0
90.0,-464.0,57.0,-2113.0,152.0,-763.0,0
80.0,-437.0,44.0,-859.0,32.0,-903.0,0
67.0,-389.0,20.0,348.0,-118.0,-1010.0,0
56.0,-329.0,2.0,1446.0,-261.0,-1082.0,0
22.0,-267.0,-19.0,2367.0,-357.0,-1123.0,0
-2.0,-198.0,-31.0,3091.0,-401.0,-1113.0,0
-38.0,-125.0,-37.0,3534.0,-406.0,-1074.0,0
-63.0,-53.0,-44.0,3917.0,-379.0,-1010.0,0
-85.0,15.0,-48.0,4103.0,-324.0,-919.0,0
-90.0,70.0,-60.0,4090.0,-260.0,-790.0,0
-83.0,127.0,-64.0,3882.0,-158.0,-622.0,0
-75.0,158.0,-81.0,3511.0,-48.0,-417.0,0
-56.0,173.0,-98.0,2986.0,61.0,-248.0,0
-35.0,171.0,-115.0,2318.0,155.0,-71.0,0
-29.0,163.0,-144.0,1584.0,225.0,36.0,0
-21.0,135.0,-183.0,839.0,277.0,87.0,0
-20.0,110.0,-195.0,105.0,321.0,129.0,0
-24.0,87.0,-191.0,-560.0,373.0,183.0,0
-21.0,53.0,-156.0,-1049.0,442.0,266.0,0
-8.0,14.0,-121.0,-1285.0,520.0,344.0,0
-4.0,-16.0,-82.0,-1300.0,565.0,362.0,0
-9.0,-40.0,-40.0,-1123.0,548.0,333.0,0
-10.0,-60.0,-14.0,-780.0,479.0,292.0,0
-8.0,-73.0,3.0,-302.0,376.0,259.0,0
-3.0,-87.0,6.0,253.0,257.0,237.0,0
-5.0,-96.0,-10.0,822.0,133.0,221.0,0
-10.0,-110.0,-48.0,1354.0,20.0,199.0,0
-15.0,-128.0,-102.0,1830.0,-81.0,172.0,0
19.0,-150.0,-138.0,2224.0,-163.0,140.0,0
128.0,-187.0,-168.0,2470.0,-162.0,102.0,0
239.0,-212.0,-166.0,2516.0,10.0,14.0,0
292.0,-235.0,-123.0,2360.0,329.0,-155.0,0
275.0,-252.0,-94.0,1982.0,567.0,-445.0,0
138.0,-230.0,-126.0,1338.0,539.0,-894.0,0
5.0,-216.0,-204.0,379.0,399.0,-1351.0,0
-16.0,-263.0,-272.0,-920.0,487.0,-1704.0,0
34.0,-333.0,-317.0,-2380.0,936.0,-1998.0,0
107.0,-429.0,-338.0,-3639.0,1599.0,-2247.0,0
153.0,-584.0,-376.0,-4656.0,2058.0,-2454.0,0
120.0,-770.0,-424.0,-5718.0,2072.0,-2684.0,0
12.0,-954.0,-354.0,-6848.0,1900.0,-2954.0,0
-142.0,-1095.0,-129.0,-7454.0,1751.0,-3014.0,0
-246.0,-1194.0,28.0,-6898.0,1435.0,-2453.0,0
-243.0,-1242.0,142.0,-5259.0,1045.0,-1295.0,0
-140.0,-1224.0,244.0,-2938.0,741.0,-93.0,0
-135.0,-1101.0,265.0,-260.0,506.0,618.0,0
-140.0,-940.0,237.0,2252.0,347.0,973.0,0
-136.0,-742.0,201.0,4112.0,227.0,1152.0,0
-108.0,-550.0,152.0,5211.0,95.0,1230.0,0
-82.0,-382.0,101.0,5621.0,-100.0,1281.0,0
-61.0,-237.0,51.0,5419.0,-392.0,1384.0,0
-17.0,-135.0,3.0,4661.0,-744.0,1548.0,0
33.0,-80.0,-24.0,3466.0,-1073.0,1688.0,0
62.0,-65.0,-40.0,2059.0,-1303.0,1750.0,0
76.0,-89.0,-45.0,622.0,-1387.0,1714.0,0
82.0,-139.0,-28.0,-712.0,-1320.0,1583.0,0
76.0,-196.0,-2.0,-1817.0,-1142.0,1418.0,0
67.0,-254.0,33.0,-2618.0,-921.0,1303.0,0
65.0,-306.0,66.0,-3098.0,-731.0,1275.0,0
70.0,-347.0,100.0,-3282.0,-631.0,1313.0,0
69.0,-379.0,115.0,-3212.0,-618.0,1385.0,0
58.0,-392.0,119.0,-2946.0,-647.0,1475.0,0
42.0,-392.0,121.0,-2550.0,-677.0,1563.0,0
19.0,-369.0,111.0,-2063.0,-690.0,1628.0,0
-5.0,-344.0,107.0,-1498.0,-679.0,1665.0,0
-24.0,-317.0,109.0,-880.0,-655.0,1687.0,0
-35.0,-270.0,94.0,-259.0,-630.0,1676.0,0
-38.0,-232.0,87.0,335.0,-610.0,1624.0,0
-34.0,-194.0,75.0,878.0,-601.0,1550.0,0
-9.0,-157.0,61.0,1255.0,-591.0,1479.0,0
19.0,-126.0,41.0,1642.0,-583.0,1413.0,0
53.0,-96.0,9.0,1925.0,-565.0,1338.0,0
86.0,-74.0,-23.0,2092.0,-531.0,1224.0,0
115.0,-57.0,-58.0,2132.0,-467.0,1057.0,0
127.0,-35.0,-91.0,2053.0,-402.0,889.0,0
126.0,-14.0,-124.0,1877.0,-356.0,641.0,0
104.0,3.0,-159.0,1622.0,-329.0,364.0,0
65.0,14.0,-189.0,1303.0,-317.0,80.0,0
27.0,25.0,-203.0,927.0,-334.0,-198.0,0
-5.0,38.0,-215.0,528.0,-371.0,-437.0,0
-19.0,52.0,-215.0,166.0,-398.0,-620.0,0
-36.0,53.0,-197.0,-124.0,-401.0,-750.0,0
-38.0,42.0,-173.0,-322.0,-378.0,-826.0,0
-32.0,20.0,-133.0,-435.0,-346.0,-857.0,0
-27.0,-4.0,-102.0,-482.0,-335.0,-882.0,0
-29.0,-25.0,-65.0,-437.0,-346.0,-909.0,0
-22.0,-47.0,-33.0,-273.0,-363.0,-916.0,0
-18.0,-59.0,-16.0,21.0,-367.0,-898.0,0
-14.0,-66.0,-9.0,405.0,-347.0,-866.0,0
-7.0,-69.0,-15.0,845.0,-296.0,-833.0,0
-9.0,-72.0,-29.0,1295.0,-229.0,-807.0,0
-16.0,-75.0,-48.0,1732.0,-167.0,-780.0,0
-33.0,-77.0,-55.0,2117.0,-113.0,-736.0,0
-59.0,-77.0,-39.0,2372.0,-33.0,-663.0,0
-90.0,-72.0,-32.0,2422.0,103.0,-554.0,0
-123.0,-79.0,-41.0,2229.0,253.0,-404.0,0
-156.0,-98.0,-81.0,1761.0,339.0,-186.0,0
-146.0,-129.0,-126.0,981.0,311.0,154.0,0
-60.0,-185.0,-154.0,-41.0,188.0,618.0,0
78.0,-256.0,-156.0,-1142.0,58.0,1051.0,0
182.0,-344.0,-187.0,-2282.0,45.0,1297.0,0
161.0,-449.0,-319.0,-3523.0,341.0,1371.0,0
110.0,-561.0,-412.0,-4905.0,1147.0,1530.0,0
82.0,-721.0,-356.0,-6314.0,2041.0,2008.0,0
64.0,-951.0,-197.0,-7194.0,2234.0,2668.0,0
9.0,-1111.0,-175.0,-7027.0,1478.0,2992.0,0
-96.0,-1142.0,-95.0,-5844.0,361.0,2531.0,0
-139.0,-1064.0,24.0,-3655.0,-432.0,1564.0,0
-79.0,-964.0,100.0,-846.0,-723.0,758.0,0
-20.0,-882.0,151.0,1844.0,-735.0,330.0,0
-1.0,-773.0,154.0,3872.0,-663.0,41.0,0
-12.0,-615.0,120.0,5069.0,-595.0,-277.0,0
-10.0,-483.0,79.0,5526.0,-513.0,-643.0,0
-2.0,-361.0,54.0,5434.0,-392.0,-1043.0,0
-8.0,-252.0,55.0,4979.0,-255.0,-1432.0,0
-32.0,-162.0,68.0,4339.0,-104.0,-1734.0,0
-50.0,-102.0,87.0,3602.0,60.0,-1928.0,0
-61.0,-72.0,101.0,2759.0,215.0,-1993.0,0
-60.0,-69.0,100.0,1775.0,353.0,-1927.0,0
-43.0,-86.0,104.0,640.0,480.0,-1744.0,0
-21.0,-121.0,113.0,-597.0,579.0,-1459.0,0
33.0,-186.0,130.0,-1839.0,611.0,-1128.0,0
66.0,-258.0,140.0,-2979.0,538.0,-864.0,0
92.0,-332.0,147.0,-3889.0,414.0,-690.0,0
102.0,-390.0,145.0,-4439.0,295.0,-586.0,0
115.0,-431.0,122.0,-4555.0,217.0,-541.0,0
124.0,-449.0,92.0,-4289.0,221.0,-549.0,0
119.0,-451.0,63.0,-3748.0,281.0,-596.0,0
112.0,-436.0,40.0,-3041.0,336.0,-667.0,0
103.0,-413.0,26.0,-2235.0,333.0,-755.0,0
92.0,-386.0,19.0,-1371.0,261.0,-866.0,0
81.0,-345.0,10.0,-490.0,119.0,-996.0,0
69.0,-306.0,-9.0,332.0,-58.0,-1122.0,0
49.0,-259.0,-27.0,1026.0,-221.0,-1218.0,0
36.0,-211.0,-42.0,1461.0,-349.0,-1256.0,0
14.0,-164.0,-42.0,1882.0,-443.0,-1222.0,0
-3.0,-112.0,-44.0,2198.0,-503.0,-1155.0,0
-17.0,-60.0,-46.0,2440.0,-529.0,-1084.0,0
-28.0,-11.0,-48.0,2611.0,-535.0,-1014.0,0
-40.0,30.0,-57.0,2703.0,-501.0,-934.0,0
-45.0,70.0,-66.0,2712.0,-448.0,-855.0,0
-59.0,105.0,-80.0,2616.0,-391.0,-721.0,0
-51.0,127.0,-107.0,2400.0,-336.0,-536.0,0
-42.0,133.0,-124.0,2037.0,-280.0,-312.0,0
-43.0,138.0,-141.0,1565.0,-216.0,-73.0,0
-40.0,133.0,-151.0,1034.0,-143.0,154.0,0
-32.0,125.0,-157.0,484.0,-69.0,351.0,0
-12.0,112.0,-163.0,-54.0,6.0,511.0,0
12.0,91.0,-149.0,-542.0,91.0,629.0,0
32.0,60.0,-117.0,-878.0,194.0,683.0,0
33.0,22.0,-84.0,-999.0,296.0,681.0,0
29.0,-21.0,-51.0,-914.0,365.0,659.0,0
20.0,-56.0,-10.0,-649.0,374.0,638.0,0
18.0,-83.0,12.0,-219.0,312.0,621.0,0
24.0,-102.0,22.0,314.0,198.0,589.0,0
33.0,-114.0,17.0,871.0,76.0,540.0,0
40.0,-116.0,13.0,1394.0,-16.0,468.0,0
37.0,-112.0,-2.0,1841.0,-58.0,368.0,0
41.0,-107.0,-22.0,2182.0,-38.0,249.0,0
30.0,-100.0,-61.0,2416.0,33.0,116.0,0
9.0,-105.0,-100.0,2543.0,131.0,-18.0,0
13.0,-120.0,-115.0,2567.0,233.0,-141.0,0
63.0,-128.0,-156.0,2447.0,351.0,-246.0,0
161.0,-146.0,-176.0,2148.0,541.0,-367.0,0
205.0,-154.0,-145.0,1694.0,814.0,-532.0,0
211.0,-155.0,-116.0,1112.0,1010.0,-747.0,0
156.0,-131.0,-143.0,439.0,936.0,-1029.0,0
22.0,-113.0,-194.0,-329.0,646.0,-1351.0,0
-43.0,-154.0,-261.0,-1223.0,394.0,-1586.0,0
3.0,-230.0,-315.0,-2296.0,371.0,-1742.0,0
93.0,-331.0,-322.0,-3459.0,627.0,-1898.0,0
160.0,-448.0,-305.0,-4562.0,1047.0,-2109.0,0
177.0,-601.0,-312.0,-5599.0,1404.0,-2381.0,0
131.0,-777.0,-297.0,-6624.0,1619.0,-2706.0,0
24.0,-931.0,-207.0,-7506.0,1762.0,-2958.0,0
-97.0,-1064.0,-62.0,-7891.0,1807.0,-2905.0,0
-165.0,-1149.0,53.0,-7479.0,1640.0,-2387.0,0
-158.0,-1190.0,117.0,-6199.0,1320.0,-1417.0,0
-92.0,-1191.0,157.0,-4167.0,995.0,-266.0,0
-81.0,-1119.0,178.0,-1694.0,707.0,632.0,0
-101.0,-1001.0,191.0,774.0,450.0,1169.0,0
-110.0,-853.0,193.0,2855.0,179.0,1451.0,0
-99.0,-693.0,188.0,4368.0,-124.0,1576.0,0
-82.0,-539.0,152.0,5298.0,-447.0,1617.0,0
-71.0,-383.0,123.0,5676.0,-774.0,1617.0,0
-68.0,-238.0,87.0,5517.0,-1085.0,1624.0,0
-52.0,-131.0,56.0,4793.0,-1360.0,1677.0,0
-29.0,-69.0,28.0,3625.0,-1589.0,1730.0,0
17.0,-62.0,3.0,2255.0,-1717.0,1718.0,0
59.0,-84.0,0.0,888.0,-1695.0,1630.0,0
82.0,-124.0,2.0,-376.0,-1516.0,1533.0,0
84.0,-179.0,30.0,-1464.0,-1225.0,1467.0,0
68.0,-242.0,63.0,-2321.0,-903.0,1440.0,0
51.0,-303.0,92.0,-2903.0,-637.0,1447.0,0
42.0,-353.0,114.0,-3199.0,-482.0,1465.0,0
38.0,-379.0,123.0,-3246.0,-426.0,1492.0,0
38.0,-402.0,121.0,-3053.0,-423.0,1531.0,0
34.0,-419.0,98.0,-2696.0,-425.0,1568.0,0
27.0,-424.0,73.0,-2334.0,-404.0,1585.0,0
9.0,-415.0,51.0,-1822.0,-368.0,1564.0,0
-3.0,-398.0,37.0,-1266.0,-328.0,1526.0,0
-18.0,-361.0,20.0,-692.0,-295.0,1482.0,0
-15.0,-316.0,5.0,-136.0,-256.0,1438.0,0
3.0,-265.0,-5.0,367.0,-212.0,1379.0,0
24.0,-207.0,-17.0,808.0,-158.0,1315.0,0
63.0,-154.0,-26.0,1200.0,-94.0,1208.0,0
93.0,-98.0,-33.0,1561.0,-23.0,1051.0,0
113.0,-49.0,-40.0,1901.0,56.0,855.0,0
121.0,8.0,-57.0,2197.0,134.0,639.0,0
120.0,50.0,-76.0,2406.0,189.0,421.0,0
94.0,84.0,-112.0,2466.0,202.0,223.0,0
77.0,113.0,-141.0,2323.0,177.0,61.0,0
65.0,129.0,-171.0,1959.0,112.0,-74.0,0
48.0,145.0,-179.0,1426.0,15.0,-208.0,0
38.0,151.0,-175.0,814.0,-120.0,-341.0,0
32.0,152.0,-186.0,211.0,-300.0,-459.0,0
24.0,141.0,-190.0,-336.0,-507.0,-566.0,0
7.0,123.0,-184.0,-809.0,-718.0,-651.0,0
-7.0,96.0,-157.0,-1196.0,-900.0,-695.0,0
-9.0,41.0,-110.0,-1431.0,-1024.0,-681.0,0
-4.0,-13.0,-75.0,-1443.0,-1091.0,-627.0,0
0.0,-52.0,-43.0,-1244.0,-1125.0,-589.0,0
0.0,-82.0,-28.0,-875.0,-1123.0,-584.0,0
-7.0,-92.0,-22.0,-402.0,-1076.0,-596.0,0
-8.0,-97.0,-26.0,109.0,-977.0,-614.0,0
-6.0,-92.0,-37.0,602.0,-828.0,-628.0,0
-8.0,-79.0,-58.0,1036.0,-633.0,-644.0,0
-10.0,-74.0,-80.0,1398.0,-412.0,-659.0,0
-21.0,-69.0,-95.0,1693.0,-202.0,-669.0,0
-53.0,-69.0,-77.0,1918.0,-20.0,-653.0,0
-90.0,-78.0,-54.0,2032.0,165.0,-592.0,0
-136.0,-94.0,-30.0,1987.0,370.0,-468.0,0
-180.0,-116.0,-32.0,1693.0,558.0,-257.0,0
-219.0,-145.0,-61.0,1048.0,613.0,81.0,0
-197.0,-188.0,-115.0,91.0,466.0,581.0,0
-125.0,-264.0,-183.0,-1050.0,177.0,1189.0,0
-35.0,-349.0,-261.0,-2225.0,-124.0,1763.0,0
15.0,-446.0,-364.0,-3401.0,-257.0,2146.0,0
-8.0,-569.0,-445.0,-4641.0,-73.0,2428.0,0
-30.0,-706.0,-473.0,-5895.0,403.0,2854.0,0
-10.0,-919.0,-404.0,-6938.0,692.0,3410.0,0
25.0,-1209.0,-385.0,-7262.0,351.0,3645.0,0
67.0,-1368.0,-312.0,-6612.0,-405.0,3191.0,0
67.0,-1308.0,-68.0,-5070.0,-976.0,2008.0,0
60.0,-1143.0,163.0,-2637.0,-996.0,813.0,0
87.0,-1010.0,263.0,107.0,-663.0,132.0,0
110.0,-883.0,279.0,2377.0,-379.0,-245.0,0
114.0,-726.0,226.0,3925.0,-289.0,-571.0,0
109.0,-556.0,162.0,4895.0,-233.0,-929.0,0
106.0,-384.0,83.0,5450.0,18.0,-1317.0,0
79.0,-221.0,41.0,5568.0,414.0,-1690.0,0
32.0,-99.0,21.0,5290.0,732.0,-1924.0,0
-12.0,-4.0,2.0,4674.0,811.0,-1938.0,0
-28.0,43.0,-5.0,3743.0,686.0,-1792.0,0
-27.0,56.0,-4.0,2537.0,522.0,-1572.0,0
-12.0,34.0,3.0,1154.0,459.0,-1324.0,0
28.0,-70.0,37.0,-255.0,541.0,-1040.0,0
44.0,-136.0,74.0,-1537.0,726.0,-776.0,0
39.0,-210.0,106.0,-2570.0,931.0,-607.0,0
13.0,-289.0,119.0,-3178.0,1095.0,-531.0,0
-4.0,-367.0,119.0,-3700.0,1169.0,-486.0,0
-13.0,-428.0,114.0,-4011.0,1125.0,-438.0,0
2.0,-480.0,109.0,-4104.0,1013.0,-383.0,0
24.0,-511.0,102.0,-3966.0,823.0,-336.0,0
41.0,-533.0,91.0,-3568.0,614.0,-320.0,0
59.0,-550.0,67.0,-2919.0,406.0,-349.0,0
80.0,-551.0,40.0,-2067.0,216.0,-440.0,0
97.0,-530.0,6.0,-1098.0,55.0,-606.0,0
111.0,-500.0,-19.0,-119.0,-58.0,-803.0,0
101.0,-445.0,-40.0,807.0,-128.0,-994.0,0
83.0,-378.0,-49.0,1611.0,-164.0,-1162.0,0
54.0,-299.0,-62.0,2253.0,-181.0,-1293.0,0
19.0,-217.0,-68.0,2727.0,-188.0,-1385.0,0
-14.0,-131.0,-70.0,3037.0,-184.0,-1422.0,0
-41.0,-44.0,-75.0,3225.0,-174.0,-1404.0,0
-63.0,30.0,-79.0,3299.0,-154.0,-1334.0,0
-82.0,97.0,-80.0,3266.0,-130.0,-1207.0,0
-90.0,142.0,-85.0,3140.0,-100.0,-1002.0,0
-86.0,166.0,-101.0,2899.0,-59.0,-733.0,0
-64.0,169.0,-119.0,2533.0,-1.0,-437.0,0
-39.0,160.0,-135.0,2055.0,77.0,-179.0,0
-25.0,151.0,-140.0,1498.0,156.0,-7.0,0
-20.0,138.0,-149.0,904.0,218.0,103.0,0
-17.0,119.0,-162.0,324.0,247.0,194.0,0
-14.0,104.0,-161.0,-216.0,251.0,281.0,0
-5.0,72.0,-151.0,-667.0,245.0,342.0,0
-1.0,39.0,-120.0,-1002.0,247.0,373.0,0
-4.0,13.0,-86.0,-1161.0,266.0,365.0,0
0.0,-10.0,-49.0,-1127.0,282.0,334.0,0
-1.0,-38.0,-20.0,-905.0,273.0,296.0,0
1.0,-50.0,-2.0,-523.0,219.0,259.0,0
3.0,-57.0,8.0,-50.0,124.0,225.0,0
1.0,-61.0,11.0,454.0,16.0,191.0,0
1.0,-57.0,11.0,925.0,-70.0,154.0,0
-7.0,-55.0,-4.0,1318.0,-111.0,115.0,0
-20.0,-55.0,-44.0,1618.0,-114.0,73.0,0
-51.0,-65.0,-83.0,1842.0,-94.0,38.0,0
-48.0,-76.0,-112.0,1977.0,-82.0,14.0,0
53.0,-103.0,-117.0,1955.0,-40.0,-2.0,0
184.0,-124.0,-114.0,1734.0,131.0,-60.0,0
213.0,-120.0,-48.0,1329.0,378.0,-193.0,0
193.0,-120.0,-6.0,817.0,495.0,-400.0,0
79.0,-81.0,-66.0,171.0,365.0,-720.0,0
-47.0,-71.0,-199.0,-796.0,53.0,-1037.0,0
-65.0,-161.0,-357.0,-2120.0,-253.0,-1221.0,0
25.0,-276.0,-434.0,-3508.0,-299.0,-1378.0,0
131.0,-417.0,-485.0,-4696.0,84.0,-1625.0,0
199.0,-595.0,-544.0,-5722.0,819.0,-1967.0,0
170.0,-808.0,-604.0,-6777.0,1669.0,-2304.0,0
61.0,-1038.0,-565.0,-7935.0,2462.0,-2509.0,0
-85.0,-1258.0,-329.0,-8821.0,2959.0,-2465.0,0
-216.0,-1373.0,-62.0,-8632.0,2732.0,-2023.0,0
-278.0,-1391.0,95.0,-7032.0,1821.0,-1109.0,0
-188.0,-1347.0,211.0,-4432.0,760.0,15.0,0
-101.0,-1197.0,265.0,-1376.0,7.0,742.0,0
-57.0,-973.0,275.0,1550.0,-162.0,872.0,0
-56.0,-741.0,261.0,3854.0,67.0,713.0,0
-74.0,-531.0,222.0,5363.0,269.0,608.0,0
-88.0,-359.0,154.0,6082.0,197.0,699.0,0
-83.0,-215.0,83.0,5982.0,-161.0,936.0,0
-80.0,-113.0,33.0,5388.0,-724.0,1203.0,0
-82.0,-50.0,2.0,4298.0,-1384.0,1442.0,0
-61.0,-49.0,-26.0,3115.0,-1869.0,1619.0,0
-30.0,-82.0,-42.0,1980.0,-2307.0,1728.0,0
4.0,-128.0,-46.0,970.0,-2482.0,1771.0,0
39.0,-181.0,-34.0,118.0,-2393.0,1767.0,0
57.0,-224.0,-10.0,-593.0,-2108.0,1729.0,0
65.0,-255.0,12.0,-1168.0,-1740.0,1680.0,0
61.0,-269.0,42.0,-1592.0,-1401.0,1651.0,0
53.0,-287.0,66.0,-1847.0,-1145.0,1640.0,0
48.0,-303.0,81.0,-1953.0,-970.0,1620.0,0
39.0,-309.0,96.0,-1928.0,-850.0,1586.0,0
44.0,-317.0,102.0,-1785.0,-753.0,1538.0,0
46.0,-321.0,96.0,-1551.0,-646.0,1477.0,0
40.0,-315.0,93.0,-1256.0,-507.0,1395.0,0
29.0,-296.0,81.0,-925.0,-331.0,1309.0,0
16.0,-281.0,66.0,-588.0,-143.0,1225.0,0
4.0,-262.0,57.0,-272.0,24.0,1130.0,0
6.0,-228.0,45.0,23.0,139.0,1022.0,0
18.0,-192.0,27.0,320.0,187.0,914.0,0
48.0,-154.0,10.0,618.0,171.0,823.0,0
91.0,-119.0,-5.0,915.0,115.0,749.0,0
142.0,-84.0,-25.0,1212.0,53.0,667.0,0
179.0,-53.0,-49.0,1491.0,-1.0,547.0,0
193.0,-22.0,-84.0,1705.0,-33.0,380.0,0
184.0,3.0,-121.0,1800.0,-58.0,170.0,0
146.0,34.0,-162.0,1722.0,-71.0,-50.0,0
108.0,61.0,-196.0,1458.0,-78.0,-253.0,0
77.0,77.0,-206.0,1062.0,-95.0,-425.0,0
59.0,85.0,-208.0,605.0,-138.0,-571.0,0
49.0,88.0,-199.0,161.0,-211.0,-697.0,0
39.0,74.0,-173.0,-195.0,-295.0,-789.0,0
22.0,31.0,-133.0,-429.0,-382.0,-850.0,0
4.0,-11.0,-97.0,-545.0,-475.0,-877.0,0
-10.0,-47.0,-58.0,-513.0,-579.0,-885.0,0
-12.0,-72.0,-39.0,-329.0,-687.0,-878.0,0
-16.0,-84.0,-26.0,-34.0,-774.0,-864.0,0
-11.0,-88.0,-29.0,327.0,-812.0,-853.0,0
-10.0,-84.0,-38.0,697.0,-783.0,-858.0,0
-2.0,-78.0,-64.0,1053.0,-684.0,-878.0,0
-5.0,-75.0,-90.0,1378.0,-542.0,-906.0,0
-35.0,-72.0,-91.0,1663.0,-379.0,-936.0,0
-84.0,-75.0,-84.0,1843.0,-197.0,-949.0,0
-162.0,-78.0,-75.0,1847.0,7.0,-916.0,0
-241.0,-84.0,-94.0,1618.0,206.0,-806.0,0
-293.0,-118.0,-150.0,1082.0,326.0,-569.0,0
-293.0,-210.0,-202.0,208.0,297.0,-82.0,0
-220.0,-336.0,-239.0,-874.0,108.0,687.0,0
-111.0,-476.0,-276.0,-1988.0,-126.0,1476.0,0
-64.0,-617.0,-314.0,-3134.0,-156.0,2011.0,0
-80.0,-739.0,-319.0,-4209.0,271.0,2326.0,0
-74.0,-842.0,-297.0,-5079.0,1030.0,2619.0,0
-5.0,-1034.0,-254.0,-5601.0,1517.0,2841.0,0
64.0,-1182.0,-255.0,-5463.0,1273.0,2659.0,0
120.0,-1182.0,-160.0,-4547.0,470.0,1955.0,0
125.0,-1049.0,-26.0,-2878.0,-309.0,1034.0,0
144.0,-911.0,67.0,-786.0,-621.0,452.0,0
171.0,-800.0,114.0,1155.0,-538.0,216.0,0
171.0,-684.0,133.0,2598.0,-356.0,38.0,0
138.0,-560.0,130.0,3550.0,-265.0,-195.0,0
98.0,-434.0,100.0,4155.0,-239.0,-466.0,0
61.0,-307.0,62.0,4446.0,-151.0,-736.0,0
29.0,-191.0,41.0,4379.0,18.0,-997.0,0
6.0,-101.0,34.0,4100.0,185.0,-1181.0,0
-13.0,-46.0,29.0,3526.0,279.0,-1214.0,0
-20.0,-33.0,18.0,2768.0,328.0,-1115.0,0
-13.0,-49.0,9.0,1878.0,388.0,-967.0,0
-8.0,-80.0,16.0,925.0,538.0,-839.0,0
0.0,-122.0,27.0,-34.0,773.0,-762.0,0
6.0,-169.0,46.0,-956.0,1041.0,-727.0,0
10.0,-233.0,64.0,-1802.0,1278.0,-681.0,0
20.0,-300.0,72.0,-2564.0,1435.0,-629.0,0
23.0,-370.0,88.0,-3229.0,1482.0,-571.0,0
24.0,-435.0,109.0,-3727.0,1399.0,-506.0,0
28.0,-487.0,118.0,-3965.0,1199.0,-447.0,0
37.0,-516.0,122.0,-3858.0,919.0,-416.0,0
45.0,-523.0,109.0,-3382.0,623.0,-434.0,0
61.0,-513.0,82.0,-2599.0,357.0,-510.0,0
72.0,-495.0,56.0,-1634.0,151.0,-630.0,0
95.0,-454.0,22.0,-618.0,16.0,-790.0,0
100.0,-392.0,-11.0,357.0,-59.0,-956.0,0
101.0,-333.0,-36.0,1226.0,-94.0,-1101.0,0
76.0,-273.0,-56.0,1923.0,-105.0,-1229.0,0
43.0,-207.0,-69.0,2404.0,-119.0,-1308.0,0
12.0,-134.0,-74.0,2667.0,-140.0,-1322.0,0
-24.0,-66.0,-67.0,2761.0,-172.0,-1281.0,0
-43.0,0.0,-66.0,2737.0,-209.0,-1204.0,0
-63.0,63.0,-63.0,2631.0,-247.0,-1108.0,0
-78.0,115.0,-63.0,2473.0,-280.0,-999.0,0
-91.0,153.0,-62.0,2270.0,-297.0,-854.0,0
-90.0,172.0,-59.0,2002.0,-285.0,-662.0,0
-84.0,178.0,-61.0,1653.0,-248.0,-455.0,0
-73.0,175.0,-65.0,1246.0,-189.0,-267.0,0
-69.0,165.0,-66.0,812.0,-124.0,-114.0,0
-66.0,144.0,-75.0,379.0,-69.0,15.0,0
-65.0,115.0,-86.0,-18.0,-34.0,131.0,0
-50.0,77.0,-97.0,-343.0,-12.0,249.0,0
-23.0,39.0,-101.0,-567.0,17.0,355.0,0
-7.0,5.0,-106.0,-677.0,62.0,406.0,0
0.0,-16.0,-97.0,-663.0,115.0,408.0,0
5.0,-42.0,-90.0,-543.0,166.0,392.0,0
14.0,-61.0,-81.0,-346.0,200.0,374.0,0
18.0,-73.0,-68.0,-82.0,212.0,347.0,0
28.0,-85.0,-50.0,243.0,204.0,307.0,0
34.0,-96.0,-37.0,629.0,184.0,256.0,0
28.0,-95.0,-27.0,1050.0,162.0,203.0,0
22.0,-100.0,-14.0,1458.0,139.0,162.0,0
8.0,-105.0,-26.0,1817.0,104.0,132.0,0
-2.0,-120.0,-43.0,2106.0,54.0,109.0,0
-7.0,-132.0,-69.0,2323.0,-9.0,93.0,0
55.0,-162.0,-99.0,2406.0,-64.0,78.0,0
185.0,-190.0,-110.0,2297.0,-29.0,21.0,0
264.0,-190.0,-90.0,1951.0,122.0,-127.0,0
265.0,-188.0,-54.0,1353.0,237.0,-375.0,0
182.0,-168.0,-93.0,528.0,168.0,-751.0,0
49.0,-170.0,-213.0,-492.0,-69.0,-1145.0,0
2.0,-248.0,-337.0,-1672.0,-367.0,-1415.0,0
23.0,-356.0,-412.0,-2911.0,-433.0,-1608.0,0
104.0,-476.0,-444.0,-4017.0,-20.0,-1795.0,0
173.0,-621.0,-477.0,-4912.0,706.0,-2004.0,0
154.0,-781.0,-536.0,-5772.0,1412.0,-2234.0,0
51.0,-962.0,-538.0,-6698.0,2005.0,-2523.0,0
-90.0,-1120.0,-368.0,-7317.0,2572.0,-2766.0,0
-221.0,-1218.0,-95.0,-6983.0,2778.0,-2582.0,0
-283.0,-1246.0,79.0,-5475.0,2272.0,-1816.0,0
-225.0,-1207.0,191.0,-3178.0,1355.0,-763.0,0
-148.0,-1100.0,234.0,-1055.0,603.0,2.0,0
-85.0,-932.0,226.0,1556.0,363.0,286.0,0
-62.0,-733.0,215.0,3670.0,476.0,286.0,0
-79.0,-484.0,198.0,5096.0,561.0,299.0,0
-93.0,-324.0,159.0,5886.0,443.0,491.0,0
-81.0,-203.0,80.0,6105.0,82.0,800.0,0
-46.0,-94.0,36.0,5651.0,-386.0,1062.0,0
-1.0,-25.0,-1.0,4630.0,-895.0,1341.0,0
31.0,1.0,-19.0,3306.0,-1379.0,1545.0,0
54.0,-8.0,-43.0,1947.0,-1712.0,1685.0,0
72.0,-48.0,-39.0,716.0,-1819.0,1786.0,0
85.0,-111.0,-28.0,-357.0,-1693.0,1832.0,0
88.0,-185.0,-6.0,-1273.0,-1391.0,1782.0,0
81.0,-254.0,19.0,-2020.0,-998.0,1639.0,0
66.0,-318.0,57.0,-2567.0,-597.0,1466.0,0
62.0,-380.0,82.0,-2910.0,-252.0,1329.0,0
61.0,-426.0,115.0,-3078.0,11.0,1237.0,0
56.0,-470.0,131.0,-3081.0,180.0,1191.0,0
60.0,-502.0,145.0,-2909.0,263.0,1184.0,0
65.0,-509.0,149.0,-2535.0,259.0,1178.0,0
62.0,-500.0,141.0,-1966.0,200.0,1154.0,0
54.0,-472.0,124.0,-1266.0,120.0,1109.0,0
37.0,-432.0,110.0,-500.0,37.0,1047.0,0
15.0,-383.0,95.0,259.0,-31.0,996.0,0
0.0,-323.0,79.0,950.0,-76.0,962.0,0
9.0,-265.0,68.0,1530.0,-106.0,926.0,0
15.0,-207.0,54.0,1977.0,-132.0,888.0,0
29.0,-147.0,33.0,2285.0,-151.0,840.0,0
40.0,-86.0,7.0,2456.0,-170.0,785.0,0
46.0,-24.0,-20.0,2500.0,-196.0,728.0,0
57.0,23.0,-51.0,2437.0,-219.0,673.0,0
48.0,75.0,-78.0,2266.0,-243.0,601.0,0
37.0,115.0,-101.0,1989.0,-281.0,524.0,0
34.0,141.0,-125.0,1608.0,-332.0,444.0,0
19.0,161.0,-143.0,1155.0,-397.0,354.0,0
10.0,168.0,-163.0,662.0,-481.0,236.0,0
-3.0,165.0,-183.0,153.0,-574.0,92.0,0
-15.0,166.0,-195.0,-366.0,-667.0,-60.0,0
-29.0,164.0,-202.0,-848.0,-749.0,-203.0,0
-41.0,151.0,-205.0,-1253.0,-816.0,-312.0,0
-60.0,127.0,-201.0,-1575.0,-851.0,-378.0,0
-78.0,92.0,-181.0,-1812.0,-851.0,-404.0,0
-77.0,41.0,-118.0,-1905.0,-811.0,-402.0,0
-69.0,-12.0,-75.0,-1728.0,-732.0,-400.0,0
-62.0,-55.0,-47.0,-1318.0,-655.0,-432.0,0
-55.0,-82.0,-22.0,-736.0,-567.0,-493.0,0
-39.0,-92.0,-11.0,-55.0,-451.0,-549.0,0
-30.0,-98.0,-13.0,627.0,-301.0,-585.0,0
-15.0,-97.0,-29.0,1234.0,-128.0,-605.0,0
-2.0,-96.0,-48.0,1713.0,52.0,-627.0,0
4.0,-102.0,-79.0,2070.0,215.0,-650.0,0
-1.0,-108.0,-99.0,2326.0,325.0,-658.0,0
-41.0,-119.0,-93.0,2475.0,374.0,-617.0,0
-79.0,-132.0,-67.0,2481.0,391.0,-503.0,0
-139.0,-144.0,-64.0,2284.0,396.0,-298.0,0
-186.0,-154.0,-90.0,1798.0,360.0,20.0,0
-198.0,-175.0,-117.0,1036.0,204.0,473.0,0
-146.0,-226.0,-127.0,180.0,-79.0,1011.0,0
-25.0,-310.0,-130.0,-607.0,-368.0,1508.0,0
73.0,-415.0,-150.0,-1434.0,-545.0,1792.0,0
87.0,-526.0,-245.0,-2555.0,-452.0,1860.0,0
57.0,-647.0,-337.0,-4037.0,166.0,1985.0,0
55.0,-781.0,-367.0,-5717.0,1149.0,2410.0,0
122.0,-997.0,-300.0,-7144.0,1753.0,2956.0,0
197.0,-1163.0,-218.0,-7720.0,1385.0,3118.0,0
187.0,-1176.0,-106.0,-7066.0,286.0,2542.0,0
94.0,-1059.0,38.0,-5031.0,-669.0,1493.0,0
103.0,-974.0,131.0,-1975.0,-977.0,777.0,0
129.0,-913.0,171.0,1073.0,-822.0,432.0,0
113.0,-818.0,168.0,2960.0,-542.0,140.0,0
87.0,-680.0,141.0,4450.0,-276.0,-211.0,0
69.0,-519.0,111.0,5152.0,-7.0,-636.0,0
39.0,-368.0,74.0,5363.0,219.0,-1092.0,0
-5.0,-237.0,51.0,5279.0,475.0,-1441.0,0
-40.0,-125.0,58.0,4966.0,667.0,-1623.0,0
-65.0,-45.0,48.0,4414.0,784.0,-1684.0,0
-93.0,2.0,53.0,3612.0,828.0,-1682.0,0
-106.0,10.0,62.0,2583.0,834.0,-1582.0,0
-98.0,-11.0,75.0,1418.0,838.0,-1396.0,0
-59.0,-63.0,92.0,225.0,870.0,-1157.0,0
-11.0,-128.0,110.0,-933.0,907.0,-942.0,0
10.0,-196.0,115.0,-2005.0,924.0,-825.0,0
13.0,-262.0,120.0,-2947.0,918.0,-766.0,0
25.0,-325.0,117.0,-3740.0,864.0,-705.0,0
41.0,-381.0,114.0,-4329.0,745.0,-634.0,0
62.0,-427.0,101.0,-4641.0,579.0,-573.0,0
73.0,-458.0,91.0,-4635.0,409.0,-526.0,0
88.0,-477.0,72.0,-4302.0,285.0,-518.0,0
92.0,-483.0,49.0,-3684.0,214.0,-556.0,0
85.0,-476.0,24.0,-2849.0,180.0,-643.0,0
69.0,-450.0,6.0,-1892.0,152.0,-770.0,0
56.0,-411.0,-3.0,-906.0,114.0,-920.0,0
39.0,-366.0,-14.0,49.0,35.0,-1048.0,0
13.0,-316.0,-28.0,910.0,-95.0,-1134.0,0
-12.0,-260.0,-42.0,1619.0,-254.0,-1176.0,0
-43.0,-203.0,-49.0,2159.0,-418.0,-1174.0,0
-59.0,-149.0,-58.0,2537.0,-570.0,-1114.0,0
-76.0,-94.0,-62.0,2762.0,-677.0,-1031.0,0
-82.0,-41.0,-67.0,2858.0,-721.0,-961.0,0
-89.0,13.0,-64.0,2825.0,-708.0,-896.0,0
-90.0,53.0,-56.0,2706.0,-660.0,-807.0,0
-88.0,87.0,-54.0,2514.0,-584.0,-658.0,0
-66.0,101.0,-56.0,2248.0,-487.0,-443.0,0
-43.0,102.0,-62.0,1909.0,-378.0,-214.0,0
-26.0,97.0,-70.0,1511.0,-272.0,-33.0,0
-10.0,77.0,-79.0,1081.0,-176.0,89.0,0
-8.0,66.0,-93.0,653.0,-87.0,160.0,0
4.0,54.0,-96.0,281.0,16.0,206.0,0
13.0,37.0,-93.0,10.0,148.0,250.0,0
26.0,17.0,-79.0,-146.0,297.0,285.0,0
27.0,2.0,-65.0,-197.0,426.0,284.0,0
23.0,-9.0,-40.0,-164.0,498.0,255.0,0
20.0,-22.0,-23.0,-49.0,492.0,223.0,0
14.0,-31.0,0.0,161.0,421.0,203.0,0
8.0,-50.0,3.0,463.0,303.0,197.0,0
4.0,-68.0,-7.0,825.0,162.0,197.0,0
-7.0,-88.0,-38.0,1199.0,19.0,197.0,0
-31.0,-105.0,-83.0,1540.0,-122.0,196.0,0
-29.0,-119.0,-121.0,1803.0,-268.0,206.0,0
43.0,-142.0,-143.0,1923.0,-372.0,221.0,0
189.0,-187.0,-150.0,1871.0,-324.0,190.0,0
288.0,-208.0,-117.0,1647.0,-60.0,50.0,0
307.0,-219.0,-87.0,1231.0,266.0,-187.0,0
218.0,-205.0,-103.0,606.0,354.0,-504.0,0
43.0,-184.0,-180.0,-231.0,148.0,-845.0,0
-14.0,-252.0,-296.0,-1360.0,-78.0,-1077.0,0
60.0,-365.0,-365.0,-2781.0,-36.0,-1317.0,0
168.0,-470.0,-388.0,-4143.0,420.0,-1708.0,0
238.0,-575.0,-425.0,-5188.0,1151.0,-2180.0,0
222.0,-689.0,-469.0,-6066.0,1844.0,-2547.0,0
122.0,-808.0,-455.0,-6875.0,2389.0,-2709.0,0
-24.0,-933.0,-302.0,-7295.0,2849.0,-2732.0,0
-155.0,-1052.0,-67.0,-6813.0,3018.0,-2568.0,0
-233.0,-1147.0,91.0,-5306.0,2645.0,-2038.0,0
-234.0,-1194.0,158.0,-3195.0,1977.0,-1218.0,0
-173.0,-1148.0,191.0,-959.0,1387.0,-406.0,0
-143.0,-1020.0,187.0,1158.0,1024.0,116.0,0
-129.0,-850.0,173.0,2603.0,839.0,388.0,0
-128.0,-667.0,163.0,3954.0,667.0,549.0,0
-119.0,-491.0,139.0,4754.0,374.0,710.0,0
-112.0,-353.0,101.0,5048.0,40.0,924.0,0
-105.0,-255.0,68.0,4847.0,-467.0,1192.0,0
-90.0,-177.0,43.0,4197.0,-1015.0,1391.0,0
-75.0,-124.0,18.0,3251.0,-1514.0,1595.0,0
-57.0,-95.0,2.0,2179.0,-1863.0,1738.0,0
-35.0,-101.0,-10.0,1119.0,-1999.0,1808.0,0
-17.0,-129.0,-11.0,161.0,-1910.0,1802.0,0
-3.0,-170.0,0.0,-640.0,-1643.0,1709.0,0
14.0,-215.0,13.0,-1257.0,-1285.0,1554.0,0
17.0,-258.0,30.0,-1696.0,-924.0,1397.0,0
18.0,-297.0,50.0,-1963.0,-633.0,1284.0,0
17.0,-349.0,85.0,-2080.0,-451.0,1231.0,0
27.0,-354.0,88.0,-2055.0,-379.0,1226.0,0
32.0,-358.0,101.0,-1908.0,-391.0,1253.0,0
27.0,-361.0,94.0,-1660.0,-451.0,1302.0,0
19.0,-351.0,87.0,-1367.0,-519.0,1350.0,0
17.0,-330.0,93.0,-1054.0,-583.0,1374.0,0
9.0,-305.0,84.0,-715.0,-646.0,1370.0,0
9.0,-272.0,88.0,-363.0,-716.0,1357.0,0
23.0,-240.0,78.0,-9.0,-786.0,1349.0,0
38.0,-204.0,71.0,344.0,-852.0,1335.0,0
59.0,-176.0,51.0,678.0,-897.0,1322.0,0
69.0,-142.0,24.0,955.0,-919.0,1298.0,0
88.0,-116.0,-7.0,1163.0,-910.0,1250.0,0
99.0,-82.0,-25.0,1297.0,-870.0,1171.0,0
101.0,-55.0,-49.0,1372.0,-801.0,1060.0,0
99.0,-29.0,-66.0,1396.0,-715.0,926.0,0
98.0,-10.0,-85.0,1373.0,-640.0,777.0,0
87.0,7.0,-106.0,1288.0,-587.0,603.0,0
70.0,21.0,-125.0,1137.0,-545.0,410.0,0
59.0,36.0,-137.0,925.0,-515.0,220.0,0
51.0,47.0,-153.0,667.0,-495.0,39.0,0
46.0,53.0,-160.0,377.0,-483.0,-128.0,0
46.0,63.0,-163.0,70.0,-477.0,-287.0,0
40.0,69.0,-158.0,-209.0,-473.0,-442.0,0
39.0,67.0,-149.0,-427.0,-469.0,-589.0,0
25.0,64.0,-130.0,-562.0,-467.0,-729.0,0
3.0,52.0,-111.0,-607.0,-460.0,-832.0,0
-2.0,29.0,-75.0,-564.0,-440.0,-878.0,0
0.0,3.0,-43.0,-409.0,-409.0,-902.0,0
0.0,-13.0,-16.0,-144.0,-365.0,-922.0,0
4.0,-34.0,0.0,202.0,-306.0,-942.0,0
10.0,-46.0,11.0,602.0,-228.0,-958.0,0
13.0,-61.0,2.0,1009.0,-136.0,-965.0,0
14.0,-72.0,-27.0,1392.0,-37.0,-970.0,0
12.0,-87.0,-52.0,1732.0,41.0,-975.0,0
-8.0,-98.0,-58.0,1993.0,112.0,-964.0,0
-38.0,-99.0,-45.0,2116.0,228.0,-918.0,0
-74.0,-105.0,-29.0,2058.0,406.0,-828.0,0
-142.0,-117.0,-33.0,1759.0,617.0,-660.0,0
-199.0,-137.0,-69.0,1084.0,795.0,-328.0,0
-198.0,-165.0,-92.0,73.0,853.0,167.0,0
-127.0,-212.0,-111.0,-1041.0,776.0,721.0,0
-4.0,-304.0,-158.0,-2170.0,583.0,1213.0,0
62.0,-433.0,-310.0,-3503.0,375.0,1547.0,0
39.0,-585.0,-500.0,-5172.0,499.0,1838.0,0
2.0,-728.0,-580.0,-6952.0,1101.0,2312.0,0
-7.0,-919.0,-501.0,-8356.0,1652.0,3033.0,0
2.0,-1169.0,-368.0,-8636.0,1462.0,3662.0,0
-7.0,-1305.0,-282.0,-7368.0,493.0,3580.0,0
-55.0,-1240.0,-119.0,-5446.0,-572.0,2631.0,0
-43.0,-1104.0,27.0,-2334.0,-1041.0,1452.0,0
13.0,-959.0,122.0,853.0,-929.0,672.0,0
44.0,-822.0,154.0,3355.0,-729.0,270.0,0
49.0,-670.0,149.0,4896.0,-554.0,2.0,0
55.0,-510.0,110.0,5664.0,-415.0,-342.0,0
55.0,-341.0,62.0,5952.0,-161.0,-731.0,0
33.0,-196.0,25.0,5904.0,218.0,-1283.0,0
-4.0,-73.0,8.0,5537.0,593.0,-1751.0,0
-52.0,20.0,3.0,4871.0,834.0,-2028.0,0
-84.0,68.0,3.0,3915.0,885.0,-2108.0,0
-106.0,73.0,8.0,2699.0,781.0,-2042.0,0
-101.0,43.0,25.0,1301.0,628.0,-1855.0,0
-69.0,-16.0,51.0,-124.0,548.0,-1578.0,0
-14.0,-95.0,82.0,-1419.0,594.0,-1283.0,0
17.0,-174.0,119.0,-2490.0,713.0,-1070.0,0
22.0,-254.0,131.0,-3339.0,852.0,-955.0,0
17.0,-324.0,123.0,-4026.0,962.0,-877.0,0
22.0,-386.0,105.0,-4579.0,971.0,-790.0,0
45.0,-437.0,74.0,-4938.0,836.0,-698.0,0
63.0,-480.0,40.0,-5036.0,603.0,-612.0,0
88.0,-513.0,13.0,-4832.0,373.0,-526.0,0
97.0,-539.0,1.0,-4327.0,223.0,-474.0,0
96.0,-543.0,-11.0,-3584.0,142.0,-485.0,0
90.0,-538.0,-14.0,-2688.0,101.0,-549.0,0
71.0,-513.0,-5.0,-1676.0,48.0,-623.0,0
61.0,-466.0,0.0,-580.0,-40.0,-707.0,0
40.0,-411.0,5.0,541.0,-171.0,-794.0,0
22.0,-350.0,-3.0,1589.0,-346.0,-862.0,0
2.0,-279.0,-19.0,2464.0,-536.0,-912.0,0
-27.0,-209.0,-30.0,3102.0,-710.0,-935.0,0
-45.0,-139.0,-42.0,3496.0,-833.0,-924.0,0
-59.0,-69.0,-50.0,3669.0,-883.0,-901.0,0
-71.0,-1.0,-48.0,3667.0,-860.0,-860.0,0
-67.0,62.0,-42.0,3526.0,-783.0,-782.0,0
-64.0,115.0,-38.0,3286.0,-674.0,-670.0,0
-47.0,151.0,-39.0,2960.0,-549.0,-517.0,0
-39.0,173.0,-44.0,2559.0,-410.0,-321.0,0
-20.0,177.0,-50.0,2111.0,-270.0,-100.0,0
-10.0,176.0,-65.0,1629.0,-148.0,97.0,0
3.0,159.0,-85.0,1140.0,-45.0,245.0,0
6.0,142.0,-99.0,665.0,41.0,350.0,0
6.0,120.0,-110.0,241.0,120.0,431.0,0
19.0,94.0,-116.0,-94.0,208.0,500.0,0
32.0,54.0,-121.0,-324.0,304.0,547.0,0
37.0,21.0,-112.0,-463.0,378.0,540.0,0
34.0,-2.0,-93.0,-511.0,401.0,500.0,0
29.0,-27.0,-77.0,-445.0,364.0,459.0,0
22.0,-53.0,-61.0,-265.0,271.0,434.0,0
12.0,-80.0,-56.0,21.0,139.0,418.0,0
1.0,-96.0,-58.0,382.0,-10.0,408.0,0
-3.0,-116.0,-66.0,779.0,-148.0,393.0,0
-23.0,-128.0,-90.0,1174.0,-261.0,369.0,0
-32.0,-134.0,-116.0,1538.0,-349.0,342.0,0
18.0,-147.0,-127.0,1824.0,-407.0,322.0,0
114.0,-174.0,-118.0,1998.0,-375.0,284.0,0
190.0,-194.0,-94.0,2048.0,-219.0,171.0,0
190.0,-190.0,-53.0,1945.0,-17.0,-27.0,0
146.0,-182.0,-55.0,1640.0,27.0,-305.0,0
59.0,-158.0,-111.0,1103.0,-173.0,-646.0,0
1.0,-170.0,-183.0,506.0,-413.0,-953.0,0
14.0,-238.0,-251.0,-479.0,-453.0,-1179.0,0
62.0,-312.0,-306.0,-1702.0,-151.0,-1399.0,0
117.0,-390.0,-336.0,-2952.0,373.0,-1645.0,0
142.0,-498.0,-350.0,-4072.0,1201.0,-1910.0,0
95.0,-635.0,-361.0,-5074.0,1873.0,-2183.0,0
14.0,-798.0,-331.0,-5987.0,2245.0,-2405.0,0
-87.0,-938.0,-215.0,-6614.0,2412.0,-2688.0,0
-188.0,-1024.0,-48.0,-6583.0,2340.0,-2794.0,0
-210.0,-1073.0,68.0,-5720.0,1904.0,-2337.0,0
-113.0,-1094.0,150.0,-4216.0,1280.0,-1338.0,0
-29.0,-1061.0,185.0,-2295.0,714.0,-370.0,0
-27.0,-955.0,162.0,-214.0,355.0,207.0,0
-46.0,-815.0,122.0,1701.0,185.0,547.0,0
-49.0,-666.0,98.0,3202.0,88.0,785.0,0
-46.0,-508.0,70.0,4217.0,-34.0,952.0,0
-26.0,-375.0,32.0,4687.0,-237.0,1084.0,0
2.0,-260.0,-1.0,4615.0,-500.0,1206.0,0
47.0,-174.0,-32.0,4087.0,-740.0,1315.0,0
85.0,-113.0,-47.0,3226.0,-885.0,1408.0,0
105.0,-85.0,-43.0,2201.0,-934.0,1483.0,0
102.0,-86.0,-32.0,1157.0,-898.0,1548.0,0
89.0,-110.0,-1.0,188.0,-795.0,1607.0,0
66.0,-152.0,22.0,-653.0,-647.0,1662.0,0
44.0,-206.0,48.0,-1351.0,-489.0,1683.0,0
21.0,-257.0,71.0,-1891.0,-351.0,1650.0,0
6.0,-309.0,90.0,-2273.0,-242.0,1568.0,0
2.0,-349.0,101.0,-2504.0,-168.0,1469.0,0
0.0,-381.0,114.0,-2576.0,-129.0,1392.0,0
-2.0,-398.0,111.0,-2490.0,-124.0,1352.0,0
-4.0,-404.0,103.0,-2257.0,-147.0,1351.0,0
-11.0,-409.0,89.0,-1902.0,-172.0,1365.0,0
-15.0,-398.0,67.0,-1460.0,-173.0,1360.0,0
-25.0,-384.0,51.0,-965.0,-160.0,1316.0,0
-39.0,-360.0,41.0,-451.0,-148.0,1247.0,0
-43.0,-319.0,37.0,54.0,-144.0,1158.0,0
-36.0,-278.0,38.0,526.0,-155.0,1057.0,0
-22.0,-231.0,32.0,950.0,-165.0,948.0,0
1.0,-172.0,19.0,1308.0,-158.0,832.0,0
24.0,-127.0,9.0,1595.0,-119.0,711.0,0
55.0,-87.0,10.0,1812.0,-48.0,589.0,0
68.0,-42.0,-21.0,1970.0,45.0,469.0,0
83.0,-2.0,-45.0,2066.0,140.0,358.0,0
82.0,24.0,-66.0,2091.0,215.0,238.0,0
74.0,55.0,-89.0,2036.0,247.0,107.0,0
59.0,72.0,-107.0,1892.0,207.0,-37.0,0
46.0,95.0,-126.0,1655.0,85.0,-189.0,0
29.0,109.0,-137.0,1334.0,-89.0,-336.0,0
25.0,123.0,-146.0,950.0,-274.0,-471.0,0
24.0,128.0,-148.0,543.0,-433.0,-587.0,0
18.0,131.0,-148.0,159.0,-545.0,-687.0,0
0.0,126.0,-143.0,-163.0,-615.0,-757.0,0
-11.0,104.0,-130.0,-413.0,-646.0,-771.0,0
-10.0,68.0,-111.0,-575.0,-632.0,-727.0,0
-1.0,16.0,-85.0,-629.0,-586.0,-678.0,0
-1.0,-11.0,-59.0,-554.0,-522.0,-653.0,0
2.0,-40.0,-29.0,-360.0,-441.0,-642.0,0
5.0,-61.0,-11.0,-61.0,-334.0,-634.0,0
8.0,-69.0,2.0,306.0,-202.0,-632.0,0
11.0,-72.0,2.0,704.0,-48.0,-643.0,0
20.0,-68.0,-6.0,1088.0,122.0,-667.0,0
24.0,-71.0,-35.0,1426.0,286.0,-704.0,0
33.0,-77.0,-71.0,1698.0,406.0,-743.0,0
22.0,-77.0,-81.0,1877.0,478.0,-765.0,0
3.0,-77.0,-74.0,1896.0,561.0,-733.0,0
-33.0,-85.0,-48.0,1704.0,696.0,-632.0,0
-102.0,-93.0,-16.0,1366.0,862.0,-439.0,0
-178.0,-105.0,-27.0,651.0,959.0,-104.0,0
-180.0,-139.0,-102.0,-402.0,880.0,399.0,0
-130.0,-210.0,-228.0,-1733.0,471.0,1052.0,0
-41.0,-316.0,-386.0,-3209.0,-228.0,1723.0,0
-25.0,-461.0,-632.0,-4721.0,-828.0,2148.0,0
-43.0,-637.0,-813.0,-6380.0,-759.0,2590.0,0
-63.0,-852.0,-784.0,-8133.0,8.0,3166.0,0
-58.0,-1097.0,-560.0,-9395.0,712.0,3892.0,0
-42.0,-1335.0,-312.0,-9213.0,539.0,4150.0,0
-27.0,-1411.0,-107.0,-7313.0,-336.0,3298.0,0
-33.0,-1281.0,111.0,-4426.0,-1039.0,1647.0,0
16.0,-1124.0,270.0,-1265.0,-1176.0,373.0,0
96.0,-1012.0,323.0,1599.0,-920.0,-180.0,0
129.0,-869.0,291.0,3701.0,-527.0,-482.0,0
117.0,-692.0,228.0,4974.0,-65.0,-803.0,0
85.0,-492.0,144.0,5572.0,415.0,-1152.0,0
51.0,-313.0,66.0,5673.0,776.0,-1481.0,0
-1.0,-165.0,-1.0,5297.0,895.0,-1735.0,0
-50.0,-46.0,-36.0,4489.0,747.0,-1837.0,0
-92.0,15.0,-49.0,3367.0,408.0,-1746.0,0
-113.0,19.0,-53.0,2102.0,41.0,-1471.0,0
-93.0,-37.0,-33.0,816.0,-179.0,-1055.0,0
-34.0,-127.0,-9.0,-395.0,-186.0,-580.0,0
7.0,-208.0,31.0,-1465.0,-62.0,-209.0,0
14.0,-273.0,69.0,-2283.0,111.0,-19.0,0
5.0,-326.0,89.0,-2823.0,292.0,30.0,0
-1.0,-374.0,88.0,-3143.0,415.0,0.0,0
5.0,-410.0,79.0,-3326.0,442.0,-61.0,0
25.0,-445.0,52.0,-3442.0,391.0,-120.0,0
52.0,-478.0,29.0,-3495.0,320.0,-173.0,0
68.0,-503.0,9.0,-3465.0,264.0,-221.0,0
83.0,-527.0,0.0,-3282.0,222.0,-293.0,0
86.0,-532.0,-6.0,-2873.0,185.0,-417.0,0
82.0,-526.0,-15.0,-2231.0,147.0,-585.0,0
79.0,-495.0,-7.0,-1413.0,96.0,-764.0,0
65.0,-458.0,0.0,-498.0,24.0,-919.0,0
57.0,-408.0,8.0,401.0,-76.0,-1041.0,0
32.0,-344.0,6.0,1194.0,-207.0,-1119.0,0
13.0,-275.0,-2.0,1834.0,-357.0,-1151.0,0
2.0,-203.0,1.0,2309.0,-502.0,-1145.0,0
-8.0,-127.0,-4.0,2603.0,-595.0,-1107.0,0
-24.0,-53.0,-1.0,2766.0,-624.0,-1055.0,0
-28.0,13.0,0.0,2827.0,-589.0,-958.0,0
-20.0,66.0,0.0,2820.0,-514.0,-838.0,0
-20.0,112.0,-8.0,2762.0,-418.0,-725.0,0
-20.0,136.0,-24.0,2642.0,-320.0,-596.0,0
-22.0,151.0,-39.0,2421.0,-224.0,-443.0,0
-23.0,154.0,-61.0,2096.0,-152.0,-278.0,0
-19.0,150.0,-76.0,1688.0,-101.0,-130.0,0
-11.0,141.0,-97.0,1256.0,-77.0,-20.0,0
-4.0,130.0,-113.0,838.0,-72.0,62.0,0
-1.0,115.0,-130.0,470.0,-72.0,141.0,0
-1.0,94.0,-141.0,171.0,-65.0,222.0,0
3.0,67.0,-152.0,-50.0,-37.0,308.0,0
13.0,41.0,-154.0,-197.0,6.0,362.0,0
8.0,13.0,-148.0,-277.0,44.0,364.0,0
2.0,-3.0,-134.0,-278.0,57.0,343.0,0
-2.0,-18.0,-112.0,-172.0,37.0,321.0,0
-4.0,-31.0,-96.0,50.0,-13.0,304.0,0
-10.0,-42.0,-87.0,360.0,-74.0,297.0,0
-14.0,-55.0,-85.0,637.0,-129.0,295.0,0
-23.0,-62.0,-95.0,975.0,-165.0,290.0,0
-27.0,-72.0,-115.0,1269.0,-178.0,281.0,0
-5.0,-85.0,-129.0,1490.0,-169.0,275.0,0
44.0,-104.0,-144.0,1605.0,-107.0,260.0,0
114.0,-136.0,-146.0,1598.0,36.0,207.0,0
174.0,-163.0,-126.0,1468.0,251.0,112.0,0
184.0,-175.0,-91.0,1213.0,450.0,-79.0,0
147.0,-190.0,-73.0,830.0,498.0,-345.0,0
40.0,-177.0,-103.0,323.0,373.0,-662.0,0
-22.0,-196.0,-139.0,-325.0,234.0,-921.0,0
3.0,-248.0,-186.0,-1122.0,240.0,-1080.0,0
59.0,-314.0,-242.0,-1968.0,499.0,-1228.0,0
114.0,-393.0,-282.0,-2759.0,1037.0,-1422.0,0
134.0,-495.0,-304.0,-3515.0,1654.0,-1656.0,0
120.0,-629.0,-314.0,-4340.0,2056.0,-1899.0,0
52.0,-780.0,-304.0,-5247.0,2157.0,-2163.0,0
-36.0,-918.0,-210.0,-6011.0,2150.0,-2454.0,0
-127.0,-1021.0,-58.0,-6171.0,2100.0,-2528.0,0
-172.0,-1087.0,42.0,-5408.0,1900.0,-2047.0,0
-105.0,-1123.0,123.0,-3895.0,1564.0,-1124.0,0
-66.0,-1089.0,147.0,-1958.0,1138.0,-300.0,0
-72.0,-989.0,118.0,23.0,756.0,139.0,0
-74.0,-844.0,93.0,1712.0,501.0,344.0,0
-64.0,-688.0,73.0,2958.0,363.0,464.0,0
-52.0,-532.0,62.0,3765.0,270.0,580.0,0
-41.0,-408.0,50.0,4171.0,119.0,740.0,0
-26.0,-312.0,33.0,4219.0,-116.0,947.0,0
-6.0,-253.0,8.0,3954.0,-375.0,1142.0,0
12.0,-217.0,1.0,3390.0,-594.0,1309.0,0
25.0,-198.0,3.0,2609.0,-751.0,1447.0,0
24.0,-198.0,16.0,1740.0,-837.0,1545.0,0
18.0,-205.0,33.0,894.0,-866.0,1579.0,0
13.0,-221.0,63.0,150.0,-851.0,1542.0,0
11.0,-233.0,83.0,-467.0,-791.0,1450.0,0
21.0,-239.0,102.0,-947.0,-678.0,1349.0,0
38.0,-244.0,120.0,-1294.0,-532.0,1295.0,0
44.0,-250.0,123.0,-1508.0,-388.0,1305.0,0
46.0,-263.0,118.0,-1629.0,-271.0,1363.0,0
44.0,-279.0,109.0,-1674.0,-188.0,1433.0,0
37.0,-290.0,96.0,-1650.0,-130.0,1467.0,0
25.0,-280.0,83.0,-1573.0,-78.0,1440.0,0
16.0,-273.0,73.0,-1431.0,-21.0,1361.0,0
9.0,-256.0,62.0,-1205.0,37.0,1239.0,0
1.0,-229.0,52.0,-898.0,98.0,1088.0,0
-1.0,-204.0,45.0,-531.0,149.0,923.0,0
-5.0,-176.0,36.0,-136.0,167.0,751.0,0
3.0,-153.0,22.0,270.0,140.0,588.0,0
4.0,-128.0,9.0,676.0,58.0,449.0,0
23.0,-97.0,-8.0,1082.0,-59.0,329.0,0
43.0,-70.0,-35.0,1462.0,-188.0,202.0,0
63.0,-49.0,-64.0,1755.0,-316.0,52.0,0
65.0,-24.0,-94.0,1903.0,-426.0,-101.0,0
56.0,4.0,-127.0,1878.0,-508.0,-241.0,0
35.0,29.0,-150.0,1682.0,-564.0,-354.0,0
5.0,54.0,-163.0,1351.0,-605.0,-446.0,0
-17.0,69.0,-165.0,929.0,-654.0,-540.0,0
-31.0,87.0,-162.0,473.0,-722.0,-648.0,0
-36.0,91.0,-156.0,116.0,-798.0,-759.0,0
-37.0,88.0,-142.0,-284.0,-858.0,-848.0,0
-28.0,75.0,-125.0,-613.0,-877.0,-896.0,0
-30.0,61.0,-98.0,-845.0,-851.0,-897.0,0
-16.0,36.0,-70.0,-956.0,-779.0,-871.0,0
-7.0,2.0,-42.0,-924.0,-675.0,-849.0,0
18.0,-25.0,-13.0,-749.0,-545.0,-835.0,0
32.0,-54.0,8.0,-446.0,-395.0,-840.0,0
42.0,-70.0,27.0,-44.0,-230.0,-858.0,0
42.0,-83.0,38.0,422.0,-45.0,-870.0,0
38.0,-88.0,36.0,915.0,164.0,-860.0,0
36.0,-88.0,23.0,1397.0,381.0,-842.0,0
46.0,-95.0,-9.0,1836.0,581.0,-819.0,0
52.0,-101.0,-46.0,2218.0,739.0,-795.0,0
42.0,-108.0,-78.0,2535.0,834.0,-750.0,0
3.0,-113.0,-85.0,2743.0,852.0,-658.0,0
-15.0,-111.0,-64.0,2769.0,822.0,-499.0,0
-60.0,-117.0,-59.0,2555.0,787.0,-252.0,0
-146.0,-123.0,-93.0,1960.0,733.0,113.0,0
-235.0,-123.0,-168.0,886.0,569.0,594.0,0
-279.0,-154.0,-272.0,-419.0,234.0,1106.0,0
-226.0,-247.0,-336.0,-1675.0,-197.0,1673.0,0
-68.0,-367.0,-346.0,-2865.0,-570.0,2246.0,0
-43.0,-517.0,-390.0,-4143.0,-705.0,2561.0,0
-135.0,-687.0,-468.0,-5530.0,-173.0,2668.0,0
-225.0,-882.0,-538.0,-7015.0,881.0,2952.0,0
-226.0,-1125.0,-486.0,-8386.0,1698.0,3374.0,0
-150.0,-1374.0,-327.0,-8873.0,1629.0,3322.0,0
-100.0,-1408.0,-197.0,-7877.0,577.0,2343.0,0
-104.0,-1256.0,-27.0,-5517.0,-745.0,744.0,0
-13.0,-1120.0,102.0,-2179.0,-1427.0,-456.0,0
105.0,-1010.0,188.0,1235.0,-1263.0,-945.0,0
155.0,-876.0,214.0,3869.0,-733.0,-1019.0,0
132.0,-706.0,211.0,5381.0,-330.0,-974.0,0
101.0,-529.0,188.0,6016.0,-182.0,-1008.0,0
77.0,-357.0,138.0,6238.0,-189.0,-1205.0,0
56.0,-206.0,89.0,6187.0,-210.0,-1490.0,0
33.0,-74.0,56.0,5772.0,-171.0,-1735.0,0
1.0,16.0,32.0,4964.0,-104.0,-1845.0,0
-25.0,68.0,22.0,3853.0,-103.0,-1765.0,0
-45.0,69.0,17.0,2569.0,-163.0,-1483.0,0
-44.0,36.0,10.0,1216.0,-212.0,-1052.0,0
-16.0,-31.0,12.0,-124.0,-207.0,-571.0,0
28.0,-113.0,13.0,-1407.0,-165.0,-203.0,0
44.0,-185.0,19.0,-2579.0,-116.0,-65.0,0
36.0,-239.0,30.0,-3570.0,-54.0,-127.0,0
21.0,-280.0,40.0,-4323.0,7.0,-279.0,0
17.0,-319.0,41.0,-4842.0,64.0,-437.0,0
25.0,-360.0,43.0,-5113.0,126.0,-552.0,0
46.0,-408.0,59.0,-5067.0,185.0,-632.0,0
63.0,-443.0,59.0,-4673.0,224.0,-715.0,0
85.0,-464.0,41.0,-3987.0,248.0,-803.0,0
98.0,-469.0,33.0,-3106.0,268.0,-908.0,0
103.0,-449.0,15.0,-2145.0,294.0,-1031.0,0
90.0,-419.0,10.0,-1187.0,322.0,-1141.0,0
63.0,-371.0,3.0,-300.0,317.0,-1189.0,0
32.0,-315.0,2.0,491.0,262.0,-1157.0,0
10.0,-260.0,-3.0,1172.0,170.0,-1084.0,0
-12.0,-197.0,-6.0,1725.0,79.0,-1032.0,0
-25.0,-146.0,-20.0,2143.0,-1.0,-1000.0,0
-35.0,-88.0,-23.0,2384.0,-78.0,-966.0,0
-46.0,-35.0,-21.0,2586.0,-165.0,-887.0,0
-50.0,20.0,-22.0,2696.0,-260.0,-732.0,0
-38.0,53.0,-33.0,2718.0,-332.0,-505.0,0
-22.0,75.0,-46.0,2656.0,-416.0,-258.0,0
-2.0,94.0,-54.0,2509.0,-480.0,-79.0,0
14.0,107.0,-65.0,2300.0,-524.0,110.0,0
30.0,110.0,-86.0,2040.0,-535.0,266.0,0
41.0,113.0,-96.0,1730.0,-509.0,392.0,0
57.0,104.0,-103.0,1402.0,-459.0,479.0,0
56.0,95.0,-120.0,1070.0,-396.0,518.0,0
54.0,73.0,-126.0,734.0,-326.0,516.0,0
45.0,51.0,-119.0,411.0,-248.0,487.0,0
32.0,32.0,-102.0,144.0,-164.0,437.0,0
16.0,15.0,-83.0,-19.0,-86.0,377.0,0
4.0,1.0,-65.0,-57.0,-24.0,314.0,0
-7.0,-11.0,-52.0,22.0,16.0,257.0,0
-17.0,-29.0,-55.0,170.0,30.0,211.0,0
-23.0,-44.0,-67.0,344.0,23.0,171.0,0
-31.0,-60.0,-96.0,522.0,1.0,133.0,0
-24.0,-79.0,-124.0,687.0,-16.0,97.0,0
17.0,-103.0,-143.0,812.0,-6.0,59.0,0
100.0,-129.0,-140.0,852.0,86.0,-6.0,0
180.0,-154.0,-131.0,785.0,298.0,-136.0,0
203.0,-172.0,-117.0,629.0,583.0,-322.0,0
181.0,-191.0,-140.0,397.0,798.0,-562.0,0
98.0,-198.0,-202.0,44.0,832.0,-875.0,0
32.0,-216.0,-273.0,-444.0,778.0,-1192.0,0
27.0,-272.0,-313.0,-1045.0,836.0,-1425.0,0
65.0,-341.0,-321.0,-1717.0,1126.0,-1611.0,0
110.0,-429.0,-313.0,-2428.0,1595.0,-1820.0,0
129.0,-553.0,-317.0,-3208.0,1957.0,-2097.0,0
91.0,-707.0,-343.0,-4197.0,1927.0,-2407.0,0
9.0,-867.0,-338.0,-5380.0,1579.0,-2580.0,0
-70.0,-1013.0,-272.0,-6378.0,1147.0,-2408.0,0
-119.0,-1132.0,-177.0,-6723.0,733.0,-1717.0,0
-90.0,-1178.0,-44.0,-6085.0,412.0,-684.0,0
-75.0,-1155.0,58.0,-4402.0,221.0,163.0,0
-115.0,-1032.0,120.0,-2057.0,157.0,590.0,0
-134.0,-888.0,134.0,392.0,167.0,711.0,0
-142.0,-723.0,134.0,2488.0,198.0,697.0,0
-132.0,-571.0,123.0,4014.0,204.0,667.0,0
-104.0,-435.0,91.0,4937.0,130.0,674.0,0
-68.0,-308.0,52.0,5276.0,-25.0,711.0,0
-31.0,-209.0,2.0,5037.0,-216.0,782.0,0
6.0,-146.0,-32.0,4201.0,-396.0,891.0,0
40.0,-105.0,-41.0,2967.0,-555.0,1034.0,0
62.0,-96.0,-32.0,1636.0,-664.0,1203.0,0
65.0,-128.0,-16.0,375.0,-747.0,1336.0,0
68.0,-182.0,-1.0,-774.0,-835.0,1423.0,0
65.0,-248.0,16.0,-1775.0,-917.0,1453.0,0
59.0,-312.0,38.0,-2596.0,-960.0,1444.0,0
61.0,-376.0,65.0,-3200.0,-942.0,1422.0,0
62.0,-424.0,91.0,-3562.0,-872.0,1385.0,0
64.0,-458.0,105.0,-3664.0,-784.0,1340.0,0
63.0,-474.0,121.0,-3497.0,-701.0,1299.0,0
53.0,-465.0,119.0,-3055.0,-642.0,1276.0,0
31.0,-445.0,109.0,-2376.0,-596.0,1276.0,0
-4.0,-418.0,93.0,-1560.0,-534.0,1293.0,0
-40.0,-385.0,76.0,-696.0,-449.0,1323.0,0
-69.0,-332.0,58.0,140.0,-358.0,1353.0,0
-88.0,-284.0,37.0,742.0,-272.0,1360.0,0
-92.0,-231.0,17.0,1375.0,-211.0,1327.0,0
-79.0,-174.0,2.0,1858.0,-183.0,1261.0,0
-58.0,-109.0,-21.0,2184.0,-171.0,1161.0,0
-19.0,-50.0,-51.0,2367.0,-159.0,1055.0,0
23.0,6.0,-74.0,2420.0,-130.0,955.0,0
67.0,57.0,-108.0,2358.0,-73.0,808.0,0
106.0,95.0,-132.0,2175.0,-15.0,620.0,0
127.0,130.0,-148.0,1869.0,30.0,417.0,0
137.0,153.0,-159.0,1463.0,63.0,225.0,0
130.0,159.0,-168.0,994.0,71.0,37.0,0
110.0,150.0,-169.0,480.0,37.0,-151.0,0
84.0,133.0,-161.0,-47.0,-52.0,-334.0,0
63.0,106.0,-152.0,-534.0,-188.0,-496.0,0
46.0,72.0,-134.0,-924.0,-334.0,-624.0,0
39.0,33.0,-109.0,-1179.0,-469.0,-730.0,0
30.0,-6.0,-91.0,-1258.0,-578.0,-824.0,0
22.0,-39.0,-67.0,-1140.0,-662.0,-905.0,0
12.0,-62.0,-54.0,-840.0,-717.0,-961.0,0
3.0,-83.0,-49.0,-400.0,-752.0,-976.0,0
-4.0,-92.0,-42.0,114.0,-768.0,-961.0,0
-7.0,-93.0,-34.0,638.0,-758.0,-924.0,0
-4.0,-80.0,-29.0,1129.0,-725.0,-874.0,0
-7.0,-70.0,-21.0,1555.0,-666.0,-821.0,0
-14.0,-55.0,-17.0,1894.0,-584.0,-770.0,0
-17.0,-40.0,-19.0,2124.0,-479.0,-725.0,0
-23.0,-29.0,-14.0,2246.0,-354.0,-687.0,0
-19.0,-22.0,-23.0,2266.0,-209.0,-649.0,0
-12.0,-34.0,-50.0,2208.0,-60.0,-611.0,0
-19.0,-56.0,-57.0,2103.0,56.0,-561.0,0
-37.0,-71.0,-34.0,1951.0,153.0,-487.0,0
-55.0,-81.0,15.0,1735.0,292.0,-379.0,0
-96.0,-100.0,42.0,1399.0,514.0,-220.0,0
-163.0,-118.0,-22.0,813.0,769.0,12.0,0
-190.0,-166.0,-132.0,-193.0,921.0,384.0,0
-164.0,-234.0,-283.0,-1660.0,801.0,972.0,0
-121.0,-324.0,-440.0,-3296.0,363.0,1726.0,0
-94.0,-450.0,-599.0,-4739.0,-140.0,2450.0,0
-107.0,-610.0,-758.0,-5983.0,-403.0,3029.0,0
-108.0,-800.0,-813.0,-7111.0,-333.0,3529.0,0
-89.0,-1074.0,-753.0,-7982.0,-276.0,3958.0,0
-95.0,-1349.0,-602.0,-8100.0,-621.0,3948.0,0
-92.0,-1477.0,-387.0,-7053.0,-1311.0,3154.0,0
-67.0,-1390.0,-92.0,-5118.0,-1849.0,1820.0,0
6.0,-1187.0,128.0,-2528.0,-1867.0,571.0,0
102.0,-997.0,239.0,247.0,-1413.0,-259.0,0
166.0,-819.0,243.0,2639.0,-805.0,-694.0,0
173.0,-626.0,191.0,4418.0,-261.0,-900.0,0
135.0,-440.0,133.0,5665.0,219.0,-1024.0,0
108.0,-274.0,63.0,6391.0,634.0,-1104.0,0
76.0,-127.0,12.0,6454.0,902.0,-1208.0,0
34.0,-13.0,-28.0,5849.0,903.0,-1334.0,0
-12.0,54.0,-56.0,4719.0,596.0,-1380.0,0
-49.0,66.0,-68.0,3295.0,113.0,-1298.0,0
-56.0,34.0,-61.0,1750.0,-304.0,-1078.0,0
-43.0,-32.0,-32.0,238.0,-466.0,-751.0,0
-13.0,-120.0,12.0,-1111.0,-338.0,-394.0,0
3.0,-204.0,56.0,-2196.0,-29.0,-147.0,0
-9.0,-273.0,87.0,-2979.0,330.0,-72.0,0
-20.0,-336.0,101.0,-3502.0,640.0,-128.0,0
-30.0,-388.0,98.0,-3842.0,815.0,-255.0,0
-32.0,-449.0,80.0,-4013.0,834.0,-385.0,0
-11.0,-498.0,68.0,-4115.0,732.0,-477.0,0
4.0,-537.0,53.0,-4036.0,613.0,-540.0,0
19.0,-569.0,27.0,-3726.0,456.0,-579.0,0
38.0,-579.0,12.0,-3185.0,329.0,-630.0,0
53.0,-567.0,-2.0,-2409.0,231.0,-694.0,0
65.0,-542.0,-13.0,-1477.0,162.0,-798.0,0
71.0,-504.0,-12.0,-460.0,90.0,-874.0,0
77.0,-449.0,-11.0,590.0,-19.0,-907.0,0
73.0,-390.0,-17.0,1604.0,-158.0,-924.0,0
57.0,-320.0,-18.0,2486.0,-299.0,-955.0,0
32.0,-242.0,-25.0,3162.0,-420.0,-997.0,0
9.0,-164.0,-27.0,3589.0,-518.0,-1024.0,0
-9.0,-78.0,-24.0,3783.0,-596.0,-1002.0,0
-18.0,16.0,-30.0,3792.0,-649.0,-931.0,0
-28.0,94.0,-15.0,3674.0,-679.0,-818.0,0
-13.0,152.0,-18.0,3463.0,-678.0,-675.0,0
0.0,197.0,-23.0,3170.0,-640.0,-521.0,0
17.0,224.0,-37.0,2807.0,-555.0,-379.0,0
28.0,232.0,-55.0,2352.0,-408.0,-248.0,0
23.0,231.0,-72.0,1824.0,-219.0,-130.0,0
24.0,219.0,-91.0,1237.0,-29.0,-27.0,0
14.0,206.0,-108.0,630.0,121.0,62.0,0
2.0,188.0,-123.0,53.0,220.0,141.0,0
0.0,159.0,-126.0,-439.0,269.0,216.0,0
3.0,124.0,-128.0,-810.0,284.0,292.0,0
9.0,78.0,-132.0,-1047.0,272.0,336.0,0
8.0,51.0,-130.0,-1149.0,236.0,338.0,0
3.0,19.0,-128.0,-1101.0,161.0,325.0,0
-3.0,-7.0,-134.0,-907.0,50.0,326.0,0
-20.0,-33.0,-148.0,-593.0,-93.0,350.0,0
-25.0,-60.0,-158.0,-212.0,-254.0,390.0,0
-12.0,-86.0,-180.0,185.0,-396.0,435.0,0
23.0,-116.0,-193.0,545.0,-451.0,469.0,0
79.0,-149.0,-190.0,841.0,-370.0,464.0,0
138.0,-186.0,-167.0,1062.0,-151.0,404.0,0
173.0,-212.0,-134.0,1212.0,145.0,268.0,0
154.0,-240.0,-113.0,1284.0,402.0,59.0,0
54.0,-256.0,-110.0,1240.0,541.0,-186.0,0
-53.0,-263.0,-109.0,1046.0,604.0,-411.0,0
-79.0,-278.0,-96.0,642.0,729.0,-589.0,0
-27.0,-318.0,-76.0,-24.0,988.0,-774.0,0
34.0,-372.0,-78.0,-943.0,1369.0,-1094.0,0
56.0,-449.0,-91.0,-1940.0,1793.0,-1540.0,0
26.0,-540.0,-123.0,-2826.0,2006.0,-1934.0,0
-44.0,-635.0,-204.0,-3566.0,1860.0,-2120.0,0
-105.0,-736.0,-293.0,-4220.0,1476.0,-2113.0,0
-166.0,-835.0,-328.0,-4729.0,985.0,-2000.0,0
-194.0,-883.0,-273.0,-4880.0,435.0,-1694.0,0
-175.0,-897.0,-180.0,-4412.0,-139.0,-1083.0,0
-142.0,-899.0,-90.0,-3293.0,-602.0,-386.0,0
-125.0,-870.0,-30.0,-1780.0,-846.0,150.0,0
-126.0,-802.0,8.0,-224.0,-903.0,463.0,0
-132.0,-697.0,27.0,1083.0,-849.0,607.0,0
-120.0,-572.0,44.0,2028.0,-730.0,662.0,0
-108.0,-446.0,63.0,2669.0,-618.0,694.0,0
-98.0,-332.0,60.0,3092.0,-615.0,764.0,0
-80.0,-253.0,37.0,3302.0,-734.0,908.0,0
-59.0,-203.0,1.0,3262.0,-886.0,1092.0,0
-28.0,-185.0,-37.0,2905.0,-987.0,1254.0,0
0.0,-182.0,-63.0,2185.0,-1014.0,1375.0,0
19.0,-197.0,-56.0,1176.0,-1004.0,1437.0,0
30.0,-238.0,-4.0,276.0,-1002.0,1443.0,0
11.0,-297.0,52.0,-813.0,-1036.0,1414.0,0
-15.0,-366.0,110.0,-1738.0,-1111.0,1373.0,0
-16.0,-439.0,150.0,-2397.0,-1213.0,1309.0,0
-6.0,-510.0,169.0,-2786.0,-1290.0,1221.0,0
18.0,-572.0,186.0,-2943.0,-1345.0,1104.0,0
50.0,-605.0,179.0,-2889.0,-1338.0,980.0,0
81.0,-603.0,178.0,-2604.0,-1271.0,879.0,0
102.0,-583.0,181.0,-2065.0,-1165.0,798.0,0
101.0,-534.0,172.0,-1268.0,-1061.0,788.0,0
81.0,-472.0,139.0,-289.0,-966.0,861.0,0
67.0,-404.0,116.0,729.0,-875.0,1004.0,0
48.0,-325.0,93.0,1699.0,-791.0,1145.0,0
36.0,-242.0,67.0,2591.0,-721.0,1242.0,0
35.0,-169.0,29.0,3350.0,-659.0,1301.0,0
48.0,-99.0,-12.0,3912.0,-588.0,1335.0,0
67.0,-39.0,-62.0,4233.0,-522.0,1355.0,0
95.0,16.0,-101.0,4291.0,-473.0,1356.0,0
130.0,63.0,-142.0,4105.0,-440.0,1313.0,0
148.0,102.0,-185.0,3699.0,-431.0,1197.0,0
164.0,134.0,-207.0,3111.0,-443.0,1029.0,0
167.0,163.0,-217.0,2413.0,-442.0,828.0,0
154.0,188.0,-230.0,1650.0,-394.0,605.0,0
133.0,202.0,-235.0,845.0,-307.0,377.0,0
109.0,214.0,-233.0,5.0,-221.0,171.0,0
99.0,213.0,-223.0,-842.0,-175.0,-19.0,0
94.0,206.0,-208.0,-1621.0,-204.0,-217.0,0
99.0,181.0,-193.0,-2237.0,-313.0,-406.0,0
80.0,136.0,-175.0,-2647.0,-464.0,-568.0,0
53.0,82.0,-113.0,-2833.0,-585.0,-678.0,0
25.0,27.0,-72.0,-2698.0,-647.0,-731.0,0
0.0,-21.0,-37.0,-2286.0,-702.0,-766.0,0
-12.0,-67.0,-11.0,-1689.0,-759.0,-804.0,0
-12.0,-101.0,-3.0,-995.0,-792.0,-845.0,0
-10.0,-120.0,3.0,-284.0,-762.0,-886.0,0
-1.0,-134.0,3.0,390.0,-646.0,-928.0,0
7.0,-147.0,-8.0,1002.0,-441.0,-976.0,0
17.0,-156.0,-34.0,1551.0,-181.0,-1034.0,0
20.0,-166.0,-60.0,2037.0,88.0,-1097.0,0
-8.0,-165.0,-53.0,2464.0,339.0,-1139.0,0
-63.0,-171.0,-38.0,2793.0,586.0,-1122.0,0
-133.0,-180.0,-25.0,2948.0,849.0,-994.0,0
-221.0,-206.0,-19.0,2846.0,1080.0,-728.0,0
-288.0,-253.0,-31.0,2451.0,1186.0,-281.0,0
-280.0,-327.0,-64.0,1863.0,1109.0,349.0,0
-195.0,-429.0,-120.0,1174.0,888.0,1046.0,0
-141.0,-505.0,-171.0,239.0,632.0,1631.0,0
-148.0,-565.0,-234.0,-1132.0,512.0,2013.0,0
-163.0,-645.0,-356.0,-2835.0,690.0,2269.0,0
-128.0,-792.0,-519.0,-4589.0,1112.0,2562.0,0
-70.0,-942.0,-522.0,-6132.0,1293.0,2771.0,0
-50.0,-1026.0,-333.0,-7045.0,814.0,2553.0,0
-55.0,-976.0,-67.0,-6690.0,-179.0,1840.0,0
-16.0,-900.0,82.0,-4824.0,-1119.0,1119.0,0
69.0,-843.0,143.0,-2198.0,-1507.0,727.0,0
134.0,-773.0,157.0,305.0,-1308.0,450.0,0
155.0,-682.0,152.0,2211.0,-800.0,107.0,0
140.0,-568.0,128.0,3437.0,-260.0,-304.0,0
108.0,-452.0,101.0,4075.0,146.0,-663.0,0
82.0,-354.0,73.0,4285.0,352.0,-879.0,0
64.0,-284.0,52.0,4212.0,401.0,-977.0,0
56.0,-235.0,28.0,3933.0,390.0,-1036.0,0
58.0,-214.0,9.0,3451.0,395.0,-1106.0,0
64.0,-201.0,13.0,2759.0,445.0,-1161.0,0
66.0,-189.0,27.0,1897.0,564.0,-1168.0,0
57.0,-182.0,46.0,969.0,789.0,-1146.0,0
51.0,-189.0,52.0,231.0,1105.0,-1071.0,0
39.0,-214.0,57.0,-664.0,1452.0,-947.0,0
55.0,-261.0,63.0,-1535.0,1697.0,-797.0,0
60.0,-314.0,70.0,-2368.0,1891.0,-717.0,0
52.0,-361.0,77.0,-3118.0,1939.0,-723.0,0
46.0,-403.0,90.0,-3677.0,1873.0,-761.0,0
52.0,-438.0,102.0,-3952.0,1723.0,-778.0,0
61.0,-454.0,104.0,-3907.0,1527.0,-766.0,0
70.0,-455.0,98.0,-3563.0,1320.0,-742.0,0
86.0,-447.0,86.0,-2978.0,1127.0,-743.0,0
88.0,-426.0,67.0,-2221.0,958.0,-780.0,0
79.0,-391.0,52.0,-1366.0,814.0,-833.0,0
72.0,-357.0,36.0,-471.0,692.0,-905.0,0
57.0,-311.0,18.0,416.0,571.0,-998.0,0
34.0,-263.0,2.0,1246.0,438.0,-1127.0,0
0.0,-218.0,-21.0,1949.0,293.0,-1270.0,0
-36.0,-169.0,-45.0,2450.0,153.0,-1367.0,0
-64.0,-119.0,-60.0,2752.0,48.0,-1399.0,0
-84.0,-74.0,-67.0,2870.0,-24.0,-1385.0,0
-100.0,-29.0,-77.0,2827.0,-85.0,-1303.0,0
-108.0,14.0,-72.0,2670.0,-129.0,-1151.0,0
-105.0,56.0,-73.0,2455.0,-158.0,-980.0,0
-113.0,86.0,-64.0,2205.0,-165.0,-808.0,0
-99.0,107.0,-66.0,1914.0,-148.0,-624.0,0
-95.0,124.0,-66.0,1576.0,-113.0,-440.0,0
-93.0,128.0,-72.0,1193.0,-60.0,-265.0,0
-77.0,122.0,-81.0,774.0,4.0,-100.0,0
-69.0,108.0,-90.0,326.0,70.0,29.0,0
-56.0,87.0,-97.0,-126.0,138.0,125.0,0
-36.0,59.0,-90.0,-536.0,204.0,212.0,0
-17.0,27.0,-81.0,-851.0,261.0,281.0,0
-11.0,2.0,-64.0,-1018.0,301.0,320.0,0
-7.0,-13.0,-46.0,-1010.0,323.0,326.0,0
0.0,-29.0,-34.0,-849.0,319.0,318.0,0
2.0,-41.0,-19.0,-571.0,290.0,303.0,0
-3.0,-47.0,-28.0,-191.0,246.0,292.0,0
5.0,-65.0,-23.0,248.0,189.0,288.0,0
6.0,-83.0,-34.0,715.0,118.0,281.0,0
-2.0,-98.0,-60.0,1169.0,39.0,271.0,0
-18.0,-112.0,-90.0,1586.0,-47.0,264.0,0
-1.0,-123.0,-120.0,1915.0,-140.0,273.0,0
57.0,-144.0,-144.0,2118.0,-199.0,288.0,0
148.0,-173.0,-167.0,2182.0,-169.0,280.0,0
223.0,-197.0,-167.0,2096.0,-37.0,197.0,0
234.0,-212.0,-160.0,1848.0,100.0,28.0,0
151.0,-218.0,-178.0,1411.0,83.0,-219.0,0
-3.0,-198.0,-204.0,750.0,-61.0,-487.0,0
-75.0,-220.0,-229.0,-172.0,-115.0,-678.0,0
-53.0,-268.0,-243.0,-1364.0,56.0,-852.0,0
18.0,-340.0,-242.0,-2721.0,472.0,-1123.0,0
78.0,-424.0,-237.0,-4000.0,1048.0,-1485.0,0
96.0,-535.0,-237.0,-5038.0,1562.0,-1836.0,0
28.0,-666.0,-245.0,-5924.0,1845.0,-2118.0,0
-73.0,-807.0,-189.0,-6696.0,1981.0,-2367.0,0
-172.0,-942.0,-69.0,-6987.0,2040.0,-2582.0,0
-229.0,-1034.0,25.0,-6460.0,1886.0,-2507.0,0
-210.0,-1091.0,65.0,-5206.0,1463.0,-1933.0,0
-112.0,-1121.0,105.0,-3492.0,955.0,-1020.0,0
-36.0,-1082.0,124.0,-1449.0,534.0,-218.0,0
-3.0,-981.0,109.0,720.0,279.0,293.0,0
5.0,-845.0,83.0,2646.0,146.0,632.0,0
15.0,-692.0,64.0,4069.0,50.0,889.0,0
23.0,-526.0,59.0,4926.0,-76.0,1066.0,0
16.0,-370.0,42.0,5276.0,-260.0,1197.0,0
25.0,-241.0,23.0,5381.0,-468.0,1350.0,0
51.0,-140.0,4.0,5132.0,-659.0,1549.0,0
86.0,-84.0,-25.0,4521.0,-814.0,1772.0,0
118.0,-55.0,-37.0,3572.0,-898.0,1954.0,0
127.0,-43.0,-29.0,2391.0,-935.0,2049.0,0
109.0,-53.0,-11.0,1134.0,-888.0,2058.0,0
83.0,-89.0,8.0,-84.0,-779.0,2010.0,0
50.0,-145.0,36.0,-1193.0,-639.0,1893.0,0
29.0,-202.0,59.0,-2144.0,-487.0,1717.0,0
22.0,-253.0,82.0,-2864.0,-327.0,1520.0,0
20.0,-288.0,106.0,-3303.0,-177.0,1340.0,0
18.0,-319.0,124.0,-3455.0,-50.0,1207.0,0
14.0,-332.0,125.0,-3345.0,37.0,1120.0,0
-8.0,-341.0,120.0,-3021.0,85.0,1080.0,0
-22.0,-348.0,101.0,-2560.0,114.0,1069.0,0
-32.0,-349.0,89.0,-2005.0,126.0,1048.0,0
-34.0,-320.0,67.0,-1378.0,138.0,1010.0,0
-27.0,-287.0,51.0,-688.0,164.0,958.0,0
-13.0,-245.0,38.0,24.0,213.0,883.0,0
1.0,-204.0,22.0,710.0,283.0,779.0,0
17.0,-160.0,7.0,1361.0,367.0,644.0,0
34.0,-108.0,-14.0,1967.0,484.0,483.0,0
58.0,-58.0,-44.0,2491.0,627.0,297.0,0
76.0,-17.0,-77.0,2872.0,769.0,99.0,0
77.0,29.0,-112.0,3056.0,897.0,-99.0,0
73.0,64.0,-144.0,3020.0,997.0,-276.0,0
66.0,98.0,-175.0,2747.0,1050.0,-423.0,0
46.0,116.0,-189.0,2269.0,1021.0,-549.0,0
24.0,128.0,-194.0,1637.0,886.0,-659.0,0
5.0,136.0,-193.0,935.0,646.0,-753.0,0
0.0,140.0,-193.0,249.0,326.0,-822.0,0
-20.0,140.0,-187.0,-367.0,-31.0,-857.0,0
-40.0,121.0,-164.0,-869.0,-382.0,-835.0,0
-41.0,85.0,-137.0,-1240.0,-692.0,-765.0,0
-39.0,42.0,-100.0,-1438.0,-945.0,-666.0,0
-27.0,-2.0,-66.0,-1438.0,-1145.0,-581.0,0
-20.0,-36.0,-37.0,-1260.0,-1279.0,-534.0,0
-11.0,-67.0,-9.0,-934.0,-1333.0,-522.0,0
0.0,-87.0,11.0,-515.0,-1286.0,-529.0,0
3.0,-105.0,21.0,-44.0,-1136.0,-539.0,0
10.0,-111.0,29.0,446.0,-897.0,-559.0,0
12.0,-111.0,27.0,943.0,-591.0,-596.0,0
22.0,-117.0,-4.0,1428.0,-261.0,-654.0,0
27.0,-123.0,-42.0,1900.0,34.0,-717.0,0
11.0,-127.0,-42.0,2348.0,269.0,-764.0,0
-14.0,-122.0,-20.0,2700.0,482.0,-757.0,0
-50.0,-126.0,13.0,2871.0,729.0,-657.0,0
-112.0,-137.0,11.0,2717.0,982.0,-425.0,0
-149.0,-150.0,-31.0,2081.0,1105.0,-36.0,0
-132.0,-156.0,-142.0,954.0,976.0,453.0,0
-71.0,-218.0,-277.0,-586.0,648.0,988.0,0
9.0,-311.0,-402.0,-2360.0,299.0,1484.0,0
48.0,-443.0,-548.0,-4112.0,73.0,1857.0,0
13.0,-611.0,-644.0,-5818.0,225.0,2228.0,0
-41.0,-833.0,-628.0,-7403.0,728.0,2812.0,0
-37.0,-1122.0,-530.0,-8567.0,967.0,3418.0,0
-15.0,-1352.0,-386.0,-8650.0,493.0,3414.0,0
-4.0,-1376.0,-188.0,-7308.0,-344.0,2501.0,0
-1.0,-1218.0,30.0,-4728.0,-867.0,1142.0,0
33.0,-1082.0,180.0,-1513.0,-821.0,179.0,0
69.0,-970.0,231.0,1463.0,-450.0,-325.0,0
78.0,-848.0,226.0,3619.0,-54.0,-650.0,0
66.0,-692.0,198.0,4963.0,278.0,-960.0,0
57.0,-515.0,159.0,5757.0,595.0,-1263.0,0
47.0,-347.0,118.0,6185.0,897.0,-1560.0,0
5.0,-158.0,77.0,6243.0,1115.0,-1812.0,0
-35.0,-32.0,62.0,5924.0,1170.0,-1920.0,0
-62.0,43.0,33.0,5181.0,1014.0,-1870.0,0
-91.0,84.0,8.0,4055.0,790.0,-1712.0,0
-89.0,69.0,-7.0,2654.0,511.0,-1476.0,0
-62.0,23.0,-8.0,1096.0,364.0,-1171.0,0
-14.0,-65.0,9.0,-452.0,394.0,-892.0,0
28.0,-159.0,42.0,-1842.0,532.0,-577.0,0
51.0,-245.0,75.0,-2964.0,689.0,-389.0,0
54.0,-331.0,91.0,-3766.0,818.0,-312.0,0
62.0,-403.0,101.0,-4293.0,901.0,-274.0,0
72.0,-457.0,108.0,-4588.0,932.0,-248.0,0
97.0,-499.0,115.0,-4634.0,915.0,-224.0,0
116.0,-515.0,112.0,-4389.0,871.0,-216.0,0
126.0,-523.0,95.0,-3875.0,811.0,-230.0,0
133.0,-520.0,64.0,-3163.0,724.0,-299.0,0
131.0,-501.0,30.0,-2309.0,594.0,-449.0,0
128.0,-465.0,-12.0,-1355.0,427.0,-646.0,0
128.0,-432.0,-44.0,-378.0,256.0,-859.0,0
117.0,-383.0,-70.0,530.0,112.0,-1074.0,0
89.0,-318.0,-84.0,1272.0,16.0,-1269.0,0
57.0,-254.0,-98.0,1824.0,-52.0,-1389.0,0
8.0,-181.0,-89.0,2203.0,-100.0,-1434.0,0
-42.0,-115.0,-84.0,2423.0,-143.0,-1426.0,0
-88.0,-46.0,-74.0,2512.0,-196.0,-1366.0,0
-117.0,12.0,-60.0,2483.0,-258.0,-1246.0,0
-128.0,62.0,-49.0,2361.0,-303.0,-1053.0,0
-118.0,92.0,-40.0,2167.0,-302.0,-804.0,0
-82.0,96.0,-33.0,1904.0,-235.0,-540.0,0
-53.0,94.0,-31.0,1570.0,-105.0,-328.0,0
-38.0,92.0,-29.0,1213.0,62.0,-192.0,0
-40.0,80.0,-32.0,866.0,236.0,-127.0,0
-49.0,63.0,-35.0,558.0,396.0,-72.0,0
-61.0,53.0,-43.0,291.0,523.0,9.0,0
-58.0,37.0,-56.0,91.0,606.0,122.0,0
-43.0,17.0,-66.0,-14.0,642.0,242.0,0
-28.0,-3.0,-73.0,-29.0,639.0,323.0,0
-23.0,-19.0,-73.0,39.0,609.0,356.0,0
-20.0,-32.0,-62.0,191.0,561.0,367.0,0
-17.0,-47.0,-54.0,421.0,487.0,370.0,0
-18.0,-59.0,-47.0,708.0,377.0,366.0,0
-16.0,-65.0,-45.0,1009.0,237.0,364.0,0
-19.0,-67.0,-49.0,1284.0,84.0,371.0,0
-22.0,-66.0,-56.0,1509.0,-66.0,383.0,0
-29.0,-64.0,-68.0,1654.0,-198.0,389.0,0
-42.0,-66.0,-97.0,1720.0,-308.0,384.0,0
-65.0,-69.0,-128.0,1727.0,-407.0,368.0,0
-46.0,-77.0,-155.0,1665.0,-505.0,356.0,0
52.0,-101.0,-160.0,1506.0,-552.0,333.0,0
181.0,-131.0,-126.0,1247.0,-486.0,243.0,0
217.0,-138.0,-73.0,894.0,-331.0,91.0,0
214.0,-153.0,-82.0,434.0,-252.0,-119.0,0
143.0,-142.0,-159.0,-151.0,-376.0,-429.0,0
65.0,-166.0,-264.0,-891.0,-633.0,-756.0,0
62.0,-244.0,-348.0,-1780.0,-838.0,-991.0,0
128.0,-326.0,-393.0,-2764.0,-707.0,-1222.0,0
229.0,-427.0,-447.0,-3733.0,-46.0,-1548.0,0
281.0,-560.0,-468.0,-4643.0,986.0,-1962.0,0
236.0,-715.0,-474.0,-5586.0,1951.0,-2427.0,0
112.0,-882.0,-437.0,-6612.0,2614.0,-2884.0,0
-16.0,-1035.0,-310.0,-7442.0,3020.0,-3184.0,0
-105.0,-1172.0,-90.0,-7583.0,3059.0,-2962.0,0
-106.0,-1277.0,60.0,-6667.0,2567.0,-2088.0,0
-33.0,-1307.0,147.0,-4837.0,1827.0,-924.0,0
-20.0,-1223.0,183.0,-2397.0,1240.0,-46.0,0
-39.0,-1063.0,184.0,243.0,963.0,408.0,0
-59.0,-872.0,167.0,2621.0,899.0,580.0,0
-62.0,-670.0,167.0,4100.0,895.0,622.0,0
-60.0,-495.0,147.0,5346.0,814.0,653.0,0
-49.0,-351.0,112.0,5940.0,591.0,744.0,0
-44.0,-239.0,73.0,5905.0,315.0,893.0,0
-29.0,-158.0,40.0,5360.0,-115.0,1068.0,0
-13.0,-107.0,17.0,4516.0,-567.0,1265.0,0
2.0,-86.0,0.0,3530.0,-917.0,1445.0,0
26.0,-97.0,-9.0,2476.0,-1091.0,1655.0,0
47.0,-124.0,-8.0,1415.0,-1086.0,1767.0,0
56.0,-159.0,0.0,427.0,-944.0,1745.0,0
43.0,-194.0,12.0,-428.0,-715.0,1645.0,0
14.0,-238.0,35.0,-1115.0,-467.0,1558.0,0
-10.0,-275.0,62.0,-1624.0,-258.0,1536.0,0
-29.0,-316.0,78.0,-1948.0,-131.0,1558.0,0
-41.0,-345.0,90.0,-2093.0,-76.0,1567.0,0
-37.0,-371.0,87.0,-2060.0,-68.0,1525.0,0
-30.0,-384.0,82.0,-1881.0,-64.0,1429.0,0
-22.0,-379.0,79.0,-1574.0,-43.0,1277.0,0
-17.0,-357.0,75.0,-1170.0,-2.0,1123.0,0
-21.0,-321.0,84.0,-697.0,53.0,995.0,0
-14.0,-284.0,89.0,-178.0,109.0,884.0,0
0.0,-242.0,75.0,360.0,139.0,790.0,0
16.0,-198.0,56.0,876.0,130.0,704.0,0
38.0,-143.0,31.0,1327.0,81.0,612.0,0
60.0,-95.0,0.0,1682.0,11.0,520.0,0
74.0,-45.0,-28.0,1932.0,-65.0,428.0,0
85.0,4.0,-55.0,2075.0,-130.0,336.0,0
91.0,54.0,-82.0,2110.0,-179.0,244.0,0
98.0,82.0,-112.0,2028.0,-225.0,140.0,0
95.0,111.0,-143.0,1811.0,-269.0,16.0,0
81.0,136.0,-166.0,1463.0,-311.0,-124.0,0
74.0,140.0,-174.0,1018.0,-352.0,-269.0,0
66.0,154.0,-191.0,534.0,-392.0,-415.0,0
66.0,151.0,-204.0,57.0,-431.0,-569.0,0
56.0,147.0,-211.0,-391.0,-468.0,-712.0,0
41.0,125.0,-213.0,-789.0,-497.0,-826.0,0
22.0,91.0,-201.0,-1139.0,-509.0,-900.0,0
5.0,51.0,-169.0,-1426.0,-492.0,-934.0,0
-1.0,-5.0,-121.0,-1569.0,-441.0,-942.0,0
-7.0,-51.0,-79.0,-1518.0,-382.0,-944.0,0
-9.0,-88.0,-55.0,-1298.0,-331.0,-953.0,0
-11.0,-116.0,-34.0,-944.0,-280.0,-961.0,0
-10.0,-124.0,-18.0,-508.0,-209.0,-959.0,0
-10.0,-123.0,-8.0,-38.0,-107.0,-935.0,0
-8.0,-112.0,-10.0,427.0,29.0,-894.0,0
-9.0,-103.0,-12.0,865.0,195.0,-856.0,0
-1.0,-97.0,-26.0,1247.0,371.0,-839.0,0
-1.0,-92.0,-47.0,1570.0,518.0,-842.0,0
-10.0,-107.0,-74.0,1860.0,598.0,-836.0,0
-43.0,-126.0,-65.0,2122.0,607.0,-783.0,0
-80.0,-138.0,-41.0,2306.0,592.0,-661.0,0
-143.0,-145.0,-27.0,2295.0,599.0,-458.0,0
-252.0,-139.0,-61.0,1894.0,592.0,-179.0,0
-340.0,-136.0,-161.0,1024.0,445.0,201.0,0
-357.0,-186.0,-283.0,-105.0,120.0,750.0,0
-272.0,-288.0,-359.0,-1240.0,-299.0,1516.0,0
-151.0,-403.0,-388.0,-2316.0,-603.0,2273.0,0
-101.0,-529.0,-382.0,-3486.0,-553.0,2760.0,0
-135.0,-662.0,-379.0,-4766.0,-22.0,2996.0,0
-148.0,-815.0,-388.0,-6000.0,799.0,3253.0,0
-100.0,-1035.0,-338.0,-6963.0,1253.0,3551.0,0
-5.0,-1237.0,-252.0,-7158.0,794.0,3485.0,0
77.0,-1298.0,-166.0,-6326.0,-380.0,2663.0,0
70.0,-1195.0,-24.0,-4540.0,-1506.0,1304.0,0
84.0,-1087.0,97.0,-1995.0,-1879.0,255.0,0
155.0,-1009.0,148.0,648.0,-1536.0,-188.0,0
193.0,-903.0,171.0,2660.0,-930.0,-374.0,0
173.0,-730.0,169.0,3895.0,-416.0,-623.0,0
122.0,-535.0,158.0,4598.0,-99.0,-1017.0,0
73.0,-354.0,144.0,5089.0,63.0,-1469.0,0
29.0,-210.0,129.0,5444.0,91.0,-1807.0,0
0.0,-108.0,103.0,5563.0,-8.0,-1906.0,0
-15.0,-42.0,82.0,5412.0,-195.0,-1810.0,0
-23.0,-7.0,59.0,4878.0,-408.0,-1624.0,0
-22.0,7.0,45.0,3956.0,-554.0,-1406.0,0
-19.0,7.0,37.0,2718.0,-543.0,-1174.0,0
-5.0,-14.0,37.0,1291.0,-407.0,-935.0,0
19.0,-54.0,47.0,-195.0,-127.0,-703.0,0
48.0,-118.0,59.0,-1620.0,170.0,-528.0,0
52.0,-198.0,72.0,-2900.0,398.0,-457.0,0
52.0,-263.0,89.0,-3978.0,532.0,-440.0,0
57.0,-329.0,104.0,-4785.0,567.0,-443.0,0
63.0,-388.0,109.0,-5261.0,526.0,-450.0,0
82.0,-447.0,112.0,-5386.0,448.0,-417.0,0
97.0,-492.0,107.0,-5142.0,359.0,-378.0,0
102.0,-520.0,99.0,-4554.0,269.0,-391.0,0
102.0,-533.0,77.0,-3694.0,168.0,-456.0,0
97.0,-531.0,54.0,-2639.0,43.0,-563.0,0
93.0,-508.0,27.0,-1499.0,-86.0,-698.0,0
75.0,-466.0,16.0,-343.0,-197.0,-832.0,0
57.0,-416.0,-2.0,780.0,-291.0,-951.0,0
31.0,-355.0,-17.0,1781.0,-362.0,-1052.0,0
9.0,-293.0,-29.0,2591.0,-421.0,-1123.0,0
-4.0,-225.0,-42.0,3183.0,-471.0,-1156.0,0
-26.0,-153.0,-48.0,3561.0,-503.0,-1164.0,0
-50.0,-76.0,-45.0,3763.0,-510.0,-1139.0,0
-62.0,-1.0,-50.0,3826.0,-491.0,-1070.0,0
-68.0,69.0,-48.0,3779.0,-445.0,-948.0,0
-77.0,129.0,-46.0,3635.0,-378.0,-759.0,0
-70.0,172.0,-54.0,3389.0,-304.0,-503.0,0
-60.0,196.0,-65.0,3019.0,-241.0,-215.0,0
-34.0,193.0,-78.0,2519.0,-206.0,55.0,0
-11.0,178.0,-102.0,1898.0,-199.0,270.0,0
4.0,160.0,-132.0,1200.0,-198.0,419.0,0
11.0,138.0,-158.0,476.0,-179.0,517.0,0
10.0,119.0,-174.0,-215.0,-135.0,594.0,0
3.0,92.0,-182.0,-831.0,-61.0,675.0,0
1.0,69.0,-182.0,-1341.0,28.0,753.0,0
6.0,32.0,-140.0,-1721.0,102.0,811.0,0
9.0,-5.0,-94.0,-1901.0,145.0,838.0,0
9.0,-36.0,-57.0,-1831.0,152.0,831.0,0
10.0,-63.0,-22.0,-1545.0,118.0,802.0,0
10.0,-86.0,-2.0,-1069.0,57.0,762.0,0
10.0,-96.0,0.0,-460.0,-21.0,710.0,0
17.0,-112.0,-10.0,201.0,-100.0,650.0,0
21.0,-125.0,-37.0,839.0,-160.0,579.0,0
24.0,-133.0,-74.0,1401.0,-189.0,499.0,0
36.0,-146.0,-109.0,1866.0,-191.0,419.0,0
73.0,-158.0,-138.0,2205.0,-142.0,325.0,0
151.0,-183.0,-154.0,2396.0,10.0,198.0,0
232.0,-213.0,-143.0,2428.0,304.0,14.0,0
252.0,-226.0,-112.0,2303.0,656.0,-245.0,0
233.0,-244.0,-77.0,1995.0,855.0,-591.0,0
130.0,-232.0,-79.0,1463.0,761.0,-1021.0,0
20.0,-216.0,-128.0,707.0,531.0,-1421.0,0
-8.0,-228.0,-182.0,-280.0,498.0,-1729.0,0
13.0,-278.0,-224.0,-1511.0,809.0,-1989.0,0
50.0,-330.0,-250.0,-2815.0,1382.0,-2248.0,0
81.0,-435.0,-250.0,-3928.0,1922.0,-2466.0,0
49.0,-553.0,-275.0,-4830.0,2147.0,-2616.0,0
-28.0,-691.0,-278.0,-5588.0,2097.0,-2734.0,0
-121.0,-829.0,-183.0,-6048.0,2009.0,-2831.0,0
-189.0,-921.0,-40.0,-5881.0,1893.0,-2746.0,0
-187.0,-985.0,65.0,-4960.0,1596.0,-2224.0,0
-120.0,-1015.0,137.0,-3476.0,1129.0,-1343.0,0
-63.0,-979.0,182.0,-1660.0,648.0,-464.0,0
-48.0,-898.0,171.0,234.0,361.0,208.0,0
-48.0,-775.0,155.0,1869.0,321.0,651.0,0
-60.0,-627.0,148.0,3004.0,400.0,936.0,0
-66.0,-475.0,138.0,3620.0,401.0,1132.0,0
-68.0,-356.0,121.0,3823.0,195.0,1291.0,0
-58.0,-266.0,92.0,3720.0,-166.0,1438.0,0
-33.0,-205.0,65.0,3363.0,-571.0,1575.0,0
-4.0,-165.0,48.0,2777.0,-917.0,1689.0,0
21.0,-144.0,41.0,2007.0,-1154.0,1744.0,0
36.0,-137.0,48.0,1306.0,-1273.0,1735.0,0
33.0,-150.0,65.0,403.0,-1280.0,1666.0,0
23.0,-183.0,91.0,-460.0,-1197.0,1548.0,0
22.0,-227.0,125.0,-1227.0,-1081.0,1367.0,0
25.0,-278.0,143.0,-1837.0,-889.0,1152.0,0
26.0,-323.0,158.0,-2283.0,-674.0,980.0,0
41.0,-360.0,184.0,-2584.0,-480.0,906.0,0
43.0,-392.0,197.0,-2723.0,-364.0,904.0,0
24.0,-419.0,201.0,-2711.0,-337.0,998.0,0
10.0,-445.0,195.0,-2532.0,-391.0,1152.0,0
-7.0,-459.0,171.0,-2207.0,-504.0,1284.0,0
-31.0,-459.0,141.0,-1782.0,-630.0,1368.0,0
-57.0,-435.0,113.0,-1274.0,-746.0,1410.0,0
-78.0,-397.0,91.0,-704.0,-844.0,1434.0,0
-98.0,-353.0,66.0,-102.0,-930.0,1458.0,0
-95.0,-311.0,37.0,500.0,-1008.0,1497.0,0
-69.0,-262.0,11.0,1069.0,-1080.0,1539.0,0
-32.0,-213.0,-13.0,1604.0,-1137.0,1556.0,0
17.0,-165.0,-54.0,2097.0,-1163.0,1518.0,0
64.0,-108.0,-92.0,2533.0,-1136.0,1390.0,0
85.0,-49.0,-139.0,2882.0,-1054.0,1162.0,0
99.0,15.0,-180.0,3071.0,-958.0,898.0,0
98.0,69.0,-223.0,3033.0,-837.0,646.0,0
97.0,119.0,-242.0,2726.0,-655.0,428.0,0
97.0,140.0,-254.0,2182.0,-410.0,237.0,0
84.0,152.0,-261.0,1452.0,-132.0,64.0,0
69.0,150.0,-267.0,569.0,95.0,-96.0,0
62.0,138.0,-261.0,-414.0,192.0,-271.0,0
58.0,127.0,-240.0,-1386.0,134.0,-469.0,0
58.0,100.0,-212.0,-2233.0,-61.0,-686.0,0
39.0,77.0,-188.0,-2908.0,-303.0,-877.0,0
26.0,32.0,-93.0,-3380.0,-472.0,-991.0,0
33.0,-39.0,11.0,-3384.0,-508.0,-1002.0,0
46.0,-86.0,51.0,-2946.0,-503.0,-983.0,0
50.0,-115.0,83.0,-2253.0,-518.0,-996.0,0
40.0,-133.0,98.0,-1410.0,-543.0,-1022.0,0
42.0,-140.0,97.0,-497.0,-562.0,-1033.0,0
35.0,-146.0,85.0,413.0,-546.0,-1024.0,0
33.0,-142.0,63.0,1268.0,-480.0,-1004.0,0
33.0,-133.0,34.0,2019.0,-369.0,-986.0,0
35.0,-129.0,-12.0,2637.0,-218.0,-973.0,0
45.0,-118.0,-74.0,3113.0,-80.0,-963.0,0
21.0,-106.0,-95.0,3450.0,-20.0,-955.0,0
-25.0,-84.0,-101.0,3579.0,-23.0,-916.0,0
-72.0,-64.0,-99.0,3408.0,-31.0,-805.0,0
-173.0,-62.0,-117.0,2843.0,-24.0,-583.0,0
-319.0,-89.0,-173.0,1795.0,-71.0,-202.0,0
-418.0,-139.0,-250.0,368.0,-211.0,386.0,0
-394.0,-226.0,-340.0,-1243.0,-373.0,1196.0,0
-258.0,-345.0,-404.0,-2874.0,-505.0,2081.0,0
-185.0,-498.0,-458.0,-4459.0,-593.0,2743.0,0
-212.0,-669.0,-486.0,-6014.0,-390.0,3140.0,0
-258.0,-869.0,-413.0,-7447.0,88.0,3526.0,0
-224.0,-1106.0,-354.0,-8399.0,314.0,3969.0,0
-97.0,-1354.0,-355.0,-8474.0,-66.0,4009.0,0
32.0,-1456.0,-243.0,-7640.0,-847.0,3143.0,0
40.0,-1338.0,-59.0,-5812.0,-1452.0,1499.0,0
49.0,-1194.0,74.0,-3063.0,-1431.0,79.0,0
113.0,-1066.0,154.0,-111.0,-943.0,-627.0,0
160.0,-938.0,196.0,2298.0,-440.0,-862.0,0
174.0,-793.0,195.0,3955.0,-159.0,-963.0,0
153.0,-617.0,190.0,5043.0,-51.0,-1135.0,0
138.0,-439.0,166.0,5790.0,13.0,-1403.0,0
129.0,-266.0,154.0,6234.0,90.0,-1716.0,0
122.0,-131.0,132.0,6307.0,174.0,-1937.0,0
99.0,-37.0,107.0,5965.0,196.0,-1970.0,0
76.0,16.0,71.0,5214.0,129.0,-1821.0,0
54.0,41.0,47.0,4087.0,24.0,-1557.0,0
56.0,33.0,19.0,3013.0,-38.0,-1223.0,0
61.0,1.0,9.0,1604.0,28.0,-866.0,0
72.0,-46.0,3.0,211.0,239.0,-577.0,0
67.0,-98.0,7.0,-1090.0,548.0,-417.0,0
51.0,-161.0,14.0,-2249.0,815.0,-389.0,0
19.0,-219.0,26.0,-3221.0,1090.0,-438.0,0
-1.0,-268.0,45.0,-3958.0,1223.0,-490.0,0
-15.0,-313.0,68.0,-4398.0,1195.0,-507.0,0
-3.0,-353.0,80.0,-4488.0,1042.0,-483.0,0
7.0,-385.0,96.0,-4227.0,839.0,-448.0,0
13.0,-401.0,105.0,-3670.0,638.0,-442.0,0
26.0,-412.0,96.0,-2879.0,461.0,-477.0,0
31.0,-406.0,75.0,-1990.0,319.0,-561.0,0
40.0,-388.0,40.0,-1135.0,207.0,-670.0,0
40.0,-365.0,8.0,-389.0,119.0,-774.0,0
32.0,-330.0,-14.0,257.0,50.0,-877.0,0
23.0,-291.0,-42.0,813.0,-28.0,-1002.0,0
3.0,-239.0,-54.0,1271.0,-115.0,-1128.0,0
-18.0,-182.0,-70.0,1626.0,-193.0,-1217.0,0
-40.0,-124.0,-81.0,1873.0,-257.0,-1254.0,0
-60.0,-60.0,-78.0,2040.0,-306.0,-1224.0,0
-77.0,-2.0,-71.0,2162.0,-349.0,-1118.0,0
-99.0,52.0,-62.0,2240.0,-403.0,-947.0,0
-103.0,88.0,-67.0,2270.0,-470.0,-714.0,0
-106.0,115.0,-63.0,2235.0,-549.0,-426.0,0
-90.0,120.0,-76.0,2121.0,-616.0,-112.0,0
-67.0,119.0,-85.0,1918.0,-645.0,167.0,0
-23.0,107.0,-108.0,1632.0,-625.0,364.0,0
4.0,89.0,-128.0,1255.0,-550.0,470.0,0
14.0,77.0,-132.0,830.0,-421.0,526.0,0
18.0,59.0,-135.0,433.0,-267.0,553.0,0
20.0,34.0,-143.0,92.0,-125.0,555.0,0
26.0,11.0,-140.0,-188.0,-9.0,535.0,0
34.0,-10.0,-125.0,-384.0,93.0,486.0,0
33.0,-23.0,-106.0,-472.0,196.0,417.0,0
32.0,-33.0,-84.0,-433.0,302.0,338.0,0
32.0,-40.0,-63.0,-267.0,395.0,258.0,0
25.0,-39.0,-45.0,1.0,459.0,185.0,0
18.0,-47.0,-31.0,339.0,482.0,130.0,0
3.0,-61.0,-45.0,702.0,457.0,98.0,0
-6.0,-74.0,-64.0,1056.0,383.0,88.0,0
10.0,-94.0,-81.0,1355.0,275.0,93.0,0
74.0,-128.0,-95.0,1566.0,188.0,90.0,0
165.0,-171.0,-80.0,1668.0,176.0,37.0,0
207.0,-193.0,-38.0,1639.0,243.0,-92.0,0
177.0,-204.0,1.0,1466.0,259.0,-273.0,0
87.0,-193.0,-18.0,1144.0,100.0,-519.0,0
-10.0,-165.0,-97.0,623.0,-141.0,-800.0,0
-51.0,-170.0,-195.0,-282.0,-273.0,-1045.0,0
-37.0,-211.0,-282.0,-1577.0,-174.0,-1258.0,0
9.0,-281.0,-332.0,-2966.0,242.0,-1487.0,0
61.0,-402.0,-365.0,-4229.0,882.0,-1747.0,0
85.0,-590.0,-428.0,-5377.0,1519.0,-2013.0,0
35.0,-829.0,-483.0,-6524.0,2102.0,-2223.0,0
-39.0,-1068.0,-428.0,-7630.0,2635.0,-2289.0,0
-149.0,-1223.0,-199.0,-8207.0,2871.0,-2180.0,0
-211.0,-1253.0,14.0,-7537.0,2461.0,-1696.0,0
-182.0,-1224.0,115.0,-5511.0,1454.0,-790.0,0
-89.0,-1155.0,147.0,-2734.0,438.0,111.0,0
-18.0,-1002.0,169.0,109.0,0.0,560.0,0
10.0,-790.0,172.0,2545.0,172.0,531.0,0
-21.0,-579.0,147.0,4298.0,547.0,350.0,0
-48.0,-338.0,107.0,5256.0,718.0,316.0,0
-63.0,-228.0,27.0,5436.0,529.0,472.0,0
-27.0,-145.0,-29.0,4924.0,86.0,704.0,0
14.0,-97.0,-61.0,3887.0,-421.0,923.0,0
45.0,-81.0,-68.0,2570.0,-835.0,1072.0,0
37.0,-114.0,-59.0,1228.0,-1068.0,1107.0,0
17.0,-168.0,-21.0,234.0,-1117.0,1095.0,0
7.0,-224.0,18.0,-834.0,-1044.0,1073.0,0
0.0,-289.0,53.0,-1693.0,-928.0,1021.0,0
-3.0,-354.0,73.0,-2330.0,-837.0,963.0,0
-2.0,-409.0,84.0,-2735.0,-732.0,917.0,0
-12.0,-448.0,91.0,-2900.0,-656.0,906.0,0
-16.0,-471.0,109.0,-2829.0,-627.0,936.0,0
-28.0,-473.0,118.0,-2539.0,-654.0,1021.0,0
-26.0,-461.0,112.0,-2042.0,-729.0,1117.0,0
-46.0,-443.0,101.0,-1386.0,-824.0,1171.0,0
-58.0,-412.0,86.0,-645.0,-903.0,1163.0,0
-74.0,-368.0,59.0,102.0,-947.0,1102.0,0
-83.0,-309.0,45.0,785.0,-931.0,1021.0,0
-81.0,-246.0,30.0,1352.0,-864.0,939.0,0
-67.0,-176.0,18.0,1765.0,-763.0,867.0,0
-42.0,-107.0,3.0,2018.0,-648.0,812.0,0
-10.0,-47.0,-7.0,2130.0,-530.0,768.0,0
23.0,7.0,-21.0,2136.0,-422.0,724.0,0
65.0,51.0,-38.0,2053.0,-325.0,665.0,0
102.0,84.0,-56.0,1897.0,-230.0,583.0,0
131.0,105.0,-73.0,1668.0,-133.0,481.0,0
152.0,119.0,-94.0,1363.0,-44.0,353.0,0
161.0,120.0,-106.0,987.0,17.0,212.0,0
148.0,120.0,-126.0,550.0,19.0,63.0,0
129.0,107.0,-138.0,86.0,-54.0,-79.0,0
97.0,95.0,-152.0,-364.0,-206.0,-199.0,0
71.0,69.0,-165.0,-752.0,-400.0,-287.0,0
53.0,51.0,-168.0,-1048.0,-584.0,-344.0,0
45.0,17.0,-169.0,-1220.0,-718.0,-400.0,0
37.0,-16.0,-159.0,-1253.0,-800.0,-463.0,0
25.0,-41.0,-146.0,-1153.0,-836.0,-524.0,0
17.0,-63.0,-126.0,-926.0,-842.0,-578.0,0
21.0,-81.0,-106.0,-594.0,-829.0,-624.0,0
18.0,-92.0,-85.0,-192.0,-798.0,-668.0,0
21.0,-97.0,-71.0,227.0,-733.0,-706.0,0
22.0,-104.0,-66.0,636.0,-632.0,-729.0,0
16.0,-108.0,-70.0,1021.0,-512.0,-748.0,0
2.0,-112.0,-89.0,1369.0,-389.0,-767.0,0
-17.0,-105.0,-90.0,1651.0,-258.0,-783.0,0
-41.0,-97.0,-82.0,1833.0,-86.0,-790.0,0
-71.0,-91.0,-65.0,1884.0,154.0,-776.0,0
-113.0,-90.0,-59.0,1785.0,450.0,-724.0,0
-153.0,-98.0,-68.0,1517.0,742.0,-618.0,0
-158.0,-143.0,-106.0,1078.0,954.0,-418.0,0
-103.0,-204.0,-127.0,440.0,1045.0,-63.0,0
-25.0,-272.0,-129.0,-390.0,1053.0,390.0,0
64.0,-359.0,-164.0,-1357.0,1053.0,791.0,0
120.0,-458.0,-241.0,-2499.0,1113.0,1096.0,0
142.0,-549.0,-309.0,-3783.0,1321.0,1385.0,0
146.0,-631.0,-333.0,-5036.0,1659.0,1760.0,0
147.0,-805.0,-273.0,-5978.0,1868.0,2197.0,0
104.0,-983.0,-197.0,-6195.0,1604.0,2546.0,0
7.0,-1041.0,-148.0,-5477.0,848.0,2607.0,0
-64.0,-974.0,-88.0,-4015.0,-100.0,2274.0,0
-64.0,-858.0,-27.0,-2118.0,-910.0,1731.0,0
-33.0,-750.0,28.0,-190.0,-1336.0,1286.0,0
-13.0,-662.0,57.0,1461.0,-1358.0,1010.0,0
-15.0,-582.0,65.0,2692.0,-1131.0,759.0,0
-32.0,-511.0,58.0,3451.0,-833.0,422.0,0
-58.0,-424.0,51.0,3759.0,-535.0,-31.0,0
-74.0,-320.0,42.0,3703.0,-238.0,-554.0,0
-108.0,-224.0,46.0,3423.0,33.0,-1055.0,0
-135.0,-146.0,47.0,3017.0,231.0,-1382.0,0
-157.0,-98.0,38.0,2527.0,332.0,-1487.0,0
-144.0,-83.0,19.0,1931.0,348.0,-1446.0,0
-119.0,-91.0,9.0,1181.0,314.0,-1376.0,0
-88.0,-115.0,0.0,263.0,279.0,-1319.0,0
-51.0,-158.0,0.0,-781.0,283.0,-1253.0,0
-2.0,-226.0,17.0,-1877.0,339.0,-1148.0,0
46.0,-315.0,49.0,-2728.0,402.0,-954.0,0
94.0,-410.0,87.0,-3664.0,457.0,-655.0,0
136.0,-509.0,124.0,-4359.0,466.0,-304.0,0
172.0,-584.0,149.0,-4713.0,423.0,-6.0,0
193.0,-635.0,153.0,-4669.0,327.0,170.0,0
201.0,-662.0,147.0,-4229.0,201.0,247.0,0
196.0,-662.0,119.0,-3413.0,46.0,281.0,0
184.0,-639.0,87.0,-2301.0,-103.0,242.0,0
167.0,-597.0,58.0,-1005.0,-219.0,113.0,0
136.0,-536.0,35.0,328.0,-294.0,-92.0,0
120.0,-465.0,20.0,1563.0,-367.0,-343.0,0
102.0,-391.0,1.0,2606.0,-463.0,-611.0,0
84.0,-308.0,-15.0,3409.0,-581.0,-877.0,0
54.0,-225.0,-34.0,3964.0,-685.0,-1108.0,0
17.0,-140.0,-56.0,4265.0,-745.0,-1270.0,0
-18.0,-61.0,-69.0,4344.0,-756.0,-1358.0,0
-45.0,10.0,-81.0,4233.0,-721.0,-1382.0,0
-75.0,77.0,-91.0,3957.0,-631.0,-1350.0,0
-93.0,132.0,-93.0,3565.0,-492.0,-1230.0,0
-99.0,182.0,-82.0,3103.0,-325.0,-1057.0,0
-96.0,213.0,-76.0,2605.0,-150.0,-848.0,0
-86.0,225.0,-85.0,2066.0,15.0,-620.0,0
-75.0,221.0,-99.0,1464.0,148.0,-378.0,0
-59.0,199.0,-115.0,786.0,228.0,-125.0,0
-55.0,170.0,-124.0,80.0,265.0,113.0,0
-47.0,135.0,-128.0,-597.0,258.0,320.0,0
-40.0,98.0,-129.0,-1181.0,226.0,504.0,0
-31.0,54.0,-118.0,-1613.0,199.0,659.0,0
-23.0,16.0,-101.0,-1847.0,190.0,769.0,0
-13.0,-15.0,-82.0,-1879.0,188.0,837.0,0
-4.0,-47.0,-69.0,-1724.0,173.0,866.0,0
1.0,-69.0,-44.0,-1415.0,127.0,871.0,0
6.0,-89.0,-27.0,-1004.0,38.0,869.0,0
11.0,-105.0,-14.0,-507.0,-82.0,864.0,0
10.0,-122.0,-7.0,48.0,-215.0,852.0,0
13.0,-134.0,-11.0,633.0,-328.0,825.0,0
6.0,-145.0,-45.0,1215.0,-402.0,783.0,0
-17.0,-155.0,-64.0,1767.0,-439.0,727.0,0
-4.0,-167.0,-96.0,2241.0,-456.0,684.0,0
63.0,-188.0,-131.0,2585.0,-408.0,653.0,0
183.0,-220.0,-147.0,2768.0,-212.0,599.0,0
249.0,-230.0,-126.0,2753.0,141.0,471.0,0
261.0,-242.0,-112.0,2490.0,435.0,236.0,0
199.0,-231.0,-147.0,1906.0,364.0,-150.0,0
54.0,-214.0,-234.0,948.0,-28.0,-622.0,0
-25.0,-254.0,-324.0,-388.0,-298.0,-995.0,0
-4.0,-334.0,-377.0,-1991.0,-94.0,-1279.0,0
57.0,-421.0,-402.0,-3544.0,531.0,-1537.0,0
126.0,-541.0,-415.0,-4799.0,1256.0,-1764.0,0
137.0,-691.0,-426.0,-5761.0,1818.0,-1978.0,0
60.0,-847.0,-376.0,-6496.0,2196.0,-2290.0,0
-53.0,-956.0,-176.0,-6785.0,2468.0,-2728.0,0
-149.0,-1012.0,49.0,-6190.0,2460.0,-2910.0,0
-181.0,-1049.0,170.0,-4679.0,2043.0,-2451.0,0
-120.0,-1064.0,212.0,-2694.0,1458.0,-1542.0,0
-55.0,-1024.0,199.0,-611.0,987.0,-722.0,0
-36.0,-926.0,154.0,1313.0,747.0,-232.0,0
-43.0,-774.0,112.0,2888.0,663.0,50.0,0
-55.0,-598.0,97.0,4005.0,604.0,289.0,0
-65.0,-443.0,86.0,4670.0,443.0,558.0,0
-68.0,-319.0,54.0,4865.0,129.0,842.0,0
-61.0,-217.0,21.0,4632.0,-303.0,1127.0,0
-46.0,-148.0,-6.0,4047.0,-748.0,1410.0,0
-34.0,-103.0,-22.0,3390.0,-1115.0,1662.0,0
-20.0,-79.0,-23.0,2436.0,-1367.0,1858.0,0
-23.0,-75.0,-14.0,1434.0,-1494.0,1985.0,0
-32.0,-92.0,9.0,454.0,-1509.0,2030.0,0
-38.0,-127.0,31.0,-444.0,-1430.0,1970.0,0
-37.0,-178.0,47.0,-1209.0,-1252.0,1816.0,0
-31.0,-230.0,63.0,-1810.0,-990.0,1654.0,0
-18.0,-276.0,88.0,-2246.0,-703.0,1458.0,0
-12.0,-314.0,115.0,-2504.0,-460.0,1312.0,0
-1.0,-347.0,130.0,-2584.0,-300.0,1236.0,0
1.0,-366.0,131.0,-2508.0,-234.0,1246.0,0
-1.0,-378.0,122.0,-2293.0,-247.0,1301.0,0
-6.0,-384.0,113.0,-1964.0,-296.0,1352.0,0
-15.0,-382.0,87.0,-1534.0,-352.0,1361.0,0
-22.0,-363.0,66.0,-1010.0,-408.0,1328.0,0
-21.0,-339.0,50.0,-425.0,-456.0,1269.0,0
-19.0,-311.0,35.0,195.0,-491.0,1187.0,0
-7.0,-266.0,16.0,824.0,-525.0,1101.0,0
10.0,-231.0,-11.0,1433.0,-558.0,1013.0,0
40.0,-182.0,-31.0,1991.0,-579.0,925.0,0
67.0,-132.0,-57.0,2469.0,-573.0,816.0,0
96.0,-81.0,-69.0,2857.0,-527.0,679.0,0
113.0,-18.0,-96.0,3142.0,-452.0,517.0,0
123.0,21.0,-111.0,3295.0,-398.0,351.0,0
125.0,72.0,-130.0,3278.0,-374.0,216.0,0
122.0,116.0,-141.0,3074.0,-361.0,106.0,0
110.0,150.0,-157.0,2688.0,-352.0,12.0,0
92.0,172.0,-162.0,2142.0,-358.0,-80.0,0
80.0,188.0,-166.0,1463.0,-391.0,-184.0,0
76.0,195.0,-166.0,701.0,-454.0,-302.0,0
76.0,197.0,-171.0,-73.0,-544.0,-420.0,0
70.0,192.0,-176.0,-782.0,-638.0,-543.0,0
52.0,172.0,-185.0,-1383.0,-717.0,-651.0,0
28.0,139.0,-188.0,-1863.0,-746.0,-710.0,0
18.0,94.0,-155.0,-2232.0,-704.0,-707.0,0
21.0,31.0,-69.0,-2387.0,-591.0,-670.0,0
20.0,-20.0,-28.0,-2178.0,-442.0,-639.0,0
23.0,-69.0,17.0,-1711.0,-321.0,-640.0,0
20.0,-102.0,27.0,-1083.0,-220.0,-659.0,0
20.0,-129.0,26.0,-387.0,-114.0,-664.0,0
20.0,-146.0,2.0,303.0,18.0,-649.0,0
17.0,-166.0,-33.0,942.0,166.0,-628.0,0
6.0,-188.0,-66.0,1532.0,287.0,-618.0,0
-16.0,-199.0,-91.0,2064.0,376.0,-607.0,0
-46.0,-212.0,-97.0,2454.0,469.0,-555.0,0
-124.0,-217.0,-92.0,2595.0,571.0,-433.0,0
-260.0,-226.0,-97.0,2348.0,597.0,-201.0,0
-363.0,-254.0,-156.0,1689.0,435.0,220.0,0
-358.0,-307.0,-223.0,829.0,200.0,893.0,0
-183.0,-416.0,-253.0,-129.0,124.0,1703.0,0
-8.0,-550.0,-256.0,-1418.0,261.0,2306.0,0
-1.0,-668.0,-379.0,-3161.0,797.0,2544.0,0
-17.0,-789.0,-465.0,-5289.0,1769.0,2643.0,0
-36.0,-1059.0,-438.0,-7356.0,2499.0,2781.0,0
-43.0,-1382.0,-393.0,-8696.0,2201.0,2831.0,0
-73.0,-1407.0,-190.0,-8825.0,728.0,2422.0,0
-70.0,-1222.0,35.0,-6958.0,-902.0,1623.0,0
44.0,-1095.0,127.0,-3417.0,-1744.0,922.0,0
182.0,-989.0,144.0,419.0,-1697.0,397.0,0
190.0,-854.0,139.0,3434.0,-1160.0,-28.0,0
139.0,-679.0,131.0,5270.0,-514.0,-366.0,0
82.0,-490.0,136.0,6174.0,37.0,-649.0,0
24.0,-316.0,144.0,6574.0,374.0,-957.0,0
-19.0,-183.0,115.0,6694.0,439.0,-1229.0,0
-44.0,-93.0,93.0,6501.0,355.0,-1424.0,0
-58.0,-12.0,77.0,6087.0,264.0,-1554.0,0
-65.0,45.0,75.0,5323.0,190.0,-1607.0,0
-73.0,71.0,53.0,4348.0,127.0,-1534.0,0
-74.0,67.0,24.0,3151.0,116.0,-1329.0,0
-64.0,46.0,19.0,1767.0,220.0,-1045.0,0
-53.0,3.0,31.0,317.0,468.0,-752.0,0
-31.0,-53.0,56.0,-1094.0,766.0,-514.0,0
-17.0,-121.0,75.0,-2390.0,957.0,-412.0,0
-3.0,-185.0,93.0,-3506.0,945.0,-430.0,0
-1.0,-247.0,78.0,-4403.0,759.0,-543.0,0
14.0,-312.0,58.0,-5086.0,507.0,-641.0,0
41.0,-362.0,37.0,-5509.0,289.0,-698.0,0
66.0,-396.0,18.0,-5631.0,174.0,-719.0,0
79.0,-435.0,20.0,-5412.0,149.0,-709.0,0
82.0,-457.0,13.0,-4870.0,196.0,-691.0,0
75.0,-461.0,18.0,-4049.0,276.0,-719.0,0
67.0,-446.0,29.0,-3037.0,348.0,-789.0,0
62.0,-423.0,29.0,-1915.0,362.0,-846.0,0
57.0,-389.0,29.0,-762.0,310.0,-865.0,0
56.0,-343.0,21.0,325.0,222.0,-855.0,0
53.0,-296.0,21.0,1308.0,109.0,-837.0,0
55.0,-242.0,4.0,2170.0,-19.0,-816.0,0
48.0,-186.0,-5.0,2863.0,-122.0,-799.0,0
41.0,-126.0,-17.0,3367.0,-191.0,-808.0,0
18.0,-62.0,-32.0,3671.0,-234.0,-822.0,0
-2.0,3.0,-23.0,3785.0,-277.0,-794.0,0
-12.0,55.0,-32.0,3754.0,-343.0,-684.0,0
-21.0,96.0,-36.0,3591.0,-430.0,-509.0,0
-21.0,132.0,-47.0,3325.0,-523.0,-283.0,0
-13.0,142.0,-53.0,2983.0,-587.0,-43.0,0
0.0,145.0,-70.0,2580.0,-605.0,159.0,0
11.0,134.0,-98.0,2097.0,-565.0,294.0,0
26.0,122.0,-130.0,1530.0,-477.0,358.0,0
28.0,107.0,-158.0,901.0,-350.0,367.0,0
27.0,95.0,-163.0,253.0,-199.0,346.0,0
22.0,81.0,-167.0,-335.0,-53.0,323.0,0
16.0,59.0,-160.0,-819.0,69.0,301.0,0
5.0,37.0,-139.0,-1181.0,138.0,272.0,0
-2.0,6.0,-86.0,-1359.0,160.0,238.0,0
-17.0,-22.0,-67.0,-1272.0,148.0,208.0,0
-30.0,-52.0,-63.0,-972.0,99.0,190.0,0
-36.0,-83.0,-74.0,-543.0,18.0,179.0,0
-30.0,-134.0,-99.0,-60.0,-64.0,179.0,0
20.0,-156.0,-128.0,405.0,-90.0,176.0,0
90.0,-192.0,-133.0,787.0,2.0,142.0,0
180.0,-236.0,-143.0,1048.0,244.0,50.0,0
235.0,-267.0,-136.0,1164.0,601.0,-116.0,0
223.0,-288.0,-128.0,1106.0,897.0,-345.0,0
115.0,-289.0,-148.0,841.0,954.0,-637.0,0
-15.0,-275.0,-166.0,345.0,907.0,-955.0,0
-73.0,-292.0,-162.0,-333.0,1053.0,-1237.0,0
-41.0,-356.0,-157.0,-1180.0,1452.0,-1540.0,0
36.0,-432.0,-160.0,-2132.0,1890.0,-1909.0,0
71.0,-539.0,-179.0,-3146.0,2025.0,-2250.0,0
43.0,-653.0,-211.0,-4221.0,1781.0,-2422.0,0
-28.0,-779.0,-234.0,-5243.0,1368.0,-2447.0,0
-103.0,-888.0,-188.0,-5927.0,1009.0,-2456.0,0
-191.0,-958.0,-86.0,-5921.0,703.0,-2372.0,0
-235.0,-1003.0,-16.0,-5077.0,422.0,-1926.0,0
-190.0,-1027.0,50.0,-3618.0,190.0,-1138.0,0
-132.0,-1013.0,81.0,-1844.0,-26.0,-396.0,0
-129.0,-934.0,77.0,-30.0,-202.0,59.0,0
-133.0,-819.0,62.0,1550.0,-278.0,358.0,0
-116.0,-675.0,64.0,2734.0,-248.0,625.0,0
-93.0,-531.0,73.0,3519.0,-192.0,874.0,0
-71.0,-404.0,78.0,4003.0,-247.0,1095.0,0
-51.0,-301.0,66.0,4253.0,-469.0,1301.0,0
-28.0,-213.0,47.0,4262.0,-788.0,1500.0,0
7.0,-148.0,9.0,3972.0,-1076.0,1691.0,0
52.0,-108.0,-13.0,3310.0,-1240.0,1832.0,0
80.0,-78.0,-23.0,2299.0,-1259.0,1882.0,0
93.0,-79.0,-13.0,1333.0,-1169.0,1853.0,0
91.0,-107.0,12.0,77.0,-1020.0,1755.0,0
84.0,-154.0,47.0,-1095.0,-856.0,1622.0,0
79.0,-222.0,89.0,-2073.0,-734.0,1483.0,0
82.0,-291.0,124.0,-2798.0,-599.0,1347.0,0
86.0,-361.0,153.0,-3276.0,-480.0,1213.0,0
93.0,-417.0,180.0,-3513.0,-386.0,1079.0,0
99.0,-455.0,195.0,-3522.0,-324.0,979.0,0
97.0,-471.0,198.0,-3299.0,-305.0,897.0,0
76.0,-468.0,193.0,-2851.0,-322.0,877.0,0
56.0,-453.0,179.0,-2203.0,-360.0,897.0,0
28.0,-425.0,157.0,-1409.0,-413.0,933.0,0
-2.0,-387.0,124.0,-538.0,-460.0,984.0,0
-25.0,-339.0,88.0,306.0,-494.0,1049.0,0
-35.0,-292.0,43.0,1055.0,-510.0,1113.0,0
-31.0,-234.0,10.0,1675.0,-501.0,1138.0,0
-19.0,-175.0,-24.0,2182.0,-451.0,1121.0,0
-1.0,-112.0,-60.0,2604.0,-336.0,1045.0,0
27.0,-51.0,-99.0,2914.0,-175.0,912.0,0
61.0,8.0,-136.0,3066.0,-16.0,746.0,0
87.0,79.0,-173.0,3030.0,126.0,567.0,0
97.0,123.0,-191.0,2816.0,265.0,396.0,0
96.0,157.0,-197.0,2446.0,391.0,221.0,0
75.0,178.0,-203.0,1938.0,485.0,47.0,0
68.0,192.0,-220.0,1310.0,525.0,-99.0,0
41.0,181.0,-223.0,570.0,489.0,-226.0,0
33.0,176.0,-221.0,-253.0,367.0,-349.0,0
30.0,162.0,-210.0,-1077.0,170.0,-482.0,0
7.0,147.0,-196.0,-1799.0,-71.0,-622.0,0
-10.0,126.0,-174.0,-2373.0,-305.0,-726.0,0
-23.0,87.0,-109.0,-2781.0,-497.0,-762.0,0
-29.0,30.0,-19.0,-2887.0,-632.0,-753.0,0
-28.0,-24.0,17.0,-2587.0,-725.0,-743.0,0
-31.0,-60.0,48.0,-2035.0,-820.0,-765.0,0
-29.0,-92.0,62.0,-1331.0,-902.0,-799.0,0
-24.0,-111.0,58.0,-552.0,-942.0,-814.0,0
-14.0,-118.0,49.0,217.0,-920.0,-813.0,0
-8.0,-117.0,27.0,923.0,-828.0,-807.0,0
0.0,-119.0,-7.0,1527.0,-672.0,-814.0,0
0.0,-117.0,-47.0,2017.0,-482.0,-847.0,0
-10.0,-114.0,-75.0,2395.0,-290.0,-903.0,0
-28.0,-112.0,-79.0,2660.0,-103.0,-951.0,0
-55.0,-115.0,-62.0,2783.0,102.0,-943.0,0
-92.0,-130.0,-50.0,2716.0,346.0,-837.0,0
-127.0,-152.0,-57.0,2350.0,593.0,-594.0,0
-128.0,-191.0,-96.0,1588.0,772.0,-180.0,0
-78.0,-241.0,-127.0,510.0,843.0,326.0,0
5.0,-305.0,-165.0,-713.0,865.0,770.0,0
82.0,-376.0,-209.0,-2042.0,892.0,1036.0,0
91.0,-482.0,-321.0,-3485.0,943.0,1145.0,0
38.0,-601.0,-429.0,-5020.0,1122.0,1368.0,0
6.0,-768.0,-448.0,-6485.0,1404.0,1933.0,0
29.0,-1008.0,-386.0,-7530.0,1411.0,2644.0,0
54.0,-1166.0,-317.0,-7618.0,807.0,2970.0,0
24.0,-1184.0,-208.0,-6460.0,-118.0,2566.0,0
-21.0,-1088.0,-55.0,-4224.0,-783.0,1667.0,0
-36.0,-974.0,89.0,-1480.0,-927.0,875.0,0
-26.0,-874.0,161.0,1090.0,-703.0,420.0,0
-16.0,-770.0,186.0,3064.0,-397.0,123.0,0
-21.0,-651.0,162.0,4389.0,-140.0,-195.0,0
-20.0,-511.0,127.0,5202.0,92.0,-558.0,0
-25.0,-365.0,95.0,5620.0,332.0,-923.0,0
-49.0,-232.0,56.0,5656.0,569.0,-1254.0,0
-79.0,-113.0,42.0,5307.0,734.0,-1481.0,0
-109.0,-30.0,25.0,4629.0,757.0,-1558.0,0
-128.0,15.0,18.0,3678.0,632.0,-1491.0,0
-134.0,21.0,7.0,2529.0,421.0,-1339.0,0
-123.0,-1.0,6.0,1261.0,212.0,-1168.0,0
-103.0,-49.0,14.0,-35.0,91.0,-989.0,0
-62.0,-110.0,50.0,-1245.0,94.0,-788.0,0
10.0,-200.0,88.0,-2282.0,160.0,-607.0,0
57.0,-273.0,117.0,-3104.0,242.0,-493.0,0
84.0,-342.0,133.0,-3689.0,316.0,-431.0,0
94.0,-407.0,132.0,-3984.0,360.0,-374.0,0
105.0,-456.0,140.0,-4128.0,364.0,-301.0,0
118.0,-490.0,137.0,-3996.0,326.0,-233.0,0
120.0,-504.0,126.0,-3574.0,269.0,-206.0,0
112.0,-509.0,99.0,-2909.0,170.0,-224.0,0
110.0,-500.0,86.0,-2118.0,56.0,-284.0,0
107.0,-483.0,65.0,-1261.0,-75.0,-346.0,0
104.0,-462.0,40.0,-376.0,-223.0,-448.0,0
99.0,-436.0,12.0,474.0,-381.0,-581.0,0
89.0,-398.0,-13.0,1229.0,-543.0,-729.0,0
65.0,-352.0,-34.0,1836.0,-677.0,-899.0,0
38.0,-296.0,-53.0,2269.0,-757.0,-1060.0,0
18.0,-228.0,-65.0,2545.0,-780.0,-1182.0,0
1.0,-151.0,-72.0,2693.0,-741.0,-1259.0,0
-13.0,-75.0,-69.0,2751.0,-631.0,-1266.0,0
-27.0,-1.0,-70.0,2752.0,-468.0,-1216.0,0
-34.0,65.0,-62.0,2717.0,-289.0,-1114.0,0
-47.0,121.0,-63.0,2638.0,-124.0,-965.0,0
-62.0,159.0,-62.0,2492.0,10.0,-760.0,0
-65.0,170.0,-67.0,2254.0,101.0,-501.0,0
-56.0,166.0,-89.0,1904.0,149.0,-219.0,0
-31.0,145.0,-103.0,1441.0,172.0,27.0,0
-3.0,121.0,-126.0,874.0,197.0,201.0,0
17.0,91.0,-141.0,235.0,243.0,304.0,0
30.0,61.0,-148.0,-408.0,308.0,363.0,0
37.0,31.0,-142.0,-985.0,382.0,388.0,0
37.0,3.0,-123.0,-1416.0,449.0,385.0,0
32.0,-21.0,-92.0,-1654.0,496.0,365.0,0
31.0,-47.0,-65.0,-1672.0,517.0,328.0,0
30.0,-69.0,-40.0,-1494.0,510.0,282.0,0
28.0,-87.0,-13.0,-1155.0,466.0,235.0,0
28.0,-102.0,1.0,-683.0,383.0,194.0,0
23.0,-111.0,10.0,-127.0,265.0,164.0,0
3.0,-118.0,-11.0,473.0,116.0,145.0,0
-29.0,-130.0,-38.0,1067.0,-44.0,139.0,0
-32.0,-138.0,-71.0,1594.0,-205.0,150.0,0
41.0,-158.0,-96.0,1990.0,-301.0,173.0,0
165.0,-181.0,-128.0,2196.0,-260.0,156.0,0
249.0,-182.0,-139.0,2166.0,-101.0,43.0,0
225.0,-159.0,-149.0,1892.0,-12.0,-134.0,0
123.0,-134.0,-211.0,1406.0,-149.0,-343.0,0
-15.0,-134.0,-275.0,703.0,-376.0,-545.0,0
-68.0,-173.0,-306.0,-306.0,-446.0,-708.0,0
-56.0,-248.0,-297.0,-1657.0,-257.0,-928.0,0
4.0,-334.0,-285.0,-3126.0,200.0,-1254.0,0
54.0,-446.0,-288.0,-4424.0,887.0,-1621.0,0
54.0,-628.0,-326.0,-5433.0,1684.0,-1927.0,0
-22.0,-807.0,-338.0,-6255.0,2425.0,-2144.0,0
-102.0,-1009.0,-259.0,-6924.0,2999.0,-2380.0,0
-197.0,-1129.0,-40.0,-7137.0,3269.0,-2603.0,0
-249.0,-1160.0,130.0,-6452.0,2879.0,-2462.0,0
-237.0,-1149.0,194.0,-4854.0,1896.0,-1754.0,0
-149.0,-1109.0,204.0,-2621.0,837.0,-744.0,0
-92.0,-1003.0,170.0,-66.0,159.0,1.0,0
-68.0,-836.0,139.0,2339.0,-17.0,336.0,0
-68.0,-648.0,106.0,4212.0,57.0,491.0,0
-78.0,-476.0,68.0,5391.0,63.0,667.0,0
-81.0,-334.0,30.0,5870.0,-179.0,904.0,0
-64.0,-219.0,-3.0,5723.0,-650.0,1165.0,0
-38.0,-120.0,-19.0,5107.0,-1213.0,1408.0,0
-19.0,-54.0,-30.0,4197.0,-1726.0,1634.0,0
4.0,-21.0,-35.0,3149.0,-2092.0,1846.0,0
30.0,-18.0,-33.0,2057.0,-2263.0,2032.0,0
61.0,-41.0,-23.0,981.0,-2225.0,2157.0,0
81.0,-82.0,-11.0,-46.0,-2015.0,2193.0,0
93.0,-143.0,8.0,-985.0,-1684.0,2125.0,0
83.0,-204.0,40.0,-1801.0,-1299.0,1990.0,0
71.0,-270.0,74.0,-2433.0,-916.0,1859.0,0
60.0,-340.0,110.0,-2851.0,-582.0,1750.0,0
50.0,-392.0,132.0,-3040.0,-318.0,1653.0,0
45.0,-438.0,146.0,-3023.0,-113.0,1565.0,0
47.0,-461.0,152.0,-2876.0,41.0,1486.0,0
47.0,-466.0,156.0,-2521.0,146.0,1432.0,0
55.0,-452.0,149.0,-1980.0,191.0,1398.0,0
55.0,-434.0,134.0,-1274.0,179.0,1361.0,0
44.0,-404.0,120.0,-452.0,139.0,1312.0,0
29.0,-367.0,99.0,417.0,67.0,1249.0,0
21.0,-324.0,64.0,1244.0,-18.0,1186.0,0
26.0,-278.0,28.0,1950.0,-106.0,1131.0,0
43.0,-223.0,-2.0,2499.0,-186.0,1045.0,0
69.0,-163.0,-32.0,2898.0,-242.0,927.0,0
98.0,-103.0,-66.0,3167.0,-263.0,783.0,0
119.0,-40.0,-98.0,3312.0,-224.0,628.0,0
125.0,15.0,-133.0,3323.0,-142.0,475.0,0
126.0,70.0,-162.0,3175.0,-65.0,347.0,0
112.0,117.0,-191.0,2863.0,-13.0,251.0,0
98.0,151.0,-197.0,2398.0,14.0,170.0,0
76.0,177.0,-207.0,1815.0,-3.0,70.0,0
54.0,191.0,-212.0,1140.0,-74.0,-74.0,0
27.0,205.0,-220.0,403.0,-200.0,-244.0,0
3.0,217.0,-228.0,-358.0,-378.0,-397.0,0
-25.0,201.0,-223.0,-1117.0,-580.0,-506.0,0
-54.0,183.0,-215.0,-1841.0,-784.0,-553.0,0
-80.0,153.0,-205.0,-2490.0,-946.0,-517.0,0
-94.0,103.0,-157.0,-3013.0,-1050.0,-432.0,0
-91.0,15.0,-56.0,-3256.0,-1082.0,-353.0,0
-86.0,-37.0,0.0,-3119.0,-1063.0,-330.0,0
-80.0,-80.0,45.0,-2678.0,-1018.0,-365.0,0
-66.0,-115.0,81.0,-2006.0,-919.0,-433.0,0
-50.0,-140.0,95.0,-1184.0,-756.0,-507.0,0
-23.0,-153.0,99.0,-310.0,-536.0,-567.0,0
-19.0,-171.0,83.0,551.0,-282.0,-602.0,0
-11.0,-181.0,38.0,1357.0,-25.0,-621.0,0
-29.0,-195.0,0.0,2112.0,190.0,-633.0,0
-68.0,-211.0,-23.0,2799.0,344.0,-615.0,0
-121.0,-220.0,-7.0,3358.0,467.0,-526.0,0
-194.0,-235.0,-20.0,3659.0,588.0,-326.0,0
-268.0,-259.0,-99.0,3501.0,668.0,65.0,0
-263.0,-291.0,-193.0,2822.0,596.0,660.0,0
-171.0,-382.0,-256.0,1885.0,435.0,1369.0,0
-52.0,-468.0,-233.0,798.0,343.0,2009.0,0
9.0,-547.0,-195.0,-488.0,392.0,2360.0,0
-12.0,-639.0,-258.0,-1993.0,574.0,2444.0,0
-33.0,-769.0,-339.0,-3619.0,958.0,2606.0,0
-5.0,-931.0,-424.0,-5155.0,1173.0,2936.0,0
59.0,-1081.0,-450.0,-6456.0,774.0,3037.0,0
148.0,-1124.0,-278.0,-7125.0,-95.0,2534.0,0
130.0,-1011.0,-77.0,-6452.0,-895.0,1563.0,0
128.0,-902.0,52.0,-4363.0,-1150.0,743.0,0
140.0,-838.0,117.0,-1639.0,-867.0,232.0,0
131.0,-779.0,135.0,813.0,-389.0,-179.0,0
109.0,-689.0,150.0,2534.0,45.0,-591.0,0
86.0,-562.0,161.0,3554.0,367.0,-1000.0,0
59.0,-428.0,151.0,4086.0,538.0,-1337.0,0
27.0,-306.0,144.0,4325.0,592.0,-1517.0,0
-1.0,-206.0,134.0,4370.0,632.0,-1531.0,0
-5.0,-134.0,134.0,4268.0,712.0,-1428.0,0
-13.0,-77.0,123.0,4023.0,806.0,-1264.0,0
-21.0,-44.0,91.0,3567.0,905.0,-1084.0,0
-25.0,-39.0,50.0,2768.0,1040.0,-925.0,0
-26.0,-57.0,15.0,1615.0,1230.0,-773.0,0
-28.0,-99.0,0.0,239.0,1441.0,-605.0,0
-6.0,-163.0,15.0,-1185.0,1594.0,-444.0,0
-6.0,-239.0,43.0,-2472.0,1609.0,-357.0,0
-21.0,-313.0,72.0,-3500.0,1480.0,-342.0,0
-28.0,-373.0,107.0,-4202.0,1241.0,-348.0,0
-15.0,-422.0,133.0,-4559.0,940.0,-358.0,0
3.0,-460.0,138.0,-4588.0,642.0,-379.0,0
37.0,-488.0,139.0,-4314.0,414.0,-428.0,0
65.0,-504.0,132.0,-3783.0,301.0,-521.0,0
82.0,-507.0,108.0,-3066.0,304.0,-663.0,0
81.0,-492.0,78.0,-2249.0,380.0,-846.0,0
68.0,-464.0,48.0,-1409.0,474.0,-1043.0,0
67.0,-417.0,28.0,-569.0,533.0,-1243.0,0
52.0,-370.0,7.0,89.0,525.0,-1437.0,0
26.0,-309.0,-15.0,865.0,441.0,-1600.0,0
4.0,-257.0,-35.0,1537.0,307.0,-1702.0,0
-13.0,-197.0,-45.0,2062.0,157.0,-1724.0,0
-17.0,-139.0,-48.0,2425.0,44.0,-1658.0,0
-21.0,-76.0,-59.0,2676.0,-79.0,-1559.0,0
-27.0,-11.0,-51.0,2806.0,-163.0,-1443.0,0
-35.0,46.0,-45.0,2846.0,-203.0,-1329.0,0
-40.0,95.0,-34.0,2834.0,-207.0,-1156.0,0
-39.0,127.0,-24.0,2766.0,-181.0,-961.0,0
-31.0,144.0,-50.0,2622.0,-130.0,-742.0,0
-25.0,145.0,-74.0,2368.0,-51.0,-516.0,0
-24.0,142.0,-82.0,1996.0,36.0,-308.0,0
-13.0,124.0,-99.0,1525.0,113.0,-128.0,0
-19.0,127.0,-108.0,1001.0,175.0,11.0,0
-15.0,115.0,-122.0,467.0,220.0,109.0,0
-16.0,102.0,-131.0,-42.0,252.0,191.0,0
-9.0,77.0,-130.0,-494.0,280.0,273.0,0
-3.0,61.0,-123.0,-868.0,295.0,333.0,0
-6.0,38.0,-98.0,-1121.0,287.0,367.0,0
-14.0,18.0,-78.0,-1221.0,246.0,391.0,0
-17.0,-2.0,-53.0,-1153.0,168.0,405.0,0
-21.0,-26.0,-39.0,-931.0,53.0,409.0,0
-26.0,-53.0,-39.0,-574.0,-79.0,406.0,0
-39.0,-83.0,-55.0,-121.0,-213.0,398.0,0
-51.0,-111.0,-83.0,363.0,-344.0,391.0,0
-28.0,-129.0,-102.0,801.0,-452.0,394.0,0
27.0,-161.0,-113.0,1139.0,-475.0,392.0,0
118.0,-190.0,-127.0,1359.0,-357.0,356.0,0
210.0,-231.0,-129.0,1470.0,-103.0,251.0,0
253.0,-254.0,-141.0,1432.0,201.0,54.0,0
211.0,-272.0,-171.0,1191.0,401.0,-212.0,0
73.0,-263.0,-192.0,708.0,524.0,-519.0,0
-40.0,-272.0,-200.0,-17.0,806.0,-809.0,0
-63.0,-326.0,-206.0,-1022.0,1340.0,-1092.0,0
6.0,-402.0,-229.0,-2228.0,2013.0,-1465.0,0
72.0,-511.0,-263.0,-3460.0,2540.0,-1906.0,0
85.0,-646.0,-307.0,-4674.0,2749.0,-2285.0,0
42.0,-783.0,-302.0,-5834.0,2717.0,-2557.0,0
-36.0,-907.0,-238.0,-6686.0,2561.0,-2760.0,0
-113.0,-994.0,-82.0,-6849.0,2258.0,-2879.0,0
-152.0,-1053.0,52.0,-6025.0,1700.0,-2641.0,0
-158.0,-1098.0,129.0,-4386.0,1016.0,-1892.0,0
-78.0,-1117.0,167.0,-2325.0,468.0,-941.0,0
-38.0,-1063.0,156.0,-193.0,160.0,-251.0,0
-34.0,-929.0,124.0,1681.0,117.0,102.0,0
-37.0,-754.0,111.0,3104.0,237.0,310.0,0
-27.0,-575.0,108.0,4080.0,361.0,533.0,0
-15.0,-424.0,100.0,4677.0,377.0,780.0,0
-4.0,-303.0,74.0,4978.0,275.0,1006.0,0
2.0,-197.0,36.0,5004.0,77.0,1213.0,0
6.0,-140.0,-4.0,4721.0,-172.0,1430.0,0
10.0,-108.0,-17.0,4076.0,-398.0,1628.0,0
11.0,-85.0,-21.0,3098.0,-557.0,1761.0,0
9.0,-79.0,-9.0,1910.0,-624.0,1791.0,0
7.0,-100.0,10.0,677.0,-613.0,1710.0,0
4.0,-137.0,37.0,-468.0,-549.0,1539.0,0
3.0,-173.0,69.0,-1430.0,-459.0,1326.0,0
4.0,-215.0,105.0,-2141.0,-363.0,1121.0,0
6.0,-253.0,124.0,-2596.0,-273.0,962.0,0
0.0,-284.0,138.0,-2824.0,-195.0,872.0,0
-6.0,-309.0,143.0,-2856.0,-135.0,853.0,0
-18.0,-319.0,142.0,-2723.0,-99.0,871.0,0
-38.0,-322.0,128.0,-2447.0,-95.0,891.0,0
-50.0,-316.0,117.0,-2056.0,-126.0,899.0,0
-58.0,-295.0,104.0,-1580.0,-187.0,890.0,0
-49.0,-275.0,92.0,-1020.0,-267.0,880.0,0
-30.0,-247.0,76.0,-389.0,-346.0,865.0,0
-7.0,-212.0,58.0,298.0,-405.0,831.0,0
22.0,-181.0,35.0,1018.0,-415.0,774.0,0
55.0,-146.0,1.0,1732.0,-366.0,680.0,0
81.0,-105.0,-42.0,2374.0,-286.0,542.0,0
93.0,-60.0,-77.0,2769.0,-201.0,389.0,0
104.0,-11.0,-115.0,3085.0,-105.0,237.0,0
106.0,38.0,-138.0,3178.0,-3.0,91.0,0
102.0,84.0,-161.0,3051.0,84.0,-42.0,0
91.0,121.0,-174.0,2719.0,198.0,-174.0,0
74.0,144.0,-178.0,2219.0,293.0,-301.0,0
58.0,159.0,-184.0,1596.0,339.0,-397.0,0
46.0,167.0,-190.0,875.0,311.0,-513.0,0
31.0,168.0,-193.0,105.0,179.0,-637.0,0
17.0,162.0,-189.0,-655.0,-44.0,-746.0,0
-8.0,150.0,-184.0,-1354.0,-322.0,-814.0,0
-38.0,123.0,-180.0,-1963.0,-600.0,-827.0,0
-53.0,85.0,-164.0,-2479.0,-835.0,-785.0,0
-54.0,35.0,-95.0,-2839.0,-994.0,-726.0,0
-53.0,-26.0,-32.0,-2860.0,-1049.0,-680.0,0
-38.0,-75.0,-12.0,-2493.0,-1024.0,-673.0,0
-21.0,-115.0,9.0,-1886.0,-942.0,-718.0,0
-10.0,-135.0,17.0,-1122.0,-781.0,-791.0,0
1.0,-150.0,22.0,-291.0,-555.0,-861.0,0
3.0,-154.0,24.0,516.0,-291.0,-914.0,0
7.0,-156.0,8.0,1220.0,-23.0,-948.0,0
7.0,-158.0,-34.0,1806.0,230.0,-984.0,0
4.0,-171.0,-63.0,2302.0,449.0,-1019.0,0
-17.0,-181.0,-55.0,2723.0,623.0,-1029.0,0
-44.0,-190.0,-14.0,3040.0,798.0,-966.0,0
-105.0,-198.0,16.0,3158.0,1036.0,-801.0,0
-211.0,-215.0,-14.0,2826.0,1261.0,-499.0,0
-292.0,-234.0,-102.0,1902.0,1288.0,-9.0,0
-262.0,-274.0,-155.0,649.0,1119.0,633.0,0
-149.0,-353.0,-215.0,-631.0,881.0,1278.0,0
-46.0,-473.0,-260.0,-2016.0,721.0,1752.0,0
-77.0,-629.0,-357.0,-3598.0,769.0,1972.0,0
-132.0,-798.0,-431.0,-5334.0,1157.0,2203.0,0
-122.0,-997.0,-445.0,-6936.0,1516.0,2610.0,0
-58.0,-1159.0,-411.0,-7905.0,1199.0,2952.0,0
13.0,-1216.0,-288.0,-7740.0,170.0,2748.0,0
37.0,-1131.0,-108.0,-6189.0,-930.0,1908.0,0
45.0,-1020.0,30.0,-3436.0,-1428.0,899.0,0
68.0,-938.0,116.0,-242.0,-1223.0,192.0,0
76.0,-845.0,165.0,2510.0,-628.0,-188.0,0
65.0,-721.0,190.0,4319.0,-48.0,-429.0,0
43.0,-577.0,207.0,5241.0,290.0,-679.0,0
24.0,-430.0,204.0,5648.0,359.0,-995.0,0
12.0,-303.0,185.0,5804.0,249.0,-1295.0,0
16.0,-199.0,167.0,5730.0,149.0,-1500.0,0
12.0,-105.0,159.0,5415.0,147.0,-1642.0,0
-5.0,-31.0,147.0,4870.0,185.0,-1748.0,0
-31.0,10.0,125.0,4037.0,195.0,-1780.0,0
-44.0,24.0,97.0,2891.0,171.0,-1715.0,0
-43.0,0.0,70.0,1517.0,176.0,-1576.0,0
-20.0,-36.0,52.0,65.0,254.0,-1375.0,0
25.0,-92.0,45.0,-1328.0,391.0,-1148.0,0
63.0,-167.0,44.0,-2596.0,546.0,-961.0,0
89.0,-237.0,58.0,-3700.0,684.0,-867.0,0
84.0,-294.0,77.0,-4552.0,796.0,-845.0,0
76.0,-332.0,94.0,-5059.0,876.0,-861.0,0
74.0,-373.0,102.0,-5184.0,912.0,-860.0,0
82.0,-400.0,94.0,-4951.0,887.0,-840.0,0
92.0,-423.0,80.0,-4412.0,805.0,-834.0,0
94.0,-438.0,60.0,-3660.0,690.0,-863.0,0
85.0,-439.0,45.0,-2781.0,566.0,-915.0,0
75.0,-419.0,25.0,-1839.0,442.0,-987.0,0
62.0,-395.0,7.0,-884.0,303.0,-1064.0,0
39.0,-362.0,-6.0,30.0,134.0,-1123.0,0
16.0,-320.0,-24.0,824.0,-62.0,-1160.0,0
-4.0,-265.0,-38.0,1459.0,-265.0,-1177.0,0
-19.0,-205.0,-55.0,1931.0,-447.0,-1172.0,0
-44.0,-145.0,-62.0,2200.0,-577.0,-1150.0,0
-64.0,-89.0,-63.0,2426.0,-651.0,-1097.0,0
-82.0,-33.0,-66.0,2561.0,-679.0,-1018.0,0
-97.0,19.0,-63.0,2620.0,-663.0,-908.0,0
-106.0,71.0,-57.0,2597.0,-635.0,-753.0,0
-108.0,102.0,-53.0,2481.0,-584.0,-546.0,0
-102.0,124.0,-61.0,2270.0,-522.0,-297.0,0
-85.0,134.0,-72.0,1949.0,-455.0,-93.0,0
-64.0,129.0,-78.0,1531.0,-376.0,141.0,0
-40.0,113.0,-102.0,1035.0,-289.0,310.0,0
-26.0,87.0,-112.0,503.0,-189.0,410.0,0
-6.0,58.0,-122.0,-20.0,-70.0,468.0,0
1.0,26.0,-117.0,-481.0,64.0,494.0,0
12.0,-3.0,-108.0,-825.0,199.0,485.0,0
17.0,-30.0,-90.0,-1013.0,314.0,440.0,0
19.0,-52.0,-63.0,-1022.0,401.0,377.0,0
15.0,-68.0,-43.0,-871.0,450.0,312.0,0
8.0,-82.0,-29.0,-593.0,453.0,255.0,0
0.0,-104.0,-35.0,-209.0,408.0,211.0,0
-26.0,-118.0,-57.0,253.0,315.0,190.0,0
-25.0,-140.0,-82.0,751.0,173.0,190.0,0
30.0,-170.0,-103.0,1214.0,24.0,207.0,0
132.0,-208.0,-115.0,1599.0,-57.0,206.0,0
243.0,-238.0,-101.0,1871.0,-20.0,131.0,0
265.0,-257.0,-65.0,2037.0,88.0,-36.0,0
182.0,-263.0,-92.0,2052.0,70.0,-285.0,0
28.0,-250.0,-156.0,1826.0,-115.0,-572.0,0
-36.0,-273.0,-236.0,1231.0,-254.0,-816.0,0
-20.0,-318.0,-286.0,100.0,-169.0,-1090.0,0
28.0,-364.0,-312.0,-1528.0,188.0,-1438.0,0
73.0,-441.0,-324.0,-3314.0,704.0,-1794.0,0
72.0,-578.0,-360.0,-4925.0,1126.0,-2073.0,0
-3.0,-744.0,-384.0,-6267.0,1342.0,-2264.0,0
-130.0,-925.0,-304.0,-7295.0,1474.0,-2383.0,0
-245.0,-1072.0,-79.0,-7717.0,1528.0,-2333.0,0
-259.0,-1157.0,103.0,-7042.0,1294.0,-1890.0,0
-192.0,-1181.0,166.0,-5282.0,744.0,-1116.0,0
-126.0,-1125.0,188.0,-2865.0,225.0,-366.0,0
-90.0,-996.0,165.0,-209.0,-19.0,146.0,0
-89.0,-812.0,141.0,2279.0,-19.0,402.0,0
-98.0,-615.0,114.0,4277.0,29.0,548.0,0
-101.0,-436.0,81.0,5552.0,-68.0,708.0,0
-89.0,-293.0,22.0,6021.0,-375.0,898.0,0
-55.0,-173.0,-22.0,5767.0,-794.0,1067.0,0
-14.0,-76.0,-55.0,4960.0,-1197.0,1200.0,0
29.0,-15.0,-68.0,3757.0,-1518.0,1327.0,0
67.0,1.0,-65.0,2335.0,-1722.0,1434.0,0
82.0,-20.0,-53.0,883.0,-1820.0,1475.0,0
79.0,-71.0,-21.0,-469.0,-1825.0,1468.0,0
68.0,-144.0,13.0,-1633.0,-1745.0,1407.0,0
51.0,-223.0,48.0,-2549.0,-1605.0,1307.0,0
44.0,-298.0,80.0,-3176.0,-1437.0,1188.0,0
44.0,-369.0,106.0,-3502.0,-1262.0,1072.0,0
49.0,-432.0,125.0,-3578.0,-1096.0,973.0,0
54.0,-488.0,128.0,-3477.0,-948.0,891.0,0
53.0,-525.0,134.0,-3222.0,-828.0,835.0,0
50.0,-537.0,131.0,-2811.0,-746.0,832.0,0
47.0,-533.0,124.0,-2235.0,-705.0,879.0,0
26.0,-503.0,107.0,-1518.0,-694.0,948.0,0
11.0,-469.0,97.0,-700.0,-700.0,1010.0,0
-8.0,-423.0,80.0,165.0,-719.0,1054.0,0
-25.0,-364.0,56.0,1018.0,-721.0,1085.0,0
-35.0,-310.0,58.0,1801.0,-683.0,1110.0,0
-18.0,-242.0,49.0,2464.0,-601.0,1124.0,0
12.0,-182.0,32.0,2964.0,-484.0,1112.0,0
43.0,-114.0,7.0,3287.0,-344.0,1061.0,0
76.0,-51.0,-13.0,3443.0,-189.0,976.0,0
110.0,8.0,-43.0,3442.0,-27.0,864.0,0
137.0,60.0,-77.0,3294.0,124.0,733.0,0
147.0,106.0,-110.0,3074.0,247.0,584.0,0
146.0,138.0,-139.0,2684.0,333.0,442.0,0
140.0,166.0,-159.0,2198.0,373.0,316.0,0
126.0,183.0,-161.0,1661.0,366.0,189.0,0
108.0,189.0,-175.0,1117.0,279.0,63.0,0
89.0,189.0,-188.0,585.0,102.0,-35.0,0
74.0,188.0,-197.0,56.0,-146.0,-162.0,0
64.0,184.0,-202.0,-444.0,-424.0,-289.0,0
42.0,167.0,-205.0,-876.0,-697.0,-415.0,0
19.0,140.0,-217.0,-1234.0,-916.0,-511.0,0
0.0,108.0,-206.0,-1536.0,-1044.0,-564.0,0
-20.0,71.0,-185.0,-1773.0,-1084.0,-591.0,0
-27.0,20.0,-123.0,-1905.0,-1048.0,-612.0,0
-31.0,-27.0,-76.0,-1826.0,-936.0,-632.0,0
-35.0,-65.0,-35.0,-1538.0,-782.0,-649.0,0
-36.0,-97.0,-5.0,-1104.0,-610.0,-662.0,0
-32.0,-111.0,9.0,-580.0,-432.0,-679.0,0
-34.0,-121.0,9.0,-18.0,-255.0,-694.0,0
-33.0,-117.0,2.0,526.0,-79.0,-708.0,0
-39.0,-120.0,-17.0,1021.0,87.0,-718.0,0
-42.0,-126.0,-37.0,1463.0,225.0,-721.0,0
-58.0,-128.0,-41.0,1820.0,350.0,-716.0,0
-82.0,-133.0,-24.0,2024.0,511.0,-696.0,0
-138.0,-132.0,-3.0,2021.0,736.0,-661.0,0
-247.0,-127.0,-39.0,1742.0,944.0,-603.0,0
-319.0,-147.0,-135.0,1079.0,993.0,-411.0,0
-305.0,-200.0,-236.0,-20.0,792.0,90.0,0
-208.0,-289.0,-335.0,-1395.0,386.0,881.0,0
-69.0,-416.0,-456.0,-2994.0,-10.0,1715.0,0
15.0,-574.0,-610.0,-4837.0,-108.0,2303.0,0
62.0,-788.0,-664.0,-6794.0,222.0,2714.0,0
106.0,-1140.0,-579.0,-8508.0,745.0,3153.0,0
160.0,-1479.0,-300.0,-9078.0,840.0,3495.0,0
136.0,-1516.0,-63.0,-7589.0,268.0,3306.0,0
67.0,-1357.0,68.0,-4615.0,-652.0,2464.0,0
55.0,-1171.0,147.0,-1249.0,-1473.0,1497.0,0
125.0,-989.0,165.0,1680.0,-1860.0,806.0,0
205.0,-802.0,153.0,3820.0,-1814.0,354.0,0
219.0,-580.0,98.0,5255.0,-1456.0,19.0,0
178.0,-401.0,37.0,6137.0,-884.0,-299.0,0
123.0,-242.0,-13.0,6508.0,-246.0,-655.0,0
62.0,-94.0,-36.0,6293.0,298.0,-1065.0,0
2.0,34.0,-36.0,5564.0,626.0,-1468.0,0
-58.0,107.0,-31.0,4478.0,692.0,-1747.0,0
-89.0,132.0,-29.0,3177.0,583.0,-1780.0,0
-96.0,122.0,-1.0,1792.0,449.0,-1600.0,0
-80.0,73.0,-1.0,408.0,416.0,-1310.0,0
-64.0,0.0,14.0,-897.0,522.0,-1014.0,0
-46.0,-91.0,35.0,-2070.0,721.0,-778.0,0
-41.0,-179.0,60.0,-3067.0,941.0,-615.0,0
-43.0,-270.0,87.0,-3853.0,1111.0,-499.0,0
-38.0,-351.0,98.0,-4440.0,1160.0,-401.0,0
-21.0,-446.0,91.0,-4877.0,1063.0,-298.0,0
5.0,-540.0,93.0,-5175.0,847.0,-179.0,0
38.0,-612.0,98.0,-5244.0,594.0,-67.0,0
69.0,-652.0,108.0,-4984.0,378.0,20.0,0
88.0,-679.0,111.0,-4332.0,215.0,78.0,0
102.0,-684.0,93.0,-3351.0,65.0,109.0,0
113.0,-674.0,54.0,-2154.0,-92.0,99.0,0
114.0,-640.0,7.0,-853.0,-248.0,26.0,0
106.0,-582.0,-26.0,445.0,-372.0,-109.0,0
96.0,-512.0,-46.0,1639.0,-449.0,-287.0,0
77.0,-431.0,-62.0,2636.0,-496.0,-494.0,0
64.0,-343.0,-76.0,3368.0,-543.0,-730.0,0
33.0,-250.0,-86.0,3806.0,-600.0,-958.0,0
-1.0,-150.0,-96.0,3981.0,-649.0,-1109.0,0
-31.0,-57.0,-89.0,3950.0,-671.0,-1145.0,0
-60.0,32.0,-82.0,3758.0,-664.0,-1085.0,0
-76.0,108.0,-62.0,3471.0,-634.0,-953.0,0
-76.0,166.0,-54.0,3136.0,-593.0,-795.0,0
-75.0,206.0,-58.0,2833.0,-548.0,-632.0,0
-63.0,236.0,-64.0,2387.0,-487.0,-482.0,0
-52.0,240.0,-78.0,1858.0,-387.0,-336.0,0
-41.0,231.0,-93.0,1240.0,-279.0,-196.0,0
-38.0,213.0,-98.0,563.0,-139.0,-59.0,0
-41.0,184.0,-107.0,-120.0,-23.0,64.0,0
-38.0,144.0,-100.0,-741.0,52.0,178.0,0
-46.0,101.0,-94.0,-1251.0,89.0,265.0,0
-39.0,49.0,-89.0,-1592.0,101.0,386.0,0
-23.0,2.0,-80.0,-1732.0,94.0,498.0,0
-9.0,-35.0,-73.0,-1656.0,82.0,561.0,0
0.0,-59.0,-63.0,-1384.0,75.0,575.0,0
8.0,-77.0,-58.0,-971.0,71.0,569.0,0
9.0,-86.0,-56.0,-482.0,54.0,566.0,0
11.0,-91.0,-54.0,34.0,12.0,569.0,0
11.0,-93.0,-55.0,539.0,-57.0,573.0,0
13.0,-101.0,-67.0,1015.0,-131.0,575.0,0
4.0,-107.0,-94.0,1435.0,-199.0,574.0,0
14.0,-121.0,-100.0,1795.0,-245.0,570.0,0
68.0,-131.0,-128.0,2076.0,-242.0,556.0,0
141.0,-156.0,-126.0,2229.0,-146.0,518.0,0
212.0,-182.0,-119.0,2219.0,39.0,433.0,0
244.0,-206.0,-96.0,2054.0,223.0,267.0,0
200.0,-215.0,-85.0,1730.0,271.0,1.0,0
82.0,-222.0,-112.0,1227.0,148.0,-334.0,0
2.0,-249.0,-151.0,489.0,21.0,-635.0,0
-2.0,-296.0,-197.0,-548.0,66.0,-888.0,0
33.0,-353.0,-247.0,-1797.0,308.0,-1159.0,0
78.0,-425.0,-284.0,-3016.0,653.0,-1451.0,0
89.0,-517.0,-306.0,-4046.0,948.0,-1688.0,0
43.0,-626.0,-300.0,-4816.0,1117.0,-1850.0,0
-56.0,-737.0,-266.0,-5315.0,1210.0,-2049.0,0
-129.0,-808.0,-163.0,-5467.0,1301.0,-2337.0,0
-165.0,-836.0,-25.0,-5106.0,1328.0,-2452.0,0
-154.0,-883.0,64.0,-4144.0,1186.0,-2130.0,0
-108.0,-899.0,101.0,-2773.0,894.0,-1498.0,0
-82.0,-869.0,104.0,-1242.0,562.0,-851.0,0
-82.0,-786.0,74.0,263.0,316.0,-335.0,0
-88.0,-672.0,48.0,1575.0,201.0,65.0,0
-82.0,-545.0,31.0,2566.0,190.0,391.0,0
-74.0,-427.0,20.0,3155.0,191.0,677.0,0
-66.0,-338.0,11.0,3330.0,85.0,932.0,0
-50.0,-275.0,-9.0,3162.0,-147.0,1150.0,0
-24.0,-233.0,-19.0,2762.0,-430.0,1320.0,0
2.0,-206.0,-19.0,2199.0,-689.0,1456.0,0
22.0,-202.0,-8.0,1518.0,-881.0,1565.0,0
36.0,-212.0,13.0,753.0,-998.0,1628.0,0
35.0,-244.0,49.0,-28.0,-1060.0,1645.0,0
40.0,-288.0,79.0,-774.0,-1088.0,1601.0,0
45.0,-349.0,96.0,-1438.0,-1096.0,1490.0,0
58.0,-410.0,104.0,-1993.0,-1052.0,1299.0,0
69.0,-468.0,116.0,-2408.0,-930.0,1073.0,0
89.0,-514.0,129.0,-2666.0,-743.0,880.0,0
102.0,-543.0,149.0,-2738.0,-537.0,752.0,0
102.0,-550.0,164.0,-2591.0,-365.0,701.0,0
96.0,-543.0,186.0,-2204.0,-255.0,715.0,0
71.0,-518.0,184.0,-1578.0,-217.0,781.0,0
47.0,-484.0,181.0,-769.0,-224.0,877.0,0
13.0,-443.0,158.0,135.0,-245.0,979.0,0
-15.0,-389.0,137.0,1028.0,-258.0,1076.0,0
-30.0,-338.0,109.0,1843.0,-265.0,1152.0,0
-40.0,-284.0,76.0,2511.0,-259.0,1203.0,0
-31.0,-230.0,44.0,3003.0,-239.0,1233.0,0
-8.0,-179.0,12.0,3320.0,-212.0,1234.0,0
15.0,-127.0,-30.0,3472.0,-181.0,1222.0,0
59.0,-78.0,-61.0,3493.0,-138.0,1205.0,0
85.0,-21.0,-115.0,3428.0,-89.0,1145.0,0
114.0,31.0,-145.0,3243.0,-53.0,1043.0,0
128.0,76.0,-170.0,2959.0,-41.0,914.0,0
140.0,122.0,-184.0,2608.0,-33.0,761.0,0
128.0,164.0,-190.0,2194.0,-10.0,584.0,0
115.0,199.0,-200.0,1707.0,17.0,382.0,0
85.0,226.0,-195.0,1125.0,43.0,211.0,0
65.0,234.0,-194.0,444.0,46.0,9.0,0
57.0,234.0,-197.0,-324.0,8.0,-181.0,0
55.0,223.0,-188.0,-1138.0,-82.0,-358.0,0
52.0,196.0,-176.0,-1919.0,-227.0,-517.0,0
39.0,164.0,-150.0,-2588.0,-411.0,-647.0,0
26.0,114.0,-98.0,-3075.0,-593.0,-719.0,0
9.0,55.0,-38.0,-3260.0,-725.0,-746.0,0
-9.0,5.0,-2.0,-3068.0,-814.0,-755.0,0
-17.0,-44.0,23.0,-2608.0,-885.0,-768.0,0
-20.0,-76.0,33.0,-1975.0,-935.0,-790.0,0
-12.0,-108.0,35.0,-1265.0,-940.0,-817.0,0
-2.0,-128.0,26.0,-553.0,-863.0,-858.0,0
5.0,-135.0,18.0,121.0,-678.0,-908.0,0
12.0,-141.0,6.0,730.0,-402.0,-948.0,0
20.0,-143.0,2.0,1254.0,-72.0,-978.0,0
27.0,-143.0,-13.0,1685.0,269.0,-1004.0,0
39.0,-149.0,-58.0,2036.0,591.0,-1033.0,0
46.0,-165.0,-104.0,2340.0,844.0,-1056.0,0
27.0,-182.0,-114.0,2648.0,982.0,-1060.0,0
23.0,-185.0,-97.0,2927.0,1037.0,-1013.0,0
-57.0,-189.0,-48.0,3013.0,1128.0,-880.0,0
-244.0,-208.0,-19.0,2687.0,1188.0,-602.0,0
-387.0,-238.0,-81.0,1851.0,979.0,-81.0,0
-430.0,-295.0,-198.0,633.0,505.0,756.0,0
-327.0,-399.0,-351.0,-770.0,2.0,1793.0,0
-174.0,-545.0,-434.0,-2391.0,-237.0,2683.0,0
-146.0,-744.0,-515.0,-4177.0,-118.0,3114.0,0
-185.0,-935.0,-596.0,-6085.0,373.0,3295.0,0
-164.0,-1132.0,-592.0,-7725.0,956.0,3464.0,0
-87.0,-1287.0,-482.0,-8511.0,962.0,3467.0,0
-7.0,-1310.0,-246.0,-8019.0,76.0,2948.0,0
29.0,-1185.0,-31.0,-6005.0,-1171.0,1863.0,0
77.0,-1061.0,81.0,-2865.0,-1832.0,723.0,0
155.0,-960.0,143.0,472.0,-1548.0,-32.0,0
199.0,-841.0,178.0,3191.0,-662.0,-447.0,0
193.0,-697.0,200.0,4895.0,272.0,-703.0,0
153.0,-539.0,219.0,5778.0,898.0,-922.0,0
103.0,-384.0,204.0,6281.0,1075.0,-1123.0,0
91.0,-256.0,183.0,6585.0,909.0,-1312.0,0
102.0,-150.0,138.0,6631.0,668.0,-1552.0,0
103.0,-49.0,111.0,6285.0,520.0,-1849.0,0
86.0,46.0,98.0,5539.0,449.0,-2058.0,0
36.0,112.0,71.0,4461.0,396.0,-2049.0,0
8.0,108.0,42.0,3149.0,360.0,-1826.0,0
0.0,68.0,11.0,1686.0,387.0,-1472.0,0
6.0,1.0,-5.0,140.0,513.0,-1062.0,0
46.0,-91.0,-17.0,-1392.0,704.0,-698.0,0
68.0,-178.0,-1.0,-2786.0,903.0,-473.0,0
66.0,-253.0,20.0,-3897.0,1072.0,-408.0,0
45.0,-321.0,47.0,-4660.0,1192.0,-445.0,0
31.0,-377.0,67.0,-5088.0,1261.0,-492.0,0
17.0,-418.0,93.0,-5200.0,1263.0,-511.0,0
13.0,-449.0,106.0,-5009.0,1203.0,-503.0,0
23.0,-474.0,117.0,-4547.0,1101.0,-493.0,0
36.0,-485.0,118.0,-3854.0,991.0,-505.0,0
40.0,-481.0,121.0,-2995.0,892.0,-552.0,0
48.0,-470.0,109.0,-2007.0,802.0,-639.0,0
39.0,-446.0,96.0,-969.0,719.0,-751.0,0
29.0,-405.0,80.0,59.0,630.0,-876.0,0
19.0,-365.0,61.0,1024.0,517.0,-998.0,0
12.0,-321.0,38.0,1858.0,375.0,-1104.0,0
9.0,-272.0,3.0,2404.0,215.0,-1203.0,0
5.0,-222.0,-22.0,2898.0,58.0,-1297.0,0
-2.0,-169.0,-45.0,3179.0,-74.0,-1378.0,0
-19.0,-112.0,-63.0,3283.0,-154.0,-1426.0,0
-35.0,-58.0,-68.0,3236.0,-229.0,-1435.0,0
-51.0,0.0,-68.0,3073.0,-281.0,-1397.0,0
-56.0,54.0,-64.0,2841.0,-321.0,-1331.0,0
-71.0,100.0,-59.0,2587.0,-337.0,-1203.0,0
-86.0,135.0,-62.0,2332.0,-333.0,-999.0,0
-89.0,147.0,-64.0,2058.0,-324.0,-721.0,0
-83.0,148.0,-74.0,1749.0,-320.0,-405.0,0
-69.0,139.0,-91.0,1397.0,-313.0,-111.0,0
-47.0,118.0,-117.0,987.0,-287.0,131.0,0
-28.0,95.0,-140.0,520.0,-237.0,297.0,0
-18.0,73.0,-151.0,28.0,-168.0,396.0,0
-17.0,50.0,-162.0,-444.0,-91.0,453.0,0
-17.0,25.0,-155.0,-849.0,-15.0,495.0,0
-15.0,6.0,-138.0,-1131.0,57.0,533.0,0
-16.0,-8.0,-111.0,-1246.0,110.0,575.0,0
-21.0,-21.0,-85.0,-1175.0,134.0,610.0,0
-20.0,-39.0,-65.0,-935.0,121.0,625.0,0
-19.0,-58.0,-61.0,-588.0,77.0,617.0,0
-25.0,-78.0,-71.0,-190.0,24.0,596.0,0
-36.0,-106.0,-85.0,222.0,-32.0,558.0,0
-22.0,-134.0,-104.0,616.0,-85.0,514.0,0
32.0,-178.0,-108.0,958.0,-76.0,456.0,0
129.0,-223.0,-117.0,1219.0,61.0,357.0,0
208.0,-261.0,-107.0,1370.0,319.0,202.0,0
239.0,-292.0,-109.0,1362.0,524.0,-15.0,0
133.0,-297.0,-136.0,1115.0,442.0,-334.0,0
-30.0,-290.0,-156.0,600.0,184.0,-703.0,0
-80.0,-339.0,-192.0,-110.0,231.0,-993.0,0
-12.0,-422.0,-212.0,-1111.0,734.0,-1308.0,0
69.0,-541.0,-241.0,-2442.0,1297.0,-1704.0,0
114.0,-687.0,-296.0,-3969.0,1523.0,-2103.0,0
46.0,-810.0,-334.0,-5512.0,1414.0,-2439.0,0
-72.0,-904.0,-270.0,-6717.0,1224.0,-2634.0,0
-178.0,-954.0,-89.0,-7029.0,1101.0,-2665.0,0
-203.0,-993.0,54.0,-6098.0,858.0,-2296.0,0
-129.0,-1023.0,134.0,-4239.0,427.0,-1509.0,0
-61.0,-1020.0,169.0,-2014.0,31.0,-744.0,0
-40.0,-961.0,164.0,152.0,-170.0,-282.0,0
-48.0,-852.0,129.0,1961.0,-169.0,-73.0,0
-63.0,-687.0,117.0,3308.0,-47.0,64.0,0
-66.0,-515.0,116.0,4292.0,97.0,285.0,0
-72.0,-358.0,97.0,4975.0,109.0,617.0,0
-69.0,-242.0,66.0,5269.0,-118.0,984.0,0
-48.0,-145.0,31.0,5103.0,-502.0,1278.0,0
-15.0,-76.0,-6.0,4494.0,-899.0,1485.0,0
25.0,-42.0,-24.0,3497.0,-1226.0,1660.0,0
53.0,-31.0,-47.0,2213.0,-1439.0,1804.0,0
61.0,-52.0,-42.0,785.0,-1525.0,1887.0,0
57.0,-103.0,-23.0,-614.0,-1498.0,1892.0,0
47.0,-165.0,8.0,-1839.0,-1388.0,1807.0,0
39.0,-232.0,51.0,-2804.0,-1234.0,1653.0,0
41.0,-307.0,87.0,-3455.0,-1060.0,1460.0,0
52.0,-375.0,113.0,-3783.0,-887.0,1244.0,0
68.0,-434.0,128.0,-3816.0,-723.0,1027.0,0
82.0,-478.0,140.0,-3605.0,-579.0,828.0,0
93.0,-491.0,138.0,-3171.0,-467.0,677.0,0
102.0,-491.0,136.0,-2538.0,-390.0,591.0,0
108.0,-463.0,128.0,-1754.0,-326.0,570.0,0
101.0,-432.0,112.0,-887.0,-254.0,590.0,0
95.0,-390.0,91.0,2.0,-160.0,615.0,0
96.0,-345.0,73.0,862.0,-51.0,610.0,0
96.0,-295.0,57.0,1667.0,66.0,564.0,0
97.0,-242.0,25.0,2381.0,186.0,490.0,0
111.0,-193.0,-2.0,2852.0,309.0,413.0,0
120.0,-142.0,-32.0,3294.0,429.0,342.0,0
126.0,-94.0,-59.0,3556.0,521.0,275.0,0
132.0,-43.0,-88.0,3651.0,625.0,219.0,0
139.0,8.0,-108.0,3602.0,705.0,175.0,0
135.0,64.0,-123.0,3430.0,746.0,143.0,0
117.0,104.0,-131.0,3175.0,731.0,122.0,0
86.0,134.0,-138.0,2878.0,656.0,123.0,0
62.0,151.0,-149.0,2554.0,520.0,128.0,0
31.0,166.0,-175.0,2184.0,337.0,109.0,0
5.0,176.0,-193.0,1741.0,141.0,61.0,0
-15.0,179.0,-207.0,1230.0,-47.0,-12.0,0
-23.0,176.0,-222.0,679.0,-213.0,-100.0,0
-34.0,167.0,-225.0,116.0,-333.0,-189.0,0
-59.0,142.0,-227.0,-459.0,-388.0,-269.0,0
-84.0,115.0,-219.0,-1056.0,-361.0,-322.0,0
-101.0,87.0,-195.0,-1650.0,-251.0,-359.0,0
-109.0,49.0,-159.0,-2185.0,-96.0,-400.0,0
-114.0,12.0,-74.0,-2604.0,76.0,-450.0,0
-123.0,-50.0,38.0,-2748.0,261.0,-482.0,0
-125.0,-95.0,79.0,-2434.0,433.0,-467.0,0
-123.0,-131.0,112.0,-1825.0,549.0,-437.0,0
-120.0,-146.0,120.0,-1024.0,618.0,-428.0,0
-115.0,-160.0,110.0,-138.0,667.0,-428.0,0
-99.0,-159.0,89.0,743.0,712.0,-418.0,0
-74.0,-169.0,42.0,1546.0,763.0,-393.0,0
-44.0,-183.0,-4.0,2233.0,820.0,-363.0,0
-24.0,-196.0,-25.0,2806.0,916.0,-340.0,0
-26.0,-191.0,-9.0,3234.0,1103.0,-353.0,0
-62.0,-167.0,43.0,3439.0,1388.0,-444.0,0
-125.0,-112.0,69.0,3250.0,1740.0,-644.0,0
-120.0,-83.0,-1.0,2356.0,2011.0,-798.0,0
53.0,-81.0,-203.0,411.0,1728.0,-537.0,0
227.0,-190.0,-624.0,-2395.0,558.0,178.0,0
394.0,-374.0,-1126.0,-5535.0,-514.0,1172.0,0
469.0,-552.0,-1468.0,-8702.0,-623.0,2324.0,0
415.0,-860.0,-1470.0,-11660.0,137.0,3682.0,0
224.0,-1536.0,-190.0,-13064.0,907.0,4885.0,0
-89.0,-1623.0,128.0,-11005.0,861.0,4934.0,0
-42.0,-1574.0,282.0,-7448.0,409.0,3946.0,0
-26.0,-1392.0,270.0,-3453.0,-607.0,2327.0,0
0.0,-1172.0,205.0,101.0,-1693.0,990.0,0
93.0,-959.0,153.0,2885.0,-2066.0,368.0,0
158.0,-765.0,115.0,4908.0,-1537.0,114.0,0
135.0,-578.0,87.0,6292.0,-431.0,-142.0,0
93.0,-416.0,62.0,7129.0,709.0,-518.0,0
67.0,-269.0,29.0,7430.0,1454.0,-1012.0,0
26.0,-140.0,-28.0,7161.0,1726.0,-1577.0,0
-5.0,-24.0,-63.0,6237.0,1722.0,-2047.0,0
-23.0,49.0,-74.0,4823.0,1710.0,-2276.0,0
-30.0,82.0,-46.0,3165.0,1872.0,-2217.0,0
-21.0,61.0,2.0,1456.0,2184.0,-1937.0,0
23.0,-19.0,53.0,-233.0,2465.0,-1546.0,0
61.0,-120.0,85.0,-1873.0,2519.0,-1171.0,0
69.0,-215.0,106.0,-3306.0,2327.0,-832.0,0
67.0,-307.0,111.0,-4362.0,1966.0,-462.0,0
70.0,-400.0,112.0,-4985.0,1535.0,-58.0,0
76.0,-492.0,123.0,-5157.0,1124.0,327.0,0
93.0,-574.0,133.0,-4898.0,799.0,644.0,0
112.0,-631.0,132.0,-4255.0,574.0,858.0,0
124.0,-647.0,103.0,-3312.0,419.0,972.0,0
123.0,-617.0,61.0,-2183.0,285.0,1004.0,0
122.0,-579.0,39.0,-972.0,164.0,978.0,0
111.0,-529.0,15.0,209.0,66.0,913.0,0
93.0,-471.0,-8.0,1258.0,-19.0,834.0,0
79.0,-405.0,-29.0,2097.0,-107.0,757.0,0
65.0,-343.0,-40.0,2682.0,-205.0,665.0,0
56.0,-288.0,-50.0,3017.0,-292.0,531.0,0
52.0,-232.0,-52.0,3141.0,-346.0,343.0,0
48.0,-178.0,-50.0,3101.0,-361.0,108.0,0
43.0,-128.0,-51.0,2964.0,-329.0,-145.0,0
28.0,-82.0,-48.0,2776.0,-249.0,-371.0,0
17.0,-36.0,-46.0,2570.0,-120.0,-541.0,0
1.0,8.0,-42.0,2361.0,51.0,-650.0,0
-12.0,42.0,-35.0,2199.0,245.0,-714.0,0
-30.0,66.0,-35.0,1982.0,425.0,-745.0,0
-51.0,97.0,-32.0,1747.0,563.0,-763.0,0
-66.0,121.0,-32.0,1492.0,626.0,-762.0,0
-83.0,134.0,-33.0,1209.0,650.0,-740.0,0
-107.0,146.0,-32.0,900.0,612.0,-677.0,0
-136.0,151.0,-33.0,600.0,507.0,-586.0,0
-158.0,146.0,-38.0,315.0,372.0,-419.0,0
-172.0,135.0,-47.0,66.0,240.0,-201.0,0
-174.0,125.0,-54.0,-127.0,124.0,40.0,0
-162.0,106.0,-64.0,-238.0,24.0,286.0,0
-138.0,79.0,-79.0,-260.0,-58.0,513.0,0
-99.0,48.0,-101.0,-223.0,-132.0,710.0,0
-64.0,21.0,-121.0,-167.0,-206.0,844.0,0
-38.0,-2.0,-129.0,-127.0,-286.0,922.0,0
-19.0,-29.0,-132.0,-109.0,-363.0,960.0,0
1.0,-45.0,-128.0,-82.0,-429.0,961.0,0
14.0,-61.0,-120.0,-32.0,-466.0,933.0,0
26.0,-79.0,-109.0,57.0,-469.0,882.0,0
25.0,-95.0,-92.0,202.0,-440.0,817.0,0
19.0,-114.0,-86.0,411.0,-397.0,760.0,0
1.0,-130.0,-84.0,668.0,-368.0,711.0,0
-3.0,-145.0,-73.0,963.0,-370.0,671.0,0
41.0,-167.0,-74.0,1260.0,-386.0,650.0,0
141.0,-198.0,-86.0,1535.0,-367.0,625.0,0
210.0,-204.0,-107.0,1688.0,-314.0,548.0,0
233.0,-189.0,-134.0,1593.0,-338.0,424.0,0
197.0,-173.0,-181.0,1205.0,-532.0,262.0,0
167.0,-209.0,-289.0,451.0,-895.0,66.0,0
198.0,-316.0,-388.0,-749.0,-1284.0,-187.0,0
259.0,-461.0,-458.0,-2351.0,-1311.0,-585.0,0
306.0,-596.0,-498.0,-4156.0,-671.0,-1097.0,0
313.0,-705.0,-487.0,-5921.0,526.0,-1522.0,0
253.0,-793.0,-433.0,-7242.0,1964.0,-1750.0,0
82.0,-918.0,-304.0,-7741.0,3336.0,-1958.0,0
-91.0,-970.0,-127.0,-7298.0,4341.0,-2361.0,0
-208.0,-999.0,80.0,-6083.0,4565.0,-2697.0,0
-215.0,-1046.0,198.0,-4353.0,3913.0,-2579.0,0
-111.0,-1082.0,220.0,-2418.0,2893.0,-2043.0,0
-22.0,-1039.0,186.0,-533.0,2131.0,-1438.0,0
0.0,-933.0,148.0,1247.0,1850.0,-994.0,0
-5.0,-779.0,130.0,2887.0,1813.0,-655.0,0
-6.0,-618.0,116.0,4328.0,1706.0,-348.0,0
-8.0,-453.0,86.0,5469.0,1420.0,-74.0,0
-15.0,-302.0,50.0,6169.0,999.0,221.0,0
-13.0,-174.0,19.0,6375.0,496.0,548.0,0
-12.0,-81.0,-24.0,6134.0,-62.0,870.0,0
10.0,-29.0,-66.0,5451.0,-552.0,1196.0,0
38.0,0.0,-94.0,4371.0,-839.0,1477.0,0
55.0,6.0,-100.0,3029.0,-886.0,1644.0,0
59.0,-4.0,-93.0,1591.0,-739.0,1691.0,0
48.0,-42.0,-72.0,192.0,-461.0,1664.0,0
20.0,-105.0,-29.0,-1059.0,-110.0,1595.0,0
-5.0,-174.0,25.0,-2088.0,264.0,1481.0,0
-36.0,-248.0,65.0,-2854.0,628.0,1317.0,0
-63.0,-325.0,108.0,-3359.0,945.0,1130.0,0
-84.0,-387.0,137.0,-3601.0,1170.0,952.0,0
-94.0,-452.0,157.0,-3597.0,1263.0,803.0,0
-76.0,-512.0,167.0,-3385.0,1229.0,691.0,0
-52.0,-548.0,169.0,-2997.0,1104.0,595.0,0
-10.0,-566.0,167.0,-2461.0,943.0,511.0,0
15.0,-567.0,152.0,-1819.0,797.0,446.0,0
29.0,-545.0,144.0,-1092.0,690.0,403.0,0
26.0,-506.0,126.0,-294.0,612.0,386.0,0
23.0,-459.0,106.0,514.0,539.0,390.0,0
16.0,-414.0,79.0,1242.0,470.0,393.0,0
18.0,-362.0,55.0,1832.0,421.0,392.0,0
17.0,-308.0,28.0,2266.0,413.0,394.0,0
29.0,-249.0,7.0,2554.0,464.0,379.0,0
47.0,-192.0,0.0,2712.0,551.0,357.0,0
66.0,-133.0,-12.0,2764.0,641.0,326.0,0
82.0,-80.0,-27.0,2721.0,707.0,298.0,0
97.0,-29.0,-48.0,2596.0,737.0,272.0,0
107.0,21.0,-61.0,2441.0,743.0,239.0,0
109.0,59.0,-76.0,2172.0,727.0,198.0,0
100.0,91.0,-96.0,1825.0,688.0,154.0,0
78.0,115.0,-118.0,1390.0,617.0,112.0,0
58.0,126.0,-135.0,881.0,525.0,70.0,0
42.0,125.0,-141.0,326.0,366.0,36.0,0
24.0,127.0,-145.0,-226.0,168.0,1.0,0
12.0,113.0,-146.0,-740.0,-38.0,-31.0,0
1.0,88.0,-139.0,-1181.0,-226.0,-72.0,0
-6.0,58.0,-131.0,-1531.0,-374.0,-120.0,0
-11.0,29.0,-133.0,-1772.0,-473.0,-178.0,0
-19.0,-9.0,-111.0,-1891.0,-524.0,-255.0,0
-15.0,-33.0,-102.0,-1871.0,-531.0,-350.0,0
-12.0,-51.0,-96.0,-1719.0,-496.0,-464.0,0
-8.0,-64.0,-86.0,-1459.0,-419.0,-596.0,0
1.0,-70.0,-74.0,-1119.0,-280.0,-732.0,0
11.0,-80.0,-61.0,-725.0,-76.0,-858.0,0
19.0,-85.0,-41.0,-316.0,178.0,-963.0,0
28.0,-90.0,-27.0,73.0,455.0,-1054.0,0
39.0,-96.0,-7.0,428.0,720.0,-1122.0,0
48.0,-104.0,1.0,734.0,953.0,-1172.0,0
55.0,-114.0,-10.0,989.0,1147.0,-1197.0,0
45.0,-130.0,-47.0,1213.0,1290.0,-1193.0,0
11.0,-153.0,-69.0,1446.0,1347.0,-1145.0,0
-43.0,-180.0,-70.0,1722.0,1295.0,-1050.0,0
-97.0,-202.0,-49.0,2011.0,1155.0,-889.0,0
-186.0,-227.0,-8.0,2244.0,966.0,-635.0,0
-277.0,-257.0,-16.0,2282.0,761.0,-244.0,0
-286.0,-287.0,-98.0,1920.0,563.0,345.0,0
-186.0,-327.0,-191.0,1120.0,426.0,1088.0,0
-14.0,-385.0,-253.0,114.0,368.0,1744.0,0
66.0,-476.0,-315.0,-905.0,341.0,2045.0,0
10.0,-607.0,-377.0,-2121.0,473.0,2036.0,0
-109.0,-769.0,-476.0,-3666.0,1043.0,2049.0,0
-140.0,-967.0,-435.0,-5359.0,2057.0,2367.0,0
-57.0,-1134.0,-375.0,-6629.0,2679.0,2646.0,0
-66.0,-1110.0,-236.0,-7064.0,2019.0,2278.0,0
-72.0,-983.0,-37.0,-6112.0,530.0,1442.0,0
-2.0,-906.0,121.0,-3728.0,-726.0,711.0,0
121.0,-868.0,195.0,-632.0,-1102.0,247.0,0
204.0,-805.0,195.0,2228.0,-610.0,-126.0,0
202.0,-696.0,177.0,4214.0,256.0,-525.0,0
181.0,-556.0,154.0,5257.0,1013.0,-882.0,0
153.0,-402.0,135.0,5618.0,1457.0,-1168.0,0
125.0,-246.0,117.0,5623.0,1596.0,-1396.0,0
102.0,-133.0,76.0,5391.0,1508.0,-1550.0,0
91.0,-59.0,34.0,4841.0,1324.0,-1627.0,0
75.0,-20.0,2.0,3973.0,1187.0,-1647.0,0
62.0,-17.0,-19.0,2860.0,1153.0,-1588.0,0
45.0,-46.0,-15.0,1597.0,1190.0,-1422.0,0
45.0,-95.0,-4.0,276.0,1269.0,-1169.0,0
50.0,-158.0,10.0,-1002.0,1395.0,-893.0,0
53.0,-228.0,38.0,-2141.0,1550.0,-658.0,0
45.0,-302.0,69.0,-3056.0,1717.0,-469.0,0
29.0,-371.0,94.0,-3693.0,1864.0,-336.0,0
7.0,-433.0,111.0,-4020.0,1947.0,-278.0,0
-13.0,-480.0,112.0,-4061.0,1945.0,-284.0,0
-26.0,-514.0,102.0,-3861.0,1869.0,-319.0,0
-17.0,-536.0,86.0,-3468.0,1761.0,-360.0,0
0.0,-535.0,81.0,-2904.0,1651.0,-415.0,0
17.0,-524.0,65.0,-2210.0,1559.0,-494.0,0
31.0,-508.0,56.0,-1431.0,1497.0,-609.0,0
41.0,-484.0,43.0,-621.0,1453.0,-747.0,0
33.0,-458.0,47.0,182.0,1394.0,-872.0,0
23.0,-411.0,19.0,936.0,1287.0,-956.0,0
11.0,-372.0,15.0,1592.0,1122.0,-1010.0,0
0.0,-330.0,5.0,2037.0,915.0,-1049.0,0
-7.0,-284.0,0.0,2455.0,705.0,-1102.0,0
-19.0,-228.0,-19.0,2717.0,524.0,-1164.0,0
-20.0,-177.0,-18.0,2843.0,419.0,-1227.0,0
-25.0,-119.0,-23.0,2858.0,356.0,-1271.0,0
-26.0,-67.0,-22.0,2795.0,360.0,-1286.0,0
-20.0,-16.0,-24.0,2712.0,410.0,-1286.0,0
-14.0,26.0,-19.0,2624.0,479.0,-1263.0,0
-8.0,65.0,-21.0,2554.0,548.0,-1215.0,0
-13.0,97.0,-19.0,2509.0,599.0,-1145.0,0
-15.0,123.0,-23.0,2467.0,621.0,-1045.0,0
-21.0,137.0,-28.0,2401.0,608.0,-904.0,0
-31.0,149.0,-40.0,2278.0,558.0,-728.0,0
-42.0,147.0,-57.0,2084.0,471.0,-527.0,0
-44.0,144.0,-72.0,1811.0,360.0,-317.0,0
-47.0,139.0,-92.0,1469.0,239.0,-130.0,0
-49.0,131.0,-111.0,1082.0,121.0,14.0,0
-50.0,124.0,-136.0,666.0,19.0,130.0,0
-54.0,121.0,-156.0,231.0,-55.0,239.0,0
-53.0,109.0,-165.0,-203.0,-94.0,341.0,0
-46.0,98.0,-168.0,-622.0,-110.0,428.0,0
-39.0,89.0,-160.0,-1016.0,-119.0,485.0,0
-36.0,70.0,-154.0,-1365.0,-124.0,513.0,0
-27.0,50.0,-139.0,-1665.0,-121.0,507.0,0
-18.0,23.0,-102.0,-1888.0,-95.0,460.0,0
-15.0,-22.0,-60.0,-1954.0,-38.0,377.0,0
-26.0,-69.0,-37.0,-1789.0,39.0,270.0,0
-46.0,-120.0,-51.0,-1431.0,102.0,168.0,0
-54.0,-152.0,-52.0,-970.0,123.0,86.0,0
-6.0,-184.0,-46.0,-512.0,141.0,36.0,0
106.0,-226.0,-44.0,-104.0,252.0,-6.0,0
189.0,-255.0,-27.0,223.0,503.0,-109.0,0
217.0,-269.0,-3.0,420.0,751.0,-283.0,0
196.0,-272.0,-8.0,417.0,756.0,-536.0,0
60.0,-240.0,-51.0,140.0,500.0,-849.0,0
-42.0,-255.0,-150.0,-447.0,331.0,-1104.0,0
18.0,-323.0,-268.0,-1467.0,548.0,-1358.0,0
131.0,-443.0,-331.0,-2811.0,944.0,-1702.0,0
219.0,-594.0,-443.0,-4327.0,1295.0,-2062.0,0
248.0,-757.0,-537.0,-5940.0,1661.0,-2345.0,0
164.0,-883.0,-521.0,-7400.0,2100.0,-2561.0,0
-61.0,-962.0,-305.0,-8170.0,2578.0,-2701.0,0
-206.0,-1009.0,-40.0,-7667.0,2882.0,-2611.0,0
-241.0,-1072.0,147.0,-5763.0,2715.0,-2121.0,0
-138.0,-1131.0,242.0,-3127.0,2111.0,-1358.0,0
-69.0,-1080.0,240.0,-470.0,1345.0,-807.0,0
-39.0,-956.0,188.0,1794.0,818.0,-534.0,0
2.0,-785.0,146.0,3503.0,713.0,-320.0,0
31.0,-607.0,118.0,4723.0,893.0,-101.0,0
36.0,-432.0,85.0,5552.0,1070.0,120.0,0
28.0,-285.0,41.0,5962.0,1040.0,368.0,0
14.0,-160.0,12.0,5891.0,792.0,643.0,0
6.0,-66.0,-12.0,5398.0,437.0,927.0,0
8.0,-13.0,-44.0,4567.0,66.0,1188.0,0
12.0,15.0,-63.0,3484.0,-255.0,1366.0,0
13.0,15.0,-69.0,2212.0,-477.0,1442.0,0
14.0,-10.0,-65.0,863.0,-569.0,1442.0,0
6.0,-50.0,-37.0,-434.0,-530.0,1395.0,0
3.0,-108.0,7.0,-1558.0,-387.0,1321.0,0
-1.0,-172.0,56.0,-2438.0,-186.0,1215.0,0
1.0,-237.0,91.0,-3045.0,20.0,1064.0,0
4.0,-297.0,127.0,-3376.0,208.0,883.0,0
9.0,-349.0,149.0,-3455.0,362.0,714.0,0
9.0,-394.0,160.0,-3360.0,471.0,593.0,0
5.0,-433.0,164.0,-3107.0,520.0,547.0,0
4.0,-464.0,160.0,-2742.0,527.0,566.0,0
2.0,-469.0,153.0,-2272.0,479.0,603.0,0
5.0,-471.0,138.0,-1703.0,384.0,626.0,0
4.0,-454.0,116.0,-1075.0,268.0,645.0,0
5.0,-434.0,88.0,-441.0,150.0,658.0,0
17.0,-406.0,62.0,154.0,62.0,663.0,0
20.0,-370.0,45.0,690.0,20.0,645.0,0
32.0,-330.0,23.0,1171.0,25.0,620.0,0
41.0,-279.0,11.0,1584.0,71.0,577.0,0
51.0,-238.0,-3.0,1905.0,151.0,510.0,0
58.0,-187.0,-11.0,2140.0,251.0,420.0,0
63.0,-136.0,-20.0,2311.0,348.0,322.0,0
63.0,-84.0,-29.0,2430.0,425.0,223.0,0
59.0,-37.0,-46.0,2501.0,468.0,133.0,0
45.0,5.0,-68.0,2516.0,468.0,58.0,0
30.0,41.0,-91.0,2444.0,428.0,-8.0,0
14.0,64.0,-111.0,2271.0,352.0,-62.0,0
0.0,80.0,-131.0,1993.0,246.0,-108.0,0
-19.0,93.0,-135.0,1621.0,118.0,-149.0,0
-34.0,102.0,-147.0,1195.0,-26.0,-184.0,0
-45.0,110.0,-148.0,744.0,-176.0,-206.0,0
-50.0,113.0,-156.0,299.0,-327.0,-214.0,0
-40.0,107.0,-153.0,-128.0,-469.0,-219.0,0
-28.0,97.0,-158.0,-521.0,-588.0,-232.0,0
-17.0,81.0,-162.0,-871.0,-663.0,-266.0,0
0.0,58.0,-152.0,-1176.0,-662.0,-312.0,0
6.0,32.0,-130.0,-1416.0,-566.0,-374.0,0
13.0,2.0,-94.0,-1546.0,-373.0,-445.0,0
21.0,-28.0,-59.0,-1501.0,-111.0,-522.0,0
27.0,-66.0,-39.0,-1258.0,170.0,-598.0,0
25.0,-92.0,-30.0,-846.0,425.0,-668.0,0
14.0,-121.0,-25.0,-308.0,634.0,-723.0,0
2.0,-140.0,-3.0,318.0,799.0,-750.0,0
-14.0,-155.0,12.0,943.0,970.0,-744.0,0
-22.0,-168.0,15.0,1450.0,1176.0,-701.0,0
-38.0,-170.0,-17.0,1705.0,1380.0,-632.0,0
-59.0,-166.0,-79.0,1605.0,1479.0,-529.0,0
-47.0,-165.0,-132.0,1194.0,1388.0,-362.0,0
4.0,-178.0,-166.0,602.0,1134.0,-109.0,0
78.0,-210.0,-206.0,-206.0,870.0,181.0,0
147.0,-331.0,-389.0,-1503.0,688.0,438.0,0
173.0,-508.0,-627.0,-3557.0,666.0,769.0,0
178.0,-755.0,-673.0,-6192.0,979.0,1342.0,0
192.0,-1070.0,-428.0,-8545.0,1540.0,2072.0,0
130.0,-1236.0,-108.0,-9350.0,1887.0,2550.0,0
22.0,-1227.0,123.0,-7819.0,1820.0,2476.0,0
-52.0,-1146.0,198.0,-4581.0,1350.0,2030.0,0
-66.0,-1001.0,211.0,-1082.0,586.0,1510.0,0
-23.0,-845.0,199.0,1814.0,-111.0,1124.0,0
18.0,-704.0,151.0,3833.0,-508.0,840.0,0
46.0,-579.0,90.0,4960.0,-557.0,584.0,0
42.0,-460.0,23.0,5323.0,-307.0,285.0,0
19.0,-347.0,-29.0,5101.0,112.0,-101.0,0
-23.0,-241.0,-62.0,4486.0,549.0,-589.0,0
-74.0,-151.0,-74.0,3662.0,881.0,-1108.0,0
-136.0,-90.0,-74.0,2765.0,1029.0,-1478.0,0
-176.0,-67.0,-62.0,1853.0,997.0,-1558.0,0
-172.0,-75.0,-47.0,941.0,882.0,-1410.0,0
-133.0,-103.0,-25.0,39.0,789.0,-1188.0,0
-80.0,-145.0,11.0,-819.0,754.0,-997.0,0
-44.0,-192.0,50.0,-1571.0,736.0,-868.0,0
-24.0,-246.0,88.0,-2074.0,719.0,-745.0,0
1.0,-303.0,128.0,-2585.0,684.0,-585.0,0
30.0,-368.0,157.0,-2976.0,623.0,-391.0,0
58.0,-441.0,167.0,-3250.0,554.0,-174.0,0
92.0,-515.0,177.0,-3375.0,509.0,36.0,0
124.0,-572.0,179.0,-3300.0,480.0,203.0,0
154.0,-604.0,167.0,-2993.0,479.0,277.0,0
160.0,-608.0,146.0,-2499.0,484.0,268.0,0
158.0,-592.0,113.0,-1848.0,457.0,204.0,0
154.0,-567.0,77.0,-1103.0,380.0,107.0,0
149.0,-537.0,32.0,-338.0,240.0,8.0,0
134.0,-503.0,-9.0,404.0,44.0,-82.0,0
127.0,-460.0,-39.0,1057.0,-167.0,-159.0,0
111.0,-396.0,-62.0,1590.0,-308.0,-251.0,0
91.0,-337.0,-75.0,1986.0,-343.0,-380.0,0
68.0,-280.0,-79.0,2248.0,-291.0,-529.0,0
43.0,-218.0,-81.0,2410.0,-188.0,-667.0,0
18.0,-163.0,-74.0,2492.0,-56.0,-760.0,0
1.0,-106.0,-73.0,2522.0,75.0,-794.0,0
-2.0,-55.0,-59.0,2533.0,193.0,-776.0,0
-2.0,-3.0,-43.0,2546.0,292.0,-746.0,0
0.0,41.0,-37.0,2559.0,376.0,-719.0,0
9.0,76.0,-32.0,2571.0,465.0,-683.0,0
19.0,105.0,-33.0,2558.0,571.0,-636.0,0
21.0,127.0,-38.0,2478.0,692.0,-582.0,0
15.0,140.0,-46.0,2306.0,814.0,-524.0,0
4.0,145.0,-57.0,2043.0,915.0,-459.0,0
-8.0,153.0,-68.0,1697.0,981.0,-391.0,0
-22.0,154.0,-86.0,1308.0,1007.0,-302.0,0
-27.0,147.0,-97.0,916.0,992.0,-195.0,0
-36.0,138.0,-121.0,547.0,931.0,-77.0,0
-51.0,128.0,-137.0,219.0,830.0,41.0,0
-56.0,116.0,-149.0,-66.0,694.0,153.0,0
-64.0,100.0,-159.0,-290.0,534.0,262.0,0
-65.0,75.0,-150.0,-441.0,366.0,378.0,0
-64.0,45.0,-131.0,-520.0,196.0,484.0,0
-59.0,11.0,-105.0,-516.0,25.0,558.0,0
-68.0,-24.0,-78.0,-416.0,-140.0,599.0,0
-67.0,-57.0,-67.0,-228.0,-290.0,613.0,0
-65.0,-89.0,-61.0,17.0,-413.0,608.0,0
-70.0,-120.0,-60.0,292.0,-488.0,581.0,0
-51.0,-145.0,-69.0,560.0,-505.0,537.0,0
0.0,-173.0,-82.0,801.0,-438.0,474.0,0
76.0,-200.0,-118.0,965.0,-264.0,385.0,0
125.0,-208.0,-146.0,990.0,-27.0,242.0,0
141.0,-204.0,-170.0,838.0,140.0,40.0,0
84.0,-193.0,-171.0,558.0,176.0,-190.0,0
-5.0,-204.0,-168.0,191.0,180.0,-380.0,0
-53.0,-278.0,-192.0,-419.0,348.0,-518.0,0
-26.0,-400.0,-267.0,-1522.0,805.0,-736.0,0
70.0,-561.0,-358.0,-3197.0,1403.0,-1110.0,0
179.0,-757.0,-436.0,-5214.0,1756.0,-1519.0,0
236.0,-970.0,-473.0,-7136.0,1739.0,-1787.0,0
214.0,-1191.0,-456.0,-8442.0,1714.0,-2019.0,0
63.0,-1252.0,-241.0,-8533.0,2001.0,-2363.0,0
-80.0,-1220.0,36.0,-6945.0,2313.0,-2373.0,0
-102.0,-1199.0,195.0,-4102.0,2231.0,-1776.0,0
-28.0,-1149.0,232.0,-932.0,1671.0,-1013.0,0
-3.0,-1023.0,172.0,1916.0,1000.0,-669.0,0
-9.0,-839.0,108.0,4067.0,580.0,-674.0,0
-1.0,-633.0,36.0,5476.0,436.0,-699.0,0
5.0,-445.0,-19.0,6200.0,403.0,-577.0,0
32.0,-239.0,-65.0,6347.0,345.0,-298.0,0
44.0,-132.0,-68.0,6080.0,256.0,43.0,0
55.0,-42.0,-91.0,5507.0,158.0,366.0,0
74.0,0.0,-103.0,4680.0,64.0,673.0,0
93.0,13.0,-114.0,3598.0,-4.0,932.0,0
117.0,10.0,-110.0,2313.0,3.0,1131.0,0
126.0,-5.0,-95.0,938.0,132.0,1280.0,0
116.0,-45.0,-58.0,-396.0,363.0,1384.0,0
93.0,-103.0,-7.0,-1580.0,625.0,1420.0,0
62.0,-173.0,44.0,-2550.0,860.0,1384.0,0
26.0,-238.0,92.0,-3135.0,1031.0,1301.0,0
3.0,-303.0,129.0,-3613.0,1114.0,1197.0,0
-21.0,-367.0,149.0,-3815.0,1100.0,1081.0,0
-33.0,-427.0,141.0,-3781.0,1010.0,949.0,0
-37.0,-481.0,120.0,-3570.0,910.0,814.0,0
-27.0,-520.0,90.0,-3231.0,801.0,685.0,0
-15.0,-541.0,66.0,-2770.0,736.0,571.0,0
4.0,-534.0,56.0,-2190.0,721.0,484.0,0
16.0,-512.0,47.0,-1478.0,736.0,370.0,0
20.0,-470.0,37.0,-647.0,764.0,252.0,0
20.0,-421.0,40.0,271.0,782.0,144.0,0
12.0,-369.0,38.0,1215.0,777.0,51.0,0
2.0,-315.0,40.0,2104.0,743.0,-29.0,0
3.0,-252.0,30.0,2874.0,688.0,-105.0,0
3.0,-188.0,16.0,3460.0,629.0,-185.0,0
5.0,-122.0,4.0,3819.0,589.0,-253.0,0
7.0,-55.0,-13.0,3939.0,577.0,-300.0,0
14.0,7.0,-26.0,3845.0,589.0,-334.0,0
18.0,65.0,-39.0,3568.0,621.0,-351.0,0
13.0,112.0,-61.0,3149.0,669.0,-351.0,0
12.0,147.0,-73.0,2629.0,737.0,-344.0,0
31.0,179.0,-82.0,2050.0,820.0,-362.0,0
47.0,195.0,-91.0,1461.0,930.0,-405.0,0
36.0,201.0,-115.0,875.0,1026.0,-440.0,0
12.0,197.0,-140.0,296.0,967.0,-428.0,0
3.0,192.0,-162.0,-241.0,731.0,-390.0,0
-6.0,180.0,-179.0,-716.0,426.0,-370.0,0
-17.0,169.0,-195.0,-1117.0,161.0,-372.0,0
-34.0,147.0,-200.0,-1444.0,-6.0,-377.0,0
-45.0,118.0,-195.0,-1693.0,-46.0,-356.0,0
-52.0,82.0,-192.0,-1876.0,31.0,-327.0,0
-55.0,47.0,-149.0,-1997.0,184.0,-325.0,0
-50.0,3.0,-97.0,-1975.0,358.0,-373.0,0
-49.0,-35.0,-64.0,-1748.0,505.0,-463.0,0
-51.0,-58.0,-40.0,-1348.0,609.0,-568.0,0
-47.0,-71.0,-27.0,-838.0,695.0,-659.0,0
-37.0,-79.0,-25.0,-292.0,790.0,-722.0,0
-27.0,-79.0,-29.0,215.0,909.0,-768.0,0
-6.0,-71.0,-25.0,625.0,1051.0,-802.0,0
9.0,-65.0,-25.0,912.0,1205.0,-828.0,0
32.0,-55.0,-19.0,1080.0,1361.0,-847.0,0
44.0,-53.0,-20.0,1153.0,1515.0,-850.0,0
47.0,-71.0,-43.0,1184.0,1664.0,-834.0,0
59.0,-112.0,-59.0,1256.0,1779.0,-802.0,0
102.0,-164.0,-30.0,1451.0,1896.0,-760.0,0
155.0,-211.0,54.0,1790.0,2156.0,-723.0,0
103.0,-246.0,195.0,2096.0,2649.0,-786.0,0
34.0,-282.0,355.0,2103.0,3133.0,-896.0,0
87.0,-315.0,249.0,1550.0,3186.0,-837.0,0
343.0,-323.0,-381.0,-375.0,2305.0,-489.0,0
504.0,-429.0,-898.0,-3384.0,715.0,124.0,0
559.0,-580.0,-1315.0,-6449.0,-402.0,1061.0,0
492.0,-827.0,-1461.0,-9279.0,-206.0,2210.0,0
210.0,-1316.0,-515.0,-11407.0,1043.0,3505.0,0
-231.0,-1353.0,-25.0,-10773.0,2143.0,4538.0,0
-328.0,-1364.0,285.0,-7807.0,2142.0,4779.0,0
-289.0,-1285.0,287.0,-3634.0,792.0,3870.0,0
-285.0,-1104.0,203.0,419.0,-1213.0,2285.0,0
-166.0,-914.0,139.0,3552.0,-2550.0,1058.0,0
29.0,-736.0,88.0,5580.0,-2584.0,438.0,0
135.0,-567.0,38.0,6635.0,-1686.0,42.0,0
154.0,-410.0,15.0,7025.0,-427.0,-446.0,0
124.0,-255.0,3.0,6933.0,806.0,-1147.0,0
61.0,-97.0,1.0,6384.0,1779.0,-1973.0,0
-13.0,18.0,-4.0,5491.0,2358.0,-2647.0,0
-67.0,71.0,-14.0,4352.0,2580.0,-2983.0,0
-83.0,66.0,-23.0,3011.0,2608.0,-3037.0,0
-49.0,19.0,-21.0,1479.0,2553.0,-2925.0,0
35.0,-53.0,-5.0,-217.0,2439.0,-2716.0,0
123.0,-136.0,24.0,-1983.0,2262.0,-2452.0,0
168.0,-228.0,44.0,-3663.0,2030.0,-2145.0,0
185.0,-333.0,61.0,-5061.0,1670.0,-1723.0,0
207.0,-448.0,64.0,-6019.0,1128.0,-1162.0,0
240.0,-560.0,71.0,-6467.0,516.0,-559.0,0
267.0,-664.0,101.0,-6393.0,45.0,-3.0,0
287.0,-743.0,121.0,-5959.0,-130.0,428.0,0
281.0,-777.0,126.0,-5000.0,-15.0,669.0,0
245.0,-773.0,119.0,-3705.0,259.0,725.0,0
195.0,-728.0,106.0,-2208.0,523.0,681.0,0
141.0,-645.0,87.0,-667.0,643.0,635.0,0
107.0,-567.0,74.0,752.0,642.0,631.0,0
78.0,-477.0,54.0,1926.0,507.0,643.0,0
65.0,-396.0,24.0,2824.0,328.0,634.0,0
60.0,-328.0,5.0,3451.0,172.0,573.0,0
60.0,-261.0,-14.0,3836.0,62.0,447.0,0
57.0,-204.0,-34.0,4024.0,-1.0,257.0,0
36.0,-157.0,-62.0,4022.0,-19.0,19.0,0
12.0,-116.0,-79.0,3798.0,24.0,-219.0,0
-24.0,-65.0,-89.0,3375.0,114.0,-414.0,0
-63.0,-21.0,-96.0,2822.0,247.0,-558.0,0
-77.0,8.0,-93.0,2198.0,399.0,-644.0,0
-93.0,35.0,-73.0,1560.0,537.0,-676.0,0
-101.0,52.0,-56.0,963.0,641.0,-679.0,0
-113.0,64.0,-37.0,455.0,702.0,-674.0,0
-124.0,71.0,-21.0,43.0,726.0,-662.0,0
-120.0,76.0,-6.0,-274.0,722.0,-618.0,0
-116.0,72.0,5.0,-503.0,692.0,-542.0,0
-108.0,71.0,6.0,-647.0,642.0,-442.0,0
-101.0,66.0,6.0,-713.0,574.0,-302.0,0
-95.0,68.0,-1.0,-688.0,497.0,-128.0,0
-103.0,63.0,-17.0,-579.0,418.0,35.0,0
-106.0,58.0,-39.0,-424.0,334.0,205.0,0
-95.0,57.0,-60.0,-281.0,253.0,397.0,0
-71.0,43.0,-77.0,-189.0,173.0,594.0,0
-52.0,34.0,-91.0,-153.0,80.0,761.0,0
-39.0,31.0,-98.0,-150.0,-29.0,872.0,0
-32.0,19.0,-106.0,-154.0,-143.0,937.0,0
-17.0,5.0,-99.0,-138.0,-240.0,966.0,0
-4.0,-18.0,-97.0,-104.0,-308.0,966.0,0
-7.0,-40.0,-90.0,-49.0,-331.0,938.0,0
-9.0,-67.0,-93.0,47.0,-324.0,899.0,0
-9.0,-97.0,-104.0,192.0,-297.0,850.0,0
-12.0,-117.0,-121.0,371.0,-249.0,795.0,0
11.0,-127.0,-124.0,551.0,-163.0,737.0,0
91.0,-138.0,-138.0,708.0,-7.0,689.0,0
198.0,-178.0,-169.0,860.0,275.0,650.0,0
271.0,-203.0,-190.0,995.0,654.0,533.0,0
304.0,-228.0,-198.0,1079.0,946.0,302.0,0
257.0,-252.0,-198.0,1023.0,968.0,-33.0,0
164.0,-275.0,-203.0,711.0,743.0,-411.0,0
158.0,-323.0,-229.0,15.0,530.0,-744.0,0
222.0,-401.0,-309.0,-1096.0,584.0,-1071.0,0
310.0,-503.0,-368.0,-2552.0,1010.0,-1435.0,0
365.0,-620.0,-389.0,-4067.0,1649.0,-1783.0,0
326.0,-698.0,-382.0,-5291.0,2303.0,-2062.0,0
147.0,-735.0,-344.0,-6002.0,2924.0,-2246.0,0
-42.0,-779.0,-216.0,-6116.0,3418.0,-2221.0,0
-161.0,-829.0,-29.0,-5640.0,3475.0,-1972.0,0
-178.0,-885.0,128.0,-4597.0,2940.0,-1528.0,0
-135.0,-941.0,166.0,-3164.0,2107.0,-1009.0,0
-81.0,-973.0,133.0,-1693.0,1471.0,-583.0,0
-57.0,-941.0,98.0,-376.0,1255.0,-324.0,0
-46.0,-864.0,72.0,806.0,1350.0,-166.0,0
-36.0,-754.0,43.0,1850.0,1540.0,-47.0,0
-39.0,-632.0,29.0,2704.0,1656.0,47.0,0
-52.0,-498.0,14.0,3301.0,1600.0,150.0,0
-71.0,-392.0,3.0,3607.0,1357.0,306.0,0
-80.0,-322.0,-7.0,3637.0,965.0,523.0,0
-60.0,-281.0,-35.0,3457.0,499.0,747.0,0
-29.0,-263.0,-49.0,3064.0,96.0,904.0,0
-6.0,-247.0,-68.0,2474.0,-142.0,973.0,0
-13.0,-242.0,-46.0,1728.0,-226.0,972.0,0
-12.0,-253.0,-18.0,920.0,-209.0,940.0,0
-28.0,-265.0,14.0,152.0,-146.0,891.0,0
-31.0,-293.0,58.0,-506.0,-69.0,858.0,0
-32.0,-318.0,99.0,-1022.0,5.0,837.0,0
-23.0,-335.0,136.0,-1318.0,67.0,833.0,0
-12.0,-356.0,158.0,-1536.0,126.0,842.0,0
-3.0,-375.0,163.0,-1596.0,179.0,863.0,0
-1.0,-388.0,159.0,-1501.0,210.0,896.0,0
4.0,-397.0,152.0,-1279.0,234.0,937.0,0
9.0,-391.0,140.0,-972.0,222.0,972.0,0
18.0,-377.0,126.0,-607.0,164.0,989.0,0
24.0,-361.0,111.0,-222.0,71.0,994.0,0
27.0,-327.0,90.0,148.0,-32.0,977.0,0
41.0,-293.0,77.0,481.0,-123.0,950.0,0
55.0,-253.0,58.0,786.0,-189.0,914.0,0
66.0,-210.0,37.0,1065.0,-210.0,865.0,0
78.0,-177.0,15.0,1286.0,-184.0,807.0,0
83.0,-142.0,1.0,1437.0,-117.0,746.0,0
92.0,-113.0,-13.0,1522.0,-19.0,689.0,0
91.0,-89.0,-33.0,1540.0,94.0,639.0,0
83.0,-64.0,-41.0,1503.0,202.0,585.0,0
80.0,-45.0,-48.0,1419.0,286.0,519.0,0
68.0,-20.0,-63.0,1310.0,328.0,426.0,0
59.0,3.0,-73.0,1186.0,318.0,313.0,0
45.0,25.0,-81.0,1060.0,260.0,196.0,0
34.0,43.0,-94.0,932.0,170.0,85.0,0
15.0,61.0,-111.0,790.0,76.0,-22.0,0
3.0,66.0,-117.0,624.0,-9.0,-114.0,0
-11.0,71.0,-127.0,412.0,-73.0,-198.0,0
-19.0,71.0,-132.0,144.0,-122.0,-279.0,0
-16.0,68.0,-133.0,-167.0,-167.0,-356.0,0
-19.0,56.0,-131.0,-501.0,-217.0,-432.0,0
-18.0,44.0,-128.0,-819.0,-269.0,-489.0,0
-11.0,27.0,-122.0,-1082.0,-319.0,-534.0,0
-2.0,1.0,-115.0,-1261.0,-365.0,-592.0,0
-1.0,-11.0,-104.0,-1341.0,-391.0,-673.0,0
0.0,-25.0,-92.0,-1300.0,-382.0,-753.0,0
3.0,-40.0,-79.0,-1137.0,-321.0,-814.0,0
19.0,-55.0,-67.0,-866.0,-191.0,-865.0,0
35.0,-67.0,-57.0,-506.0,1.0,-916.0,0
50.0,-77.0,-49.0,-73.0,228.0,-970.0,0
51.0,-90.0,-54.0,400.0,456.0,-1008.0,0
41.0,-98.0,-75.0,860.0,644.0,-1026.0,0
25.0,-114.0,-103.0,1271.0,761.0,-1010.0,0
-9.0,-126.0,-123.0,1634.0,792.0,-958.0,0
-41.0,-131.0,-109.0,1934.0,768.0,-857.0,0
-76.0,-142.0,-80.0,2143.0,743.0,-697.0,0
-117.0,-171.0,-48.0,2243.0,766.0,-464.0,0
-138.0,-207.0,-31.0,2215.0,822.0,-122.0,0
-103.0,-245.0,-44.0,2000.0,832.0,307.0,0
-40.0,-269.0,-79.0,1526.0,737.0,713.0,0
46.0,-291.0,-131.0,807.0,590.0,996.0,0
116.0,-303.0,-181.0,-91.0,544.0,1109.0,0
159.0,-332.0,-251.0,-1263.0,733.0,1038.0,0
161.0,-450.0,-388.0,-2839.0,1064.0,903.0,0
107.0,-570.0,-451.0,-4739.0,1457.0,1064.0,0
81.0,-710.0,-441.0,-6557.0,1839.0,1691.0,0
63.0,-854.0,-368.0,-7783.0,1894.0,2348.0,0
-33.0,-923.0,-286.0,-7978.0,1412.0,2453.0,0
-125.0,-920.0,-158.0,-6963.0,738.0,1908.0,0
-146.0,-890.0,-28.0,-4844.0,231.0,1097.0,0
-102.0,-865.0,76.0,-2202.0,-40.0,541.0,0
-14.0,-838.0,120.0,265.0,-94.0,323.0,0
35.0,-775.0,113.0,2094.0,14.0,153.0,0
44.0,-676.0,85.0,3189.0,257.0,-112.0,0
34.0,-549.0,68.0,3726.0,579.0,-436.0,0
0.0,-442.0,54.0,3964.0,846.0,-744.0,0
-47.0,-343.0,37.0,4055.0,939.0,-962.0,0
-83.0,-271.0,22.0,3965.0,884.0,-1091.0,0
-101.0,-215.0,16.0,3562.0,764.0,-1179.0,0
-98.0,-177.0,12.0,2987.0,644.0,-1240.0,0
-84.0,-164.0,20.0,1999.0,572.0,-1253.0,0
-67.0,-177.0,33.0,797.0,556.0,-1189.0,0
-19.0,-225.0,62.0,-506.0,557.0,-1044.0,0
17.0,-289.0,93.0,-1754.0,533.0,-876.0,0
41.0,-356.0,127.0,-2774.0,511.0,-703.0,0
63.0,-420.0,151.0,-3469.0,534.0,-558.0,0
80.0,-476.0,152.0,-3832.0,604.0,-383.0,0
106.0,-516.0,138.0,-3917.0,685.0,-238.0,0
125.0,-543.0,115.0,-3773.0,743.0,-125.0,0
153.0,-552.0,86.0,-3438.0,770.0,-59.0,0
169.0,-541.0,57.0,-2939.0,758.0,-62.0,0
175.0,-519.0,26.0,-2290.0,727.0,-113.0,0
166.0,-489.0,5.0,-1521.0,691.0,-182.0,0
147.0,-452.0,-9.0,-662.0,649.0,-249.0,0
126.0,-409.0,-20.0,220.0,577.0,-320.0,0
108.0,-361.0,-31.0,1037.0,457.0,-396.0,0
84.0,-304.0,-36.0,1736.0,285.0,-506.0,0
55.0,-245.0,-55.0,2305.0,98.0,-661.0,0
28.0,-187.0,-59.0,2737.0,-59.0,-835.0,0
-3.0,-130.0,-79.0,3024.0,-174.0,-981.0,0
-28.0,-81.0,-88.0,3149.0,-223.0,-1060.0,0
-35.0,-38.0,-93.0,3122.0,-206.0,-1057.0,0
-37.0,7.0,-100.0,2965.0,-132.0,-994.0,0
-33.0,43.0,-93.0,2708.0,-16.0,-909.0,0
-26.0,77.0,-96.0,2389.0,127.0,-837.0,0
-34.0,105.0,-84.0,2041.0,279.0,-783.0,0
-43.0,122.0,-72.0,1684.0,411.0,-722.0,0
-63.0,136.0,-59.0,1341.0,515.0,-624.0,0
-74.0,140.0,-51.0,1021.0,573.0,-470.0,0
-82.0,138.0,-42.0,705.0,589.0,-276.0,0
-77.0,130.0,-35.0,402.0,577.0,-73.0,0
-73.0,119.0,-42.0,145.0,537.0,118.0,0
-59.0,100.0,-51.0,-54.0,475.0,282.0,0
-48.0,78.0,-58.0,-200.0,393.0,398.0,0
-45.0,63.0,-68.0,-289.0,297.0,470.0,0
-36.0,42.0,-76.0,-325.0,194.0,518.0,0
-31.0,23.0,-78.0,-306.0,93.0,546.0,0
-22.0,-1.0,-68.0,-235.0,-11.0,559.0,0
-18.0,-25.0,-58.0,-108.0,-114.0,554.0,0
-17.0,-46.0,-51.0,74.0,-205.0,545.0,0
-21.0,-64.0,-44.0,310.0,-274.0,525.0,0
-33.0,-77.0,-33.0,582.0,-322.0,489.0,0
-45.0,-88.0,-38.0,860.0,-360.0,439.0,0
-71.0,-95.0,-56.0,1115.0,-399.0,384.0,0
-95.0,-108.0,-101.0,1334.0,-447.0,344.0,0
-70.0,-107.0,-126.0,1497.0,-497.0,336.0,0
65.0,-129.0,-130.0,1549.0,-454.0,351.0,0
152.0,-144.0,-106.0,1470.0,-225.0,315.0,0
202.0,-161.0,-66.0,1280.0,49.0,181.0,0
240.0,-163.0,-96.0,933.0,155.0,-85.0,0
182.0,-137.0,-195.0,334.0,-11.0,-494.0,0
90.0,-156.0,-343.0,-587.0,-346.0,-871.0,0
87.0,-254.0,-480.0,-1853.0,-606.0,-1086.0,0
160.0,-382.0,-537.0,-3324.0,-481.0,-1233.0,0
260.0,-515.0,-589.0,-4683.0,136.0,-1410.0,0
323.0,-680.0,-603.0,-5899.0,1003.0,-1613.0,0
288.0,-885.0,-609.0,-7119.0,1795.0,-1866.0,0
130.0,-1064.0,-547.0,-8229.0,2484.0,-2222.0,0
-61.0,-1147.0,-341.0,-8692.0,3095.0,-2500.0,0
-192.0,-1216.0,-58.0,-8030.0,3256.0,-2258.0,0
-234.0,-1279.0,123.0,-6199.0,2768.0,-1434.0,0
-157.0,-1294.0,190.0,-3547.0,2018.0,-508.0,0
-111.0,-1197.0,183.0,-642.0,1421.0,21.0,0
-91.0,-1031.0,159.0,2036.0,1095.0,285.0,0
-74.0,-849.0,142.0,4249.0,951.0,458.0,0
-63.0,-668.0,122.0,5928.0,850.0,555.0,0
-48.0,-483.0,93.0,7043.0,698.0,607.0,0
-33.0,-322.0,48.0,7514.0,464.0,685.0,0
-25.0,-185.0,1.0,7522.0,151.0,815.0,0
-25.0,-80.0,-41.0,6914.0,-239.0,983.0,0
-15.0,4.0,-78.0,5831.0,-567.0,1207.0,0
2.0,25.0,-109.0,4490.0,-926.0,1497.0,0
29.0,15.0,-131.0,3034.0,-1135.0,1807.0,0
44.0,-19.0,-134.0,1565.0,-1151.0,1997.0,0
55.0,-71.0,-119.0,154.0,-1001.0,2085.0,0
50.0,-131.0,-79.0,-1116.0,-761.0,2019.0,0
38.0,-192.0,-42.0,-2158.0,-485.0,1864.0,0
20.0,-249.0,-7.0,-2914.0,-214.0,1713.0,0
3.0,-304.0,37.0,-3369.0,21.0,1617.0,0
-4.0,-356.0,64.0,-3517.0,182.0,1565.0,0
-6.0,-404.0,74.0,-3412.0,250.0,1530.0,0
5.0,-433.0,78.0,-3107.0,244.0,1458.0,0
8.0,-456.0,74.0,-2638.0,227.0,1326.0,0
14.0,-460.0,77.0,-2067.0,243.0,1145.0,0
20.0,-442.0,84.0,-1428.0,297.0,936.0,0
28.0,-413.0,83.0,-741.0,381.0,723.0,0
27.0,-367.0,80.0,-45.0,494.0,534.0,0
24.0,-307.0,79.0,606.0,618.0,396.0,0
19.0,-246.0,77.0,1190.0,720.0,276.0,0
25.0,-187.0,70.0,1688.0,771.0,159.0,0
31.0,-129.0,61.0,2088.0,767.0,50.0,0
30.0,-73.0,39.0,2382.0,703.0,-38.0,0
44.0,-24.0,13.0,2566.0,594.0,-98.0,0
45.0,24.0,-22.0,2633.0,459.0,-145.0,0
53.0,62.0,-64.0,2554.0,317.0,-200.0,0
48.0,98.0,-99.0,2319.0,195.0,-271.0,0
37.0,133.0,-130.0,1953.0,112.0,-354.0,0
19.0,156.0,-150.0,1485.0,65.0,-430.0,0
1.0,173.0,-166.0,948.0,44.0,-486.0,0
-26.0,185.0,-166.0,383.0,27.0,-528.0,0
-26.0,174.0,-158.0,-153.0,-13.0,-535.0,0
-37.0,162.0,-147.0,-606.0,-86.0,-534.0,0
-46.0,131.0,-137.0,-934.0,-189.0,-527.0,0
-56.0,103.0,-125.0,-1125.0,-303.0,-520.0,0
-62.0,62.0,-117.0,-1177.0,-412.0,-507.0,0
-58.0,24.0,-108.0,-1103.0,-502.0,-508.0,0
-50.0,-7.0,-102.0,-914.0,-550.0,-529.0,0
-38.0,-31.0,-86.0,-622.0,-537.0,-572.0,0
-13.0,-48.0,-68.0,-256.0,-454.0,-626.0,0
14.0,-59.0,-53.0,139.0,-287.0,-678.0,0
46.0,-64.0,-38.0,509.0,-51.0,-731.0,0
67.0,-77.0,-45.0,832.0,229.0,-784.0,0
82.0,-95.0,-80.0,1094.0,502.0,-831.0,0
77.0,-113.0,-122.0,1327.0,694.0,-870.0,0
44.0,-128.0,-142.0,1528.0,776.0,-877.0,0
8.0,-144.0,-129.0,1653.0,789.0,-815.0,0
-68.0,-167.0,-64.0,1688.0,795.0,-648.0,0
-169.0,-202.0,-16.0,1593.0,766.0,-328.0,0
-225.0,-255.0,-38.0,1268.0,579.0,188.0,0
-175.0,-298.0,-157.0,610.0,184.0,816.0,0
-85.0,-340.0,-238.0,-302.0,-260.0,1370.0,0
-3.0,-430.0,-252.0,-1318.0,-544.0,1720.0,0
-6.0,-570.0,-291.0,-2374.0,-607.0,1957.0,0
-68.0,-779.0,-393.0,-3665.0,-483.0,2308.0,0
-106.0,-997.0,-515.0,-5229.0,-142.0,2838.0,0
-23.0,-1218.0,-590.0,-6625.0,248.0,3206.0,0
8.0,-1268.0,-575.0,-7400.0,242.0,2768.0,0
-26.0,-1124.0,-305.0,-7129.0,-139.0,1651.0,0
-29.0,-976.0,-27.0,-5320.0,-565.0,619.0,0
12.0,-906.0,155.0,-2374.0,-724.0,83.0,0
71.0,-856.0,234.0,803.0,-445.0,-134.0,0
96.0,-769.0,224.0,3422.0,157.0,-339.0,0
80.0,-628.0,192.0,4866.0,770.0,-630.0,0
64.0,-467.0,150.0,5913.0,1158.0,-900.0,0
59.0,-287.0,118.0,6327.0,1262.0,-1078.0,0
53.0,-124.0,85.0,6317.0,1184.0,-1147.0,0
48.0,-20.0,31.0,5984.0,971.0,-1129.0,0
48.0,29.0,-23.0,5279.0,710.0,-1053.0,0
38.0,33.0,-65.0,4178.0,491.0,-907.0,0
17.0,4.0,-87.0,2764.0,347.0,-718.0,0
4.0,-49.0,-76.0,1208.0,281.0,-485.0,0
3.0,-117.0,-45.0,-305.0,329.0,-227.0,0
16.0,-192.0,6.0,-1643.0,484.0,13.0,0
26.0,-277.0,61.0,-2707.0,674.0,179.0,0
34.0,-352.0,101.0,-3450.0,827.0,215.0,0
39.0,-424.0,115.0,-3890.0,919.0,128.0,0
42.0,-476.0,117.0,-4113.0,964.0,-16.0,0
49.0,-522.0,102.0,-4175.0,985.0,-151.0,0
62.0,-551.0,77.0,-4085.0,997.0,-261.0,0
75.0,-563.0,48.0,-3813.0,1007.0,-368.0,0
95.0,-561.0,30.0,-3323.0,1015.0,-489.0,0
111.0,-549.0,3.0,-2625.0,1033.0,-642.0,0
115.0,-521.0,-8.0,-1761.0,1051.0,-811.0,0
113.0,-482.0,-17.0,-792.0,1049.0,-958.0,0
105.0,-437.0,-16.0,208.0,1003.0,-1045.0,0
95.0,-386.0,-20.0,1179.0,891.0,-1073.0,0
84.0,-327.0,-25.0,2065.0,731.0,-1076.0,0
67.0,-263.0,-35.0,2800.0,551.0,-1096.0,0
52.0,-199.0,-44.0,3340.0,381.0,-1159.0,0
21.0,-128.0,-49.0,3677.0,252.0,-1232.0,0
-7.0,-55.0,-57.0,3843.0,179.0,-1268.0,0
-28.0,7.0,-63.0,3861.0,154.0,-1249.0,0
-41.0,65.0,-62.0,3752.0,167.0,-1180.0,0
-45.0,108.0,-71.0,3526.0,204.0,-1063.0,0
-48.0,144.0,-81.0,3174.0,254.0,-916.0,0
-41.0,167.0,-86.0,2708.0,305.0,-746.0,0
-45.0,176.0,-92.0,2147.0,349.0,-574.0,0
-56.0,175.0,-103.0,1507.0,379.0,-408.0,0
-66.0,165.0,-98.0,811.0,379.0,-259.0,0
-71.0,151.0,-93.0,112.0,351.0,-119.0,0
-72.0,128.0,-84.0,-534.0,295.0,7.0,0
-76.0,101.0,-69.0,-1054.0,229.0,108.0,0
-77.0,67.0,-64.0,-1403.0,166.0,197.0,0
-73.0,39.0,-59.0,-1563.0,101.0,266.0,0
-75.0,12.0,-51.0,-1539.0,30.0,307.0,0
-74.0,-1.0,-49.0,-1359.0,-49.0,328.0,0
-71.0,-16.0,-42.0,-1061.0,-145.0,346.0,0
-63.0,-28.0,-39.0,-683.0,-260.0,367.0,0
-54.0,-42.0,-44.0,-248.0,-378.0,380.0,0
-52.0,-59.0,-61.0,201.0,-479.0,387.0,0
-54.0,-78.0,-91.0,626.0,-547.0,388.0,0
-51.0,-96.0,-119.0,984.0,-578.0,386.0,0
-14.0,-112.0,-120.0,1226.0,-551.0,388.0,0
77.0,-139.0,-128.0,1335.0,-427.0,379.0,0
175.0,-175.0,-141.0,1355.0,-192.0,324.0,0
238.0,-207.0,-168.0,1304.0,62.0,181.0,0
228.0,-225.0,-223.0,1114.0,156.0,-51.0,0
110.0,-222.0,-271.0,752.0,58.0,-339.0,0
-37.0,-232.0,-272.0,212.0,51.0,-579.0,0
-74.0,-286.0,-247.0,-615.0,308.0,-775.0,0
-9.0,-366.0,-230.0,-1792.0,700.0,-1046.0,0
78.0,-444.0,-220.0,-3114.0,1084.0,-1405.0,0
136.0,-545.0,-238.0,-4400.0,1348.0,-1720.0,0
133.0,-657.0,-262.0,-5641.0,1474.0,-1935.0,0
82.0,-767.0,-263.0,-6557.0,1574.0,-2098.0,0
-9.0,-893.0,-188.0,-7388.0,1735.0,-2273.0,0
-91.0,-985.0,-32.0,-7539.0,1815.0,-2325.0,0
-107.0,-1078.0,65.0,-6719.0,1669.0,-2030.0,0
-67.0,-1160.0,91.0,-5096.0,1289.0,-1435.0,0
-23.0,-1199.0,91.0,-3044.0,890.0,-929.0,0
-14.0,-1133.0,72.0,-846.0,605.0,-412.0,0
-2.0,-1006.0,53.0,1286.0,468.0,-1.0,0
13.0,-845.0,39.0,3153.0,414.0,319.0,0
28.0,-669.0,41.0,4617.0,360.0,532.0,0
37.0,-504.0,40.0,5622.0,246.0,684.0,0
41.0,-349.0,35.0,6211.0,69.0,832.0,0
41.0,-228.0,25.0,6468.0,-151.0,1009.0,0
45.0,-135.0,-6.0,6400.0,-398.0,1240.0,0
58.0,-83.0,-38.0,5936.0,-615.0,1504.0,0
52.0,-50.0,-65.0,5044.0,-745.0,1730.0,0
41.0,-30.0,-75.0,3820.0,-779.0,1851.0,0
27.0,-32.0,-74.0,2423.0,-723.0,1868.0,0
4.0,-54.0,-61.0,998.0,-603.0,1760.0,0
4.0,-87.0,-23.0,-334.0,-453.0,1568.0,0
0.0,-130.0,31.0,-1458.0,-297.0,1349.0,0
2.0,-180.0,88.0,-2298.0,-149.0,1168.0,0
2.0,-212.0,129.0,-2831.0,-27.0,1054.0,0
-8.0,-247.0,143.0,-3082.0,35.0,1008.0,0
-12.0,-275.0,156.0,-3093.0,29.0,1010.0,0
-15.0,-290.0,153.0,-2899.0,-31.0,1022.0,0
-13.0,-298.0,142.0,-2543.0,-115.0,1016.0,0
-3.0,-295.0,122.0,-2073.0,-192.0,984.0,0
2.0,-287.0,99.0,-1544.0,-237.0,917.0,0
10.0,-264.0,80.0,-991.0,-243.0,828.0,0
23.0,-240.0,50.0,-435.0,-214.0,730.0,0
39.0,-212.0,25.0,108.0,-158.0,639.0,0
64.0,-183.0,4.0,642.0,-82.0,557.0,0
80.0,-156.0,-23.0,1156.0,5.0,443.0,0
90.0,-121.0,-54.0,1622.0,88.0,302.0,0
96.0,-85.0,-81.0,2001.0,158.0,162.0,0
88.0,-53.0,-102.0,2263.0,214.0,38.0,0
67.0,-14.0,-121.0,2388.0,251.0,-60.0,0
51.0,20.0,-132.0,2373.0,259.0,-128.0,0
29.0,55.0,-152.0,2224.0,232.0,-171.0,0
9.0,84.0,-160.0,1954.0,168.0,-190.0,0
0.0,104.0,-164.0,1583.0,75.0,-198.0,0
-7.0,120.0,-169.0,1139.0,-58.0,-208.0,0
-6.0,126.0,-174.0,668.0,-232.0,-220.0,0
-1.0,128.0,-180.0,212.0,-430.0,-230.0,0
8.0,112.0,-181.0,-197.0,-622.0,-244.0,0
12.0,81.0,-186.0,-560.0,-772.0,-278.0,0
12.0,52.0,-170.0,-876.0,-840.0,-334.0,0
20.0,21.0,-158.0,-1102.0,-806.0,-399.0,0
28.0,-11.0,-125.0,-1184.0,-671.0,-466.0,0
33.0,-41.0,-109.0,-1096.0,-478.0,-557.0,0
28.0,-77.0,-107.0,-839.0,-274.0,-671.0,0
10.0,-110.0,-114.0,-443.0,-103.0,-788.0,0
-22.0,-129.0,-101.0,22.0,46.0,-874.0,0
-63.0,-145.0,-72.0,484.0,217.0,-893.0,0
-95.0,-172.0,-42.0,883.0,451.0,-831.0,0
-148.0,-191.0,-48.0,1144.0,727.0,-695.0,0
-206.0,-206.0,-91.0,1153.0,940.0,-478.0,0
-232.0,-241.0,-144.0,920.0,965.0,-156.0,0
-164.0,-281.0,-163.0,552.0,819.0,272.0,0
-57.0,-327.0,-151.0,149.0,649.0,663.0,0
24.0,-386.0,-135.0,-286.0,648.0,887.0,0
51.0,-469.0,-152.0,-1201.0,875.0,952.0,0
28.0,-566.0,-267.0,-2589.0,1392.0,1022.0,0
18.0,-670.0,-335.0,-4339.0,1962.0,1368.0,0
81.0,-824.0,-315.0,-5990.0,2483.0,1881.0,0
99.0,-945.0,-333.0,-7052.0,2277.0,2084.0,0
27.0,-961.0,-262.0,-7310.0,1447.0,1905.0,0
-32.0,-904.0,-97.0,-6388.0,599.0,1456.0,0
-8.0,-867.0,53.0,-4204.0,43.0,1046.0,0
43.0,-857.0,87.0,-1472.0,-221.0,798.0,0
67.0,-819.0,71.0,948.0,-277.0,584.0,0
66.0,-736.0,52.0,2622.0,-201.0,283.0,0
60.0,-624.0,36.0,3569.0,-48.0,-69.0,0
36.0,-506.0,30.0,4010.0,153.0,-408.0,0
3.0,-404.0,18.0,4192.0,338.0,-656.0,0
-18.0,-326.0,14.0,4257.0,452.0,-795.0,0
-30.0,-266.0,9.0,4170.0,508.0,-906.0,0
-40.0,-229.0,3.0,3878.0,560.0,-1070.0,0
-49.0,-202.0,-1.0,3308.0,643.0,-1233.0,0
-55.0,-184.0,1.0,2434.0,758.0,-1288.0,0
-44.0,-186.0,19.0,1330.0,891.0,-1191.0,0
-7.0,-211.0,57.0,138.0,1011.0,-995.0,0
26.0,-250.0,97.0,-987.0,1073.0,-794.0,0
47.0,-289.0,131.0,-1967.0,1086.0,-638.0,0
66.0,-330.0,149.0,-2752.0,1072.0,-520.0,0
80.0,-375.0,153.0,-3343.0,1051.0,-415.0,0
99.0,-407.0,142.0,-3744.0,1016.0,-325.0,0
117.0,-428.0,135.0,-3938.0,951.0,-264.0,0
129.0,-436.0,113.0,-3887.0,852.0,-257.0,0
127.0,-430.0,86.0,-3589.0,752.0,-319.0,0
113.0,-420.0,62.0,-3078.0,677.0,-429.0,0
100.0,-403.0,36.0,-2437.0,633.0,-530.0,0
90.0,-390.0,27.0,-1722.0,593.0,-602.0,0
67.0,-363.0,18.0,-974.0,517.0,-656.0,0
47.0,-328.0,12.0,-201.0,381.0,-718.0,0
21.0,-293.0,5.0,559.0,200.0,-806.0,0
-3.0,-252.0,-6.0,1260.0,13.0,-901.0,0
-22.0,-211.0,-25.0,1839.0,-138.0,-964.0,0
-39.0,-171.0,-39.0,2270.0,-235.0,-979.0,0
-38.0,-133.0,-51.0,2554.0,-266.0,-946.0,0
-30.0,-95.0,-63.0,2708.0,-234.0,-888.0,0
-24.0,-62.0,-61.0,2739.0,-153.0,-835.0,0
-25.0,-23.0,-65.0,2663.0,-47.0,-788.0,0
-32.0,12.0,-63.0,2513.0,70.0,-718.0,0
-38.0,43.0,-61.0,2324.0,167.0,-625.0,0
-47.0,71.0,-62.0,2107.0,227.0,-518.0,0
-51.0,97.0,-62.0,1849.0,252.0,-377.0,0
-42.0,113.0,-64.0,1558.0,242.0,-200.0,0
-31.0,123.0,-64.0,1245.0,199.0,-27.0,0
-18.0,124.0,-77.0,932.0,142.0,131.0,0
-15.0,125.0,-87.0,619.0,90.0,280.0,0
-12.0,113.0,-97.0,317.0,56.0,414.0,0
-6.0,98.0,-102.0,50.0,48.0,528.0,0
2.0,76.0,-99.0,-167.0,58.0,600.0,0
5.0,57.0,-89.0,-323.0,66.0,619.0,0
0.0,25.0,-67.0,-399.0,64.0,602.0,0
0.0,-2.0,-53.0,-379.0,54.0,572.0,0
-5.0,-20.0,-37.0,-254.0,40.0,534.0,0
-9.0,-43.0,-32.0,-40.0,23.0,488.0,0
-21.0,-65.0,-47.0,245.0,-3.0,436.0,0
-47.0,-85.0,-76.0,575.0,-46.0,380.0,0
-44.0,-96.0,-96.0,912.0,-104.0,343.0,0
8.0,-110.0,-108.0,1212.0,-147.0,329.0,0
108.0,-138.0,-107.0,1466.0,-97.0,312.0,0
196.0,-165.0,-103.0,1641.0,77.0,238.0,0
223.0,-191.0,-96.0,1713.0,271.0,73.0,0
203.0,-200.0,-142.0,1650.0,307.0,-166.0,0
119.0,-198.0,-205.0,1356.0,159.0,-452.0,0
35.0,-199.0,-248.0,796.0,30.0,-724.0,0
12.0,-229.0,-274.0,-42.0,81.0,-946.0,0
66.0,-288.0,-320.0,-1225.0,412.0,-1186.0,0
137.0,-374.0,-367.0,-2742.0,1009.0,-1516.0,0
193.0,-498.0,-404.0,-4374.0,1695.0,-1825.0,0
177.0,-658.0,-429.0,-5924.0,2165.0,-2171.0,0
87.0,-819.0,-409.0,-7290.0,2351.0,-2383.0,0
-12.0,-968.0,-321.0,-8215.0,2447.0,-2444.0,0
-83.0,-1079.0,-137.0,-8305.0,2504.0,-2279.0,0
-113.0,-1131.0,0.0,-7273.0,2266.0,-1768.0,0
-105.0,-1150.0,68.0,-5340.0,1760.0,-1016.0,0
-83.0,-1130.0,111.0,-3002.0,1266.0,-293.0,0
-66.0,-1039.0,127.0,-588.0,891.0,212.0,0
-55.0,-900.0,106.0,1686.0,618.0,500.0,0
-51.0,-734.0,86.0,3613.0,447.0,649.0,0
-46.0,-561.0,74.0,5079.0,365.0,722.0,0
-43.0,-393.0,53.0,6009.0,304.0,786.0,0
-37.0,-250.0,17.0,6385.0,193.0,876.0,0
-11.0,-148.0,-20.0,6233.0,47.0,983.0,0
7.0,-77.0,-60.0,5605.0,-79.0,1056.0,0
14.0,-33.0,-90.0,4544.0,-164.0,1110.0,0
18.0,-15.0,-98.0,3171.0,-192.0,1198.0,0
22.0,-32.0,-92.0,1639.0,-173.0,1294.0,0
9.0,-71.0,-72.0,108.0,-143.0,1353.0,0
1.0,-131.0,-41.0,-1274.0,-128.0,1341.0,0
-10.0,-200.0,0.0,-2420.0,-127.0,1275.0,0
-21.0,-265.0,40.0,-3263.0,-113.0,1188.0,0
-21.0,-320.0,81.0,-3770.0,-83.0,1118.0,0
-23.0,-376.0,105.0,-3960.0,-59.0,1085.0,0
-29.0,-413.0,118.0,-3872.0,-70.0,1080.0,0
-34.0,-447.0,124.0,-3531.0,-126.0,1089.0,0
-26.0,-465.0,113.0,-2973.0,-200.0,1098.0,0
-29.0,-472.0,88.0,-2268.0,-263.0,1090.0,0
-38.0,-454.0,70.0,-1493.0,-288.0,1046.0,0
-37.0,-417.0,43.0,-677.0,-262.0,980.0,0
-30.0,-360.0,21.0,131.0,-177.0,904.0,0
-24.0,-306.0,9.0,869.0,-43.0,800.0,0
-13.0,-243.0,3.0,1495.0,109.0,664.0,0
-2.0,-171.0,-2.0,1999.0,261.0,506.0,0
12.0,-105.0,-11.0,2370.0,385.0,358.0,0
28.0,-46.0,-32.0,2598.0,468.0,230.0,0
43.0,13.0,-44.0,2679.0,511.0,113.0,0
55.0,65.0,-67.0,2620.0,497.0,18.0,0
58.0,104.0,-87.0,2415.0,440.0,-57.0,0
58.0,129.0,-106.0,2061.0,354.0,-118.0,0
56.0,142.0,-123.0,1588.0,246.0,-187.0,0
46.0,145.0,-137.0,1046.0,113.0,-272.0,0
31.0,141.0,-151.0,492.0,-44.0,-349.0,0
17.0,121.0,-160.0,-27.0,-212.0,-414.0,0
12.0,110.0,-155.0,-469.0,-386.0,-474.0,0
5.0,88.0,-156.0,-786.0,-560.0,-527.0,0
-4.0,60.0,-144.0,-964.0,-714.0,-575.0,0
-3.0,26.0,-131.0,-1004.0,-829.0,-610.0,0
-4.0,-1.0,-120.0,-911.0,-897.0,-635.0,0
6.0,-33.0,-93.0,-684.0,-915.0,-663.0,0
21.0,-61.0,-72.0,-348.0,-880.0,-697.0,0
35.0,-72.0,-57.0,68.0,-791.0,-739.0,0
46.0,-83.0,-48.0,516.0,-646.0,-782.0,0
52.0,-81.0,-36.0,946.0,-453.0,-809.0,0
57.0,-79.0,-28.0,1318.0,-229.0,-832.0,0
56.0,-64.0,-31.0,1613.0,12.0,-857.0,0
62.0,-57.0,-55.0,1813.0,259.0,-880.0,0
63.0,-58.0,-87.0,1915.0,477.0,-900.0,0
47.0,-63.0,-109.0,1945.0,605.0,-904.0,0
8.0,-64.0,-90.0,1885.0,652.0,-874.0,0
-26.0,-66.0,-51.0,1751.0,690.0,-773.0,0
-88.0,-86.0,-31.0,1468.0,762.0,-579.0,0
-174.0,-109.0,-58.0,955.0,820.0,-256.0,0
-244.0,-126.0,-119.0,111.0,707.0,173.0,0
-251.0,-161.0,-212.0,-961.0,423.0,688.0,0
-188.0,-245.0,-337.0,-2158.0,-126.0,1308.0,0
-116.0,-349.0,-458.0,-3411.0,-656.0,1818.0,0
-88.0,-487.0,-564.0,-4693.0,-850.0,2367.0,0
-127.0,-670.0,-616.0,-6063.0,-597.0,2833.0,0
-174.0,-894.0,-606.0,-7436.0,-17.0,3355.0,0
-113.0,-1174.0,-565.0,-8437.0,481.0,3840.0,0
-9.0,-1395.0,-489.0,-8500.0,528.0,3627.0,0
-27.0,-1330.0,-323.0,-7299.0,169.0,2311.0,0
-64.0,-1176.0,-64.0,-5037.0,-290.0,770.0,0
-21.0,-1059.0,143.0,-2120.0,-577.0,-106.0,0
64.0,-974.0,227.0,764.0,-474.0,-477.0,0
104.0,-857.0,225.0,3052.0,-59.0,-716.0,0
85.0,-655.0,190.0,4654.0,419.0,-906.0,0
77.0,-477.0,139.0,5706.0,760.0,-1042.0,0
63.0,-285.0,87.0,6295.0,914.0,-1165.0,0
60.0,-126.0,53.0,6409.0,922.0,-1332.0,0
18.0,-4.0,13.0,6034.0,760.0,-1493.0,0
-24.0,56.0,-43.0,5192.0,406.0,-1494.0,0
-48.0,66.0,-95.0,3935.0,-11.0,-1311.0,0
-42.0,33.0,-111.0,2358.0,-313.0,-992.0,0
-27.0,-40.0,-99.0,628.0,-405.0,-575.0,0
9.0,-134.0,-54.0,-1032.0,-293.0,-161.0,0
17.0,-228.0,-2.0,-2408.0,-72.0,106.0,0
7.0,-293.0,49.0,-3377.0,210.0,193.0,0
0.0,-352.0,81.0,-3925.0,500.0,147.0,0
5.0,-407.0,91.0,-4155.0,745.0,44.0,0
28.0,-461.0,80.0,-4199.0,912.0,-57.0,0
52.0,-503.0,61.0,-4108.0,993.0,-144.0,0
75.0,-537.0,38.0,-3883.0,988.0,-229.0,0
83.0,-566.0,7.0,-3512.0,903.0,-324.0,0
98.0,-584.0,-23.0,-2978.0,779.0,-437.0,0
114.0,-589.0,-36.0,-2302.0,669.0,-560.0,0
124.0,-581.0,-37.0,-1500.0,588.0,-691.0,0
122.0,-553.0,-35.0,-612.0,519.0,-826.0,0
109.0,-507.0,-23.0,296.0,458.0,-964.0,0
91.0,-444.0,-7.0,1185.0,394.0,-1074.0,0
74.0,-373.0,0.0,2008.0,305.0,-1168.0,0
56.0,-294.0,0.0,2688.0,189.0,-1261.0,0
30.0,-207.0,1.0,3165.0,74.0,-1327.0,0
11.0,-118.0,0.0,3443.0,-11.0,-1334.0,0
-2.0,-30.0,-1.0,3567.0,-45.0,-1281.0,0
-10.0,46.0,-3.0,3568.0,-31.0,-1183.0,0
-7.0,108.0,-9.0,3459.0,27.0,-1057.0,0
-9.0,159.0,-19.0,3260.0,125.0,-926.0,0
-14.0,190.0,-32.0,2971.0,255.0,-793.0,0
-25.0,207.0,-45.0,2584.0,391.0,-643.0,0
-33.0,207.0,-61.0,2101.0,486.0,-459.0,0
-35.0,204.0,-74.0,1553.0,524.0,-271.0,0
-32.0,186.0,-86.0,988.0,506.0,-114.0,0
-29.0,169.0,-104.0,468.0,454.0,-14.0,0
-32.0,147.0,-121.0,30.0,391.0,63.0,0
-36.0,118.0,-145.0,-318.0,336.0,145.0,0
-42.0,88.0,-157.0,-569.0,292.0,244.0,0
-40.0,54.0,-162.0,-726.0,253.0,336.0,0
-45.0,17.0,-156.0,-799.0,194.0,393.0,0
-49.0,-2.0,-132.0,-779.0,110.0,423.0,0
-57.0,-25.0,-111.0,-658.0,10.0,448.0,0
-57.0,-44.0,-80.0,-485.0,-88.0,468.0,0
-56.0,-65.0,-62.0,-190.0,-168.0,475.0,0
-59.0,-86.0,-60.0,167.0,-219.0,462.0,0
-73.0,-108.0,-79.0,544.0,-237.0,438.0,0
-55.0,-116.0,-100.0,881.0,-235.0,412.0,0
4.0,-130.0,-109.0,1139.0,-203.0,370.0,0
92.0,-151.0,-118.0,1292.0,-99.0,307.0,0
155.0,-181.0,-95.0,1352.0,94.0,224.0,0
171.0,-198.0,-79.0,1345.0,281.0,53.0,0
124.0,-223.0,-97.0,1264.0,327.0,-194.0,0
24.0,-238.0,-135.0,1022.0,261.0,-473.0,0
-10.0,-278.0,-175.0,537.0,266.0,-691.0,0
25.0,-346.0,-223.0,-255.0,475.0,-867.0,0
107.0,-421.0,-282.0,-1341.0,874.0,-1098.0,0
186.0,-511.0,-347.0,-2581.0,1344.0,-1380.0,0
206.0,-632.0,-410.0,-3890.0,1682.0,-1648.0,0
173.0,-783.0,-452.0,-5250.0,1809.0,-1885.0,0
76.0,-920.0,-431.0,-6483.0,1865.0,-2138.0,0
-41.0,-999.0,-246.0,-7171.0,1948.0,-2278.0,0
-106.0,-1043.0,-55.0,-6784.0,1830.0,-1941.0,0
-97.0,-1072.0,70.0,-5270.0,1436.0,-1165.0,0
-72.0,-1069.0,126.0,-3081.0,977.0,-416.0,0
-66.0,-1001.0,132.0,-710.0,605.0,17.0,0
-83.0,-883.0,108.0,1470.0,380.0,175.0,0
-101.0,-721.0,86.0,3228.0,292.0,205.0,0
-111.0,-550.0,69.0,4518.0,271.0,228.0,0
-110.0,-384.0,51.0,5314.0,206.0,313.0,0
-86.0,-249.0,17.0,5622.0,23.0,477.0,0
-62.0,-163.0,-17.0,5490.0,-229.0,663.0,0
-41.0,-111.0,-61.0,4928.0,-467.0,823.0,0
-21.0,-76.0,-78.0,3956.0,-649.0,983.0,0
-14.0,-72.0,-85.0,2700.0,-763.0,1154.0,0
-16.0,-85.0,-64.0,1342.0,-821.0,1311.0,0
-26.0,-121.0,-35.0,41.0,-856.0,1411.0,0
-41.0,-167.0,0.0,-1093.0,-887.0,1420.0,0
-49.0,-224.0,34.0,-1992.0,-901.0,1345.0,0
-54.0,-284.0,59.0,-2626.0,-872.0,1209.0,0
-46.0,-344.0,77.0,-2994.0,-785.0,1066.0,0
-33.0,-389.0,91.0,-3112.0,-663.0,947.0,0
-22.0,-418.0,102.0,-3022.0,-546.0,879.0,0
-12.0,-432.0,105.0,-2732.0,-466.0,860.0,0
-6.0,-439.0,102.0,-2242.0,-445.0,884.0,0
1.0,-432.0,86.0,-1608.0,-464.0,919.0,0
2.0,-405.0,73.0,-910.0,-490.0,925.0,0
9.0,-367.0,64.0,-172.0,-519.0,907.0,0
19.0,-320.0,55.0,577.0,-539.0,873.0,0
36.0,-271.0,44.0,1282.0,-534.0,829.0,0
53.0,-217.0,28.0,1903.0,-499.0,781.0,0
70.0,-162.0,9.0,2403.0,-432.0,716.0,0
93.0,-109.0,-1.0,2768.0,-333.0,642.0,0
113.0,-50.0,-27.0,2985.0,-225.0,559.0,0
119.0,-4.0,-54.0,3041.0,-122.0,472.0,0
114.0,28.0,-70.0,2935.0,-43.0,379.0,0
100.0,56.0,-76.0,2677.0,-18.0,293.0,0
83.0,86.0,-103.0,2309.0,-59.0,210.0,0
65.0,108.0,-114.0,1875.0,-155.0,141.0,0
54.0,124.0,-128.0,1413.0,-300.0,81.0,0
46.0,139.0,-142.0,939.0,-474.0,17.0,0
33.0,136.0,-158.0,459.0,-647.0,-57.0,0
27.0,142.0,-172.0,-26.0,-792.0,-139.0,0
16.0,142.0,-180.0,-490.0,-911.0,-221.0,0
9.0,133.0,-184.0,-894.0,-1009.0,-286.0,0
0.0,122.0,-189.0,-1157.0,-1084.0,-331.0,0
-14.0,103.0,-184.0,-1404.0,-1110.0,-352.0,0
-21.0,66.0,-166.0,-1559.0,-1072.0,-357.0,0
-18.0,33.0,-137.0,-1594.0,-992.0,-360.0,0
-3.0,-3.0,-103.0,-1480.0,-841.0,-397.0,0
1.0,-39.0,-71.0,-1199.0,-655.0,-465.0,0
6.0,-63.0,-48.0,-779.0,-450.0,-530.0,0
10.0,-82.0,-29.0,-275.0,-225.0,-606.0,0
13.0,-96.0,-27.0,251.0,21.0,-667.0,0
15.0,-105.0,-37.0,744.0,275.0,-714.0,0
16.0,-114.0,-66.0,1191.0,514.0,-757.0,0
6.0,-122.0,-83.0,1585.0,701.0,-795.0,0
-5.0,-118.0,-58.0,1918.0,854.0,-812.0,0
-4.0,-117.0,3.0,2176.0,1066.0,-758.0,0
-32.0,-132.0,32.0,2345.0,1409.0,-613.0,0
-133.0,-169.0,23.0,2278.0,1738.0,-371.0,0
-220.0,-208.0,0.0,1875.0,1700.0,-30.0,0
-221.0,-246.0,-27.0,1261.0,1212.0,427.0,0
-91.0,-276.0,-86.0,477.0,574.0,965.0,0
104.0,-339.0,-211.0,-710.0,129.0,1407.0,0
190.0,-503.0,-490.0,-2558.0,62.0,1514.0,0
129.0,-700.0,-728.0,-5189.0,533.0,1592.0,0
49.0,-989.0,-750.0,-8118.0,1501.0,2180.0,0
59.0,-1354.0,-481.0,-10323.0,2215.0,3113.0,0
10.0,-1412.0,-263.0,-10453.0,1823.0,3372.0,0
-126.0,-1274.0,-47.0,-8199.0,530.0,2576.0,0
-137.0,-1153.0,100.0,-4253.0,-797.0,1488.0,0
-51.0,-1070.0,180.0,33.0,-1534.0,781.0,0
58.0,-973.0,191.0,3532.0,-1548.0,354.0,0
85.0,-804.0,163.0,5724.0,-1133.0,-55.0,0
54.0,-584.0,127.0,6701.0,-590.0,-456.0,0
12.0,-372.0,93.0,6978.0,-89.0,-788.0,0
-19.0,-219.0,45.0,7015.0,242.0,-1055.0,0
-38.0,-116.0,3.0,6823.0,396.0,-1323.0,0
-50.0,-32.0,-31.0,6244.0,412.0,-1660.0,0
-78.0,28.0,-44.0,5200.0,351.0,-1970.0,0
-107.0,67.0,-43.0,3731.0,282.0,-2061.0,0
-106.0,57.0,-23.0,1985.0,285.0,-1877.0,0
-84.0,4.0,3.0,161.0,387.0,-1523.0,0
-32.0,-84.0,39.0,-1562.0,531.0,-1122.0,0
5.0,-176.0,82.0,-3058.0,630.0,-784.0,0
33.0,-269.0,110.0,-4226.0,640.0,-550.0,0
52.0,-346.0,119.0,-5009.0,564.0,-385.0,0
66.0,-409.0,108.0,-5424.0,434.0,-259.0,0
84.0,-456.0,92.0,-5520.0,279.0,-163.0,0
102.0,-483.0,63.0,-5340.0,128.0,-106.0,0
114.0,-496.0,40.0,-4922.0,15.0,-118.0,0
113.0,-492.0,17.0,-4328.0,-42.0,-172.0,0
108.0,-477.0,10.0,-3586.0,-56.0,-240.0,0
94.0,-458.0,5.0,-2713.0,-65.0,-314.0,0
71.0,-431.0,-1.0,-1770.0,-117.0,-367.0,0
50.0,-400.0,-3.0,-815.0,-224.0,-407.0,0
36.0,-358.0,-6.0,111.0,-374.0,-461.0,0
16.0,-321.0,-18.0,951.0,-550.0,-543.0,0
0.0,-278.0,-28.0,1625.0,-718.0,-629.0,0
-9.0,-237.0,-43.0,2098.0,-847.0,-683.0,0
-11.0,-193.0,-46.0,2381.0,-916.0,-701.0,0
-7.0,-146.0,-56.0,2513.0,-906.0,-699.0,0
-2.0,-96.0,-47.0,2550.0,-821.0,-699.0,0
-2.0,-50.0,-44.0,2525.0,-687.0,-707.0,0
-10.0,-6.0,-38.0,2456.0,-509.0,-700.0,0
-7.0,28.0,-27.0,2361.0,-308.0,-653.0,0
0.0,56.0,-23.0,2246.0,-106.0,-565.0,0
-2.0,79.0,-20.0,2104.0,75.0,-453.0,0
2.0,93.0,-20.0,1924.0,217.0,-313.0,0
11.0,101.0,-22.0,1711.0,307.0,-171.0,0
24.0,103.0,-26.0,1470.0,347.0,-41.0,0
34.0,101.0,-33.0,1252.0,360.0,73.0,0
42.0,100.0,-46.0,945.0,374.0,170.0,0
49.0,93.0,-48.0,610.0,390.0,255.0,0
52.0,86.0,-49.0,285.0,390.0,315.0,0
47.0,73.0,-48.0,0.0,362.0,341.0,0
38.0,62.0,-46.0,-213.0,275.0,344.0,0
29.0,45.0,-45.0,-320.0,143.0,343.0,0
29.0,21.0,-46.0,-310.0,-19.0,344.0,0
24.0,-2.0,-63.0,-192.0,-179.0,341.0,0
0.0,-34.0,-91.0,20.0,-311.0,334.0,0
-26.0,-58.0,-120.0,285.0,-422.0,328.0,0
-6.0,-86.0,-136.0,547.0,-512.0,328.0,0
61.0,-118.0,-143.0,783.0,-514.0,319.0,0
144.0,-158.0,-145.0,1006.0,-356.0,263.0,0
213.0,-199.0,-141.0,1205.0,-29.0,135.0,0
215.0,-230.0,-139.0,1324.0,366.0,-71.0,0
140.0,-253.0,-161.0,1290.0,629.0,-342.0,0
21.0,-248.0,-207.0,1008.0,673.0,-671.0,0
-57.0,-250.0,-239.0,452.0,655.0,-979.0,0
-61.0,-275.0,-263.0,-364.0,756.0,-1219.0,0
-10.0,-313.0,-293.0,-1438.0,1046.0,-1451.0,0
46.0,-383.0,-296.0,-2676.0,1479.0,-1746.0,0
88.0,-479.0,-301.0,-3908.0,1852.0,-2056.0,0
66.0,-577.0,-323.0,-5075.0,1920.0,-2278.0,0
2.0,-675.0,-325.0,-6149.0,1742.0,-2353.0,0
-80.0,-770.0,-267.0,-6919.0,1580.0,-2289.0,0
-123.0,-875.0,-146.0,-7062.0,1548.0,-2074.0,0
-127.0,-967.0,-39.0,-6363.0,1456.0,-1678.0,0
-143.0,-1022.0,28.0,-4948.0,1197.0,-1146.0,0
-126.0,-1022.0,82.0,-3146.0,861.0,-519.0,0
-89.0,-973.0,109.0,-1173.0,524.0,90.0,0
-66.0,-878.0,101.0,753.0,250.0,530.0,0
-59.0,-744.0,86.0,2379.0,76.0,768.0,0
-45.0,-604.0,75.0,3560.0,-30.0,884.0,0
-42.0,-470.0,56.0,4255.0,-182.0,952.0,0
-32.0,-355.0,18.0,4484.0,-441.0,1017.0,0
-15.0,-262.0,-10.0,4303.0,-748.0,1109.0,0
6.0,-194.0,-31.0,3759.0,-990.0,1234.0,0
20.0,-160.0,-40.0,2947.0,-1125.0,1365.0,0
27.0,-161.0,-40.0,1959.0,-1178.0,1444.0,0
19.0,-191.0,-27.0,872.0,-1157.0,1427.0,0
15.0,-246.0,-1.0,-208.0,-1086.0,1332.0,0
7.0,-311.0,31.0,-1179.0,-980.0,1177.0,0
0.0,-367.0,69.0,-1944.0,-850.0,1012.0,0
1.0,-415.0,95.0,-2455.0,-731.0,888.0,0
12.0,-452.0,131.0,-2698.0,-651.0,830.0,0
11.0,-473.0,145.0,-2674.0,-619.0,837.0,0
16.0,-489.0,162.0,-2406.0,-623.0,900.0,0
17.0,-485.0,165.0,-1935.0,-658.0,986.0,0
11.0,-471.0,155.0,-1309.0,-694.0,1073.0,0
18.0,-450.0,142.0,-591.0,-702.0,1142.0,0
19.0,-407.0,121.0,151.0,-665.0,1177.0,0
20.0,-356.0,93.0,859.0,-576.0,1194.0,0
24.0,-302.0,56.0,1478.0,-445.0,1199.0,0
32.0,-242.0,22.0,1974.0,-295.0,1193.0,0
41.0,-185.0,-15.0,2311.0,-145.0,1165.0,0
63.0,-125.0,-44.0,2485.0,-8.0,1105.0,0
85.0,-71.0,-73.0,2497.0,114.0,1017.0,0
104.0,-15.0,-90.0,2376.0,201.0,902.0,0
115.0,35.0,-107.0,2152.0,254.0,758.0,0
122.0,78.0,-116.0,1863.0,267.0,593.0,0
102.0,116.0,-125.0,1533.0,248.0,417.0,0
82.0,147.0,-128.0,1169.0,188.0,246.0,0
64.0,161.0,-138.0,792.0,89.0,92.0,0
56.0,174.0,-143.0,391.0,-24.0,-53.0,0
48.0,177.0,-153.0,-10.0,-129.0,-187.0,0
40.0,169.0,-152.0,-400.0,-223.0,-320.0,0
25.0,156.0,-158.0,-746.0,-310.0,-458.0,0
8.0,131.0,-158.0,-1022.0,-395.0,-593.0,0
-2.0,99.0,-161.0,-1204.0,-471.0,-712.0,0
-7.0,57.0,-152.0,-1285.0,-526.0,-819.0,0
-9.0,19.0,-144.0,-1263.0,-563.0,-922.0,0
-11.0,-9.0,-128.0,-1115.0,-570.0,-1019.0,0
0.0,-38.0,-115.0,-852.0,-531.0,-1101.0,0
11.0,-63.0,-99.0,-503.0,-446.0,-1162.0,0
17.0,-76.0,-90.0,-126.0,-351.0,-1209.0,0
24.0,-91.0,-84.0,222.0,-201.0,-1245.0,0
19.0,-102.0,-102.0,519.0,-36.0,-1274.0,0
2.0,-107.0,-108.0,762.0,120.0,-1303.0,0
-26.0,-103.0,-92.0,951.0,261.0,-1319.0,0
-60.0,-96.0,-76.0,1066.0,410.0,-1320.0,0
-118.0,-103.0,-49.0,1090.0,574.0,-1271.0,0
-197.0,-122.0,-39.0,1003.0,699.0,-1124.0,0
-263.0,-163.0,-31.0,774.0,724.0,-807.0,0
-254.0,-233.0,-40.0,409.0,596.0,-284.0,0
-183.0,-315.0,-65.0,-65.0,326.0,348.0,0
-99.0,-392.0,-118.0,-646.0,7.0,964.0,0
-60.0,-473.0,-203.0,-1359.0,-192.0,1480.0,0
-30.0,-557.0,-300.0,-2288.0,-168.0,1954.0,0
5.0,-661.0,-381.0,-3396.0,-4.0,2420.0,0
61.0,-765.0,-432.0,-4477.0,206.0,2862.0,0
98.0,-882.0,-493.0,-5238.0,302.0,3131.0,0
68.0,-1015.0,-500.0,-5523.0,132.0,3039.0,0
-24.0,-1042.0,-331.0,-5206.0,-228.0,2554.0,0
-80.0,-989.0,-93.0,-4034.0,-640.0,1870.0,0
-94.0,-915.0,81.0,-2081.0,-1000.0,1269.0,0
-62.0,-839.0,146.0,74.0,-1151.0,845.0,0
-6.0,-752.0,153.0,1895.0,-1007.0,443.0,0
31.0,-634.0,129.0,3211.0,-661.0,-62.0,0
46.0,-490.0,92.0,4083.0,-295.0,-585.0,0
54.0,-343.0,49.0,4587.0,-10.0,-995.0,0
40.0,-214.0,19.0,4785.0,160.0,-1257.0,0
24.0,-123.0,-4.0,4695.0,199.0,-1370.0,0
-5.0,-74.0,-36.0,4328.0,117.0,-1359.0,0
-18.0,-66.0,-60.0,3666.0,-15.0,-1269.0,0
-18.0,-74.0,-66.0,2720.0,-92.0,-1184.0,0
-23.0,-95.0,-56.0,1558.0,-48.0,-1126.0,0
-14.0,-128.0,-21.0,279.0,126.0,-1068.0,0
-5.0,-176.0,22.0,-980.0,387.0,-980.0,0
13.0,-233.0,70.0,-2084.0,662.0,-871.0,0
29.0,-301.0,113.0,-2938.0,880.0,-777.0,0
43.0,-382.0,131.0,-3516.0,996.0,-712.0,0
51.0,-442.0,127.0,-3852.0,991.0,-664.0,0
59.0,-482.0,117.0,-3980.0,874.0,-612.0,0
67.0,-512.0,103.0,-3892.0,682.0,-542.0,0
77.0,-524.0,84.0,-3577.0,461.0,-475.0,0
75.0,-519.0,73.0,-3049.0,253.0,-431.0,0
76.0,-507.0,64.0,-2347.0,71.0,-407.0,0
65.0,-479.0,59.0,-1500.0,-99.0,-394.0,0
52.0,-447.0,44.0,-574.0,-249.0,-402.0,0
33.0,-410.0,31.0,339.0,-373.0,-434.0,0
18.0,-365.0,24.0,1181.0,-488.0,-493.0,0
7.0,-316.0,8.0,1903.0,-601.0,-583.0,0
-4.0,-262.0,-8.0,2446.0,-696.0,-696.0,0
-18.0,-202.0,-15.0,2789.0,-761.0,-794.0,0
-23.0,-139.0,-31.0,2946.0,-781.0,-839.0,0
-22.0,-77.0,-41.0,2963.0,-748.0,-827.0,0
-20.0,-19.0,-52.0,2878.0,-660.0,-774.0,0
-17.0,34.0,-57.0,2738.0,-538.0,-699.0,0
-6.0,72.0,-61.0,2565.0,-403.0,-627.0,0
-5.0,107.0,-79.0,2346.0,-278.0,-568.0,0
1.0,129.0,-84.0,2063.0,-158.0,-510.0,0
2.0,150.0,-84.0,1715.0,-54.0,-431.0,0
4.0,155.0,-89.0,1331.0,35.0,-342.0,0
1.0,155.0,-100.0,919.0,110.0,-240.0,0
4.0,145.0,-104.0,487.0,177.0,-118.0,0
8.0,134.0,-105.0,74.0,231.0,10.0,0
10.0,117.0,-106.0,-287.0,267.0,148.0,0
18.0,84.0,-107.0,-559.0,290.0,287.0,0
43.0,47.0,-107.0,-729.0,299.0,401.0,0
60.0,18.0,-97.0,-799.0,283.0,439.0,0
63.0,-1.0,-83.0,-754.0,250.0,429.0,0
61.0,-27.0,-66.0,-588.0,210.0,414.0,0
62.0,-43.0,-58.0,-307.0,168.0,399.0,0
62.0,-58.0,-47.0,68.0,121.0,372.0,0
51.0,-70.0,-36.0,497.0,79.0,329.0,0
47.0,-81.0,-32.0,928.0,49.0,281.0,0
33.0,-87.0,-26.0,1310.0,38.0,230.0,0
21.0,-91.0,-36.0,1609.0,46.0,180.0,0
-9.0,-98.0,-74.0,1822.0,63.0,129.0,0
-34.0,-107.0,-108.0,1938.0,66.0,92.0,0
27.0,-124.0,-141.0,1985.0,74.0,80.0,0
174.0,-144.0,-153.0,1858.0,200.0,50.0,0
224.0,-139.0,-103.0,1530.0,397.0,-67.0,0
233.0,-143.0,-44.0,1080.0,555.0,-260.0,0
180.0,-146.0,-34.0,552.0,442.0,-548.0,0
25.0,-134.0,-108.0,-174.0,59.0,-809.0,0
-66.0,-151.0,-236.0,-1287.0,-364.0,-1025.0,0
-42.0,-227.0,-341.0,-2719.0,-577.0,-1113.0,0
56.0,-336.0,-415.0,-4131.0,-406.0,-1212.0,0
155.0,-508.0,-522.0,-5302.0,205.0,-1391.0,0
168.0,-704.0,-622.0,-6345.0,1154.0,-1624.0,0
83.0,-943.0,-682.0,-7463.0,2265.0,-1879.0,0
-63.0,-1151.0,-604.0,-8646.0,3400.0,-2087.0,0
-219.0,-1284.0,-351.0,-9335.0,4315.0,-2032.0,0
-296.0,-1340.0,-55.0,-8732.0,4524.0,-1557.0,0
-306.0,-1334.0,78.0,-6482.0,3596.0,-776.0,0
-223.0,-1235.0,135.0,-3171.0,2023.0,-11.0,0
-106.0,-1058.0,174.0,339.0,843.0,479.0,0
-17.0,-842.0,188.0,3448.0,502.0,581.0,0
-15.0,-616.0,183.0,5697.0,705.0,420.0,0
-59.0,-406.0,142.0,6924.0,939.0,270.0,0
-78.0,-254.0,85.0,7235.0,895.0,301.0,0
-85.0,-135.0,37.0,6785.0,513.0,491.0,0
-90.0,-47.0,4.0,5785.0,-149.0,755.0,0
-91.0,-2.0,-23.0,4490.0,-947.0,1051.0,0
-73.0,-15.0,-52.0,3109.0,-1672.0,1341.0,0
-41.0,-57.0,-69.0,1722.0,-2152.0,1559.0,0
-2.0,-114.0,-68.0,386.0,-2317.0,1655.0,0
32.0,-172.0,-60.0,-802.0,-2188.0,1622.0,0
39.0,-237.0,-33.0,-1768.0,-1840.0,1508.0,0
43.0,-302.0,-3.0,-2479.0,-1387.0,1386.0,0
34.0,-352.0,29.0,-2920.0,-932.0,1289.0,0
11.0,-388.0,57.0,-3074.0,-549.0,1226.0,0
2.0,-415.0,74.0,-2969.0,-279.0,1197.0,0
-7.0,-429.0,86.0,-2662.0,-137.0,1201.0,0
-11.0,-433.0,86.0,-2196.0,-99.0,1218.0,0
-11.0,-430.0,80.0,-1642.0,-129.0,1237.0,0
-9.0,-414.0,68.0,-1053.0,-198.0,1231.0,0
-4.0,-387.0,60.0,-456.0,-275.0,1197.0,0
4.0,-351.0,50.0,124.0,-334.0,1137.0,0
21.0,-310.0,45.0,671.0,-355.0,1048.0,0
42.0,-259.0,41.0,1164.0,-325.0,932.0,0
65.0,-209.0,32.0,1588.0,-257.0,789.0,0
74.0,-149.0,26.0,1933.0,-147.0,623.0,0
88.0,-91.0,19.0,2186.0,-13.0,441.0,0
94.0,-46.0,9.0,2350.0,119.0,253.0,0
87.0,5.0,-2.0,2429.0,228.0,73.0,0
80.0,45.0,-18.0,2417.0,303.0,-96.0,0
62.0,80.0,-37.0,2298.0,329.0,-234.0,0
54.0,102.0,-62.0,2072.0,306.0,-324.0,0
43.0,120.0,-86.0,1754.0,234.0,-375.0,0
39.0,136.0,-96.0,1367.0,125.0,-407.0,0
29.0,129.0,-127.0,943.0,-33.0,-445.0,0
16.0,131.0,-141.0,514.0,-227.0,-499.0,0
6.0,133.0,-148.0,113.0,-448.0,-559.0,0
1.0,128.0,-157.0,-233.0,-678.0,-610.0,0
-11.0,116.0,-166.0,-514.0,-899.0,-637.0,0
-23.0,94.0,-166.0,-723.0,-1091.0,-634.0,0
-35.0,60.0,-162.0,-853.0,-1225.0,-595.0,0
-32.0,29.0,-141.0,-896.0,-1279.0,-551.0,0
-26.0,-5.0,-118.0,-819.0,-1257.0,-534.0,0
-17.0,-24.0,-80.0,-603.0,-1170.0,-543.0,0
-14.0,-53.0,-63.0,-261.0,-1031.0,-561.0,0
-12.0,-69.0,-41.0,172.0,-847.0,-577.0,0
-7.0,-75.0,-37.0,637.0,-621.0,-587.0,0
-8.0,-77.0,-37.0,1086.0,-370.0,-594.0,0
-2.0,-86.0,-62.0,1499.0,-117.0,-598.0,0
-16.0,-95.0,-64.0,1865.0,99.0,-596.0,0
-31.0,-103.0,-48.0,2171.0,276.0,-575.0,0
-34.0,-110.0,-17.0,2343.0,470.0,-500.0,0
-62.0,-119.0,0.0,2412.0,725.0,-341.0,0
-148.0,-137.0,-16.0,2173.0,974.0,-65.0,0
-236.0,-158.0,-78.0,1514.0,1020.0,325.0,0
-239.0,-190.0,-165.0,574.0,838.0,814.0,0
-143.0,-265.0,-248.0,-447.0,410.0,1416.0,0
-21.0,-365.0,-338.0,-1554.0,-48.0,1902.0,0
27.0,-496.0,-455.0,-2923.0,-280.0,2338.0,0
-21.0,-657.0,-596.0,-4675.0,-32.0,2607.0,0
-79.0,-885.0,-652.0,-6740.0,701.0,3000.0,0
-49.0,-1247.0,-534.0,-8682.0,1396.0,3503.0,0
-10.0,-1410.0,-391.0,-9556.0,1356.0,3519.0,0
-78.0,-1257.0,-174.0,-8705.0,441.0,2621.0,0
-99.0,-1079.0,-1.0,-6063.0,-760.0,1386.0,0
-24.0,-988.0,114.0,-2439.0,-1553.0,583.0,0
72.0,-929.0,157.0,1070.0,-1661.0,232.0,0
93.0,-828.0,154.0,3739.0,-1283.0,-15.0,0
57.0,-693.0,136.0,5352.0,-789.0,-269.0,0
10.0,-547.0,105.0,6086.0,-380.0,-510.0,0
-18.0,-410.0,72.0,6234.0,-135.0,-751.0,0
-31.0,-279.0,50.0,6002.0,-52.0,-999.0,0
-44.0,-170.0,41.0,5515.0,-81.0,-1276.0,0
-63.0,-86.0,31.0,4860.0,-157.0,-1540.0,0
-90.0,-50.0,17.0,4069.0,-243.0,-1687.0,0
-109.0,-40.0,2.0,3115.0,-295.0,-1613.0,0
-106.0,-69.0,-7.0,1983.0,-272.0,-1340.0,0
-82.0,-107.0,1.0,709.0,-137.0,-943.0,0
-25.0,-164.0,24.0,-615.0,65.0,-530.0,0
6.0,-227.0,52.0,-1866.0,214.0,-236.0,0
25.0,-291.0,70.0,-2952.0,251.0,-92.0,0
37.0,-354.0,90.0,-3829.0,185.0,-59.0,0
61.0,-394.0,100.0,-4464.0,69.0,-86.0,0
80.0,-431.0,107.0,-4785.0,-45.0,-149.0,0
113.0,-458.0,102.0,-4779.0,-121.0,-204.0,0
132.0,-471.0,98.0,-4478.0,-111.0,-241.0,0
145.0,-474.0,90.0,-3952.0,-7.0,-292.0,0
131.0,-461.0,76.0,-3217.0,114.0,-370.0,0
119.0,-446.0,62.0,-2347.0,192.0,-459.0,0
103.0,-420.0,44.0,-1436.0,216.0,-551.0,0
91.0,-388.0,27.0,-551.0,205.0,-649.0,0
77.0,-346.0,15.0,266.0,177.0,-756.0,0
62.0,-302.0,0.0,985.0,140.0,-865.0,0
53.0,-256.0,-7.0,1587.0,104.0,-962.0,0
38.0,-214.0,-24.0,2059.0,76.0,-1031.0,0
35.0,-168.0,-30.0,2375.0,84.0,-1076.0,0
34.0,-123.0,-34.0,2559.0,103.0,-1097.0,0
32.0,-72.0,-39.0,2641.0,123.0,-1104.0,0
23.0,-17.0,-41.0,2668.0,147.0,-1104.0,0
17.0,29.0,-42.0,2661.0,159.0,-1075.0,0
6.0,74.0,-42.0,2619.0,140.0,-995.0,0
5.0,111.0,-52.0,2526.0,78.0,-862.0,0
0.0,137.0,-60.0,2343.0,-18.0,-693.0,0
-7.0,156.0,-69.0,2055.0,-145.0,-506.0,0
-8.0,167.0,-87.0,1657.0,-281.0,-313.0,0
-13.0,164.0,-105.0,1186.0,-401.0,-132.0,0
-15.0,154.0,-115.0,686.0,-500.0,39.0,0
-14.0,130.0,-124.0,211.0,-569.0,206.0,0
-14.0,98.0,-135.0,-206.0,-601.0,365.0,0
-8.0,66.0,-133.0,-559.0,-599.0,506.0,0
-2.0,40.0,-120.0,-814.0,-590.0,604.0,0
-6.0,17.0,-97.0,-938.0,-581.0,634.0,0
-7.0,1.0,-82.0,-924.0,-559.0,620.0,0
-4.0,-15.0,-61.0,-783.0,-508.0,584.0,0
0.0,-32.0,-45.0,-544.0,-423.0,521.0,0
0.0,-49.0,-38.0,-257.0,-305.0,441.0,0
-2.0,-62.0,-26.0,51.0,-169.0,343.0,0
-13.0,-80.0,-36.0,360.0,-40.0,232.0,0
-38.0,-105.0,-63.0,660.0,61.0,124.0,0
-55.0,-121.0,-85.0,948.0,120.0,39.0,0
-31.0,-135.0,-99.0,1197.0,148.0,0.0,0
62.0,-162.0,-116.0,1367.0,234.0,3.0,0
149.0,-178.0,-123.0,1451.0,483.0,14.0,0
208.0,-206.0,-97.0,1425.0,812.0,-8.0,0
239.0,-251.0,-90.0,1253.0,991.0,-147.0,0
169.0,-293.0,-86.0,873.0,852.0,-448.0,0
21.0,-320.0,-95.0,188.0,499.0,-845.0,0
-64.0,-361.0,-127.0,-809.0,347.0,-1196.0,0
1.0,-425.0,-185.0,-1702.0,616.0,-1441.0,0
98.0,-492.0,-266.0,-2784.0,1052.0,-1611.0,0
153.0,-594.0,-374.0,-3932.0,1467.0,-1726.0,0
151.0,-731.0,-465.0,-5242.0,1802.0,-1836.0,0
83.0,-883.0,-464.0,-6492.0,2233.0,-1986.0,0
-46.0,-1004.0,-340.0,-7182.0,2593.0,-2124.0,0
-163.0,-1055.0,-161.0,-6752.0,2716.0,-2008.0,0
-177.0,-1088.0,-17.0,-5108.0,2486.0,-1630.0,0
-126.0,-1088.0,55.0,-2754.0,1905.0,-1000.0,0
-97.0,-1025.0,82.0,-297.0,1203.0,-467.0,0
-83.0,-897.0,110.0,1887.0,706.0,-80.0,0
-79.0,-722.0,129.0,3602.0,495.0,187.0,0
-77.0,-538.0,145.0,4734.0,449.0,390.0,0
-82.0,-373.0,137.0,5316.0,354.0,562.0,0
-90.0,-247.0,112.0,5507.0,68.0,778.0,0
-84.0,-166.0,65.0,5378.0,-387.0,1056.0,0
-72.0,-120.0,3.0,4935.0,-900.0,1331.0,0
-65.0,-94.0,-46.0,4105.0,-1301.0,1532.0,0
-55.0,-87.0,-70.0,2927.0,-1495.0,1596.0,0
-43.0,-94.0,-68.0,1530.0,-1492.0,1521.0,0
-25.0,-121.0,-42.0,126.0,-1343.0,1361.0,0
-2.0,-157.0,5.0,-1081.0,-1092.0,1184.0,0
22.0,-210.0,57.0,-1970.0,-779.0,1012.0,0
46.0,-257.0,96.0,-2514.0,-458.0,874.0,0
64.0,-295.0,130.0,-2748.0,-183.0,796.0,0
67.0,-322.0,151.0,-2754.0,0.0,789.0,0
61.0,-335.0,167.0,-2582.0,86.0,872.0,0
61.0,-339.0,165.0,-2263.0,88.0,1035.0,0
56.0,-343.0,144.0,-1859.0,48.0,1215.0,0
51.0,-345.0,127.0,-1443.0,-5.0,1341.0,0
49.0,-336.0,102.0,-1060.0,-52.0,1360.0,0
37.0,-316.0,84.0,-715.0,-89.0,1281.0,0
28.0,-281.0,68.0,-367.0,-115.0,1151.0,0
28.0,-245.0,58.0,6.0,-132.0,1034.0,0
23.0,-212.0,45.0,391.0,-153.0,944.0,0
30.0,-180.0,24.0,771.0,-177.0,876.0,0
29.0,-147.0,5.0,1130.0,-204.0,812.0,0
43.0,-108.0,-24.0,1457.0,-223.0,731.0,0
54.0,-76.0,-46.0,1742.0,-228.0,628.0,0
60.0,-41.0,-73.0,1952.0,-213.0,461.0,0
52.0,-6.0,-93.0,2041.0,-199.0,254.0,0
41.0,27.0,-109.0,1991.0,-181.0,41.0,0
33.0,61.0,-127.0,1799.0,-153.0,-153.0,0
18.0,87.0,-139.0,1478.0,-116.0,-311.0,0
2.0,111.0,-149.0,1044.0,-83.0,-426.0,0
0.0,129.0,-154.0,526.0,-71.0,-497.0,0
-5.0,141.0,-157.0,-23.0,-103.0,-547.0,0
2.0,140.0,-158.0,-552.0,-180.0,-593.0,0
2.0,136.0,-159.0,-1025.0,-293.0,-671.0,0
0.0,124.0,-154.0,-1408.0,-416.0,-766.0,0
-16.0,102.0,-150.0,-1674.0,-505.0,-847.0,0
-32.0,72.0,-129.0,-1810.0,-513.0,-873.0,0
-25.0,32.0,-91.0,-1772.0,-452.0,-838.0,0
-14.0,-13.0,-60.0,-1541.0,-349.0,-804.0,0
-3.0,-50.0,-32.0,-1124.0,-232.0,-804.0,0
-2.0,-81.0,-16.0,-567.0,-111.0,-814.0,0
-3.0,-96.0,-13.0,61.0,3.0,-808.0,0
-7.0,-104.0,-31.0,693.0,111.0,-785.0,0
2.0,-112.0,-71.0,1277.0,207.0,-761.0,0
0.0,-122.0,-116.0,1780.0,256.0,-747.0,0
-17.0,-121.0,-113.0,2175.0,261.0,-749.0,0
-37.0,-114.0,-82.0,2425.0,282.0,-747.0,0
-66.0,-107.0,-48.0,2477.0,374.0,-703.0,0
-142.0,-106.0,-20.0,2271.0,504.0,-584.0,0
-232.0,-120.0,-41.0,1689.0,550.0,-337.0,0
-263.0,-126.0,-94.0,669.0,410.0,92.0,0
-204.0,-149.0,-163.0,-688.0,117.0,662.0,0
-54.0,-213.0,-241.0,-2232.0,-253.0,1230.0,0
56.0,-339.0,-427.0,-3909.0,-596.0,1579.0,0
44.0,-511.0,-657.0,-5783.0,-565.0,1780.0,0
-16.0,-747.0,-748.0,-7424.0,49.0,2162.0,0
-46.0,-1094.0,-620.0,-9402.0,809.0,2828.0,0
-12.0,-1430.0,-398.0,-10616.0,1029.0,3305.0,0
-50.0,-1419.0,-271.0,-9994.0,614.0,2901.0,0
-132.0,-1246.0,-90.0,-7473.0,-362.0,1797.0,0
-127.0,-1106.0,53.0,-3712.0,-1293.0,868.0,0
-24.0,-1012.0,142.0,180.0,-1730.0,452.0,0
73.0,-894.0,170.0,3299.0,-1599.0,293.0,0
94.0,-735.0,154.0,5305.0,-1189.0,79.0,0
67.0,-574.0,105.0,6376.0,-768.0,-163.0,0
47.0,-410.0,51.0,6814.0,-404.0,-433.0,0
30.0,-259.0,1.0,6781.0,-100.0,-762.0,0
15.0,-129.0,-32.0,6344.0,119.0,-1119.0,0
-6.0,-41.0,-44.0,5557.0,218.0,-1412.0,0
-36.0,3.0,-64.0,4437.0,213.0,-1577.0,0
-45.0,13.0,-84.0,3031.0,167.0,-1582.0,0
-43.0,-12.0,-91.0,1476.0,142.0,-1448.0,0
-31.0,-68.0,-80.0,-96.0,180.0,-1188.0,0
14.0,-162.0,-55.0,-1563.0,291.0,-834.0,0
44.0,-259.0,-17.0,-2825.0,413.0,-494.0,0
55.0,-344.0,31.0,-3804.0,506.0,-236.0,0
57.0,-428.0,71.0,-4443.0,565.0,-33.0,0
68.0,-498.0,114.0,-4730.0,591.0,110.0,0
81.0,-551.0,127.0,-4686.0,567.0,172.0,0
95.0,-576.0,139.0,-4356.0,507.0,170.0,0
98.0,-582.0,142.0,-3745.0,424.0,104.0,0
96.0,-564.0,136.0,-2906.0,324.0,-6.0,0
88.0,-526.0,122.0,-1922.0,218.0,-143.0,0
86.0,-487.0,95.0,-891.0,105.0,-289.0,0
85.0,-436.0,66.0,91.0,9.0,-447.0,0
89.0,-386.0,29.0,944.0,-56.0,-611.0,0
94.0,-333.0,4.0,1621.0,-77.0,-782.0,0
92.0,-282.0,-24.0,2097.0,-64.0,-967.0,0
71.0,-216.0,-53.0,2371.0,-28.0,-1156.0,0
50.0,-161.0,-62.0,2457.0,16.0,-1321.0,0
19.0,-104.0,-73.0,2377.0,54.0,-1430.0,0
16.0,-53.0,-73.0,2145.0,83.0,-1457.0,0
-2.0,-13.0,-73.0,1815.0,98.0,-1409.0,0
-7.0,27.0,-68.0,1440.0,107.0,-1299.0,0
-6.0,59.0,-60.0,1067.0,115.0,-1153.0,0
-16.0,82.0,-53.0,752.0,129.0,-1001.0,0
-31.0,100.0,-37.0,538.0,152.0,-833.0,0
-45.0,102.0,-31.0,439.0,155.0,-649.0,0
-59.0,101.0,-33.0,444.0,129.0,-447.0,0
-66.0,92.0,-33.0,493.0,67.0,-222.0,0
-70.0,77.0,-46.0,556.0,-37.0,11.0,0
-69.0,61.0,-59.0,612.0,-174.0,232.0,0
-65.0,52.0,-69.0,648.0,-326.0,431.0,0
-48.0,27.0,-87.0,670.0,-461.0,609.0,0
-19.0,13.0,-111.0,664.0,-556.0,756.0,0
1.0,-4.0,-120.0,639.0,-601.0,843.0,0
5.0,-22.0,-128.0,605.0,-599.0,875.0,0
8.0,-40.0,-133.0,562.0,-557.0,873.0,0
8.0,-54.0,-125.0,537.0,-486.0,841.0,0
11.0,-62.0,-108.0,557.0,-407.0,791.0,0
6.0,-65.0,-95.0,641.0,-322.0,732.0,0
-2.0,-77.0,-88.0,798.0,-232.0,664.0,0
-24.0,-91.0,-93.0,1012.0,-144.0,608.0,0
-37.0,-100.0,-103.0,1240.0,-87.0,572.0,0
-4.0,-121.0,-107.0,1444.0,-55.0,551.0,0
73.0,-142.0,-92.0,1594.0,17.0,524.0,0
164.0,-163.0,-51.0,1669.0,179.0,445.0,0
211.0,-180.0,5.0,1677.0,406.0,293.0,0
206.0,-192.0,28.0,1589.0,584.0,61.0,0
148.0,-199.0,-24.0,1251.0,651.0,-252.0,0
115.0,-214.0,-143.0,422.0,669.0,-588.0,0
117.0,-277.0,-310.0,-1022.0,664.0,-947.0,0
127.0,-378.0,-437.0,-2791.0,676.0,-1353.0,0
132.0,-493.0,-506.0,-4350.0,788.0,-1758.0,0
111.0,-621.0,-560.0,-5532.0,975.0,-2069.0,0
41.0,-756.0,-575.0,-6436.0,1251.0,-2271.0,0
-66.0,-894.0,-491.0,-6924.0,1668.0,-2395.0,0
-159.0,-987.0,-319.0,-7100.0,2042.0,-2260.0,0
-156.0,-1072.0,-88.0,-6565.0,2111.0,-1673.0,0
-125.0,-1130.0,26.0,-5090.0,1765.0,-964.0,0
-131.0,-1086.0,68.0,-2945.0,1353.0,-540.0,0
-143.0,-950.0,70.0,-599.0,904.0,-300.0,0
-132.0,-789.0,67.0,1614.0,619.0,-63.0,0
-122.0,-627.0,57.0,3437.0,510.0,105.0,0
-117.0,-464.0,45.0,4702.0,517.0,266.0,0
-114.0,-321.0,22.0,5344.0,509.0,424.0,0
-101.0,-182.0,-11.0,5344.0,370.0,633.0,0
-74.0,-112.0,-35.0,4741.0,61.0,873.0,0
-50.0,-72.0,-65.0,3733.0,-347.0,1039.0,0
-31.0,-63.0,-85.0,2545.0,-716.0,1110.0,0
-26.0,-80.0,-78.0,1331.0,-969.0,1145.0,0
-26.0,-125.0,-67.0,182.0,-1109.0,1188.0,0
-31.0,-179.0,-39.0,-831.0,-1166.0,1227.0,0
-28.0,-244.0,-6.0,-1672.0,-1178.0,1240.0,0
-16.0,-305.0,23.0,-2311.0,-1174.0,1224.0,0
-6.0,-368.0,52.0,-2719.0,-1158.0,1192.0,0
9.0,-425.0,67.0,-2888.0,-1127.0,1147.0,0
27.0,-475.0,71.0,-2834.0,-1071.0,1095.0,0
43.0,-508.0,82.0,-2591.0,-988.0,1038.0,0
53.0,-522.0,93.0,-2164.0,-893.0,984.0,0
63.0,-518.0,100.0,-1572.0,-793.0,939.0,0
56.0,-505.0,93.0,-860.0,-692.0,911.0,0
45.0,-476.0,87.0,-110.0,-584.0,900.0,0
30.0,-437.0,76.0,611.0,-474.0,898.0,0
16.0,-385.0,66.0,1243.0,-350.0,879.0,0
8.0,-321.0,60.0,1753.0,-199.0,823.0,0
1.0,-251.0,48.0,2132.0,-33.0,741.0,0
13.0,-185.0,31.0,2374.0,128.0,656.0,0
25.0,-119.0,8.0,2491.0,263.0,558.0,0
49.0,-65.0,-7.0,2508.0,365.0,457.0,0
72.0,-18.0,-32.0,2450.0,432.0,356.0,0
94.0,25.0,-55.0,2326.0,467.0,253.0,0
109.0,66.0,-76.0,2135.0,489.0,139.0,0
117.0,101.0,-99.0,1881.0,498.0,17.0,0
109.0,133.0,-126.0,1581.0,489.0,-102.0,0
104.0,153.0,-148.0,1248.0,469.0,-195.0,0
90.0,165.0,-158.0,882.0,419.0,-278.0,0
73.0,167.0,-174.0,489.0,328.0,-354.0,0
56.0,159.0,-177.0,86.0,194.0,-424.0,0
38.0,148.0,-175.0,-286.0,15.0,-486.0,0
6.0,132.0,-167.0,-588.0,-191.0,-520.0,0
-19.0,110.0,-155.0,-786.0,-401.0,-506.0,0
-37.0,73.0,-146.0,-864.0,-608.0,-450.0,0
-49.0,33.0,-136.0,-843.0,-806.0,-384.0,0
-53.0,3.0,-126.0,-731.0,-979.0,-339.0,0
-55.0,-25.0,-106.0,-529.0,-1112.0,-324.0,0
-48.0,-46.0,-87.0,-245.0,-1188.0,-340.0,0
-37.0,-53.0,-68.0,94.0,-1188.0,-381.0,0
-25.0,-59.0,-61.0,454.0,-1109.0,-437.0,0
-11.0,-57.0,-42.0,803.0,-944.0,-495.0,0
2.0,-54.0,-32.0,1115.0,-705.0,-556.0,0
16.0,-44.0,-31.0,1367.0,-407.0,-622.0,0
28.0,-41.0,-36.0,1550.0,-70.0,-696.0,0
38.0,-50.0,-49.0,1673.0,270.0,-772.0,0
20.0,-64.0,-33.0,1764.0,566.0,-825.0,0
5.0,-85.0,0.0,1803.0,836.0,-813.0,0
-16.0,-94.0,-5.0,1703.0,1135.0,-719.0,0
-69.0,-86.0,-33.0,1310.0,1433.0,-576.0,0
-155.0,-86.0,-128.0,571.0,1582.0,-394.0,0
-197.0,-127.0,-239.0,-391.0,1380.0,-46.0,0
-161.0,-219.0,-334.0,-1437.0,760.0,638.0,0
-50.0,-337.0,-406.0,-2490.0,-42.0,1506.0,0
40.0,-457.0,-484.0,-3638.0,-672.0,2216.0,0
44.0,-583.0,-599.0,-5050.0,-855.0,2659.0,0
-17.0,-787.0,-639.0,-6737.0,-518.0,3033.0,0
-35.0,-1131.0,-549.0,-8366.0,60.0,3566.0,0
59.0,-1412.0,-352.0,-9056.0,437.0,3895.0,0
89.0,-1436.0,-140.0,-8387.0,215.0,3139.0,0
-18.0,-1256.0,42.0,-6101.0,-478.0,1461.0,0
-51.0,-1096.0,177.0,-2958.0,-1083.0,192.0,0
26.0,-989.0,237.0,145.0,-1267.0,-252.0,0
72.0,-881.0,232.0,2713.0,-1125.0,-394.0,0
62.0,-743.0,179.0,4567.0,-711.0,-600.0,0
30.0,-588.0,121.0,5674.0,-208.0,-879.0,0
3.0,-408.0,72.0,6156.0,236.0,-1125.0,0
-29.0,-245.0,47.0,6190.0,518.0,-1439.0,0
-61.0,-112.0,38.0,5869.0,575.0,-1668.0,0
-82.0,-23.0,24.0,5284.0,401.0,-1733.0,0
-100.0,21.0,-3.0,4469.0,88.0,-1603.0,0
-85.0,19.0,-28.0,3412.0,-218.0,-1314.0,0
-51.0,-2.0,-44.0,2142.0,-385.0,-966.0,0
6.0,-56.0,-39.0,768.0,-362.0,-641.0,0
48.0,-118.0,-24.0,-582.0,-196.0,-412.0,0
65.0,-181.0,5.0,-1790.0,44.0,-282.0,0
76.0,-235.0,33.0,-2793.0,298.0,-220.0,0
83.0,-291.0,56.0,-3576.0,498.0,-204.0,0
92.0,-346.0,77.0,-4152.0,608.0,-211.0,0
109.0,-406.0,86.0,-4521.0,641.0,-208.0,0
122.0,-455.0,95.0,-4646.0,646.0,-191.0,0
132.0,-502.0,95.0,-4479.0,633.0,-171.0,0
138.0,-536.0,91.0,-4020.0,593.0,-178.0,0
132.0,-560.0,60.0,-3318.0,517.0,-241.0,0
129.0,-564.0,34.0,-2477.0,421.0,-346.0,0
118.0,-543.0,10.0,-1544.0,326.0,-481.0,0
97.0,-509.0,-10.0,-551.0,239.0,-617.0,0
78.0,-466.0,-28.0,439.0,152.0,-736.0,0
55.0,-416.0,-41.0,1326.0,55.0,-827.0,0
34.0,-361.0,-50.0,2039.0,-48.0,-908.0,0
10.0,-297.0,-47.0,2564.0,-147.0,-976.0,0
-10.0,-223.0,-45.0,2906.0,-215.0,-1018.0,0
-15.0,-153.0,-42.0,3095.0,-239.0,-1023.0,0
-23.0,-80.0,-28.0,3186.0,-218.0,-986.0,0
-25.0,4.0,-18.0,3211.0,-165.0,-911.0,0
-14.0,63.0,-25.0,3180.0,-80.0,-820.0,0
-14.0,104.0,-32.0,3068.0,20.0,-717.0,0
-13.0,137.0,-43.0,2849.0,122.0,-601.0,0
-21.0,159.0,-60.0,2527.0,199.0,-458.0,0
-26.0,172.0,-71.0,2094.0,228.0,-305.0,0
-29.0,169.0,-93.0,1582.0,214.0,-155.0,0
-33.0,160.0,-107.0,1024.0,168.0,-19.0,0
-38.0,140.0,-121.0,459.0,113.0,107.0,0
-43.0,127.0,-126.0,-65.0,68.0,242.0,0
-36.0,95.0,-130.0,-520.0,42.0,374.0,0
-29.0,63.0,-124.0,-879.0,24.0,478.0,0
-26.0,30.0,-109.0,-1127.0,0.0,526.0,0
-28.0,11.0,-87.0,-1229.0,-33.0,534.0,0
-30.0,-7.0,-65.0,-1171.0,-67.0,526.0,0
-26.0,-23.0,-43.0,-961.0,-96.0,510.0,0
-23.0,-44.0,-28.0,-624.0,-124.0,492.0,0
-21.0,-64.0,-26.0,-198.0,-157.0,461.0,0
-29.0,-86.0,-44.0,277.0,-190.0,420.0,0
-33.0,-101.0,-70.0,743.0,-213.0,375.0,0
-21.0,-114.0,-96.0,1132.0,-217.0,334.0,0
35.0,-124.0,-119.0,1387.0,-173.0,308.0,0
139.0,-146.0,-140.0,1492.0,-30.0,280.0,0
205.0,-164.0,-134.0,1470.0,223.0,206.0,0
249.0,-192.0,-140.0,1368.0,435.0,47.0,0
228.0,-214.0,-161.0,1181.0,419.0,-224.0,0
104.0,-225.0,-190.0,829.0,220.0,-573.0,0
14.0,-250.0,-211.0,243.0,122.0,-859.0,0
29.0,-321.0,-248.0,-653.0,298.0,-1074.0,0
103.0,-406.0,-297.0,-1882.0,730.0,-1332.0,0
186.0,-501.0,-359.0,-3314.0,1283.0,-1636.0,0
236.0,-634.0,-418.0,-4813.0,1754.0,-1916.0,0
205.0,-785.0,-467.0,-6235.0,2070.0,-2154.0,0
84.0,-943.0,-426.0,-7355.0,2365.0,-2334.0,0
-61.0,-1045.0,-236.0,-7764.0,2668.0,-2269.0,0
-149.0,-1114.0,4.0,-7017.0,2642.0,-1779.0,0
-153.0,-1155.0,132.0,-5105.0,2088.0,-1034.0,0
-129.0,-1160.0,160.0,-2560.0,1311.0,-393.0,0
-108.0,-1083.0,160.0,-475.0,753.0,-50.0,0
-94.0,-929.0,142.0,1891.0,590.0,3.0,0
-91.0,-734.0,131.0,3799.0,687.0,-57.0,0
-99.0,-547.0,114.0,5183.0,784.0,-42.0,0
-108.0,-390.0,80.0,5980.0,745.0,98.0,0
-113.0,-260.0,32.0,6211.0,506.0,325.0,0
-114.0,-165.0,-7.0,5934.0,93.0,592.0,0
-106.0,-97.0,-39.0,5238.0,-411.0,809.0,0
-95.0,-59.0,-66.0,4242.0,-892.0,1040.0,0
-77.0,-54.0,-84.0,3063.0,-1257.0,1198.0,0
-63.0,-62.0,-92.0,1792.0,-1452.0,1293.0,0
-35.0,-104.0,-74.0,505.0,-1486.0,1330.0,0
-17.0,-150.0,-53.0,-702.0,-1397.0,1303.0,0
4.0,-202.0,-13.0,-1740.0,-1218.0,1206.0,0
3.0,-265.0,27.0,-2541.0,-984.0,1086.0,0
15.0,-317.0,69.0,-3053.0,-731.0,992.0,0
15.0,-364.0,110.0,-3257.0,-498.0,947.0,0
22.0,-399.0,139.0,-3169.0,-313.0,936.0,0
20.0,-421.0,159.0,-2845.0,-206.0,955.0,0
18.0,-430.0,169.0,-2342.0,-176.0,990.0,0
21.0,-422.0,165.0,-1721.0,-203.0,1028.0,0
17.0,-405.0,149.0,-1035.0,-258.0,1059.0,0
26.0,-381.0,131.0,-342.0,-304.0,1081.0,0
28.0,-346.0,115.0,306.0,-324.0,1091.0,0
34.0,-308.0,92.0,892.0,-311.0,1081.0,0
44.0,-269.0,70.0,1400.0,-280.0,1052.0,0
57.0,-224.0,55.0,1818.0,-250.0,1004.0,0
77.0,-182.0,33.0,2140.0,-233.0,948.0,0
101.0,-138.0,8.0,2370.0,-232.0,884.0,0
112.0,-94.0,-15.0,2512.0,-247.0,811.0,0
128.0,-56.0,-38.0,2563.0,-263.0,729.0,0
132.0,-13.0,-63.0,2533.0,-279.0,635.0,0
127.0,25.0,-88.0,2436.0,-304.0,534.0,0
115.0,58.0,-113.0,2279.0,-353.0,427.0,0
96.0,88.0,-129.0,2060.0,-430.0,328.0,0
75.0,109.0,-153.0,1779.0,-518.0,230.0,0
61.0,120.0,-174.0,1436.0,-604.0,133.0,0
43.0,124.0,-186.0,1044.0,-680.0,20.0,0
20.0,126.0,-196.0,608.0,-760.0,-115.0,0
4.0,120.0,-208.0,139.0,-848.0,-252.0,0
-12.0,109.0,-209.0,-344.0,-942.0,-384.0,0
-21.0,95.0,-213.0,-816.0,-1034.0,-481.0,0
-28.0,66.0,-215.0,-1268.0,-1103.0,-545.0,0
-38.0,40.0,-203.0,-1691.0,-1108.0,-628.0,0
-48.0,9.0,-172.0,-2032.0,-1032.0,-728.0,0
-48.0,-15.0,-127.0,-2198.0,-857.0,-823.0,0
-37.0,-48.0,-82.0,-2103.0,-588.0,-899.0,0
-25.0,-75.0,-38.0,-1751.0,-262.0,-968.0,0
-15.0,-93.0,-10.0,-1187.0,87.0,-1039.0,0
-12.0,-116.0,11.0,-500.0,425.0,-1109.0,0
-8.0,-117.0,16.0,228.0,726.0,-1145.0,0
-6.0,-117.0,12.0,920.0,967.0,-1140.0,0
0.0,-124.0,-19.0,1530.0,1123.0,-1116.0,0
-12.0,-130.0,-37.0,2051.0,1175.0,-1075.0,0
-35.0,-139.0,-32.0,2470.0,1139.0,-994.0,0
-47.0,-138.0,3.0,2742.0,1079.0,-849.0,0
-69.0,-150.0,47.0,2830.0,1052.0,-628.0,0
-145.0,-170.0,51.0,2618.0,1017.0,-314.0,0
-225.0,-178.0,-23.0,1972.0,824.0,144.0,0
-214.0,-189.0,-107.0,980.0,436.0,701.0,0
-131.0,-230.0,-190.0,-181.0,-41.0,1274.0,0
31.0,-325.0,-282.0,-1514.0,-478.0,1767.0,0
93.0,-428.0,-472.0,-3131.0,-713.0,2068.0,0
64.0,-523.0,-663.0,-5103.0,-315.0,2302.0,0
13.0,-718.0,-652.0,-7324.0,729.0,2723.0,0
32.0,-970.0,-408.0,-9183.0,1721.0,3453.0,0
31.0,-1121.0,-143.0,-9645.0,1794.0,3943.0,0
-76.0,-1102.0,-25.0,-8146.0,909.0,3441.0,0
-153.0,-1033.0,35.0,-5211.0,-227.0,2222.0,0
-130.0,-956.0,71.0,-1845.0,-1095.0,1114.0,0
-34.0,-878.0,134.0,1108.0,-1445.0,526.0,0
33.0,-786.0,175.0,3305.0,-1328.0,256.0,0
56.0,-665.0,184.0,4663.0,-973.0,42.0,0
26.0,-526.0,171.0,5281.0,-620.0,-198.0,0
-15.0,-413.0,131.0,5414.0,-423.0,-457.0,0
-43.0,-314.0,87.0,5290.0,-395.0,-773.0,0
-47.0,-229.0,61.0,4917.0,-458.0,-1176.0,0
-67.0,-146.0,36.0,4338.0,-544.0,-1619.0,0
-91.0,-89.0,17.0,3572.0,-601.0,-1904.0,0
-112.0,-67.0,10.0,2603.0,-629.0,-1893.0,0
-116.0,-76.0,24.0,1460.0,-579.0,-1596.0,0
-83.0,-118.0,58.0,229.0,-458.0,-1228.0,0
-25.0,-190.0,93.0,-964.0,-359.0,-738.0,0
9.0,-253.0,126.0,-2036.0,-351.0,-373.0,0
36.0,-301.0,148.0,-2938.0,-412.0,-127.0,0
73.0,-353.0,157.0,-3653.0,-494.0,52.0,0
115.0,-395.0,157.0,-4185.0,-560.0,193.0,0
155.0,-423.0,143.0,-4509.0,-557.0,251.0,0
182.0,-443.0,125.0,-4577.0,-448.0,219.0,0
189.0,-460.0,105.0,-4376.0,-269.0,167.0,0
189.0,-479.0,80.0,-3949.0,-70.0,98.0,0
179.0,-490.0,57.0,-3350.0,98.0,-20.0,0
155.0,-483.0,41.0,-2625.0,212.0,-183.0,0
140.0,-466.0,27.0,-1807.0,268.0,-363.0,0
133.0,-439.0,9.0,-954.0,259.0,-549.0,0
117.0,-402.0,-9.0,-132.0,191.0,-734.0,0
99.0,-360.0,-33.0,609.0,89.0,-917.0,0
74.0,-316.0,-49.0,1219.0,-9.0,-1096.0,0
50.0,-259.0,-62.0,1683.0,-84.0,-1244.0,0
22.0,-201.0,-72.0,2020.0,-133.0,-1335.0,0
1.0,-148.0,-84.0,2277.0,-161.0,-1361.0,0
-12.0,-101.0,-79.0,2478.0,-164.0,-1325.0,0
-21.0,-54.0,-78.0,2646.0,-145.0,-1253.0,0
-23.0,-12.0,-80.0,2778.0,-109.0,-1152.0,0
-42.0,27.0,-75.0,2838.0,-49.0,-1019.0,0
-50.0,59.0,-72.0,2819.0,14.0,-822.0,0
-49.0,94.0,-67.0,2687.0,65.0,-566.0,0
-30.0,113.0,-64.0,2441.0,104.0,-276.0,0
-14.0,131.0,-63.0,2101.0,132.0,-21.0,0
7.0,131.0,-65.0,1694.0,154.0,176.0,0
16.0,130.0,-71.0,1223.0,160.0,308.0,0
23.0,130.0,-70.0,707.0,156.0,394.0,0
12.0,119.0,-69.0,185.0,140.0,452.0,0
9.0,110.0,-64.0,-303.0,100.0,493.0,0
-1.0,89.0,-58.0,-714.0,26.0,515.0,0
-13.0,66.0,-46.0,-1008.0,-93.0,525.0,0
-28.0,38.0,-40.0,-1158.0,-249.0,528.0,0
-48.0,2.0,-45.0,-1148.0,-421.0,518.0,0
-64.0,-38.0,-57.0,-990.0,-591.0,490.0,0
-70.0,-73.0,-62.0,-731.0,-756.0,442.0,0
-51.0,-110.0,-62.0,-415.0,-878.0,387.0,0
-3.0,-148.0,-53.0,-54.0,-909.0,338.0,0
56.0,-189.0,-42.0,352.0,-793.0,280.0,0
101.0,-227.0,-38.0,791.0,-529.0,194.0,0
124.0,-264.0,-44.0,1186.0,-181.0,74.0,0
110.0,-288.0,-77.0,1391.0,131.0,-79.0,0
77.0,-315.0,-130.0,1279.0,310.0,-301.0,0
15.0,-320.0,-186.0,812.0,420.0,-622.0,0
-29.0,-331.0,-213.0,102.0,629.0,-983.0,0
-39.0,-343.0,-243.0,-755.0,1041.0,-1319.0,0
-14.0,-366.0,-291.0,-1725.0,1572.0,-1603.0,0
41.0,-425.0,-351.0,-2818.0,1944.0,-1804.0,0
74.0,-514.0,-418.0,-4072.0,1915.0,-1862.0,0
90.0,-630.0,-452.0,-5358.0,1560.0,-1811.0,0
66.0,-758.0,-415.0,-6358.0,1133.0,-1696.0,0
22.0,-867.0,-285.0,-6701.0,875.0,-1488.0,0
-26.0,-929.0,-131.0,-6118.0,838.0,-1148.0,0
-57.0,-953.0,-2.0,-4771.0,877.0,-726.0,0
-80.0,-953.0,100.0,-3040.0,831.0,-314.0,0
-90.0,-914.0,146.0,-1215.0,641.0,11.0,0
-86.0,-849.0,150.0,485.0,371.0,225.0,0
-72.0,-749.0,138.0,1928.0,152.0,331.0,0
-54.0,-622.0,121.0,3089.0,29.0,380.0,0
-25.0,-504.0,98.0,3816.0,-51.0,466.0,0
-2.0,-395.0,67.0,4441.0,-143.0,612.0,0
15.0,-303.0,37.0,4721.0,-260.0,782.0,0
26.0,-231.0,6.0,4620.0,-345.0,970.0,0
37.0,-176.0,-20.0,4143.0,-417.0,1155.0,0
38.0,-140.0,-30.0,3343.0,-450.0,1319.0,0
24.0,-124.0,-24.0,2330.0,-461.0,1418.0,0
2.0,-127.0,-9.0,1225.0,-479.0,1493.0,0
-22.0,-145.0,19.0,129.0,-520.0,1497.0,0
-43.0,-184.0,54.0,-869.0,-570.0,1444.0,0
-46.0,-229.0,82.0,-1691.0,-609.0,1361.0,0
-24.0,-292.0,114.0,-2309.0,-602.0,1254.0,0
4.0,-339.0,121.0,-2717.0,-537.0,1134.0,0
13.0,-366.0,131.0,-2927.0,-436.0,1015.0,0
16.0,-385.0,138.0,-2936.0,-339.0,937.0,0
14.0,-392.0,141.0,-2729.0,-262.0,908.0,0
12.0,-395.0,131.0,-2318.0,-214.0,922.0,0
13.0,-386.0,105.0,-1746.0,-188.0,951.0,0
12.0,-372.0,74.0,-1099.0,-171.0,958.0,0
19.0,-340.0,45.0,-443.0,-140.0,915.0,0
28.0,-306.0,17.0,183.0,-87.0,825.0,0
30.0,-256.0,-10.0,744.0,-2.0,708.0,0
36.0,-200.0,-33.0,1226.0,117.0,581.0,0
44.0,-145.0,-54.0,1620.0,266.0,454.0,0
53.0,-90.0,-68.0,1925.0,435.0,322.0,0
67.0,-34.0,-87.0,2161.0,602.0,192.0,0
65.0,10.0,-92.0,2319.0,734.0,61.0,0
62.0,52.0,-105.0,2386.0,808.0,-53.0,0
54.0,87.0,-116.0,2353.0,812.0,-148.0,0
39.0,109.0,-130.0,2209.0,740.0,-238.0,0
17.0,127.0,-148.0,1949.0,582.0,-322.0,0
0.0,139.0,-157.0,1584.0,348.0,-394.0,0
-14.0,149.0,-161.0,1143.0,65.0,-457.0,0
-23.0,147.0,-169.0,670.0,-244.0,-520.0,0
-32.0,144.0,-179.0,200.0,-543.0,-585.0,0
-41.0,128.0,-191.0,-229.0,-798.0,-641.0,0
-51.0,102.0,-189.0,-606.0,-975.0,-674.0,0
-48.0,73.0,-184.0,-911.0,-1061.0,-687.0,0
-41.0,37.0,-149.0,-1111.0,-1062.0,-687.0,0
-34.0,4.0,-114.0,-1163.0,-995.0,-683.0,0
-18.0,-30.0,-67.0,-1047.0,-885.0,-690.0,0
-5.0,-56.0,-32.0,-769.0,-746.0,-710.0,0
11.0,-75.0,-15.0,-378.0,-581.0,-734.0,0
13.0,-86.0,-14.0,64.0,-386.0,-757.0,0
21.0,-93.0,-30.0,509.0,-182.0,-779.0,0
22.0,-104.0,-59.0,939.0,-4.0,-803.0,0
5.0,-105.0,-60.0,1338.0,121.0,-828.0,0
-19.0,-106.0,-36.0,1676.0,231.0,-827.0,0
-46.0,-103.0,2.0,1900.0,394.0,-767.0,0
-86.0,-110.0,18.0,1928.0,600.0,-633.0,0
-152.0,-128.0,1.0,1632.0,738.0,-394.0,0
-194.0,-149.0,-55.0,955.0,635.0,-22.0,0
-159.0,-184.0,-140.0,-13.0,280.0,464.0,0
-58.0,-251.0,-250.0,-1227.0,-193.0,1002.0,0
64.0,-329.0,-383.0,-2717.0,-624.0,1493.0,0
103.0,-450.0,-617.0,-4544.0,-821.0,1896.0,0
62.0,-612.0,-810.0,-6699.0,-533.0,2381.0,0
-2.0,-875.0,-798.0,-8857.0,138.0,3093.0,0
6.0,-1250.0,-569.0,-10189.0,697.0,3729.0,0
-28.0,-1401.0,-312.0,-9704.0,571.0,3455.0,0
-122.0,-1255.0,-88.0,-7380.0,-159.0,2205.0,0
-124.0,-1117.0,117.0,-3934.0,-1019.0,954.0,0
-21.0,-1023.0,217.0,-338.0,-1530.0,361.0,0
79.0,-910.0,226.0,2631.0,-1490.0,103.0,0
97.0,-762.0,178.0,4672.0,-1103.0,-193.0,0
81.0,-592.0,107.0,5874.0,-618.0,-489.0,0
58.0,-424.0,36.0,6387.0,-115.0,-754.0,0
45.0,-268.0,-11.0,6592.0,342.0,-1041.0,0
17.0,-133.0,-41.0,6360.0,641.0,-1344.0,0
-24.0,-39.0,-61.0,5751.0,686.0,-1586.0,0
-62.0,14.0,-71.0,4792.0,522.0,-1667.0,0
-77.0,23.0,-81.0,3516.0,254.0,-1566.0,0
-67.0,-2.0,-75.0,2026.0,48.0,-1393.0,0
-45.0,-59.0,-51.0,481.0,13.0,-1096.0,0
3.0,-139.0,-6.0,-956.0,156.0,-746.0,0
36.0,-227.0,42.0,-2171.0,353.0,-437.0,0
51.0,-305.0,94.0,-3096.0,529.0,-229.0,0
58.0,-375.0,129.0,-3735.0,652.0,-108.0,0
65.0,-445.0,136.0,-4142.0,714.0,-31.0,0
81.0,-510.0,136.0,-4352.0,716.0,14.0,0
100.0,-554.0,117.0,-4367.0,657.0,22.0,0
109.0,-583.0,93.0,-4164.0,549.0,1.0,0
113.0,-607.0,64.0,-3742.0,407.0,-35.0,0
110.0,-603.0,37.0,-3086.0,269.0,-110.0,0
105.0,-584.0,12.0,-2228.0,159.0,-223.0,0
99.0,-557.0,-7.0,-1234.0,90.0,-378.0,0
92.0,-509.0,-17.0,-180.0,52.0,-552.0,0
84.0,-452.0,-23.0,881.0,14.0,-724.0,0
76.0,-392.0,-34.0,1864.0,-37.0,-901.0,0
54.0,-326.0,-54.0,2673.0,-99.0,-1066.0,0
27.0,-251.0,-70.0,3257.0,-145.0,-1182.0,0
6.0,-174.0,-79.0,3606.0,-164.0,-1232.0,0
-11.0,-95.0,-80.0,3754.0,-147.0,-1218.0,0
-22.0,-22.0,-75.0,3751.0,-111.0,-1160.0,0
-29.0,47.0,-69.0,3622.0,-82.0,-1061.0,0
-22.0,108.0,-66.0,3384.0,-63.0,-929.0,0
-14.0,167.0,-64.0,3057.0,-44.0,-780.0,0
-16.0,198.0,-70.0,2680.0,-8.0,-626.0,0
-18.0,212.0,-75.0,2232.0,40.0,-466.0,0
-19.0,211.0,-87.0,1720.0,86.0,-294.0,0
-17.0,201.0,-89.0,1160.0,125.0,-120.0,0
-20.0,185.0,-93.0,597.0,151.0,24.0,0
-22.0,162.0,-103.0,75.0,156.0,143.0,0
-21.0,136.0,-104.0,-382.0,139.0,249.0,0
-16.0,106.0,-111.0,-740.0,113.0,355.0,0
-11.0,73.0,-110.0,-987.0,89.0,438.0,0
1.0,40.0,-113.0,-1105.0,75.0,468.0,0
1.0,8.0,-105.0,-1096.0,74.0,460.0,0
0.0,-17.0,-87.0,-972.0,74.0,435.0,0
-1.0,-35.0,-74.0,-737.0,69.0,411.0,0
0.0,-55.0,-61.0,-405.0,44.0,389.0,0
-3.0,-64.0,-49.0,-11.0,12.0,365.0,0
-3.0,-69.0,-36.0,406.0,-12.0,333.0,0
-14.0,-70.0,-31.0,797.0,-22.0,293.0,0
-29.0,-64.0,-48.0,1129.0,-18.0,249.0,0
-51.0,-69.0,-61.0,1370.0,-9.0,209.0,0
-68.0,-75.0,-93.0,1527.0,-6.0,178.0,0
-58.0,-81.0,-112.0,1588.0,-12.0,164.0,0
42.0,-100.0,-118.0,1536.0,22.0,163.0,0
146.0,-128.0,-91.0,1373.0,189.0,144.0,0
182.0,-149.0,-29.0,1120.0,451.0,48.0,0
192.0,-177.0,2.0,797.0,602.0,-159.0,0
139.0,-175.0,-47.0,336.0,470.0,-504.0,0
21.0,-174.0,-178.0,-385.0,31.0,-896.0,0
-33.0,-229.0,-328.0,-1403.0,-462.0,-1137.0,0
-3.0,-320.0,-429.0,-2585.0,-678.0,-1212.0,0
90.0,-426.0,-510.0,-3707.0,-370.0,-1243.0,0
190.0,-565.0,-584.0,-4774.0,390.0,-1334.0,0
226.0,-755.0,-602.0,-5976.0,1225.0,-1503.0,0
141.0,-977.0,-575.0,-7401.0,1804.0,-1759.0,0
-21.0,-1151.0,-444.0,-8711.0,2199.0,-1993.0,0
-179.0,-1271.0,-157.0,-9075.0,2527.0,-1773.0,0
-171.0,-1335.0,91.0,-7838.0,2421.0,-936.0,0
-133.0,-1312.0,183.0,-5227.0,1770.0,-88.0,0
-113.0,-1186.0,195.0,-1948.0,1049.0,367.0,0
-87.0,-1009.0,184.0,1279.0,623.0,508.0,0
-55.0,-811.0,153.0,3457.0,498.0,490.0,0
-44.0,-617.0,128.0,5466.0,509.0,401.0,0
-46.0,-433.0,83.0,6700.0,488.0,331.0,0
-46.0,-283.0,33.0,7225.0,394.0,382.0,0
-44.0,-159.0,-4.0,7061.0,163.0,535.0,0
-42.0,-64.0,-34.0,6312.0,-225.0,748.0,0
-38.0,-8.0,-62.0,5141.0,-735.0,940.0,0
-21.0,-4.0,-80.0,3718.0,-1238.0,1189.0,0
-1.0,-35.0,-85.0,2190.0,-1603.0,1423.0,0
13.0,-74.0,-76.0,685.0,-1767.0,1604.0,0
23.0,-129.0,-58.0,-683.0,-1747.0,1688.0,0
23.0,-193.0,-29.0,-1840.0,-1600.0,1670.0,0
18.0,-255.0,7.0,-2747.0,-1379.0,1582.0,0
10.0,-310.0,39.0,-3362.0,-1121.0,1482.0,0
4.0,-364.0,69.0,-3652.0,-862.0,1397.0,0
3.0,-406.0,90.0,-3615.0,-638.0,1329.0,0
4.0,-432.0,97.0,-3296.0,-466.0,1260.0,0
3.0,-447.0,98.0,-2745.0,-332.0,1196.0,0
3.0,-453.0,87.0,-2049.0,-215.0,1129.0,0
-4.0,-435.0,81.0,-1306.0,-110.0,1071.0,0
-13.0,-407.0,76.0,-563.0,-25.0,1036.0,0
-13.0,-375.0,80.0,148.0,32.0,1013.0,0
-7.0,-323.0,55.0,806.0,56.0,973.0,0
5.0,-269.0,42.0,1399.0,42.0,893.0,0
29.0,-209.0,25.0,1912.0,5.0,777.0,0
55.0,-148.0,2.0,2329.0,-34.0,646.0,0
82.0,-87.0,-17.0,2640.0,-63.0,520.0,0
105.0,-28.0,-38.0,2844.0,-82.0,401.0,0
101.0,29.0,-62.0,2929.0,-101.0,278.0,0
95.0,75.0,-82.0,2877.0,-139.0,159.0,0
79.0,118.0,-103.0,2689.0,-212.0,49.0,0
64.0,142.0,-123.0,2374.0,-310.0,-58.0,0
45.0,168.0,-150.0,1957.0,-420.0,-164.0,0
31.0,184.0,-161.0,1453.0,-532.0,-264.0,0
20.0,184.0,-181.0,883.0,-634.0,-351.0,0
18.0,177.0,-190.0,280.0,-719.0,-421.0,0
18.0,158.0,-192.0,-307.0,-794.0,-480.0,0
11.0,129.0,-188.0,-844.0,-857.0,-536.0,0
-3.0,95.0,-176.0,-1289.0,-903.0,-571.0,0
-6.0,58.0,-155.0,-1610.0,-909.0,-576.0,0
-6.0,10.0,-128.0,-1763.0,-868.0,-569.0,0
1.0,-23.0,-100.0,-1728.0,-779.0,-582.0,0
13.0,-49.0,-63.0,-1499.0,-639.0,-614.0,0
28.0,-73.0,-38.0,-1099.0,-451.0,-655.0,0
40.0,-82.0,-12.0,-575.0,-228.0,-693.0,0
50.0,-95.0,-7.0,-1.0,10.0,-716.0,0
60.0,-101.0,-14.0,550.0,240.0,-727.0,0
62.0,-102.0,-34.0,1040.0,427.0,-740.0,0
52.0,-109.0,-62.0,1478.0,545.0,-745.0,0
21.0,-111.0,-61.0,1871.0,597.0,-722.0,0
-8.0,-115.0,-55.0,2173.0,631.0,-640.0,0
-49.0,-134.0,-49.0,2317.0,676.0,-480.0,0
-133.0,-157.0,-56.0,2211.0,669.0,-224.0,0
-210.0,-183.0,-120.0,1798.0,490.0,141.0,0
-237.0,-214.0,-210.0,1162.0,133.0,626.0,0
-163.0,-271.0,-276.0,487.0,-227.0,1205.0,0
-49.0,-344.0,-286.0,-206.0,-418.0,1721.0,0
33.0,-435.0,-259.0,-1112.0,-394.0,2059.0,0
15.0,-562.0,-265.0,-2421.0,-172.0,2242.0,0
-60.0,-734.0,-358.0,-4095.0,386.0,2487.0,0
-82.0,-956.0,-376.0,-5844.0,1188.0,2891.0,0
8.0,-1215.0,-349.0,-7142.0,1591.0,3021.0,0
20.0,-1202.0,-248.0,-7524.0,1209.0,2254.0,0
-47.0,-1030.0,-43.0,-6547.0,355.0,959.0,0
-60.0,-893.0,113.0,-4160.0,-496.0,27.0,0
-2.0,-830.0,173.0,-1147.0,-994.0,-246.0,0
74.0,-803.0,168.0,1605.0,-1010.0,-250.0,0
99.0,-733.0,127.0,3573.0,-675.0,-371.0,0
75.0,-592.0,77.0,4684.0,-220.0,-633.0,0
48.0,-445.0,57.0,5107.0,179.0,-917.0,0
10.0,-301.0,52.0,5080.0,424.0,-1141.0,0
-16.0,-191.0,55.0,4877.0,490.0,-1262.0,0
-27.0,-128.0,44.0,4502.0,405.0,-1296.0,0
-46.0,-99.0,28.0,3990.0,254.0,-1279.0,0
-54.0,-95.0,11.0,3296.0,117.0,-1208.0,0
-51.0,-102.0,-4.0,2411.0,52.0,-1075.0,0
-44.0,-116.0,-3.0,1365.0,47.0,-880.0,0
-11.0,-142.0,15.0,217.0,137.0,-632.0,0
33.0,-187.0,35.0,-960.0,288.0,-431.0,0
66.0,-238.0,59.0,-2093.0,441.0,-248.0,0
84.0,-295.0,67.0,-3124.0,563.0,-153.0,0
102.0,-351.0,82.0,-3997.0,645.0,-138.0,0
126.0,-401.0,90.0,-4645.0,681.0,-161.0,0
145.0,-438.0,85.0,-4987.0,681.0,-222.0,0
159.0,-461.0,78.0,-4986.0,675.0,-303.0,0
169.0,-474.0,60.0,-4663.0,693.0,-392.0,0
164.0,-474.0,39.0,-4073.0,728.0,-507.0,0
148.0,-459.0,23.0,-3295.0,747.0,-634.0,0
127.0,-434.0,7.0,-2412.0,728.0,-742.0,0
100.0,-394.0,-3.0,-1471.0,673.0,-833.0,0
76.0,-354.0,-15.0,-520.0,589.0,-921.0,0
51.0,-305.0,-26.0,395.0,494.0,-1004.0,0
20.0,-257.0,-41.0,1205.0,405.0,-1067.0,0
-3.0,-209.0,-47.0,1840.0,345.0,-1081.0,0
-25.0,-162.0,-46.0,2317.0,311.0,-1039.0,0
-37.0,-109.0,-41.0,2642.0,296.0,-976.0,0
-50.0,-55.0,-43.0,2841.0,280.0,-915.0,0
-51.0,-4.0,-39.0,2935.0,273.0,-861.0,0
-57.0,42.0,-50.0,2910.0,286.0,-804.0,0
-54.0,79.0,-63.0,2750.0,318.0,-736.0,0
-60.0,106.0,-74.0,2443.0,356.0,-653.0,0
-61.0,130.0,-93.0,1981.0,385.0,-549.0,0
-65.0,142.0,-111.0,1393.0,392.0,-426.0,0
-72.0,143.0,-128.0,705.0,373.0,-296.0,0
-81.0,134.0,-140.0,-26.0,327.0,-167.0,0
-90.0,115.0,-152.0,-728.0,253.0,-42.0,0
-96.0,84.0,-155.0,-1373.0,151.0,102.0,0
-91.0,60.0,-136.0,-1909.0,32.0,251.0,0
-86.0,34.0,-118.0,-2255.0,-87.0,397.0,0
-77.0,12.0,-80.0,-2351.0,-198.0,532.0,0
-69.0,-4.0,-49.0,-2192.0,-280.0,633.0,0
-64.0,-35.0,-18.0,-1811.0,-330.0,695.0,0
-54.0,-62.0,2.0,-1283.0,-351.0,730.0,0
-45.0,-86.0,18.0,-670.0,-344.0,726.0,0
-32.0,-113.0,18.0,-36.0,-311.0,673.0,0
-30.0,-137.0,-1.0,576.0,-260.0,572.0,0
-52.0,-158.0,-47.0,1157.0,-211.0,449.0,0
-38.0,-172.0,-57.0,1663.0,-173.0,337.0,0
36.0,-179.0,-107.0,2033.0,-125.0,265.0,0
164.0,-204.0,-149.0,2271.0,19.0,228.0,0
275.0,-242.0,-187.0,2455.0,319.0,197.0,0
347.0,-275.0,-192.0,2584.0,681.0,117.0,0
332.0,-320.0,-189.0,2566.0,861.0,-112.0,0
180.0,-347.0,-200.0,2233.0,741.0,-543.0,0
54.0,-373.0,-238.0,1461.0,539.0,-1071.0,0
50.0,-407.0,-298.0,166.0,517.0,-1603.0,0
143.0,-455.0,-334.0,-1486.0,710.0,-2048.0,0
253.0,-530.0,-353.0,-3109.0,934.0,-2295.0,0
319.0,-660.0,-373.0,-4497.0,995.0,-2348.0,0
252.0,-776.0,-378.0,-5698.0,891.0,-2371.0,0
75.0,-851.0,-294.0,-6647.0,832.0,-2342.0,0
-52.0,-917.0,-143.0,-6933.0,941.0,-2014.0,0
-92.0,-976.0,-32.0,-6192.0,1112.0,-1426.0,0
-108.0,-1003.0,15.0,-4546.0,1216.0,-847.0,0
-137.0,-988.0,31.0,-2452.0,1229.0,-427.0,0
-151.0,-925.0,42.0,-339.0,1207.0,-55.0,0
-148.0,-833.0,46.0,1561.0,1179.0,301.0,0
-136.0,-714.0,61.0,3152.0,1112.0,596.0,0
-111.0,-599.0,60.0,4346.0,933.0,832.0,0
-93.0,-492.0,63.0,4930.0,620.0,1007.0,0
-88.0,-403.0,54.0,5198.0,203.0,1117.0,0
-98.0,-320.0,42.0,5029.0,-164.0,1178.0,0
-113.0,-246.0,21.0,4496.0,-586.0,1193.0,0
-117.0,-189.0,-2.0,3687.0,-921.0,1149.0,0
-90.0,-160.0,-36.0,2716.0,-1144.0,1059.0,0
-54.0,-155.0,-56.0,1660.0,-1265.0,905.0,0
-6.0,-172.0,-55.0,580.0,-1296.0,768.0,0
29.0,-203.0,-41.0,-441.0,-1249.0,691.0,0
50.0,-241.0,-15.0,-1302.0,-1130.0,685.0,0
52.0,-268.0,25.0,-1926.0,-976.0,752.0,0
50.0,-298.0,65.0,-2262.0,-836.0,861.0,0
40.0,-315.0,98.0,-2329.0,-758.0,982.0,0
35.0,-328.0,128.0,-2175.0,-748.0,1085.0,0
29.0,-332.0,132.0,-1852.0,-784.0,1158.0,0
23.0,-331.0,135.0,-1424.0,-816.0,1205.0,0
26.0,-318.0,131.0,-945.0,-806.0,1220.0,0
35.0,-295.0,125.0,-440.0,-735.0,1211.0,0
45.0,-272.0,114.0,94.0,-614.0,1193.0,0
38.0,-238.0,89.0,606.0,-452.0,1166.0,0
36.0,-200.0,66.0,1052.0,-277.0,1136.0,0
42.0,-173.0,44.0,1435.0,-114.0,1115.0,0
41.0,-136.0,19.0,1750.0,5.0,1087.0,0
49.0,-109.0,-3.0,2006.0,73.0,1046.0,0
55.0,-78.0,-31.0,2207.0,95.0,986.0,0
62.0,-37.0,-60.0,2357.0,56.0,897.0,0
61.0,-4.0,-81.0,2441.0,-38.0,776.0,0
54.0,31.0,-105.0,2471.0,-148.0,639.0,0
49.0,65.0,-118.0,2446.0,-234.0,490.0,0
33.0,101.0,-132.0,2342.0,-282.0,335.0,0
15.0,133.0,-147.0,2132.0,-287.0,163.0,0
1.0,154.0,-157.0,1789.0,-265.0,-20.0,0
-2.0,177.0,-178.0,1317.0,-224.0,-212.0,0
-3.0,191.0,-188.0,715.0,-185.0,-357.0,0
-1.0,190.0,-187.0,30.0,-183.0,-434.0,0
1.0,175.0,-187.0,-671.0,-263.0,-459.0,0
0.0,151.0,-181.0,-1345.0,-442.0,-450.0,0
11.0,115.0,-171.0,-1979.0,-668.0,-432.0,0
14.0,67.0,-141.0,-2529.0,-870.0,-454.0,0
9.0,22.0,-90.0,-2900.0,-996.0,-519.0,0
2.0,-28.0,-45.0,-2979.0,-1015.0,-604.0,0
-1.0,-76.0,0.0,-2732.0,-948.0,-695.0,0
6.0,-119.0,28.0,-2172.0,-787.0,-789.0,0
12.0,-146.0,52.0,-1381.0,-527.0,-883.0,0
35.0,-166.0,60.0,-470.0,-199.0,-956.0,0
49.0,-171.0,61.0,466.0,147.0,-999.0,0
61.0,-163.0,36.0,1344.0,466.0,-1015.0,0
58.0,-164.0,-12.0,2106.0,724.0,-1017.0,0
47.0,-167.0,-57.0,2712.0,881.0,-1003.0,0
31.0,-174.0,-78.0,3163.0,933.0,-972.0,0
28.0,-166.0,-90.0,3433.0,913.0,-907.0,0
-1.0,-157.0,-120.0,3437.0,867.0,-792.0,0
-117.0,-151.0,-125.0,3031.0,736.0,-609.0,0
-260.0,-144.0,-163.0,2178.0,342.0,-310.0,0
-317.0,-160.0,-269.0,985.0,-299.0,195.0,0
-248.0,-201.0,-425.0,-567.0,-925.0,926.0,0
-61.0,-294.0,-525.0,-2627.0,-1280.0,1671.0,0
105.0,-486.0,-678.0,-5139.0,-1328.0,2140.0,0
98.0,-703.0,-802.0,-8006.0,-882.0,2349.0,0
-4.0,-1013.0,-707.0,-10541.0,138.0,2652.0,0
-69.0,-1252.0,-426.0,-11746.0,1053.0,3173.0,0
-95.0,-1297.0,-187.0,-10818.0,1067.0,3268.0,0
-149.0,-1209.0,-53.0,-7912.0,279.0,2454.0,0
-171.0,-1111.0,33.0,-3942.0,-684.0,1254.0,0
-111.0,-1035.0,107.0,44.0,-1312.0,418.0,0
-2.0,-948.0,152.0,3310.0,-1431.0,123.0,0
55.0,-826.0,159.0,5470.0,-1158.0,144.0,0
52.0,-667.0,151.0,6392.0,-738.0,220.0,0
20.0,-507.0,143.0,6799.0,-361.0,135.0,0
-10.0,-353.0,122.0,6753.0,-131.0,-178.0,0
-21.0,-225.0,89.0,6506.0,-72.0,-650.0,0
-26.0,-123.0,61.0,6096.0,-141.0,-1190.0,0
-50.0,-45.0,27.0,5409.0,-300.0,-1612.0,0
-71.0,11.0,6.0,4383.0,-446.0,-1741.0,0
-93.0,17.0,-19.0,3136.0,-544.0,-1586.0,0
-81.0,-21.0,-33.0,1777.0,-557.0,-1158.0,0
-19.0,-75.0,-13.0,383.0,-438.0,-615.0,0
45.0,-159.0,20.0,-962.0,-276.0,-136.0,0
76.0,-234.0,62.0,-2209.0,-176.0,148.0,0
93.0,-291.0,90.0,-3295.0,-168.0,247.0,0
112.0,-351.0,105.0,-4176.0,-252.0,246.0,0
139.0,-403.0,106.0,-4818.0,-364.0,211.0,0
180.0,-449.0,98.0,-5163.0,-430.0,157.0,0
200.0,-486.0,85.0,-5181.0,-400.0,95.0,0
217.0,-507.0,73.0,-4913.0,-265.0,38.0,0
209.0,-516.0,71.0,-4398.0,-67.0,-33.0,0
194.0,-523.0,57.0,-3675.0,134.0,-141.0,0
171.0,-511.0,37.0,-2811.0,290.0,-292.0,0
144.0,-493.0,19.0,-1872.0,400.0,-461.0,0
115.0,-453.0,3.0,-894.0,485.0,-618.0,0
91.0,-413.0,-8.0,90.0,547.0,-735.0,0
75.0,-364.0,-21.0,1038.0,584.0,-825.0,0
63.0,-311.0,-42.0,1892.0,595.0,-924.0,0
50.0,-250.0,-47.0,2609.0,589.0,-1023.0,0
36.0,-190.0,-57.0,3184.0,577.0,-1106.0,0
24.0,-130.0,-65.0,3623.0,561.0,-1154.0,0
13.0,-72.0,-64.0,3914.0,541.0,-1153.0,0
1.0,-4.0,-63.0,4050.0,509.0,-1104.0,0
-11.0,58.0,-68.0,4039.0,448.0,-1004.0,0
-21.0,112.0,-80.0,3886.0,345.0,-857.0,0
-28.0,151.0,-89.0,3587.0,197.0,-673.0,0
-46.0,189.0,-100.0,3144.0,16.0,-474.0,0
-63.0,203.0,-117.0,2585.0,-159.0,-259.0,0
-73.0,208.0,-138.0,1921.0,-313.0,-42.0,0
-73.0,193.0,-151.0,1175.0,-434.0,161.0,0
-81.0,177.0,-165.0,402.0,-522.0,337.0,0
-76.0,142.0,-167.0,-335.0,-570.0,493.0,0
-63.0,100.0,-157.0,-971.0,-581.0,622.0,0
-58.0,61.0,-127.0,-1459.0,-568.0,690.0,0
-58.0,28.0,-87.0,-1757.0,-540.0,697.0,0
-59.0,-7.0,-54.0,-1834.0,-494.0,671.0,0
-61.0,-37.0,-16.0,-1699.0,-429.0,631.0,0
-63.0,-63.0,-4.0,-1379.0,-351.0,582.0,0
-71.0,-92.0,-3.0,-921.0,-267.0,519.0,0
-87.0,-119.0,-30.0,-384.0,-194.0,443.0,0
-90.0,-134.0,-62.0,166.0,-156.0,371.0,0
-56.0,-147.0,-87.0,671.0,-132.0,326.0,0
40.0,-166.0,-106.0,1093.0,-53.0,297.0,0
137.0,-185.0,-102.0,1440.0,117.0,229.0,0
189.0,-194.0,-77.0,1709.0,312.0,95.0,0
193.0,-202.0,-84.0,1855.0,353.0,-90.0,0
155.0,-210.0,-146.0,1783.0,166.0,-340.0,0
34.0,-196.0,-226.0,1429.0,-64.0,-591.0,0
5.0,-226.0,-294.0,749.0,-105.0,-776.0,0
59.0,-277.0,-353.0,-339.0,128.0,-965.0,0
135.0,-339.0,-390.0,-1815.0,527.0,-1244.0,0
190.0,-430.0,-406.0,-3494.0,895.0,-1582.0,0
204.0,-556.0,-451.0,-5227.0,1046.0,-1877.0,0
148.0,-734.0,-475.0,-6906.0,1036.0,-2095.0,0
59.0,-899.0,-434.0,-8321.0,1151.0,-2224.0,0
-34.0,-1044.0,-240.0,-9071.0,1485.0,-2086.0,0
-40.0,-1160.0,-33.0,-8654.0,1760.0,-1526.0,0
-19.0,-1222.0,79.0,-7005.0,1694.0,-824.0,0
-16.0,-1221.0,118.0,-4508.0,1391.0,-291.0,0
-15.0,-1129.0,123.0,-1704.0,1063.0,42.0,0
-20.0,-971.0,117.0,1022.0,833.0,224.0,0
-25.0,-799.0,100.0,2961.0,708.0,283.0,0
-33.0,-613.0,82.0,4860.0,624.0,315.0,0
-33.0,-447.0,47.0,6048.0,541.0,372.0,0
-30.0,-320.0,9.0,6501.0,411.0,430.0,0
-19.0,-209.0,-16.0,6312.0,252.0,502.0,0
-11.0,-131.0,-27.0,5657.0,43.0,587.0,0
-17.0,-80.0,-35.0,4675.0,-225.0,733.0,0
-21.0,-69.0,-42.0,3484.0,-512.0,914.0,0
-19.0,-86.0,-46.0,2185.0,-756.0,1106.0,0
-5.0,-127.0,-50.0,840.0,-919.0,1259.0,0
9.0,-175.0,-42.0,-466.0,-973.0,1316.0,0
26.0,-222.0,-21.0,-1641.0,-915.0,1305.0,0
27.0,-271.0,14.0,-2583.0,-778.0,1272.0,0
28.0,-316.0,48.0,-3206.0,-603.0,1263.0,0
18.0,-355.0,65.0,-3460.0,-429.0,1303.0,0
13.0,-386.0,76.0,-3379.0,-282.0,1359.0,0
0.0,-412.0,72.0,-3041.0,-170.0,1386.0,0
-9.0,-417.0,71.0,-2512.0,-84.0,1375.0,0
-16.0,-404.0,66.0,-1851.0,-8.0,1328.0,0
-2.0,-382.0,67.0,-1129.0,82.0,1244.0,0
2.0,-341.0,56.0,-388.0,192.0,1124.0,0
13.0,-296.0,47.0,317.0,328.0,973.0,0
28.0,-244.0,39.0,932.0,483.0,799.0,0
47.0,-185.0,26.0,1431.0,641.0,594.0,0
63.0,-125.0,9.0,1799.0,777.0,360.0,0
69.0,-61.0,-5.0,2030.0,871.0,123.0,0
74.0,-2.0,-24.0,2124.0,899.0,-82.0,0
66.0,52.0,-43.0,2084.0,856.0,-244.0,0
54.0,98.0,-61.0,1920.0,753.0,-364.0,0
36.0,137.0,-79.0,1648.0,605.0,-456.0,0
31.0,162.0,-99.0,1305.0,419.0,-523.0,0
31.0,178.0,-122.0,920.0,219.0,-594.0,0
28.0,185.0,-141.0,522.0,38.0,-676.0,0
16.0,173.0,-159.0,126.0,-113.0,-750.0,0
-2.0,147.0,-177.0,-252.0,-231.0,-795.0,0
-17.0,111.0,-184.0,-593.0,-325.0,-797.0,0
-28.0,74.0,-186.0,-880.0,-401.0,-780.0,0
-37.0,29.0,-172.0,-1077.0,-463.0,-755.0,0
-44.0,-8.0,-157.0,-1164.0,-510.0,-736.0,0
-40.0,-46.0,-135.0,-1111.0,-537.0,-727.0,0
-44.0,-65.0,-117.0,-912.0,-532.0,-731.0,0
-34.0,-83.0,-95.0,-585.0,-487.0,-733.0,0
-24.0,-91.0,-74.0,-168.0,-397.0,-719.0,0
-20.0,-88.0,-66.0,287.0,-270.0,-709.0,0
-19.0,-79.0,-57.0,731.0,-117.0,-703.0,0
-12.0,-70.0,-65.0,1122.0,46.0,-702.0,0
-15.0,-57.0,-71.0,1449.0,190.0,-706.0,0
-23.0,-53.0,-70.0,1715.0,302.0,-700.0,0
-45.0,-55.0,-50.0,1892.0,400.0,-670.0,0
-63.0,-59.0,-25.0,1936.0,522.0,-597.0,0
-91.0,-65.0,-19.0,1823.0,673.0,-468.0,0
-135.0,-87.0,-59.0,1512.0,769.0,-279.0,0
-156.0,-114.0,-137.0,990.0,716.0,17.0,0
-129.0,-156.0,-226.0,271.0,513.0,451.0,0
-42.0,-232.0,-307.0,-593.0,250.0,968.0,0
55.0,-313.0,-372.0,-1551.0,9.0,1442.0,0
125.0,-403.0,-433.0,-2661.0,-139.0,1809.0,0
139.0,-483.0,-493.0,-4048.0,-165.0,2105.0,0
111.0,-625.0,-518.0,-5617.0,4.0,2421.0,0
78.0,-814.0,-463.0,-7013.0,319.0,2821.0,0
66.0,-1067.0,-363.0,-7756.0,402.0,3069.0,0
46.0,-1173.0,-300.0,-7496.0,34.0,2710.0,0
-31.0,-1075.0,-153.0,-6272.0,-514.0,1692.0,0
-51.0,-961.0,2.0,-4151.0,-889.0,704.0,0
-11.0,-882.0,103.0,-1614.0,-973.0,234.0,0
22.0,-825.0,139.0,729.0,-829.0,89.0,0
18.0,-754.0,113.0,2524.0,-565.0,-69.0,0
1.0,-656.0,67.0,3676.0,-280.0,-331.0,0
-15.0,-545.0,31.0,4258.0,-29.0,-631.0,0
-34.0,-423.0,2.0,4438.0,177.0,-912.0,0
-37.0,-313.0,-1.0,4429.0,317.0,-1131.0,0
-54.0,-218.0,-1.0,4222.0,355.0,-1275.0,0
-73.0,-160.0,-10.0,3831.0,300.0,-1295.0,0
-79.0,-134.0,-17.0,3220.0,173.0,-1179.0,0
-67.0,-136.0,-31.0,2367.0,58.0,-1035.0,0
-20.0,-165.0,-47.0,1301.0,21.0,-835.0,0
36.0,-207.0,-44.0,74.0,57.0,-655.0,0
78.0,-254.0,-27.0,-1214.0,150.0,-511.0,0
113.0,-308.0,7.0,-2444.0,297.0,-361.0,0
130.0,-374.0,35.0,-3497.0,453.0,-200.0,0
148.0,-446.0,52.0,-4282.0,559.0,-29.0,0
149.0,-516.0,66.0,-4734.0,584.0,136.0,0
154.0,-580.0,83.0,-4797.0,537.0,241.0,0
146.0,-606.0,72.0,-4450.0,446.0,245.0,0
131.0,-600.0,69.0,-3752.0,349.0,146.0,0
110.0,-573.0,63.0,-2784.0,256.0,-37.0,0
79.0,-513.0,40.0,-1630.0,152.0,-265.0,0
51.0,-469.0,29.0,-412.0,26.0,-495.0,0
39.0,-401.0,16.0,745.0,-120.0,-682.0,0
22.0,-336.0,4.0,1779.0,-276.0,-817.0,0
10.0,-266.0,-10.0,2660.0,-429.0,-914.0,0
-10.0,-204.0,-28.0,3351.0,-561.0,-984.0,0
-36.0,-141.0,-37.0,3805.0,-644.0,-1003.0,0
-46.0,-82.0,-42.0,4008.0,-662.0,-961.0,0
-42.0,-24.0,-44.0,3977.0,-606.0,-885.0,0
-38.0,23.0,-47.0,3756.0,-484.0,-805.0,0
-33.0,68.0,-57.0,3384.0,-303.0,-739.0,0
-27.0,100.0,-61.0,2896.0,-85.0,-690.0,0
-25.0,128.0,-62.0,2327.0,141.0,-646.0,0
-25.0,144.0,-58.0,1725.0,325.0,-592.0,0
-30.0,153.0,-61.0,1126.0,422.0,-524.0,0
-29.0,153.0,-57.0,546.0,440.0,-418.0,0
-33.0,142.0,-56.0,15.0,391.0,-267.0,0
-30.0,122.0,-57.0,-429.0,300.0,-85.0,0
-22.0,93.0,-62.0,-760.0,179.0,114.0,0
-23.0,60.0,-80.0,-966.0,41.0,307.0,0
-8.0,18.0,-92.0,-1057.0,-90.0,490.0,0
12.0,-9.0,-101.0,-1031.0,-205.0,630.0,0
19.0,-34.0,-96.0,-876.0,-301.0,696.0,0
15.0,-48.0,-83.0,-614.0,-371.0,727.0,0
17.0,-62.0,-77.0,-265.0,-414.0,742.0,0
15.0,-70.0,-60.0,141.0,-432.0,733.0,0
21.0,-80.0,-40.0,575.0,-428.0,699.0,0
21.0,-89.0,-36.0,1006.0,-402.0,644.0,0
15.0,-90.0,-32.0,1402.0,-354.0,571.0,0
5.0,-97.0,-54.0,1735.0,-292.0,486.0,0
-7.0,-100.0,-94.0,1978.0,-226.0,394.0,0
-7.0,-92.0,-140.0,2094.0,-164.0,306.0,0
50.0,-96.0,-183.0,2060.0,-93.0,235.0,0
155.0,-113.0,-217.0,1896.0,56.0,172.0,0
212.0,-126.0,-220.0,1638.0,303.0,82.0,0
241.0,-156.0,-213.0,1347.0,505.0,-53.0,0
223.0,-192.0,-219.0,1014.0,493.0,-278.0,0
134.0,-226.0,-244.0,541.0,262.0,-578.0,0
62.0,-257.0,-289.0,-123.0,54.0,-875.0,0
48.0,-303.0,-329.0,-951.0,114.0,-1116.0,0
82.0,-350.0,-360.0,-1916.0,476.0,-1319.0,0
126.0,-414.0,-365.0,-2973.0,1020.0,-1539.0,0
137.0,-495.0,-344.0,-4028.0,1584.0,-1818.0,0
94.0,-587.0,-318.0,-5000.0,2043.0,-2172.0,0
-21.0,-709.0,-240.0,-5794.0,2340.0,-2505.0,0
-99.0,-811.0,-128.0,-6234.0,2447.0,-2593.0,0
-110.0,-901.0,-30.0,-6129.0,2299.0,-2284.0,0
-74.0,-973.0,26.0,-5403.0,1907.0,-1621.0,0
-55.0,-999.0,49.0,-4108.0,1430.0,-829.0,0
-57.0,-972.0,74.0,-2402.0,1059.0,-78.0,0
-63.0,-898.0,89.0,-475.0,837.0,513.0,0
-81.0,-780.0,90.0,1419.0,686.0,841.0,0
-90.0,-652.0,74.0,3005.0,508.0,936.0,0
-85.0,-523.0,59.0,3928.0,256.0,941.0,0
-79.0,-406.0,30.0,4619.0,-57.0,956.0,0
-69.0,-308.0,9.0,4827.0,-388.0,998.0,0
-57.0,-236.0,-8.0,4651.0,-637.0,1067.0,0
-50.0,-191.0,-26.0,4196.0,-910.0,1173.0,0
-43.0,-164.0,-40.0,3504.0,-1106.0,1294.0,0
-36.0,-162.0,-48.0,2596.0,-1215.0,1393.0,0
-30.0,-185.0,-47.0,1516.0,-1250.0,1416.0,0
-12.0,-221.0,-50.0,333.0,-1207.0,1323.0,0
5.0,-273.0,-33.0,-847.0,-1061.0,1117.0,0
24.0,-322.0,-2.0,-1898.0,-815.0,887.0,0
35.0,-363.0,41.0,-2695.0,-507.0,734.0,0
40.0,-403.0,78.0,-3163.0,-203.0,692.0,0
36.0,-440.0,108.0,-3309.0,22.0,726.0,0
30.0,-461.0,136.0,-3181.0,131.0,809.0,0
23.0,-478.0,149.0,-2835.0,128.0,906.0,0
20.0,-479.0,147.0,-2335.0,58.0,995.0,0
22.0,-467.0,142.0,-1740.0,-32.0,1080.0,0
23.0,-432.0,143.0,-1080.0,-115.0,1153.0,0
25.0,-390.0,133.0,-342.0,-185.0,1217.0,0
28.0,-350.0,111.0,417.0,-231.0,1284.0,0
26.0,-303.0,86.0,1121.0,-237.0,1345.0,0
30.0,-258.0,59.0,1711.0,-211.0,1385.0,0
31.0,-220.0,24.0,2170.0,-179.0,1394.0,0
35.0,-186.0,7.0,2504.0,-166.0,1372.0,0
38.0,-144.0,-16.0,2720.0,-203.0,1320.0,0
48.0,-104.0,-48.0,2824.0,-286.0,1241.0,0
62.0,-65.0,-77.0,2833.0,-386.0,1134.0,0
70.0,-20.0,-106.0,2761.0,-474.0,996.0,0
84.0,33.0,-130.0,2616.0,-545.0,834.0,0
87.0,83.0,-148.0,2405.0,-577.0,657.0,0
86.0,127.0,-162.0,2132.0,-560.0,464.0,0
70.0,165.0,-175.0,1773.0,-480.0,254.0,0
63.0,194.0,-182.0,1311.0,-357.0,38.0,0
53.0,211.0,-189.0,753.0,-252.0,-198.0,0
33.0,214.0,-191.0,122.0,-201.0,-416.0,0
19.0,205.0,-198.0,-533.0,-223.0,-574.0,0
22.0,185.0,-196.0,-1154.0,-315.0,-679.0,0
21.0,145.0,-191.0,-1696.0,-451.0,-758.0,0
2.0,98.0,-179.0,-2134.0,-591.0,-833.0,0
-3.0,48.0,-152.0,-2436.0,-688.0,-881.0,0
-12.0,6.0,-126.0,-2545.0,-725.0,-908.0,0
-8.0,-31.0,-95.0,-2422.0,-699.0,-924.0,0
-3.0,-60.0,-80.0,-2079.0,-595.0,-947.0,0
2.0,-88.0,-55.0,-1556.0,-421.0,-975.0,0
10.0,-108.0,-40.0,-933.0,-196.0,-1003.0,0
10.0,-119.0,-30.0,-290.0,32.0,-1019.0,0
6.0,-129.0,-43.0,316.0,230.0,-1012.0,0
-10.0,-139.0,-62.0,875.0,352.0,-979.0,0
-50.0,-152.0,-56.0,1386.0,380.0,-907.0,0
-92.0,-156.0,-39.0,1830.0,344.0,-787.0,0
-137.0,-168.0,-31.0,2153.0,288.0,-598.0,0
-208.0,-192.0,-43.0,2293.0,212.0,-326.0,0
-290.0,-230.0,-63.0,2202.0,80.0,81.0,0
-314.0,-275.0,-118.0,1900.0,-107.0,645.0,0
-242.0,-329.0,-179.0,1503.0,-275.0,1305.0,0
-111.0,-389.0,-218.0,1078.0,-348.0,1926.0,0
-14.0,-443.0,-235.0,468.0,-272.0,2381.0,0
22.0,-493.0,-252.0,-576.0,-21.0,2650.0,0
3.0,-571.0,-351.0,-2054.0,463.0,2807.0,0
-10.0,-725.0,-426.0,-3738.0,1174.0,3005.0,0
19.0,-885.0,-448.0,-5288.0,1714.0,3177.0,0
-28.0,-959.0,-389.0,-6352.0,1551.0,2881.0,0
-120.0,-913.0,-208.0,-6445.0,726.0,2087.0,0
-132.0,-821.0,-39.0,-5148.0,-312.0,1171.0,0
-69.0,-747.0,70.0,-2799.0,-1127.0,505.0,0
32.0,-693.0,112.0,-217.0,-1482.0,167.0,0
118.0,-632.0,117.0,1900.0,-1393.0,-46.0,0
152.0,-546.0,107.0,3261.0,-1031.0,-303.0,0
135.0,-444.0,81.0,3934.0,-606.0,-590.0,0
82.0,-345.0,66.0,4132.0,-350.0,-771.0,0
37.0,-266.0,49.0,4119.0,-329.0,-785.0,0
4.0,-214.0,20.0,3874.0,-436.0,-740.0,0
-9.0,-185.0,5.0,3402.0,-515.0,-776.0,0
-22.0,-161.0,-20.0,2683.0,-516.0,-925.0,0
-27.0,-150.0,-22.0,1724.0,-366.0,-1083.0,0
-37.0,-154.0,-20.0,616.0,-89.0,-1140.0,0
-56.0,-193.0,-6.0,-526.0,241.0,-1080.0,0
-65.0,-249.0,7.0,-1602.0,543.0,-893.0,0
-54.0,-313.0,32.0,-2542.0,751.0,-653.0,0
-43.0,-375.0,64.0,-3299.0,822.0,-459.0,0
-29.0,-427.0,90.0,-3867.0,776.0,-342.0,0
-1.0,-473.0,111.0,-4235.0,665.0,-264.0,0
32.0,-517.0,129.0,-4381.0,527.0,-202.0,0
79.0,-551.0,140.0,-4289.0,394.0,-122.0,0
128.0,-572.0,149.0,-3946.0,304.0,-71.0,0
160.0,-577.0,137.0,-3401.0,281.0,-115.0,0
182.0,-547.0,108.0,-2749.0,306.0,-239.0,0
168.0,-507.0,86.0,-2022.0,345.0,-388.0,0
154.0,-457.0,62.0,-1228.0,373.0,-553.0,0
139.0,-408.0,45.0,-418.0,372.0,-738.0,0
121.0,-349.0,30.0,349.0,321.0,-931.0,0
111.0,-289.0,18.0,1037.0,216.0,-1127.0,0
96.0,-233.0,4.0,1633.0,76.0,-1336.0,0
74.0,-174.0,-7.0,2125.0,-57.0,-1539.0,0
49.0,-126.0,-32.0,2472.0,-141.0,-1693.0,0
28.0,-86.0,-49.0,2630.0,-118.0,-1722.0,0
14.0,-55.0,-65.0,2607.0,-6.0,-1630.0,0
5.0,-27.0,-77.0,2416.0,164.0,-1471.0,0
-1.0,4.0,-79.0,2101.0,357.0,-1285.0,0
-15.0,31.0,-80.0,1752.0,533.0,-1116.0,0
-25.0,61.0,-76.0,1437.0,643.0,-978.0,0
-42.0,87.0,-74.0,1178.0,649.0,-853.0,0
-67.0,110.0,-75.0,952.0,530.0,-706.0,0
-87.0,129.0,-72.0,727.0,332.0,-509.0,0
-99.0,137.0,-72.0,506.0,103.0,-255.0,0
-93.0,129.0,-76.0,314.0,-108.0,39.0,0
-72.0,119.0,-90.0,156.0,-276.0,333.0,0
-43.0,87.0,-99.0,38.0,-409.0,590.0,0
-14.0,59.0,-101.0,-51.0,-532.0,768.0,0
-8.0,31.0,-108.0,-115.0,-638.0,850.0,0
-13.0,11.0,-107.0,-148.0,-696.0,868.0,0
-14.0,-8.0,-95.0,-129.0,-692.0,859.0,0
-16.0,-28.0,-82.0,-47.0,-641.0,827.0,0
-17.0,-47.0,-62.0,90.0,-553.0,774.0,0
-16.0,-62.0,-47.0,279.0,-438.0,694.0,0
-20.0,-81.0,-39.0,516.0,-300.0,595.0,0
-31.0,-100.0,-47.0,790.0,-153.0,491.0,0
-55.0,-115.0,-68.0,1087.0,-17.0,396.0,0
-68.0,-125.0,-81.0,1373.0,69.0,324.0,0
-22.0,-129.0,-91.0,1605.0,114.0,288.0,0
87.0,-145.0,-92.0,1766.0,192.0,271.0,0
211.0,-169.0,-79.0,1861.0,363.0,210.0,0
268.0,-169.0,-78.0,1896.0,564.0,52.0,0
268.0,-171.0,-153.0,1811.0,608.0,-204.0,0
200.0,-165.0,-264.0,1441.0,422.0,-546.0,0
127.0,-177.0,-354.0,721.0,214.0,-889.0,0
127.0,-227.0,-424.0,-360.0,212.0,-1179.0,0
192.0,-310.0,-478.0,-1731.0,495.0,-1486.0,0
247.0,-395.0,-531.0,-3200.0,977.0,-1819.0,0
259.0,-497.0,-581.0,-4660.0,1456.0,-2098.0,0
194.0,-611.0,-613.0,-6096.0,1842.0,-2285.0,0
57.0,-710.0,-562.0,-7422.0,2196.0,-2330.0,0
-82.0,-815.0,-401.0,-8331.0,2444.0,-2097.0,0
-149.0,-983.0,-119.0,-8393.0,2409.0,-1543.0,0
-157.0,-1081.0,-2.0,-7372.0,2061.0,-831.0,0
-170.0,-1127.0,41.0,-5513.0,1596.0,-169.0,0
-192.0,-1106.0,74.0,-3255.0,1222.0,355.0,0
-210.0,-1008.0,106.0,-932.0,1005.0,711.0,0
-214.0,-864.0,128.0,1257.0,865.0,887.0,0
-207.0,-716.0,118.0,2813.0,689.0,927.0,0
-183.0,-573.0,80.0,4382.0,447.0,890.0,0
-170.0,-450.0,29.0,5401.0,166.0,798.0,0
-171.0,-338.0,-13.0,5825.0,-61.0,695.0,0
-165.0,-255.0,-54.0,5714.0,-347.0,653.0,0
-146.0,-202.0,-98.0,5180.0,-640.0,687.0,0
-116.0,-185.0,-124.0,4321.0,-914.0,736.0,0
-71.0,-185.0,-135.0,3251.0,-1143.0,799.0,0
-18.0,-194.0,-126.0,2077.0,-1280.0,846.0,0
31.0,-213.0,-103.0,906.0,-1301.0,873.0,0
67.0,-254.0,-65.0,-168.0,-1205.0,889.0,0
89.0,-304.0,-18.0,-1101.0,-1011.0,901.0,0
90.0,-361.0,46.0,-1854.0,-752.0,917.0,0
84.0,-405.0,108.0,-2356.0,-472.0,960.0,0
78.0,-457.0,154.0,-2574.0,-227.0,1017.0,0
66.0,-503.0,185.0,-2559.0,-67.0,1056.0,0
66.0,-538.0,204.0,-2372.0,18.0,1077.0,0
61.0,-560.0,204.0,-2043.0,32.0,1059.0,0
49.0,-562.0,194.0,-1600.0,-2.0,1017.0,0
47.0,-543.0,187.0,-1071.0,-44.0,966.0,0
37.0,-505.0,192.0,-450.0,-70.0,923.0,0
24.0,-453.0,180.0,269.0,-72.0,902.0,0
6.0,-389.0,165.0,1048.0,-62.0,908.0,0
1.0,-324.0,145.0,1817.0,-65.0,954.0,0
1.0,-258.0,108.0,2529.0,-92.0,1023.0,0
20.0,-196.0,64.0,3128.0,-151.0,1098.0,0
49.0,-139.0,14.0,3574.0,-229.0,1131.0,0
88.0,-80.0,-42.0,3831.0,-300.0,1092.0,0
123.0,-19.0,-104.0,3890.0,-322.0,967.0,0
150.0,44.0,-156.0,3740.0,-290.0,793.0,0
161.0,101.0,-206.0,3421.0,-207.0,596.0,0
171.0,160.0,-232.0,3011.0,-64.0,386.0,0
160.0,200.0,-257.0,2578.0,101.0,171.0,0
144.0,232.0,-267.0,2111.0,255.0,-58.0,0
117.0,247.0,-273.0,1574.0,359.0,-309.0,0
85.0,256.0,-281.0,944.0,396.0,-578.0,0
53.0,250.0,-293.0,247.0,356.0,-827.0,0
24.0,218.0,-291.0,-475.0,230.0,-1034.0,0
5.0,164.0,-294.0,-1164.0,68.0,-1211.0,0
-33.0,139.0,-254.0,-1800.0,-105.0,-1368.0,0
-50.0,87.0,-229.0,-2281.0,-287.0,-1426.0,0
-62.0,27.0,-175.0,-2593.0,-438.0,-1431.0,0
-63.0,-35.0,-102.0,-2637.0,-496.0,-1420.0,0
-70.0,-84.0,-55.0,-2383.0,-471.0,-1393.0,0
-63.0,-105.0,-19.0,-1900.0,-399.0,-1362.0,0
-56.0,-108.0,8.0,-1274.0,-278.0,-1340.0,0
-41.0,-100.0,41.0,-589.0,-122.0,-1299.0,0
-24.0,-94.0,67.0,99.0,37.0,-1229.0,0
0.0,-93.0,81.0,742.0,184.0,-1157.0,0
13.0,-96.0,63.0,1291.0,318.0,-1086.0,0
29.0,-109.0,9.0,1721.0,416.0,-1006.0,0
32.0,-125.0,-40.0,2031.0,440.0,-914.0,0
1.0,-132.0,-54.0,2269.0,385.0,-825.0,0
-58.0,-142.0,-11.0,2446.0,314.0,-707.0,0
-150.0,-162.0,58.0,2559.0,286.0,-506.0,0
-256.0,-198.0,82.0,2558.0,267.0,-172.0,0
-342.0,-243.0,19.0,2302.0,152.0,336.0,0
-359.0,-297.0,-132.0,1583.0,-164.0,1039.0,0
-315.0,-357.0,-341.0,327.0,-702.0,1853.0,0
-258.0,-418.0,-532.0,-1259.0,-1308.0,2597.0,0
-194.0,-501.0,-653.0,-2864.0,-1736.0,3146.0,0
-149.0,-599.0,-708.0,-4424.0,-1928.0,3452.0,0
-128.0,-697.0,-757.0,-5907.0,-1886.0,3581.0,0
-93.0,-840.0,-685.0,-7011.0,-1508.0,3592.0,0
-18.0,-998.0,-525.0,-7288.0,-996.0,3316.0,0
28.0,-1081.0,-265.0,-6725.0,-931.0,2468.0,0
8.0,-1022.0,-3.0,-5422.0,-1329.0,1250.0,0
16.0,-930.0,182.0,-3507.0,-1602.0,214.0,0
94.0,-850.0,261.0,-1338.0,-1293.0,-404.0,0
160.0,-768.0,281.0,641.0,-444.0,-771.0,0
153.0,-652.0,263.0,2191.0,437.0,-1012.0,0
128.0,-528.0,220.0,3342.0,945.0,-1109.0,0
124.0,-409.0,145.0,4181.0,1031.0,-1121.0,0
119.0,-288.0,75.0,4677.0,837.0,-1118.0,0
111.0,-188.0,12.0,4769.0,518.0,-1067.0,0
101.0,-110.0,-34.0,4549.0,171.0,-924.0,0
87.0,-73.0,-87.0,4047.0,-181.0,-736.0,0
71.0,-73.0,-140.0,3281.0,-515.0,-559.0,0
64.0,-88.0,-165.0,2234.0,-712.0,-382.0,0
69.0,-127.0,-157.0,988.0,-794.0,-184.0,0
69.0,-180.0,-115.0,-353.0,-642.0,5.0,0
62.0,-243.0,-44.0,-1672.0,-279.0,102.0,0
63.0,-326.0,20.0,-2852.0,207.0,172.0,0
78.0,-428.0,69.0,-3797.0,710.0,174.0,0
90.0,-530.0,101.0,-4461.0,1106.0,99.0,0
88.0,-618.0,132.0,-4818.0,1341.0,-25.0,0
85.0,-680.0,147.0,-4803.0,1434.0,-136.0,0
81.0,-716.0,147.0,-4384.0,1436.0,-226.0,0
83.0,-724.0,127.0,-3602.0,1398.0,-337.0,0
93.0,-711.0,96.0,-2543.0,1361.0,-494.0,0
104.0,-656.0,59.0,-1323.0,1326.0,-685.0,0
113.0,-594.0,28.0,-60.0,1268.0,-882.0,0
110.0,-516.0,3.0,1130.0,1167.0,-1060.0,0
101.0,-426.0,-18.0,2161.0,1035.0,-1202.0,0
92.0,-339.0,-28.0,2993.0,894.0,-1327.0,0
66.0,-235.0,-60.0,3597.0,764.0,-1455.0,0
36.0,-139.0,-66.0,3953.0,653.0,-1574.0,0
-4.0,-57.0,-65.0,4079.0,558.0,-1649.0,0
-41.0,20.0,-70.0,3993.0,471.0,-1651.0,0
-67.0,83.0,-73.0,3700.0,397.0,-1585.0,0
-86.0,134.0,-80.0,3235.0,334.0,-1463.0,0
-100.0,173.0,-88.0,2644.0,275.0,-1314.0,0
-111.0,196.0,-82.0,1975.0,209.0,-1163.0,0
-116.0,211.0,-85.0,1290.0,124.0,-1004.0,0
-117.0,213.0,-89.0,621.0,28.0,-827.0,0
-123.0,196.0,-85.0,-2.0,-71.0,-624.0,0
-133.0,173.0,-85.0,-568.0,-155.0,-389.0,0
-137.0,134.0,-82.0,-1054.0,-221.0,-116.0,0
-121.0,83.0,-78.0,-1431.0,-278.0,161.0,0
-86.0,29.0,-81.0,-1698.0,-342.0,389.0,0
-62.0,-11.0,-81.0,-1840.0,-411.0,522.0,0
-51.0,-36.0,-69.0,-1814.0,-442.0,591.0,0
-38.0,-56.0,-66.0,-1619.0,-409.0,642.0,0
-18.0,-71.0,-59.0,-1290.0,-325.0,688.0,0
1.0,-90.0,-50.0,-866.0,-219.0,713.0,0
11.0,-104.0,-38.0,-381.0,-113.0,715.0,0
21.0,-120.0,-29.0,130.0,-24.0,695.0,0
30.0,-127.0,-19.0,636.0,49.0,660.0,0
28.0,-131.0,-15.0,1135.0,112.0,607.0,0
23.0,-134.0,-16.0,1616.0,164.0,538.0,0
12.0,-135.0,-34.0,2046.0,198.0,470.0,0
-13.0,-136.0,-69.0,2399.0,212.0,415.0,0
-20.0,-132.0,-105.0,2626.0,205.0,379.0,0
33.0,-132.0,-145.0,2690.0,190.0,357.0,0
161.0,-142.0,-169.0,2562.0,208.0,328.0,0
238.0,-151.0,-147.0,2260.0,304.0,252.0,0
263.0,-168.0,-129.0,1860.0,390.0,78.0,0
239.0,-189.0,-137.0,1388.0,331.0,-230.0,0
153.0,-220.0,-194.0,747.0,58.0,-576.0,0
128.0,-276.0,-286.0,-180.0,-314.0,-864.0,0
168.0,-345.0,-360.0,-1390.0,-513.0,-1127.0,0
223.0,-419.0,-419.0,-2703.0,-289.0,-1406.0,0
236.0,-508.0,-462.0,-3973.0,350.0,-1660.0,0
198.0,-625.0,-476.0,-5206.0,1133.0,-1867.0,0
54.0,-750.0,-397.0,-6372.0,1796.0,-2067.0,0
-105.0,-847.0,-230.0,-7187.0,2162.0,-2139.0,0
-183.0,-946.0,-51.0,-7244.0,2166.0,-1890.0,0
-187.0,-1071.0,79.0,-6325.0,1894.0,-1328.0,0
-152.0,-1141.0,102.0,-4636.0,1511.0,-682.0,0
-113.0,-1076.0,99.0,-2587.0,1209.0,-165.0,0
-92.0,-931.0,126.0,-359.0,1104.0,98.0,0
-114.0,-771.0,129.0,1445.0,1119.0,169.0,0
-136.0,-625.0,131.0,3443.0,1111.0,224.0,0
-149.0,-482.0,127.0,4895.0,998.0,326.0,0
-156.0,-360.0,112.0,5721.0,816.0,434.0,0
-153.0,-259.0,92.0,5970.0,454.0,540.0,0
-144.0,-174.0,60.0,5752.0,-69.0,676.0,0
-129.0,-123.0,24.0,5168.0,-702.0,870.0,0
-99.0,-102.0,-30.0,4294.0,-1324.0,1051.0,0
-60.0,-98.0,-68.0,3190.0,-1803.0,1245.0,0
-9.0,-108.0,-100.0,1945.0,-2050.0,1353.0,0
31.0,-130.0,-109.0,672.0,-2061.0,1379.0,0
61.0,-168.0,-98.0,-527.0,-1897.0,1346.0,0
74.0,-203.0,-69.0,-1571.0,-1635.0,1299.0,0
71.0,-247.0,-25.0,-2408.0,-1342.0,1266.0,0
64.0,-284.0,26.0,-2993.0,-1046.0,1261.0,0
62.0,-327.0,70.0,-3289.0,-776.0,1275.0,0
52.0,-371.0,105.0,-3308.0,-549.0,1293.0,0
45.0,-397.0,128.0,-3085.0,-385.0,1310.0,0
39.0,-415.0,137.0,-2664.0,-286.0,1314.0,0
29.0,-413.0,139.0,-2091.0,-244.0,1307.0,0
14.0,-398.0,129.0,-1399.0,-240.0,1297.0,0
4.0,-373.0,117.0,-633.0,-270.0,1288.0,0
-2.0,-336.0,100.0,166.0,-326.0,1293.0,0
-1.0,-300.0,77.0,980.0,-400.0,1312.0,0
9.0,-256.0,61.0,1767.0,-491.0,1325.0,0
19.0,-206.0,29.0,2507.0,-599.0,1299.0,0
46.0,-155.0,2.0,3162.0,-710.0,1237.0,0
65.0,-105.0,-37.0,3718.0,-816.0,1149.0,0
92.0,-51.0,-71.0,4133.0,-887.0,1020.0,0
96.0,-1.0,-113.0,4406.0,-907.0,857.0,0
106.0,54.0,-142.0,4515.0,-862.0,684.0,0
95.0,102.0,-178.0,4445.0,-760.0,512.0,0
89.0,128.0,-204.0,4165.0,-624.0,355.0,0
82.0,149.0,-223.0,3687.0,-472.0,211.0,0
72.0,163.0,-253.0,3028.0,-323.0,61.0,0
63.0,173.0,-260.0,2200.0,-213.0,-88.0,0
59.0,178.0,-262.0,1259.0,-177.0,-252.0,0
52.0,180.0,-261.0,305.0,-226.0,-440.0,0
36.0,177.0,-253.0,-562.0,-355.0,-621.0,0
11.0,157.0,-240.0,-1294.0,-546.0,-761.0,0
-20.0,127.0,-228.0,-1913.0,-756.0,-832.0,0
-39.0,87.0,-212.0,-2439.0,-920.0,-819.0,0
-31.0,52.0,-172.0,-2839.0,-986.0,-770.0,0
-11.0,-24.0,-38.0,-2976.0,-922.0,-736.0,0
7.0,-77.0,10.0,-2666.0,-759.0,-735.0,0
20.0,-118.0,50.0,-2054.0,-542.0,-778.0,0
28.0,-142.0,64.0,-1251.0,-269.0,-833.0,0
35.0,-162.0,52.0,-404.0,57.0,-859.0,0
36.0,-173.0,21.0,392.0,396.0,-864.0,0
22.0,-183.0,-2.0,1114.0,698.0,-877.0,0
-6.0,-180.0,0.0,1709.0,932.0,-878.0,0
-25.0,-185.0,27.0,2130.0,1127.0,-820.0,0
-72.0,-198.0,52.0,2338.0,1295.0,-658.0,0
-133.0,-226.0,65.0,2239.0,1396.0,-332.0,0
-159.0,-250.0,57.0,1777.0,1345.0,136.0,0
-137.0,-278.0,24.0,1081.0,1144.0,622.0,0
-47.0,-335.0,-24.0,204.0,914.0,1067.0,0
61.0,-447.0,-167.0,-1086.0,712.0,1393.0,0
64.0,-568.0,-435.0,-3030.0,752.0,1552.0,0
-7.0,-707.0,-660.0,-5580.0,1304.0,1836.0,0
-92.0,-965.0,-664.0,-8321.0,2186.0,2466.0,0
-59.0,-1188.0,-398.0,-10245.0,2754.0,3230.0,0
-117.0,-1144.0,-114.0,-10070.0,2200.0,3271.0,0
-231.0,-1022.0,30.0,-7447.0,670.0,2396.0,0
-265.0,-935.0,64.0,-3447.0,-999.0,1270.0,0
-198.0,-866.0,74.0,503.0,-2056.0,546.0,0
-66.0,-792.0,94.0,3575.0,-2223.0,262.0,0
3.0,-674.0,110.0,5534.0,-1774.0,129.0,0
8.0,-528.0,123.0,6440.0,-1176.0,41.0,0
-10.0,-385.0,119.0,6527.0,-725.0,-57.0,0
-36.0,-274.0,122.0,6232.0,-468.0,-250.0,0
-59.0,-185.0,123.0,5642.0,-340.0,-552.0,0
-65.0,-93.0,121.0,4923.0,-263.0,-922.0,0
-85.0,-24.0,108.0,4100.0,-241.0,-1235.0,0
-105.0,12.0,86.0,3152.0,-298.0,-1333.0,0
-116.0,5.0,61.0,2068.0,-419.0,-1144.0,0
-114.0,-29.0,55.0,870.0,-531.0,-836.0,0
-51.0,-94.0,67.0,-393.0,-571.0,-336.0,0
25.0,-172.0,90.0,-1675.0,-567.0,107.0,0
78.0,-246.0,107.0,-2906.0,-551.0,324.0,0
117.0,-306.0,125.0,-4001.0,-493.0,331.0,0
147.0,-343.0,138.0,-4821.0,-383.0,197.0,0
167.0,-370.0,130.0,-5248.0,-181.0,-5.0,0
174.0,-384.0,112.0,-5259.0,134.0,-187.0,0
167.0,-399.0,89.0,-4924.0,527.0,-324.0,0
152.0,-404.0,70.0,-4371.0,917.0,-437.0,0
139.0,-407.0,55.0,-3664.0,1212.0,-540.0,0
120.0,-401.0,37.0,-2876.0,1369.0,-637.0,0
114.0,-393.0,22.0,-2058.0,1380.0,-735.0,0
104.0,-381.0,-3.0,-1268.0,1289.0,-841.0,0
98.0,-357.0,-17.0,-545.0,1170.0,-933.0,0
81.0,-324.0,-20.0,142.0,1044.0,-1019.0,0
73.0,-279.0,-47.0,799.0,914.0,-1089.0,0
52.0,-235.0,-48.0,1363.0,836.0,-1147.0,0
33.0,-195.0,-53.0,1833.0,766.0,-1161.0,0
15.0,-152.0,-58.0,2213.0,670.0,-1144.0,0
1.0,-107.0,-63.0,2510.0,541.0,-1119.0,0
-10.0,-61.0,-78.0,2700.0,374.0,-1063.0,0
-17.0,-18.0,-84.0,2774.0,166.0,-970.0,0
-28.0,20.0,-94.0,2739.0,-88.0,-822.0,0
-38.0,58.0,-104.0,2601.0,-382.0,-619.0,0
-49.0,77.0,-120.0,2351.0,-680.0,-355.0,0
-45.0,88.0,-129.0,1978.0,-928.0,-57.0,0
-29.0,92.0,-140.0,1511.0,-1099.0,200.0,0
-23.0,88.0,-150.0,992.0,-1176.0,359.0,0
-15.0,80.0,-164.0,442.0,-1157.0,439.0,0
0.0,61.0,-163.0,-130.0,-1037.0,491.0,0
6.0,32.0,-155.0,-693.0,-839.0,530.0,0
13.0,10.0,-122.0,-1190.0,-615.0,543.0,0
13.0,-12.0,-90.0,-1540.0,-400.0,520.0,0
-2.0,-34.0,-55.0,-1693.0,-213.0,470.0,0
-14.0,-57.0,-24.0,-1643.0,-62.0,420.0,0
-15.0,-71.0,-9.0,-1418.0,48.0,391.0,0
5.0,-97.0,-1.0,-1065.0,137.0,387.0,0
44.0,-127.0,0.0,-638.0,237.0,389.0,0
77.0,-161.0,-8.0,-190.0,365.0,369.0,0
121.0,-195.0,-47.0,231.0,494.0,300.0,0
153.0,-231.0,-90.0,587.0,584.0,179.0,0
152.0,-256.0,-148.0,832.0,640.0,23.0,0
96.0,-278.0,-186.0,944.0,714.0,-152.0,0
-9.0,-300.0,-197.0,887.0,853.0,-358.0,0
-107.0,-315.0,-199.0,614.0,1053.0,-593.0,0
-159.0,-329.0,-191.0,94.0,1213.0,-809.0,0
-155.0,-352.0,-193.0,-715.0,1205.0,-971.0,0
-118.0,-406.0,-202.0,-1818.0,931.0,-1084.0,0
-77.0,-464.0,-230.0,-3109.0,473.0,-1200.0,0
-59.0,-537.0,-263.0,-4392.0,61.0,-1330.0,0
-76.0,-628.0,-277.0,-5534.0,-148.0,-1435.0,0
-98.0,-713.0,-227.0,-6382.0,-109.0,-1419.0,0
-101.0,-793.0,-144.0,-6638.0,105.0,-1220.0,0
-106.0,-851.0,-66.0,-6102.0,311.0,-947.0,0
-121.0,-876.0,-6.0,-4884.0,354.0,-685.0,0
-133.0,-846.0,29.0,-3240.0,213.0,-397.0,0
-116.0,-789.0,44.0,-1435.0,-6.0,-52.0,0
-94.0,-711.0,51.0,290.0,-199.0,285.0,0
-81.0,-622.0,60.0,1764.0,-353.0,579.0,0
-68.0,-530.0,61.0,2896.0,-485.0,827.0,0
-60.0,-451.0,53.0,3532.0,-631.0,1026.0,0
-44.0,-359.0,40.0,3998.0,-816.0,1184.0,0
-27.0,-300.0,36.0,4103.0,-1010.0,1324.0,0
-18.0,-251.0,32.0,3870.0,-1151.0,1446.0,0
-4.0,-216.0,41.0,3331.0,-1301.0,1523.0,0
2.0,-206.0,47.0,2511.0,-1412.0,1524.0,0
17.0,-224.0,55.0,1472.0,-1479.0,1462.0,0
29.0,-260.0,55.0,306.0,-1486.0,1320.0,0
46.0,-314.0,65.0,-860.0,-1419.0,1129.0,0
52.0,-368.0,77.0,-1883.0,-1279.0,942.0,0
55.0,-409.0,94.0,-2684.0,-1084.0,830.0,0
59.0,-441.0,108.0,-3207.0,-905.0,777.0,0
62.0,-447.0,130.0,-3406.0,-797.0,762.0,0
54.0,-440.0,144.0,-3249.0,-763.0,781.0,0
41.0,-419.0,152.0,-2766.0,-773.0,815.0,0
22.0,-394.0,152.0,-2037.0,-784.0,868.0,0
21.0,-362.0,136.0,-1162.0,-779.0,930.0,0
8.0,-322.0,118.0,-241.0,-749.0,964.0,0
24.0,-282.0,84.0,648.0,-706.0,991.0,0
28.0,-238.0,45.0,1462.0,-630.0,969.0,0
51.0,-188.0,-1.0,2177.0,-491.0,938.0,0
84.0,-131.0,-44.0,2780.0,-297.0,887.0,0
118.0,-65.0,-78.0,3262.0,-65.0,798.0,0
146.0,3.0,-115.0,3602.0,154.0,678.0,0
156.0,68.0,-144.0,3779.0,330.0,529.0,0
164.0,133.0,-167.0,3746.0,440.0,354.0,0
164.0,187.0,-187.0,3480.0,505.0,150.0,0
142.0,238.0,-200.0,2976.0,557.0,-91.0,0
132.0,270.0,-212.0,2254.0,594.0,-345.0,0
114.0,276.0,-223.0,1375.0,588.0,-578.0,0
84.0,259.0,-231.0,409.0,525.0,-763.0,0
46.0,226.0,-234.0,-545.0,401.0,-877.0,0
10.0,181.0,-229.0,-1402.0,216.0,-903.0,0
-9.0,126.0,-200.0,-2089.0,-24.0,-882.0,0
-27.0,73.0,-147.0,-2526.0,-310.0,-861.0,0
-38.0,18.0,-95.0,-2638.0,-597.0,-864.0,0
-40.0,-29.0,-47.0,-2412.0,-834.0,-899.0,0
-37.0,-65.0,0.0,-1936.0,-989.0,-961.0,0
-29.0,-98.0,23.0,-1298.0,-1027.0,-1035.0,0
-19.0,-128.0,23.0,-608.0,-936.0,-1102.0,0
-4.0,-140.0,-7.0,53.0,-754.0,-1160.0,0
8.0,-137.0,-50.0,670.0,-565.0,-1230.0,0
-12.0,-121.0,-72.0,1243.0,-424.0,-1330.0,0
-47.0,-103.0,-83.0,1709.0,-299.0,-1395.0,0
-121.0,-105.0,-87.0,1958.0,-154.0,-1357.0,0
-237.0,-142.0,-91.0,1935.0,-37.0,-1169.0,0
-343.0,-213.0,-101.0,1636.0,-4.0,-736.0,0
-383.0,-290.0,-169.0,1061.0,-59.0,-23.0,0
-329.0,-413.0,-291.0,194.0,-182.0,836.0,0
-286.0,-495.0,-382.0,-942.0,-286.0,1668.0,0
-277.0,-570.0,-404.0,-2271.0,-296.0,2378.0,0
-244.0,-659.0,-411.0,-3555.0,-269.0,2935.0,0
-157.0,-764.0,-478.0,-4642.0,-325.0,3301.0,0
-62.0,-892.0,-569.0,-5526.0,-441.0,3276.0,0
5.0,-993.0,-588.0,-6105.0,-481.0,2734.0,0
26.0,-1003.0,-427.0,-6249.0,-452.0,1848.0,0
28.0,-962.0,-169.0,-5610.0,-482.0,1061.0,0
22.0,-909.0,20.0,-3993.0,-577.0,603.0,0
46.0,-852.0,94.0,-1799.0,-564.0,399.0,0
76.0,-772.0,114.0,305.0,-354.0,267.0,0
91.0,-683.0,118.0,1941.0,-63.0,71.0,0
102.0,-586.0,118.0,3122.0,200.0,-169.0,0
128.0,-487.0,114.0,3971.0,376.0,-432.0,0
128.0,-376.0,88.0,4564.0,441.0,-688.0,0
123.0,-284.0,55.0,4927.0,446.0,-877.0,0
111.0,-235.0,14.0,5009.0,402.0,-970.0,0
94.0,-214.0,-15.0,4767.0,300.0,-1000.0,0
69.0,-195.0,-20.0,4209.0,186.0,-1008.0,0
50.0,-187.0,-12.0,3403.0,144.0,-1001.0,0
37.0,-186.0,8.0,2431.0,238.0,-978.0,0
24.0,-195.0,26.0,1582.0,474.0,-951.0,0
-2.0,-210.0,46.0,474.0,783.0,-936.0,0
-29.0,-231.0,70.0,-634.0,1074.0,-893.0,0
-48.0,-253.0,93.0,-1657.0,1231.0,-798.0,0
-43.0,-283.0,107.0,-2530.0,1301.0,-661.0,0
4.0,-319.0,114.0,-3201.0,1248.0,-543.0,0
30.0,-345.0,113.0,-3658.0,1107.0,-504.0,0
52.0,-371.0,104.0,-3889.0,958.0,-507.0,0
67.0,-379.0,97.0,-3898.0,852.0,-508.0,0
86.0,-384.0,83.0,-3708.0,797.0,-497.0,0
97.0,-381.0,69.0,-3352.0,781.0,-513.0,0
100.0,-370.0,49.0,-2882.0,800.0,-579.0,0
92.0,-349.0,35.0,-2373.0,853.0,-673.0,0
81.0,-327.0,21.0,-1845.0,922.0,-780.0,0
76.0,-299.0,12.0,-1316.0,977.0,-908.0,0
68.0,-268.0,4.0,-802.0,998.0,-1043.0,0
63.0,-246.0,-3.0,-311.0,972.0,-1173.0,0
47.0,-219.0,-16.0,172.0,896.0,-1265.0,0
22.0,-192.0,-18.0,670.0,778.0,-1293.0,0
1.0,-160.0,-32.0,1176.0,632.0,-1253.0,0
-20.0,-125.0,-40.0,1677.0,477.0,-1173.0,0
-41.0,-78.0,-48.0,2154.0,323.0,-1093.0,0
-62.0,-33.0,-62.0,2597.0,175.0,-1042.0,0
-102.0,17.0,-65.0,2971.0,33.0,-1007.0,0
-132.0,65.0,-84.0,3214.0,-121.0,-952.0,0
-172.0,128.0,-100.0,3267.0,-279.0,-848.0,0
-193.0,161.0,-110.0,3100.0,-418.0,-685.0,0
-190.0,183.0,-122.0,2719.0,-505.0,-454.0,0
-167.0,184.0,-129.0,2182.0,-527.0,-185.0,0
-125.0,167.0,-132.0,1552.0,-506.0,74.0,0
-64.0,133.0,-135.0,894.0,-464.0,296.0,0
-27.0,97.0,-130.0,253.0,-425.0,428.0,0
-16.0,57.0,-125.0,-297.0,-369.0,473.0,0
-12.0,20.0,-116.0,-711.0,-280.0,480.0,0
-5.0,-13.0,-102.0,-964.0,-164.0,473.0,0
8.0,-48.0,-80.0,-1047.0,-31.0,452.0,0
16.0,-74.0,-58.0,-962.0,111.0,419.0,0
24.0,-100.0,-38.0,-714.0,249.0,378.0,0
17.0,-116.0,-27.0,-328.0,359.0,336.0,0
-5.0,-135.0,-36.0,154.0,413.0,299.0,0
-18.0,-152.0,-57.0,671.0,400.0,274.0,0
21.0,-161.0,-75.0,1153.0,330.0,271.0,0
128.0,-175.0,-95.0,1535.0,282.0,282.0,0
248.0,-190.0,-105.0,1772.0,319.0,238.0,0
279.0,-185.0,-99.0,1881.0,409.0,98.0,0
251.0,-171.0,-164.0,1825.0,389.0,-157.0,0
166.0,-159.0,-274.0,1492.0,214.0,-484.0,0
116.0,-193.0,-373.0,765.0,-9.0,-786.0,0
134.0,-262.0,-425.0,-351.0,-189.0,-1058.0,0
182.0,-351.0,-465.0,-1685.0,-179.0,-1312.0,0
210.0,-443.0,-540.0,-3127.0,172.0,-1540.0,0
194.0,-558.0,-612.0,-4677.0,890.0,-1695.0,0
98.0,-685.0,-615.0,-6233.0,1812.0,-1756.0,0
-74.0,-804.0,-485.0,-7578.0,2556.0,-1675.0,0
-228.0,-922.0,-319.0,-8375.0,2803.0,-1427.0,0
-321.0,-1050.0,-99.0,-8281.0,2604.0,-963.0,0
-314.0,-1169.0,15.0,-6984.0,2078.0,-382.0,0
-272.0,-1195.0,51.0,-4759.0,1391.0,17.0,0
-238.0,-1091.0,76.0,-2111.0,795.0,130.0,0
-218.0,-916.0,95.0,567.0,444.0,73.0,0
-205.0,-745.0,92.0,2902.0,287.0,-11.0,0
-194.0,-574.0,83.0,4619.0,219.0,-74.0,0
-189.0,-400.0,70.0,5634.0,132.0,-120.0,0
-186.0,-251.0,47.0,6046.0,-88.0,-90.0,0
-161.0,-149.0,-8.0,5943.0,-479.0,72.0,0
-125.0,-97.0,-65.0,5386.0,-945.0,303.0,0
-75.0,-70.0,-118.0,4419.0,-1362.0,527.0,0
-26.0,-76.0,-154.0,3130.0,-1652.0,698.0,0
19.0,-99.0,-163.0,1654.0,-1793.0,816.0,0
63.0,-152.0,-159.0,142.0,-1812.0,887.0,0
86.0,-211.0,-131.0,-1254.0,-1749.0,941.0,0
97.0,-282.0,-91.0,-2204.0,-1626.0,995.0,0
87.0,-385.0,-38.0,-3116.0,-1449.0,1059.0,0
81.0,-466.0,10.0,-3679.0,-1225.0,1118.0,0
76.0,-546.0,63.0,-3876.0,-976.0,1153.0,0
79.0,-604.0,98.0,-3714.0,-777.0,1160.0,0
79.0,-638.0,116.0,-3231.0,-565.0,1137.0,0
67.0,-655.0,141.0,-2499.0,-408.0,1099.0,0
64.0,-616.0,124.0,-1587.0,-306.0,1059.0,0
49.0,-571.0,129.0,-565.0,-239.0,1031.0,0
24.0,-509.0,127.0,498.0,-185.0,1013.0,0
-2.0,-432.0,114.0,1553.0,-131.0,1009.0,0
-13.0,-346.0,96.0,2539.0,-79.0,1005.0,0
-12.0,-262.0,78.0,3399.0,-33.0,979.0,0
4.0,-175.0,46.0,4076.0,4.0,926.0,0
35.0,-85.0,15.0,4527.0,26.0,863.0,0
79.0,-5.0,-21.0,4717.0,41.0,813.0,0
132.0,65.0,-64.0,4663.0,77.0,787.0,0
179.0,129.0,-108.0,4390.0,153.0,754.0,0
200.0,180.0,-155.0,3914.0,265.0,673.0,0
211.0,216.0,-190.0,3285.0,382.0,545.0,0
203.0,233.0,-220.0,2569.0,462.0,379.0,0
179.0,244.0,-244.0,1817.0,485.0,187.0,0
146.0,246.0,-255.0,1076.0,442.0,-27.0,0
114.0,242.0,-262.0,359.0,330.0,-246.0,0
82.0,231.0,-263.0,-327.0,158.0,-446.0,0
49.0,205.0,-253.0,-944.0,-60.0,-617.0,0
16.0,177.0,-241.0,-1449.0,-290.0,-730.0,0
-12.0,130.0,-214.0,-1835.0,-499.0,-774.0,0
-36.0,71.0,-176.0,-2072.0,-664.0,-782.0,0
-53.0,16.0,-137.0,-2121.0,-786.0,-792.0,0
-62.0,-33.0,-107.0,-1990.0,-880.0,-819.0,0
-71.0,-66.0,-74.0,-1713.0,-938.0,-866.0,0
-71.0,-85.0,-46.0,-1321.0,-930.0,-916.0,0
-61.0,-92.0,-21.0,-869.0,-838.0,-952.0,0
-43.0,-97.0,3.0,-405.0,-654.0,-980.0,0
-31.0,-97.0,17.0,48.0,-393.0,-998.0,0
-28.0,-96.0,35.0,455.0,-89.0,-1013.0,0
-26.0,-95.0,26.0,809.0,218.0,-1024.0,0
-26.0,-103.0,4.0,1121.0,494.0,-1031.0,0
-36.0,-112.0,-17.0,1416.0,711.0,-1030.0,0
-53.0,-119.0,-13.0,1699.0,878.0,-1007.0,0
-65.0,-120.0,-14.0,1892.0,1054.0,-931.0,0
-98.0,-137.0,-27.0,1890.0,1235.0,-777.0,0
-198.0,-169.0,-45.0,1620.0,1311.0,-494.0,0
-289.0,-216.0,-88.0,1041.0,1156.0,-41.0,0
-297.0,-270.0,-167.0,194.0,763.0,585.0,0
-208.0,-342.0,-279.0,-829.0,259.0,1356.0,0
-86.0,-419.0,-396.0,-1959.0,-175.0,2085.0,0
10.0,-552.0,-537.0,-3253.0,-395.0,2573.0,0
-1.0,-710.0,-687.0,-4827.0,-365.0,2838.0,0
-50.0,-962.0,-808.0,-6619.0,-34.0,3130.0,0
29.0,-1301.0,-732.0,-8220.0,509.0,3605.0,0
140.0,-1438.0,-436.0,-8817.0,656.0,3696.0,0
76.0,-1271.0,-149.0,-7592.0,77.0,2789.0,0
12.0,-1084.0,33.0,-4682.0,-737.0,1545.0,0
32.0,-950.0,115.0,-1141.0,-1193.0,777.0,0
84.0,-832.0,147.0,2008.0,-1072.0,428.0,0
114.0,-694.0,143.0,4322.0,-602.0,151.0,0
109.0,-539.0,123.0,5778.0,-84.0,-212.0,0
83.0,-386.0,78.0,6525.0,338.0,-608.0,0
62.0,-259.0,30.0,6750.0,584.0,-928.0,0
30.0,-155.0,6.0,6570.0,652.0,-1143.0,0
-1.0,-84.0,-11.0,6087.0,608.0,-1281.0,0
-36.0,-43.0,-15.0,5373.0,523.0,-1364.0,0
-62.0,-28.0,-30.0,4439.0,414.0,-1378.0,0
-74.0,-23.0,-43.0,3268.0,314.0,-1296.0,0
-81.0,-33.0,-43.0,1895.0,301.0,-1112.0,0
-85.0,-62.0,-27.0,415.0,414.0,-855.0,0
-81.0,-111.0,-2.0,-1048.0,598.0,-580.0,0
-65.0,-187.0,17.0,-2414.0,760.0,-318.0,0
-43.0,-268.0,41.0,-3627.0,826.0,-125.0,0
-15.0,-352.0,55.0,-4642.0,784.0,-60.0,0
2.0,-425.0,46.0,-5454.0,687.0,-102.0,0
21.0,-486.0,42.0,-5933.0,599.0,-159.0,0
40.0,-544.0,49.0,-6236.0,535.0,-181.0,0
56.0,-586.0,45.0,-6132.0,500.0,-206.0,0
71.0,-621.0,47.0,-5648.0,503.0,-275.0,0
86.0,-629.0,49.0,-4801.0,516.0,-395.0,0
92.0,-622.0,56.0,-3614.0,493.0,-551.0,0
79.0,-589.0,52.0,-2204.0,402.0,-692.0,0
67.0,-542.0,52.0,-726.0,222.0,-855.0,0
50.0,-483.0,46.0,696.0,-31.0,-981.0,0
31.0,-419.0,35.0,1978.0,-281.0,-1082.0,0
18.0,-348.0,20.0,3050.0,-470.0,-1168.0,0
5.0,-273.0,1.0,3850.0,-572.0,-1244.0,0
2.0,-197.0,-12.0,4367.0,-582.0,-1324.0,0
0.0,-118.0,-21.0,4604.0,-498.0,-1405.0,0
0.0,-34.0,-28.0,4604.0,-345.0,-1453.0,0
-4.0,41.0,-28.0,4441.0,-149.0,-1445.0,0
0.0,105.0,-31.0,4168.0,52.0,-1370.0,0
1.0,167.0,-37.0,3808.0,232.0,-1232.0,0
2.0,215.0,-47.0,3356.0,368.0,-1045.0,0
-8.0,254.0,-50.0,2781.0,442.0,-843.0,0
-8.0,279.0,-62.0,2079.0,442.0,-623.0,0
-8.0,284.0,-78.0,1270.0,379.0,-390.0,0
2.0,270.0,-102.0,418.0,284.0,-161.0,0
18.0,239.0,-119.0,-379.0,190.0,33.0,0
23.0,198.0,-138.0,-1034.0,103.0,187.0,0
25.0,151.0,-156.0,-1517.0,27.0,313.0,0
16.0,97.0,-162.0,-1821.0,-39.0,432.0,0
17.0,41.0,-160.0,-1969.0,-93.0,530.0,0
8.0,3.0,-144.0,-1964.0,-156.0,591.0,0
0.0,-33.0,-126.0,-1812.0,-237.0,615.0,0
-12.0,-64.0,-104.0,-1536.0,-328.0,615.0,0
-28.0,-93.0,-88.0,-1161.0,-405.0,604.0,0
-27.0,-123.0,-82.0,-705.0,-447.0,572.0,0
-41.0,-146.0,-90.0,-194.0,-436.0,519.0,0
-44.0,-163.0,-109.0,339.0,-390.0,451.0,0
-44.0,-172.0,-121.0,836.0,-329.0,376.0,0
-3.0,-176.0,-135.0,1258.0,-247.0,308.0,0
88.0,-188.0,-166.0,1575.0,-77.0,252.0,0
162.0,-210.0,-177.0,1796.0,281.0,189.0,0
187.0,-235.0,-153.0,1937.0,753.0,92.0,0
166.0,-265.0,-123.0,1972.0,1073.0,-102.0,0
109.0,-301.0,-112.0,1769.0,1082.0,-418.0,0
46.0,-324.0,-122.0,1194.0,907.0,-811.0,0
23.0,-363.0,-154.0,239.0,865.0,-1190.0,0
47.0,-405.0,-240.0,-1029.0,1137.0,-1538.0,0
103.0,-460.0,-327.0,-2509.0,1553.0,-1812.0,0
129.0,-535.0,-403.0,-3937.0,1796.0,-1946.0,0
105.0,-643.0,-453.0,-5149.0,1806.0,-1988.0,0
18.0,-761.0,-440.0,-6048.0,1712.0,-2002.0,0
-99.0,-854.0,-327.0,-6470.0,1591.0,-1937.0,0
-183.0,-910.0,-153.0,-6181.0,1408.0,-1593.0,0
-153.0,-970.0,19.0,-5011.0,1163.0,-974.0,0
-113.0,-1008.0,115.0,-3113.0,877.0,-442.0,0
-109.0,-974.0,137.0,-897.0,632.0,-189.0,0
-120.0,-890.0,114.0,1194.0,486.0,-78.0,0
-120.0,-763.0,96.0,2854.0,429.0,20.0,0
-109.0,-619.0,86.0,4021.0,381.0,156.0,0
-91.0,-474.0,74.0,4729.0,249.0,353.0,0
-71.0,-363.0,51.0,5019.0,-20.0,593.0,0
-53.0,-276.0,14.0,4950.0,-376.0,830.0,0
-25.0,-227.0,-26.0,4546.0,-724.0,1045.0,0
4.0,-199.0,-68.0,3803.0,-980.0,1234.0,0
22.0,-189.0,-93.0,2725.0,-1091.0,1395.0,0
13.0,-187.0,-74.0,1439.0,-1083.0,1452.0,0
3.0,-196.0,-40.0,130.0,-1022.0,1338.0,0
-20.0,-227.0,7.0,-1046.0,-960.0,1156.0,0
-31.0,-268.0,63.0,-1989.0,-892.0,1021.0,0
-22.0,-324.0,117.0,-2635.0,-813.0,942.0,0
-4.0,-396.0,147.0,-2976.0,-725.0,889.0,0
-1.0,-445.0,166.0,-3057.0,-639.0,842.0,0
12.0,-468.0,158.0,-2938.0,-580.0,803.0,0
9.0,-470.0,151.0,-2583.0,-557.0,793.0,0
1.0,-452.0,142.0,-2016.0,-570.0,826.0,0
-4.0,-434.0,118.0,-1292.0,-591.0,899.0,0
-8.0,-395.0,100.0,-490.0,-619.0,978.0,0
-5.0,-352.0,73.0,330.0,-652.0,1044.0,0
-4.0,-303.0,53.0,1145.0,-685.0,1081.0,0
6.0,-254.0,31.0,1923.0,-722.0,1107.0,0
21.0,-204.0,1.0,2636.0,-761.0,1110.0,0
47.0,-160.0,-28.0,3261.0,-791.0,1074.0,0
72.0,-117.0,-61.0,3795.0,-814.0,1021.0,0
91.0,-71.0,-88.0,4225.0,-825.0,943.0,0
100.0,-28.0,-121.0,4527.0,-816.0,845.0,0
110.0,15.0,-141.0,4711.0,-771.0,742.0,0
101.0,53.0,-168.0,4782.0,-684.0,649.0,0
97.0,95.0,-190.0,4701.0,-566.0,562.0,0
95.0,135.0,-198.0,4441.0,-434.0,470.0,0
95.0,176.0,-203.0,4019.0,-293.0,354.0,0
97.0,217.0,-212.0,3397.0,-145.0,181.0,0
93.0,255.0,-219.0,2554.0,-8.0,-36.0,0
82.0,287.0,-218.0,1526.0,97.0,-247.0,0
77.0,290.0,-220.0,421.0,124.0,-417.0,0
62.0,266.0,-226.0,-657.0,45.0,-533.0,0
45.0,232.0,-235.0,-1671.0,-138.0,-591.0,0
26.0,175.0,-236.0,-2611.0,-386.0,-609.0,0
3.0,126.0,-235.0,-3477.0,-633.0,-622.0,0
1.0,81.0,-209.0,-4232.0,-822.0,-639.0,0
2.0,34.0,-173.0,-4816.0,-904.0,-671.0,0
10.0,-21.0,-42.0,-5155.0,-842.0,-723.0,0
21.0,-83.0,55.0,-4993.0,-648.0,-792.0,0
35.0,-133.0,112.0,-4330.0,-409.0,-883.0,0
35.0,-173.0,148.0,-3334.0,-145.0,-988.0,0
36.0,-207.0,159.0,-2181.0,145.0,-1069.0,0
35.0,-226.0,147.0,-1057.0,432.0,-1099.0,0
39.0,-239.0,99.0,-44.0,676.0,-1095.0,0
38.0,-242.0,32.0,856.0,843.0,-1086.0,0
13.0,-244.0,7.0,1690.0,915.0,-1087.0,0
-14.0,-246.0,58.0,2489.0,925.0,-1042.0,0
-37.0,-250.0,120.0,3222.0,946.0,-897.0,0
-127.0,-278.0,135.0,3690.0,990.0,-618.0,0
-237.0,-295.0,95.0,3622.0,862.0,-217.0,0
-294.0,-297.0,4.0,2999.0,467.0,254.0,0
-249.0,-313.0,-160.0,1963.0,6.0,816.0,0
-106.0,-378.0,-369.0,417.0,-303.0,1417.0,0
11.0,-497.0,-619.0,-1711.0,-421.0,1845.0,0
-11.0,-654.0,-942.0,-4381.0,-185.0,2163.0,0
-107.0,-828.0,-1040.0,-7429.0,497.0,2695.0,0
-164.0,-1140.0,-805.0,-10172.0,1215.0,3508.0,0
-157.0,-1275.0,-391.0,-11290.0,1150.0,4010.0,0
-204.0,-1198.0,-142.0,-9768.0,21.0,3319.0,0
-194.0,-1117.0,28.0,-6292.0,-1208.0,1783.0,0
-104.0,-1054.0,142.0,-2163.0,-1761.0,388.0,0
38.0,-988.0,208.0,1521.0,-1522.0,-370.0,0
137.0,-843.0,241.0,4080.0,-773.0,-598.0,0
141.0,-653.0,253.0,5474.0,47.0,-636.0,0
92.0,-483.0,220.0,6148.0,629.0,-726.0,0
38.0,-342.0,162.0,6485.0,884.0,-921.0,0
16.0,-243.0,133.0,6559.0,831.0,-1193.0,0
-1.0,-140.0,100.0,6340.0,592.0,-1523.0,0
-28.0,-72.0,86.0,5823.0,276.0,-1828.0,0
-49.0,-15.0,68.0,4980.0,-57.0,-1967.0,0
-60.0,15.0,39.0,3806.0,-322.0,-1870.0,0
-48.0,19.0,9.0,2346.0,-405.0,-1562.0,0
-24.0,-18.0,-3.0,694.0,-268.0,-1105.0,0
19.0,-92.0,-15.0,-1016.0,-12.0,-601.0,0
52.0,-195.0,-6.0,-2641.0,189.0,-212.0,0
57.0,-282.0,11.0,-4036.0,245.0,-23.0,0
55.0,-357.0,40.0,-5048.0,185.0,23.0,0
55.0,-423.0,60.0,-5627.0,97.0,18.0,0
78.0,-482.0,79.0,-5773.0,58.0,27.0,0
94.0,-525.0,100.0,-5568.0,91.0,47.0,0
101.0,-554.0,114.0,-4976.0,157.0,25.0,0
108.0,-563.0,114.0,-4047.0,190.0,-59.0,0
105.0,-555.0,104.0,-2882.0,175.0,-186.0,0
90.0,-529.0,80.0,-1604.0,117.0,-356.0,0
86.0,-490.0,55.0,-337.0,42.0,-563.0,0
83.0,-446.0,31.0,827.0,-38.0,-729.0,0
80.0,-388.0,4.0,1862.0,-131.0,-911.0,0
75.0,-325.0,-21.0,2751.0,-233.0,-1069.0,0
54.0,-258.0,-43.0,3450.0,-326.0,-1203.0,0
36.0,-194.0,-70.0,3918.0,-388.0,-1302.0,0
19.0,-117.0,-90.0,4131.0,-400.0,-1364.0,0
2.0,-49.0,-99.0,4084.0,-374.0,-1394.0,0
-10.0,27.0,-96.0,3827.0,-328.0,-1379.0,0
-19.0,97.0,-101.0,3422.0,-265.0,-1312.0,0
-30.0,163.0,-88.0,2924.0,-176.0,-1166.0,0
-39.0,208.0,-77.0,2389.0,-72.0,-938.0,0
-48.0,237.0,-81.0,1842.0,20.0,-655.0,0
-53.0,239.0,-91.0,1269.0,70.0,-373.0,0
-54.0,228.0,-101.0,653.0,59.0,-124.0,0
-53.0,212.0,-111.0,10.0,3.0,79.0,0
-53.0,188.0,-121.0,-599.0,-69.0,237.0,0
-43.0,142.0,-124.0,-1100.0,-127.0,388.0,0
-27.0,91.0,-116.0,-1437.0,-175.0,533.0,0
-16.0,35.0,-122.0,-1596.0,-227.0,649.0,0
-18.0,-18.0,-110.0,-1627.0,-297.0,720.0,0
-5.0,-46.0,-102.0,-1523.0,-382.0,759.0,0
-2.0,-68.0,-88.0,-1273.0,-470.0,776.0,0
0.0,-94.0,-75.0,-883.0,-531.0,780.0,0
-1.0,-114.0,-64.0,-381.0,-550.0,763.0,0
-10.0,-123.0,-61.0,187.0,-522.0,729.0,0
-18.0,-124.0,-52.0,760.0,-461.0,675.0,0
-27.0,-117.0,-49.0,1280.0,-382.0,615.0,0
-44.0,-119.0,-65.0,1699.0,-294.0,554.0,0
-66.0,-112.0,-91.0,2011.0,-215.0,491.0,0
-46.0,-106.0,-109.0,2210.0,-160.0,428.0,0
42.0,-112.0,-103.0,2254.0,-110.0,375.0,0
129.0,-119.0,-63.0,2132.0,20.0,296.0,0
175.0,-125.0,6.0,1882.0,191.0,148.0,0
180.0,-149.0,41.0,1544.0,226.0,-93.0,0
138.0,-161.0,-8.0,1059.0,0.0,-444.0,0
69.0,-164.0,-118.0,318.0,-342.0,-805.0,0
33.0,-205.0,-236.0,-728.0,-498.0,-1062.0,0
48.0,-274.0,-323.0,-2005.0,-349.0,-1255.0,0
86.0,-359.0,-391.0,-3327.0,61.0,-1457.0,0
117.0,-469.0,-450.0,-4623.0,585.0,-1674.0,0
107.0,-634.0,-484.0,-5947.0,1050.0,-1927.0,0
48.0,-813.0,-465.0,-7251.0,1419.0,-2276.0,0
-47.0,-950.0,-371.0,-8290.0,1695.0,-2610.0,0
-141.0,-1030.0,-214.0,-8684.0,1793.0,-2534.0,0
-151.0,-1130.0,-13.0,-8058.0,1631.0,-1774.0,0
-66.0,-1208.0,81.0,-6292.0,1078.0,-660.0,0
-18.0,-1170.0,100.0,-3790.0,402.0,193.0,0
-25.0,-1036.0,103.0,-1004.0,-59.0,638.0,0
-55.0,-870.0,103.0,1638.0,-275.0,835.0,0
-72.0,-696.0,107.0,3769.0,-372.0,937.0,0
-74.0,-523.0,107.0,5229.0,-445.0,999.0,0
-63.0,-372.0,88.0,6061.0,-555.0,1049.0,0
-37.0,-240.0,56.0,6339.0,-684.0,1089.0,0
-3.0,-125.0,17.0,6051.0,-785.0,1117.0,0
18.0,-41.0,-18.0,5176.0,-863.0,1172.0,0
32.0,-4.0,-40.0,3792.0,-953.0,1270.0,0
38.0,-20.0,-43.0,2100.0,-1080.0,1388.0,0
39.0,-86.0,-32.0,378.0,-1218.0,1475.0,0
47.0,-173.0,-21.0,-1184.0,-1315.0,1483.0,0
45.0,-267.0,6.0,-2508.0,-1291.0,1372.0,0
47.0,-355.0,47.0,-3534.0,-1139.0,1194.0,0
53.0,-441.0,82.0,-4189.0,-912.0,1018.0,0
62.0,-514.0,123.0,-4439.0,-666.0,899.0,0
72.0,-570.0,148.0,-4298.0,-468.0,860.0,0
62.0,-603.0,157.0,-3786.0,-368.0,852.0,0
42.0,-604.0,149.0,-2965.0,-356.0,848.0,0
21.0,-585.0,132.0,-1933.0,-403.0,848.0,0
-8.0,-553.0,114.0,-791.0,-489.0,860.0,0
-39.0,-508.0,87.0,139.0,-569.0,883.0,0
-57.0,-439.0,64.0,1214.0,-605.0,899.0,0
-61.0,-365.0,52.0,2115.0,-582.0,906.0,0
-52.0,-278.0,38.0,2821.0,-518.0,884.0,0
-41.0,-191.0,9.0,3315.0,-458.0,843.0,0
-11.0,-111.0,-14.0,3593.0,-393.0,815.0,0
13.0,-32.0,-45.0,3673.0,-362.0,796.0,0
47.0,41.0,-75.0,3582.0,-362.0,767.0,0
77.0,103.0,-116.0,3344.0,-367.0,717.0,0
102.0,164.0,-152.0,2957.0,-352.0,603.0,0
112.0,203.0,-187.0,2469.0,-312.0,445.0,0
106.0,231.0,-225.0,1921.0,-250.0,263.0,0
101.0,238.0,-256.0,1323.0,-170.0,79.0,0
88.0,237.0,-272.0,684.0,-83.0,-95.0,0
72.0,224.0,-277.0,15.0,-15.0,-256.0,0
62.0,195.0,-277.0,-675.0,13.0,-403.0,0
46.0,161.0,-260.0,-1359.0,-25.0,-538.0,0
23.0,117.0,-226.0,-1978.0,-116.0,-642.0,0
7.0,67.0,-180.0,-2435.0,-232.0,-700.0,0
-8.0,20.0,-132.0,-2657.0,-360.0,-706.0,0
-14.0,-28.0,-88.0,-2630.0,-500.0,-670.0,0
-14.0,-73.0,-54.0,-2386.0,-660.0,-624.0,0
-12.0,-107.0,-31.0,-1971.0,-826.0,-602.0,0
-3.0,-125.0,-11.0,-1436.0,-962.0,-599.0,0
15.0,-137.0,0.0,-838.0,-1039.0,-614.0,0
32.0,-131.0,4.0,-226.0,-1035.0,-652.0,0
41.0,-123.0,3.0,356.0,-944.0,-700.0,0
51.0,-109.0,-3.0,870.0,-768.0,-743.0,0
58.0,-93.0,-34.0,1311.0,-539.0,-782.0,0
51.0,-86.0,-68.0,1683.0,-311.0,-809.0,0
5.0,-78.0,-71.0,1990.0,-122.0,-816.0,0
-48.0,-77.0,-44.0,2206.0,8.0,-766.0,0
-88.0,-101.0,-2.0,2314.0,102.0,-607.0,0
-137.0,-145.0,31.0,2276.0,195.0,-284.0,0
-159.0,-206.0,10.0,2021.0,269.0,241.0,0
-148.0,-262.0,-67.0,1459.0,236.0,860.0,0
-122.0,-316.0,-176.0,641.0,79.0,1406.0,0
-95.0,-362.0,-278.0,-338.0,-117.0,1845.0,0
-83.0,-423.0,-360.0,-1418.0,-236.0,2191.0,0
-91.0,-511.0,-407.0,-2620.0,-199.0,2489.0,0
-126.0,-634.0,-471.0,-3973.0,30.0,2802.0,0
-140.0,-799.0,-507.0,-5374.0,468.0,3210.0,0
-1.0,-1020.0,-445.0,-6507.0,856.0,3560.0,0
100.0,-1106.0,-285.0,-6897.0,788.0,3253.0,0
80.0,-1071.0,-86.0,-6202.0,339.0,2124.0,0
25.0,-983.0,65.0,-4440.0,-67.0,831.0,0
7.0,-923.0,165.0,-2146.0,-190.0,23.0,0
34.0,-839.0,198.0,117.0,-62.0,-340.0,0
56.0,-746.0,196.0,2017.0,153.0,-582.0,0
56.0,-618.0,163.0,3412.0,311.0,-860.0,0
45.0,-471.0,114.0,4276.0,378.0,-1151.0,0
33.0,-339.0,91.0,4709.0,385.0,-1352.0,0
18.0,-226.0,75.0,4851.0,380.0,-1387.0,0
4.0,-168.0,67.0,4790.0,366.0,-1270.0,0
-9.0,-131.0,55.0,4513.0,305.0,-1078.0,0
-27.0,-106.0,34.0,3976.0,159.0,-896.0,0
-32.0,-95.0,16.0,3155.0,-27.0,-713.0,0
-27.0,-100.0,6.0,2088.0,-137.0,-499.0,0
-18.0,-125.0,1.0,876.0,-112.0,-268.0,0
-3.0,-172.0,0.0,-367.0,22.0,-53.0,0
16.0,-230.0,5.0,-1563.0,196.0,119.0,0
33.0,-294.0,10.0,-2653.0,327.0,213.0,0
41.0,-350.0,19.0,-3585.0,394.0,216.0,0
51.0,-403.0,29.0,-4303.0,427.0,176.0,0
63.0,-454.0,47.0,-4740.0,445.0,145.0,0
82.0,-501.0,63.0,-4831.0,451.0,94.0,0
96.0,-532.0,74.0,-4554.0,448.0,6.0,0
113.0,-553.0,85.0,-3942.0,425.0,-132.0,0
123.0,-560.0,81.0,-3050.0,380.0,-313.0,0
128.0,-549.0,61.0,-1998.0,328.0,-521.0,0
124.0,-517.0,45.0,-901.0,284.0,-747.0,0
109.0,-472.0,24.0,157.0,253.0,-961.0,0
97.0,-418.0,8.0,1149.0,222.0,-1132.0,0
76.0,-358.0,-8.0,2014.0,189.0,-1269.0,0
61.0,-291.0,-28.0,2570.0,163.0,-1369.0,0
61.0,-220.0,-46.0,3081.0,144.0,-1426.0,0
34.0,-144.0,-52.0,3437.0,137.0,-1450.0,0
24.0,-68.0,-59.0,3663.0,148.0,-1446.0,0
6.0,-2.0,-62.0,3772.0,164.0,-1408.0,0
2.0,59.0,-70.0,3771.0,173.0,-1326.0,0
-7.0,109.0,-89.0,3653.0,195.0,-1221.0,0
-12.0,150.0,-91.0,3393.0,240.0,-1052.0,0
-20.0,176.0,-103.0,3004.0,295.0,-851.0,0
-23.0,190.0,-107.0,2499.0,334.0,-652.0,0
-29.0,191.0,-110.0,1894.0,337.0,-476.0,0
-28.0,181.0,-117.0,1229.0,301.0,-342.0,0
-29.0,163.0,-126.0,552.0,251.0,-233.0,0
-30.0,134.0,-133.0,-88.0,214.0,-137.0,0
-26.0,91.0,-139.0,-653.0,198.0,-33.0,0
-26.0,50.0,-129.0,-1107.0,187.0,75.0,0
-21.0,31.0,-107.0,-1410.0,158.0,158.0,0
-29.0,12.0,-89.0,-1521.0,104.0,207.0,0
-40.0,-2.0,-65.0,-1430.0,45.0,236.0,0
-40.0,-23.0,-45.0,-1179.0,-3.0,254.0,0
-40.0,-39.0,-27.0,-817.0,-19.0,263.0,0
-40.0,-58.0,-20.0,-388.0,3.0,251.0,0
-56.0,-77.0,-30.0,72.0,55.0,212.0,0
-72.0,-99.0,-52.0,536.0,120.0,155.0,0
-86.0,-111.0,-72.0,958.0,172.0,93.0,0
-71.0,-120.0,-76.0,1289.0,206.0,47.0,0
5.0,-133.0,-95.0,1490.0,258.0,32.0,0
99.0,-161.0,-102.0,1577.0,401.0,12.0,0
143.0,-183.0,-86.0,1598.0,651.0,-61.0,0
148.0,-208.0,-80.0,1575.0,879.0,-213.0,0
121.0,-241.0,-90.0,1419.0,912.0,-446.0,0
43.0,-254.0,-120.0,1004.0,776.0,-748.0,0
-22.0,-267.0,-152.0,274.0,701.0,-1048.0,0
-33.0,-302.0,-197.0,-757.0,870.0,-1313.0,0
11.0,-348.0,-263.0,-1999.0,1280.0,-1562.0,0
73.0,-438.0,-336.0,-3316.0,1706.0,-1785.0,0
122.0,-585.0,-393.0,-4684.0,1875.0,-1953.0,0
108.0,-768.0,-438.0,-6121.0,1723.0,-2100.0,0
52.0,-941.0,-416.0,-7496.0,1427.0,-2233.0,0
-46.0,-1055.0,-276.0,-8373.0,1171.0,-2195.0,0
-127.0,-1128.0,-96.0,-8214.0,985.0,-1755.0,0
-100.0,-1186.0,57.0,-6763.0,747.0,-959.0,0
-69.0,-1202.0,121.0,-4259.0,392.0,-283.0,0
-68.0,-1138.0,136.0,-1376.0,89.0,62.0,0
-73.0,-990.0,145.0,1320.0,-22.0,166.0,0
-82.0,-805.0,139.0,3551.0,0.0,186.0,0
-71.0,-622.0,130.0,5191.0,16.0,269.0,0
-55.0,-467.0,110.0,6216.0,-59.0,464.0,0
-32.0,-335.0,81.0,6709.0,-212.0,706.0,0
-21.0,-241.0,30.0,6742.0,-406.0,938.0,0
-5.0,-156.0,1.0,6268.0,-614.0,1176.0,0
1.0,-102.0,-25.0,5365.0,-834.0,1392.0,0
11.0,-63.0,-44.0,4142.0,-1034.0,1557.0,0
21.0,-54.0,-44.0,2755.0,-1179.0,1670.0,0
37.0,-66.0,-25.0,1350.0,-1250.0,1721.0,0
52.0,-100.0,-6.0,41.0,-1236.0,1731.0,0
72.0,-152.0,14.0,-1085.0,-1119.0,1708.0,0
96.0,-207.0,43.0,-1995.0,-915.0,1643.0,0
110.0,-259.0,76.0,-2648.0,-665.0,1541.0,0
104.0,-304.0,104.0,-3016.0,-423.0,1426.0,0
89.0,-334.0,123.0,-3097.0,-241.0,1336.0,0
74.0,-352.0,130.0,-2910.0,-138.0,1290.0,0
59.0,-349.0,132.0,-2490.0,-108.0,1282.0,0
44.0,-333.0,116.0,-1890.0,-143.0,1287.0,0
45.0,-314.0,106.0,-1185.0,-210.0,1274.0,0
43.0,-280.0,88.0,-430.0,-280.0,1225.0,0
54.0,-242.0,66.0,329.0,-333.0,1143.0,0
61.0,-198.0,41.0,1066.0,-367.0,1028.0,0
65.0,-152.0,14.0,1745.0,-376.0,895.0,0
66.0,-110.0,-12.0,2339.0,-359.0,762.0,0
71.0,-65.0,-41.0,2833.0,-323.0,635.0,0
65.0,-25.0,-67.0,3215.0,-279.0,515.0,0
64.0,7.0,-91.0,3456.0,-221.0,401.0,0
45.0,45.0,-118.0,3545.0,-167.0,291.0,0
32.0,67.0,-150.0,3487.0,-128.0,190.0,0
9.0,92.0,-170.0,3225.0,-114.0,97.0,0
-3.0,118.0,-181.0,2752.0,-129.0,-6.0,0
-19.0,135.0,-188.0,2110.0,-162.0,-126.0,0
-21.0,156.0,-189.0,1354.0,-210.0,-248.0,0
-23.0,166.0,-191.0,538.0,-310.0,-356.0,0
-24.0,173.0,-181.0,-265.0,-458.0,-458.0,0
-29.0,168.0,-172.0,-1004.0,-657.0,-539.0,0
-38.0,152.0,-166.0,-1650.0,-899.0,-586.0,0
-53.0,122.0,-161.0,-2199.0,-1139.0,-613.0,0
-63.0,93.0,-149.0,-2657.0,-1317.0,-598.0,0
-56.0,50.0,-110.0,-2996.0,-1384.0,-557.0,0
-28.0,-7.0,-51.0,-3103.0,-1295.0,-519.0,0
-4.0,-63.0,-14.0,-2888.0,-1062.0,-517.0,0
10.0,-110.0,15.0,-2409.0,-743.0,-583.0,0
4.0,-143.0,31.0,-1732.0,-369.0,-675.0,0
0.0,-175.0,25.0,-935.0,14.0,-732.0,0
-15.0,-195.0,11.0,-91.0,351.0,-725.0,0
-35.0,-211.0,12.0,764.0,600.0,-671.0,0
-62.0,-223.0,36.0,1572.0,771.0,-585.0,0
-89.0,-241.0,58.0,2247.0,913.0,-444.0,0
-150.0,-261.0,64.0,2694.0,1018.0,-210.0,0
-205.0,-285.0,26.0,2819.0,957.0,165.0,0
-214.0,-314.0,-49.0,2598.0,665.0,667.0,0
-147.0,-350.0,-112.0,2133.0,279.0,1215.0,0
-10.0,-396.0,-163.0,1506.0,48.0,1676.0,0
99.0,-467.0,-216.0,436.0,121.0,1869.0,0
119.0,-554.0,-387.0,-1386.0,546.0,1730.0,0
70.0,-643.0,-566.0,-4027.0,1266.0,1594.0,0
3.0,-800.0,-588.0,-6992.0,1981.0,1837.0,0
25.0,-985.0,-385.0,-9298.0,2199.0,2419.0,0
-20.0,-1007.0,-127.0,-9803.0,1458.0,2620.0,0
-106.0,-923.0,0.0,-8081.0,147.0,2111.0,0
-115.0,-866.0,36.0,-4912.0,-1027.0,1223.0,0
-64.0,-816.0,37.0,-1435.0,-1669.0,424.0,0
29.0,-737.0,47.0,1529.0,-1714.0,-49.0,0
71.0,-635.0,40.0,3630.0,-1353.0,-274.0,0
59.0,-519.0,59.0,4818.0,-845.0,-365.0,0
47.0,-404.0,64.0,5232.0,-386.0,-359.0,0
25.0,-325.0,66.0,5149.0,-77.0,-314.0,0
3.0,-275.0,63.0,4849.0,63.0,-315.0,0
-16.0,-229.0,74.0,4448.0,117.0,-434.0,0
-31.0,-175.0,79.0,3935.0,153.0,-664.0,0
-39.0,-132.0,77.0,3275.0,182.0,-935.0,0
-59.0,-96.0,64.0,2430.0,188.0,-1124.0,0
-76.0,-94.0,48.0,1374.0,173.0,-1148.0,0
-82.0,-121.0,39.0,134.0,152.0,-1010.0,0
-62.0,-172.0,45.0,-1196.0,157.0,-757.0,0
-6.0,-255.0,62.0,-2498.0,185.0,-472.0,0
37.0,-323.0,90.0,-3672.0,216.0,-313.0,0
75.0,-387.0,134.0,-4591.0,249.0,-259.0,0
119.0,-444.0,160.0,-5112.0,259.0,-243.0,0
151.0,-492.0,170.0,-5184.0,247.0,-271.0,0
174.0,-515.0,161.0,-4875.0,240.0,-313.0,0
182.0,-520.0,148.0,-4270.0,252.0,-370.0,0
177.0,-513.0,119.0,-3465.0,263.0,-446.0,0
164.0,-489.0,101.0,-2542.0,278.0,-555.0,0
147.0,-450.0,73.0,-1551.0,300.0,-719.0,0
122.0,-411.0,49.0,-570.0,315.0,-876.0,0
100.0,-371.0,25.0,368.0,293.0,-994.0,0
84.0,-334.0,2.0,1219.0,242.0,-1090.0,0
64.0,-289.0,-22.0,1948.0,150.0,-1168.0,0
43.0,-248.0,-46.0,2525.0,49.0,-1219.0,0
21.0,-200.0,-62.0,2929.0,-39.0,-1238.0,0
10.0,-153.0,-69.0,3133.0,-84.0,-1208.0,0
5.0,-103.0,-80.0,3186.0,-86.0,-1151.0,0
-7.0,-56.0,-88.0,3146.0,-40.0,-1106.0,0
-30.0,-6.0,-93.0,3047.0,31.0,-1069.0,0
-49.0,38.0,-88.0,2900.0,100.0,-1007.0,0
-67.0,80.0,-90.0,2702.0,142.0,-885.0,0
-83.0,119.0,-76.0,2439.0,142.0,-700.0,0
-88.0,134.0,-80.0,2104.0,106.0,-463.0,0
-87.0,139.0,-86.0,1675.0,59.0,-216.0,0
-79.0,136.0,-93.0,1153.0,19.0,18.0,0
-68.0,126.0,-95.0,563.0,-5.0,211.0,0
-56.0,106.0,-97.0,-48.0,-16.0,361.0,0
-31.0,80.0,-89.0,-627.0,-23.0,480.0,0
-12.0,53.0,-76.0,-1128.0,-42.0,543.0,0
-11.0,34.0,-60.0,-1489.0,-80.0,549.0,0
-13.0,13.0,-44.0,-1669.0,-128.0,529.0,0
-16.0,-5.0,-25.0,-1668.0,-178.0,513.0,0
-12.0,-28.0,-13.0,-1496.0,-224.0,505.0,0
-16.0,-49.0,-14.0,-1252.0,-258.0,486.0,0
-24.0,-71.0,-30.0,-850.0,-279.0,453.0,0
-48.0,-91.0,-56.0,-364.0,-286.0,407.0,0
-64.0,-115.0,-85.0,176.0,-292.0,363.0,0
-36.0,-129.0,-96.0,694.0,-299.0,338.0,0
53.0,-152.0,-114.0,1137.0,-245.0,330.0,0
149.0,-183.0,-116.0,1489.0,-56.0,298.0,0
213.0,-200.0,-108.0,1774.0,246.0,190.0,0
225.0,-224.0,-97.0,1990.0,524.0,12.0,0
191.0,-244.0,-113.0,2055.0,574.0,-214.0,0
91.0,-254.0,-146.0,1845.0,388.0,-492.0,0
6.0,-251.0,-187.0,1312.0,237.0,-779.0,0
-6.0,-264.0,-229.0,485.0,360.0,-1033.0,0
21.0,-300.0,-266.0,-684.0,758.0,-1305.0,0
74.0,-368.0,-295.0,-2194.0,1248.0,-1584.0,0
115.0,-473.0,-314.0,-3902.0,1545.0,-1828.0,0
98.0,-588.0,-348.0,-5594.0,1515.0,-2022.0,0
21.0,-713.0,-343.0,-7057.0,1373.0,-2185.0,0
-71.0,-815.0,-248.0,-8066.0,1330.0,-2231.0,0
-146.0,-906.0,-113.0,-8291.0,1340.0,-1929.0,0
-115.0,-1003.0,-17.0,-7503.0,1268.0,-1222.0,0
-99.0,-1080.0,31.0,-5857.0,1085.0,-462.0,0
-110.0,-1088.0,65.0,-3725.0,861.0,98.0,0
-112.0,-1015.0,70.0,-1441.0,647.0,464.0,0
-110.0,-894.0,80.0,765.0,459.0,705.0,0
-114.0,-747.0,80.0,2696.0,291.0,846.0,0
-99.0,-610.0,76.0,4175.0,92.0,933.0,0
-78.0,-478.0,62.0,5101.0,-157.0,984.0,0
-56.0,-352.0,44.0,5488.0,-392.0,985.0,0
-35.0,-231.0,24.0,5403.0,-547.0,920.0,0
-27.0,-141.0,0.0,4926.0,-644.0,839.0,0
-25.0,-84.0,-23.0,4115.0,-715.0,825.0,0
-18.0,-69.0,-45.0,3009.0,-790.0,887.0,0
-4.0,-92.0,-56.0,1673.0,-876.0,938.0,0
18.0,-141.0,-50.0,236.0,-964.0,913.0,0
47.0,-197.0,-27.0,-1139.0,-1030.0,824.0,0
67.0,-258.0,1.0,-2309.0,-1047.0,714.0,0
68.0,-317.0,34.0,-3196.0,-991.0,638.0,0
74.0,-374.0,74.0,-3755.0,-871.0,639.0,0
77.0,-424.0,109.0,-3965.0,-719.0,701.0,0
68.0,-459.0,131.0,-3826.0,-584.0,785.0,0
60.0,-480.0,139.0,-3359.0,-496.0,870.0,0
37.0,-485.0,135.0,-2641.0,-447.0,930.0,0
10.0,-473.0,123.0,-1775.0,-400.0,980.0,0
-2.0,-448.0,113.0,-862.0,-341.0,1025.0,0
-9.0,-409.0,95.0,53.0,-255.0,1042.0,0
-14.0,-339.0,65.0,913.0,-127.0,1022.0,0
-5.0,-283.0,43.0,1682.0,32.0,968.0,0
5.0,-229.0,18.0,2305.0,208.0,881.0,0
20.0,-165.0,-2.0,2757.0,384.0,766.0,0
44.0,-93.0,-37.0,3066.0,546.0,642.0,0
59.0,-35.0,-62.0,3261.0,675.0,512.0,0
70.0,35.0,-89.0,3340.0,752.0,384.0,0
76.0,94.0,-130.0,3283.0,766.0,259.0,0
82.0,149.0,-161.0,3066.0,718.0,145.0,0
82.0,193.0,-185.0,2685.0,595.0,33.0,0
80.0,214.0,-216.0,2150.0,416.0,-79.0,0
67.0,236.0,-227.0,1497.0,218.0,-193.0,0
56.0,228.0,-239.0,769.0,21.0,-294.0,0
36.0,208.0,-248.0,6.0,-176.0,-391.0,0
10.0,184.0,-252.0,-757.0,-366.0,-459.0,0
-9.0,143.0,-236.0,-1467.0,-533.0,-488.0,0
-20.0,96.0,-204.0,-2057.0,-680.0,-492.0,0
-29.0,44.0,-162.0,-2437.0,-804.0,-505.0,0
-35.0,-7.0,-113.0,-2559.0,-909.0,-541.0,0
-42.0,-46.0,-66.0,-2413.0,-999.0,-595.0,0
-43.0,-74.0,-31.0,-2035.0,-1053.0,-660.0,0
-32.0,-92.0,-3.0,-1476.0,-1059.0,-700.0,0
-20.0,-97.0,19.0,-798.0,-1007.0,-716.0,0
-3.0,-98.0,33.0,-96.0,-886.0,-738.0,0
1.0,-89.0,42.0,552.0,-704.0,-772.0,0
7.0,-78.0,43.0,1003.0,-468.0,-806.0,0
15.0,-68.0,35.0,1464.0,-196.0,-841.0,0
24.0,-65.0,0.0,1800.0,88.0,-873.0,0
32.0,-75.0,-41.0,2040.0,287.0,-899.0,0
12.0,-79.0,-38.0,2234.0,472.0,-910.0,0
-21.0,-89.0,5.0,2392.0,616.0,-884.0,0
-53.0,-92.0,53.0,2470.0,774.0,-817.0,0
-120.0,-98.0,40.0,2370.0,909.0,-679.0,0
-219.0,-108.0,-81.0,1904.0,875.0,-442.0,0
-284.0,-126.0,-244.0,874.0,568.0,16.0,0
-257.0,-188.0,-395.0,-679.0,30.0,742.0,0
-146.0,-292.0,-521.0,-2582.0,-573.0,1634.0,0
-29.0,-437.0,-645.0,-4538.0,-1023.0,2412.0,0
-11.0,-629.0,-817.0,-6535.0,-1158.0,2930.0,0
-73.0,-847.0,-909.0,-8696.0,-857.0,3366.0,0
-76.0,-1160.0,-789.0,-10699.0,-297.0,3811.0,0
15.0,-1470.0,-414.0,-11445.0,89.0,3863.0,0
96.0,-1515.0,-135.0,-9889.0,-112.0,3025.0,0
67.0,-1427.0,3.0,-6609.0,-655.0,1523.0,0
3.0,-1273.0,125.0,-2898.0,-989.0,198.0,0
43.0,-1100.0,201.0,530.0,-781.0,-438.0,0
88.0,-901.0,217.0,3306.0,-311.0,-662.0,0
69.0,-705.0,178.0,5341.0,68.0,-816.0,0
20.0,-460.0,96.0,6681.0,347.0,-973.0,0
-1.0,-287.0,71.0,7390.0,531.0,-1125.0,0
-12.0,-136.0,63.0,7579.0,602.0,-1252.0,0
-13.0,-28.0,38.0,7369.0,579.0,-1333.0,0
-26.0,52.0,-8.0,6700.0,440.0,-1387.0,0
-41.0,95.0,-63.0,5475.0,222.0,-1386.0,0
-46.0,108.0,-90.0,3754.0,42.0,-1247.0,0
-32.0,70.0,-99.0,1776.0,-6.0,-920.0,0
-9.0,-5.0,-83.0,-208.0,77.0,-479.0,0
15.0,-101.0,-52.0,-1991.0,225.0,-103.0,0
16.0,-192.0,-16.0,-3460.0,357.0,90.0,0
8.0,-284.0,6.0,-4572.0,447.0,134.0,0
12.0,-376.0,24.0,-5323.0,486.0,119.0,0
37.0,-452.0,42.0,-5678.0,475.0,100.0,0
62.0,-516.0,60.0,-5611.0,443.0,87.0,0
77.0,-564.0,65.0,-5149.0,422.0,71.0,0
90.0,-597.0,69.0,-4354.0,415.0,33.0,0
92.0,-615.0,63.0,-3307.0,388.0,-48.0,0
86.0,-608.0,42.0,-2131.0,316.0,-204.0,0
80.0,-590.0,15.0,-939.0,196.0,-411.0,0
72.0,-556.0,-8.0,192.0,40.0,-629.0,0
64.0,-509.0,-30.0,1241.0,-126.0,-817.0,0
55.0,-448.0,-44.0,2186.0,-278.0,-961.0,0
44.0,-377.0,-56.0,2971.0,-398.0,-1055.0,0
27.0,-293.0,-62.0,3534.0,-479.0,-1100.0,0
13.0,-199.0,-63.0,3854.0,-515.0,-1110.0,0
1.0,-108.0,-61.0,3934.0,-518.0,-1082.0,0
-3.0,-20.0,-54.0,3815.0,-492.0,-1031.0,0
-8.0,61.0,-47.0,3549.0,-446.0,-966.0,0
-14.0,129.0,-41.0,3211.0,-387.0,-876.0,0
-16.0,179.0,-36.0,2840.0,-292.0,-740.0,0
-21.0,205.0,-37.0,2438.0,-168.0,-570.0,0
-21.0,216.0,-47.0,1985.0,-34.0,-383.0,0
-24.0,206.0,-55.0,1481.0,91.0,-202.0,0
-23.0,192.0,-63.0,935.0,196.0,-55.0,0
-20.0,173.0,-71.0,404.0,266.0,62.0,0
-22.0,150.0,-78.0,-64.0,286.0,165.0,0
-17.0,128.0,-91.0,-439.0,258.0,269.0,0
-14.0,101.0,-96.0,-692.0,193.0,365.0,0
-7.0,73.0,-103.0,-830.0,110.0,436.0,0
0.0,40.0,-109.0,-871.0,32.0,477.0,0
0.0,16.0,-110.0,-825.0,-31.0,493.0,0
0.0,-1.0,-105.0,-687.0,-82.0,496.0,0
2.0,-25.0,-91.0,-472.0,-126.0,496.0,0
1.0,-37.0,-76.0,-193.0,-167.0,491.0,0
1.0,-49.0,-61.0,128.0,-199.0,474.0,0
-9.0,-55.0,-56.0,439.0,-216.0,445.0,0
-27.0,-64.0,-54.0,660.0,-225.0,410.0,0
-51.0,-73.0,-69.0,889.0,-235.0,369.0,0
-59.0,-79.0,-62.0,1065.0,-261.0,338.0,0
16.0,-81.0,-48.0,1161.0,-291.0,334.0,0
130.0,-102.0,-32.0,1153.0,-288.0,340.0,0
165.0,-100.0,6.0,1050.0,-197.0,268.0,0
167.0,-80.0,25.0,871.0,-103.0,112.0,0
139.0,-79.0,-40.0,572.0,-126.0,-71.0,0
91.0,-109.0,-192.0,-14.0,-351.0,-322.0,0
59.0,-200.0,-367.0,-1011.0,-759.0,-518.0,0
53.0,-335.0,-487.0,-2267.0,-991.0,-668.0,0
96.0,-501.0,-575.0,-3571.0,-698.0,-815.0,0
136.0,-682.0,-634.0,-4958.0,57.0,-969.0,0
99.0,-854.0,-668.0,-6495.0,1062.0,-1141.0,0
-9.0,-999.0,-609.0,-7855.0,2184.0,-1326.0,0
-140.0,-1138.0,-403.0,-8594.0,3137.0,-1434.0,0
-258.0,-1266.0,-144.0,-8232.0,3437.0,-1324.0,0
-374.0,-1312.0,31.0,-6372.0,2995.0,-1058.0,0
-384.0,-1233.0,157.0,-3597.0,2166.0,-698.0,0
-248.0,-1090.0,218.0,-617.0,1211.0,-300.0,0
-158.0,-909.0,177.0,2179.0,376.0,-160.0,0
-83.0,-716.0,139.0,4365.0,-13.0,-233.0,0
-48.0,-519.0,113.0,5848.0,-16.0,-349.0,0
-29.0,-339.0,47.0,6744.0,80.0,-335.0,0
-26.0,-208.0,-18.0,7022.0,43.0,-110.0,0
-29.0,-95.0,-76.0,6642.0,-233.0,267.0,0
-24.0,-30.0,-117.0,5688.0,-713.0,681.0,0
-3.0,-4.0,-141.0,4352.0,-1254.0,996.0,0
18.0,-16.0,-144.0,2884.0,-1692.0,1171.0,0
40.0,-60.0,-135.0,1451.0,-1909.0,1292.0,0
51.0,-114.0,-102.0,149.0,-1873.0,1394.0,0
54.0,-170.0,-57.0,-939.0,-1645.0,1451.0,0
50.0,-236.0,-8.0,-1792.0,-1332.0,1437.0,0
35.0,-299.0,25.0,-2421.0,-1022.0,1355.0,0
24.0,-353.0,59.0,-2843.0,-753.0,1250.0,0
19.0,-407.0,86.0,-3064.0,-516.0,1159.0,0
17.0,-451.0,111.0,-3088.0,-305.0,1079.0,0
19.0,-491.0,120.0,-2914.0,-114.0,1001.0,0
34.0,-517.0,123.0,-2547.0,62.0,909.0,0
37.0,-525.0,120.0,-2014.0,209.0,812.0,0
35.0,-513.0,115.0,-1352.0,302.0,730.0,0
24.0,-482.0,115.0,-603.0,323.0,677.0,0
5.0,-434.0,103.0,203.0,279.0,662.0,0
-5.0,-378.0,90.0,1012.0,198.0,689.0,0
-6.0,-317.0,68.0,1762.0,97.0,729.0,0
4.0,-246.0,46.0,2398.0,-20.0,742.0,0
23.0,-175.0,25.0,2880.0,-134.0,733.0,0
52.0,-87.0,-7.0,3203.0,-231.0,717.0,0
93.0,-20.0,-39.0,3373.0,-299.0,684.0,0
126.0,30.0,-76.0,3388.0,-327.0,621.0,0
148.0,86.0,-117.0,3255.0,-305.0,516.0,0
161.0,130.0,-143.0,2981.0,-227.0,377.0,0
162.0,167.0,-171.0,2578.0,-118.0,208.0,0
147.0,191.0,-196.0,2061.0,-4.0,23.0,0
117.0,205.0,-213.0,1446.0,82.0,-164.0,0
89.0,209.0,-224.0,753.0,122.0,-339.0,0
66.0,204.0,-230.0,32.0,106.0,-493.0,0
49.0,186.0,-225.0,-672.0,34.0,-629.0,0
17.0,161.0,-200.0,-1326.0,-82.0,-740.0,0
-6.0,123.0,-172.0,-1857.0,-236.0,-790.0,0
-25.0,74.0,-144.0,-2215.0,-410.0,-773.0,0
-47.0,29.0,-115.0,-2382.0,-597.0,-724.0,0
-60.0,-15.0,-87.0,-2350.0,-788.0,-673.0,0
-67.0,-52.0,-59.0,-2137.0,-954.0,-642.0,0
-65.0,-74.0,-34.0,-1768.0,-1073.0,-639.0,0
-57.0,-84.0,-17.0,-1266.0,-1129.0,-658.0,0
-33.0,-93.0,-5.0,-678.0,-1104.0,-691.0,0
-17.0,-90.0,0.0,-56.0,-985.0,-734.0,0
-12.0,-88.0,-9.0,531.0,-783.0,-776.0,0
-12.0,-92.0,-29.0,954.0,-540.0,-813.0,0
-19.0,-99.0,-51.0,1422.0,-305.0,-840.0,0
-43.0,-107.0,-58.0,1824.0,-113.0,-838.0,0
-74.0,-124.0,-52.0,2152.0,50.0,-780.0,0
-105.0,-143.0,-34.0,2364.0,189.0,-640.0,0
-152.0,-169.0,-41.0,2381.0,387.0,-396.0,0
-208.0,-219.0,-79.0,2107.0,532.0,-4.0,0
-219.0,-279.0,-143.0,1506.0,499.0,442.0,0
-164.0,-342.0,-200.0,696.0,327.0,1100.0,0
-69.0,-404.0,-229.0,-217.0,190.0,1716.0,0
12.0,-484.0,-249.0,-1319.0,167.0,2149.0,0
14.0,-582.0,-325.0,-2684.0,233.0,2347.0,0
-52.0,-739.0,-449.0,-4338.0,457.0,2491.0,0
-68.0,-974.0,-508.0,-6118.0,828.0,2854.0,0
9.0,-1192.0,-449.0,-7600.0,882.0,3179.0,0
62.0,-1196.0,-286.0,-8172.0,326.0,2889.0,0
30.0,-1079.0,-106.0,-7193.0,-580.0,1952.0,0
-18.0,-954.0,-1.0,-4806.0,-1378.0,912.0,0
-22.0,-864.0,59.0,-1861.0,-1658.0,242.0,0
0.0,-796.0,91.0,819.0,-1420.0,-74.0,0
11.0,-714.0,113.0,2829.0,-941.0,-288.0,0
8.0,-605.0,106.0,4122.0,-471.0,-556.0,0
-3.0,-480.0,111.0,4821.0,-118.0,-878.0,0
-22.0,-362.0,100.0,5142.0,92.0,-1134.0,0
-31.0,-277.0,100.0,5259.0,171.0,-1217.0,0
-30.0,-233.0,91.0,5253.0,174.0,-1124.0,0
-20.0,-222.0,73.0,5085.0,160.0,-953.0,0
-15.0,-203.0,72.0,4718.0,162.0,-807.0,0
-9.0,-189.0,65.0,4158.0,204.0,-698.0,0
-6.0,-180.0,56.0,3355.0,299.0,-609.0,0
2.0,-176.0,42.0,2270.0,439.0,-519.0,0
32.0,-186.0,24.0,936.0,569.0,-416.0,0
61.0,-219.0,21.0,-519.0,626.0,-295.0,0
90.0,-270.0,13.0,-1951.0,589.0,-187.0,0
105.0,-314.0,32.0,-3208.0,498.0,-123.0,0
112.0,-349.0,51.0,-4130.0,416.0,-97.0,0
112.0,-381.0,60.0,-4627.0,389.0,-101.0,0
108.0,-402.0,71.0,-4704.0,417.0,-134.0,0
110.0,-420.0,82.0,-4390.0,467.0,-194.0,0
111.0,-429.0,82.0,-3769.0,522.0,-283.0,0
121.0,-420.0,74.0,-2959.0,561.0,-399.0,0
113.0,-404.0,64.0,-2069.0,577.0,-541.0,0
99.0,-374.0,42.0,-1172.0,573.0,-679.0,0
82.0,-340.0,33.0,-310.0,568.0,-790.0,0
64.0,-303.0,16.0,495.0,571.0,-871.0,0
45.0,-266.0,2.0,1227.0,575.0,-934.0,0
35.0,-230.0,-9.0,1849.0,571.0,-989.0,0
25.0,-189.0,-13.0,2334.0,562.0,-1030.0,0
27.0,-142.0,-15.0,2697.0,551.0,-1063.0,0
29.0,-95.0,-21.0,2944.0,526.0,-1083.0,0
28.0,-43.0,-35.0,3101.0,472.0,-1086.0,0
24.0,4.0,-36.0,3159.0,409.0,-1056.0,0
10.0,59.0,-48.0,3104.0,346.0,-972.0,0
-3.0,101.0,-56.0,2939.0,274.0,-825.0,0
-14.0,131.0,-67.0,2675.0,180.0,-647.0,0
-35.0,148.0,-77.0,2319.0,62.0,-459.0,0
-49.0,152.0,-100.0,1864.0,-73.0,-267.0,0
-58.0,147.0,-120.0,1306.0,-204.0,-77.0,0
-63.0,133.0,-133.0,675.0,-315.0,92.0,0
-62.0,113.0,-144.0,19.0,-403.0,233.0,0
-43.0,74.0,-148.0,-613.0,-458.0,360.0,0
-16.0,33.0,-140.0,-1173.0,-482.0,465.0,0
-7.0,-1.0,-119.0,-1589.0,-488.0,512.0,0
-8.0,-21.0,-93.0,-1802.0,-484.0,526.0,0
-17.0,-41.0,-74.0,-1796.0,-475.0,536.0,0
-28.0,-59.0,-61.0,-1595.0,-456.0,545.0,0
-26.0,-75.0,-61.0,-1248.0,-426.0,536.0,0
-36.0,-96.0,-68.0,-806.0,-388.0,505.0,0
-40.0,-112.0,-82.0,-328.0,-342.0,452.0,0
-15.0,-128.0,-90.0,138.0,-270.0,407.0,0
26.0,-148.0,-103.0,575.0,-141.0,374.0,0
69.0,-175.0,-115.0,897.0,65.0,326.0,0
132.0,-220.0,-126.0,1270.0,303.0,244.0,0
176.0,-267.0,-130.0,1583.0,514.0,98.0,0
153.0,-313.0,-105.0,1782.0,631.0,-112.0,0
90.0,-340.0,-87.0,1790.0,638.0,-376.0,0
2.0,-365.0,-71.0,1561.0,523.0,-667.0,0
-61.0,-375.0,-64.0,1101.0,429.0,-884.0,0
-66.0,-394.0,-74.0,453.0,488.0,-1124.0,0
-42.0,-414.0,-77.0,-354.0,699.0,-1363.0,0
-12.0,-445.0,-92.0,-1317.0,888.0,-1620.0,0
-5.0,-488.0,-135.0,-2397.0,836.0,-1881.0,0
-32.0,-553.0,-178.0,-3462.0,552.0,-2069.0,0
-73.0,-626.0,-191.0,-4381.0,218.0,-2176.0,0
-106.0,-692.0,-181.0,-5009.0,-13.0,-2148.0,0
-95.0,-751.0,-131.0,-5178.0,-75.0,-1903.0,0
-64.0,-796.0,-68.0,-4756.0,-17.0,-1482.0,0
-55.0,-813.0,7.0,-3738.0,80.0,-1062.0,0
-60.0,-797.0,54.0,-2254.0,174.0,-724.0,0
-63.0,-744.0,83.0,-540.0,239.0,-427.0,0
-63.0,-663.0,94.0,1110.0,241.0,-99.0,0
-56.0,-573.0,94.0,2482.0,173.0,276.0,0
-33.0,-482.0,85.0,3462.0,58.0,639.0,0
-6.0,-399.0,76.0,4018.0,-76.0,947.0,0
6.0,-327.0,65.0,4185.0,-262.0,1203.0,0
11.0,-270.0,55.0,4063.0,-543.0,1410.0,0
17.0,-225.0,33.0,3685.0,-876.0,1575.0,0
26.0,-192.0,7.0,3078.0,-1171.0,1682.0,0
39.0,-176.0,-1.0,2240.0,-1371.0,1694.0,0
50.0,-179.0,-8.0,1223.0,-1440.0,1590.0,0
63.0,-196.0,0.0,118.0,-1371.0,1399.0,0
79.0,-235.0,25.0,-958.0,-1191.0,1170.0,0
88.0,-272.0,65.0,-1891.0,-946.0,941.0,0
86.0,-318.0,107.0,-2598.0,-678.0,737.0,0
78.0,-372.0,143.0,-3049.0,-409.0,605.0,0
66.0,-414.0,173.0,-3235.0,-172.0,550.0,0
50.0,-447.0,187.0,-3151.0,-6.0,558.0,0
32.0,-463.0,193.0,-2828.0,71.0,599.0,0
8.0,-461.0,191.0,-2276.0,68.0,638.0,0
-5.0,-446.0,178.0,-1531.0,1.0,693.0,0
-9.0,-426.0,151.0,-656.0,-90.0,756.0,0
-8.0,-389.0,128.0,248.0,-180.0,826.0,0
0.0,-351.0,93.0,1124.0,-267.0,879.0,0
3.0,-306.0,59.0,1940.0,-351.0,906.0,0
4.0,-255.0,15.0,2680.0,-411.0,915.0,0
22.0,-203.0,-17.0,3309.0,-439.0,929.0,0
37.0,-149.0,-49.0,3813.0,-430.0,931.0,0
54.0,-96.0,-86.0,4173.0,-379.0,914.0,0
66.0,-41.0,-124.0,4375.0,-311.0,878.0,0
76.0,34.0,-162.0,4393.0,-227.0,836.0,0
90.0,97.0,-194.0,4212.0,-120.0,796.0,0
111.0,161.0,-207.0,3814.0,14.0,724.0,0
128.0,224.0,-202.0,3186.0,199.0,586.0,0
132.0,278.0,-198.0,2367.0,434.0,382.0,0
131.0,314.0,-195.0,1393.0,666.0,146.0,0
121.0,322.0,-196.0,328.0,811.0,-77.0,0
103.0,296.0,-206.0,-735.0,809.0,-253.0,0
77.0,248.0,-221.0,-1754.0,639.0,-384.0,0
46.0,194.0,-233.0,-2709.0,326.0,-479.0,0
11.0,137.0,-240.0,-3586.0,-52.0,-540.0,0
-7.0,81.0,-232.0,-4379.0,-401.0,-574.0,0
-21.0,30.0,-213.0,-5040.0,-668.0,-591.0,0
-26.0,-37.0,-124.0,-5507.0,-829.0,-616.0,0
-23.0,-109.0,-26.0,-5535.0,-821.0,-651.0,0
-16.0,-169.0,16.0,-5009.0,-692.0,-701.0,0
-20.0,-207.0,45.0,-4133.0,-546.0,-823.0,0
-26.0,-248.0,55.0,-3027.0,-401.0,-990.0,0
-28.0,-263.0,31.0,-1776.0,-231.0,-1108.0,0
-18.0,-276.0,3.0,-474.0,-69.0,-1160.0,0
-38.0,-261.0,-6.0,797.0,67.0,-1190.0,0
-85.0,-251.0,9.0,1718.0,185.0,-1201.0,0
-145.0,-255.0,10.0,2643.0,304.0,-1146.0,0
-212.0,-264.0,-5.0,3206.0,419.0,-967.0,0
-262.0,-287.0,-49.0,3360.0,508.0,-617.0,0
-267.0,-322.0,-100.0,3161.0,548.0,-85.0,0
-217.0,-365.0,-148.0,2738.0,562.0,561.0,0
-143.0,-412.0,-188.0,2146.0,579.0,1168.0,0
-98.0,-474.0,-215.0,1224.0,616.0,1540.0,0
-89.0,-576.0,-305.0,-274.0,672.0,1813.0,0
-76.0,-699.0,-460.0,-2392.0,910.0,1992.0,0
-52.0,-828.0,-568.0,-4856.0,1329.0,2252.0,0
51.0,-928.0,-504.0,-7092.0,1530.0,2487.0,0
50.0,-881.0,-270.0,-8252.0,1149.0,2342.0,0
6.0,-799.0,-44.0,-7502.0,337.0,1910.0,0
8.0,-761.0,72.0,-5032.0,-478.0,1453.0,0
42.0,-752.0,105.0,-1914.0,-941.0,1058.0,0
78.0,-726.0,113.0,812.0,-930.0,716.0,0
95.0,-666.0,105.0,2697.0,-592.0,402.0,0
91.0,-583.0,83.0,3759.0,-160.0,128.0,0
72.0,-478.0,72.0,4181.0,206.0,-109.0,0
46.0,-387.0,60.0,4242.0,404.0,-320.0,0
7.0,-318.0,48.0,4108.0,438.0,-501.0,0
-5.0,-271.0,37.0,3866.0,376.0,-639.0,0
-4.0,-236.0,44.0,3555.0,289.0,-761.0,0
0.0,-211.0,45.0,3182.0,213.0,-892.0,0
2.0,-174.0,47.0,2697.0,175.0,-995.0,0
5.0,-155.0,37.0,2024.0,226.0,-1055.0,0
8.0,-153.0,24.0,1121.0,404.0,-1052.0,0
3.0,-164.0,19.0,12.0,701.0,-978.0,0
-1.0,-203.0,20.0,-1222.0,1031.0,-844.0,0
5.0,-264.0,25.0,-2469.0,1274.0,-682.0,0
15.0,-337.0,55.0,-3602.0,1344.0,-545.0,0
27.0,-402.0,84.0,-4498.0,1243.0,-455.0,0
42.0,-454.0,113.0,-5022.0,1042.0,-397.0,0
59.0,-498.0,127.0,-5095.0,842.0,-364.0,0
79.0,-527.0,128.0,-4749.0,715.0,-340.0,0
99.0,-542.0,122.0,-4071.0,687.0,-342.0,0
100.0,-536.0,113.0,-3145.0,726.0,-383.0,0
101.0,-516.0,99.0,-2055.0,770.0,-469.0,0
88.0,-476.0,73.0,-871.0,774.0,-595.0,0
76.0,-438.0,44.0,317.0,722.0,-742.0,0
63.0,-389.0,10.0,1411.0,625.0,-896.0,0
49.0,-343.0,-13.0,2341.0,499.0,-1040.0,0
28.0,-285.0,-51.0,3086.0,345.0,-1169.0,0
-2.0,-228.0,-63.0,3621.0,169.0,-1265.0,0
-20.0,-164.0,-74.0,3930.0,-10.0,-1293.0,0
-38.0,-98.0,-79.0,4022.0,-173.0,-1268.0,0
-53.0,-31.0,-87.0,3941.0,-304.0,-1205.0,0
-55.0,29.0,-98.0,3718.0,-386.0,-1106.0,0
-61.0,77.0,-107.0,3367.0,-412.0,-989.0,0
-68.0,120.0,-110.0,2913.0,-399.0,-864.0,0
-77.0,157.0,-112.0,2382.0,-373.0,-732.0,0
-96.0,189.0,-103.0,1810.0,-352.0,-598.0,0
-112.0,205.0,-106.0,1204.0,-336.0,-444.0,0
-125.0,208.0,-106.0,554.0,-320.0,-264.0,0
-129.0,195.0,-109.0,-118.0,-294.0,-71.0,0
-132.0,172.0,-103.0,-762.0,-257.0,123.0,0
-127.0,130.0,-99.0,-1320.0,-214.0,320.0,0
-94.0,75.0,-95.0,-1756.0,-160.0,513.0,0
-64.0,32.0,-84.0,-2032.0,-119.0,638.0,0
-44.0,-1.0,-73.0,-2101.0,-91.0,681.0,0
-35.0,-31.0,-56.0,-1971.0,-83.0,695.0,0
-21.0,-53.0,-43.0,-1676.0,-101.0,715.0,0
-12.0,-73.0,-34.0,-1262.0,-139.0,737.0,0
0.0,-94.0,-32.0,-764.0,-195.0,739.0,0
3.0,-116.0,-41.0,-215.0,-254.0,706.0,0
-3.0,-128.0,-57.0,371.0,-303.0,651.0,0
-20.0,-140.0,-74.0,956.0,-345.0,600.0,0
-15.0,-137.0,-96.0,1486.0,-377.0,562.0,0
48.0,-151.0,-102.0,1915.0,-374.0,530.0,0
140.0,-165.0,-117.0,2215.0,-277.0,482.0,0
230.0,-184.0,-111.0,2381.0,-94.0,376.0,0
262.0,-193.0,-98.0,2421.0,50.0,190.0,0
242.0,-218.0,-122.0,2303.0,-9.0,-81.0,0
143.0,-202.0,-187.0,2040.0,-184.0,-420.0,0
73.0,-211.0,-217.0,1441.0,-246.0,-727.0,0
85.0,-258.0,-250.0,487.0,-95.0,-995.0,0
140.0,-328.0,-281.0,-859.0,149.0,-1312.0,0
177.0,-411.0,-320.0,-2467.0,534.0,-1659.0,0
170.0,-510.0,-354.0,-4120.0,907.0,-1921.0,0
111.0,-619.0,-352.0,-5580.0,1257.0,-2050.0,0
-7.0,-712.0,-300.0,-6658.0,1654.0,-2192.0,0
-117.0,-792.0,-192.0,-7238.0,2032.0,-2271.0,0
-181.0,-858.0,-73.0,-7233.0,2182.0,-2111.0,0
-161.0,-945.0,31.0,-6540.0,2019.0,-1599.0,0
-133.0,-1022.0,61.0,-5158.0,1588.0,-966.0,0
-126.0,-1027.0,57.0,-3378.0,1087.0,-443.0,0
-126.0,-934.0,64.0,-1460.0,682.0,-42.0,0
-140.0,-796.0,69.0,490.0,403.0,293.0,0
-149.0,-666.0,78.0,2310.0,192.0,589.0,0
-161.0,-535.0,65.0,3745.0,-29.0,849.0,0
-154.0,-423.0,47.0,4639.0,-292.0,1032.0,0
-129.0,-313.0,18.0,4983.0,-564.0,1069.0,0
-117.0,-210.0,-15.0,4829.0,-779.0,989.0,0
-95.0,-138.0,-46.0,4248.0,-933.0,915.0,0
-73.0,-98.0,-65.0,3310.0,-1032.0,923.0,0
-61.0,-96.0,-77.0,2120.0,-1107.0,983.0,0
-34.0,-127.0,-76.0,788.0,-1185.0,1006.0,0
-2.0,-185.0,-69.0,-550.0,-1271.0,953.0,0
24.0,-245.0,-53.0,-1752.0,-1336.0,853.0,0
43.0,-309.0,-19.0,-2723.0,-1333.0,754.0,0
55.0,-372.0,18.0,-3421.0,-1240.0,715.0,0
69.0,-440.0,64.0,-3824.0,-1077.0,748.0,0
77.0,-509.0,102.0,-3926.0,-896.0,807.0,0
77.0,-569.0,124.0,-3727.0,-740.0,848.0,0
71.0,-599.0,133.0,-3250.0,-632.0,865.0,0
64.0,-606.0,140.0,-2538.0,-563.0,883.0,0
62.0,-591.0,140.0,-1639.0,-522.0,904.0,0
40.0,-556.0,131.0,-632.0,-487.0,922.0,0
20.0,-510.0,127.0,392.0,-443.0,943.0,0
0.0,-448.0,113.0,1377.0,-394.0,971.0,0
-15.0,-382.0,107.0,2261.0,-348.0,998.0,0
-20.0,-315.0,69.0,2992.0,-310.0,1014.0,0
-7.0,-250.0,48.0,3520.0,-285.0,1006.0,0
16.0,-188.0,15.0,3832.0,-280.0,972.0,0
46.0,-120.0,-16.0,3936.0,-283.0,904.0,0
81.0,-50.0,-55.0,3844.0,-270.0,811.0,0
118.0,20.0,-86.0,3588.0,-236.0,699.0,0
141.0,85.0,-122.0,3204.0,-178.0,567.0,0
160.0,151.0,-170.0,2721.0,-112.0,412.0,0
164.0,195.0,-204.0,2170.0,-39.0,242.0,0
154.0,220.0,-229.0,1585.0,31.0,61.0,0
144.0,230.0,-247.0,979.0,94.0,-113.0,0
122.0,230.0,-249.0,350.0,149.0,-289.0,0
101.0,218.0,-252.0,-287.0,170.0,-459.0,0
82.0,183.0,-236.0,-916.0,147.0,-619.0,0
57.0,148.0,-214.0,-1495.0,65.0,-765.0,0
25.0,110.0,-187.0,-1965.0,-54.0,-861.0,0
0.0,65.0,-153.0,-2268.0,-185.0,-901.0,0
-15.0,20.0,-115.0,-2351.0,-329.0,-899.0,0
-35.0,-18.0,-96.0,-2214.0,-480.0,-880.0,0
-46.0,-56.0,-71.0,-1899.0,-615.0,-867.0,0
-55.0,-79.0,-57.0,-1454.0,-715.0,-853.0,0
-52.0,-91.0,-41.0,-934.0,-770.0,-848.0,0
-39.0,-102.0,-32.0,-383.0,-775.0,-849.0,0
-27.0,-104.0,-17.0,152.0,-728.0,-861.0,0
-18.0,-97.0,-24.0,649.0,-634.0,-876.0,0
-15.0,-94.0,-43.0,1092.0,-506.0,-896.0,0
-20.0,-93.0,-59.0,1484.0,-359.0,-924.0,0
-45.0,-97.0,-51.0,1814.0,-198.0,-939.0,0
-76.0,-108.0,-26.0,2057.0,-19.0,-920.0,0
-125.0,-130.0,4.0,2188.0,192.0,-830.0,0
-177.0,-154.0,21.0,2176.0,410.0,-645.0,0
-212.0,-197.0,-7.0,1947.0,569.0,-330.0,0
-212.0,-251.0,-75.0,1388.0,604.0,158.0,0
-183.0,-312.0,-163.0,483.0,518.0,772.0,0
-122.0,-387.0,-241.0,-688.0,363.0,1411.0,0
-57.0,-478.0,-335.0,-2057.0,220.0,1940.0,0
-27.0,-583.0,-455.0,-3278.0,225.0,2325.0,0
-3.0,-701.0,-534.0,-4893.0,470.0,2668.0,0
39.0,-841.0,-546.0,-6377.0,756.0,3007.0,0
106.0,-1011.0,-413.0,-7348.0,781.0,3157.0,0
149.0,-1085.0,-248.0,-7220.0,405.0,2822.0,0
134.0,-1036.0,-90.0,-5828.0,-243.0,1955.0,0
103.0,-951.0,32.0,-3577.0,-704.0,1176.0,0
103.0,-864.0,95.0,-1131.0,-741.0,511.0,0
125.0,-772.0,114.0,927.0,-450.0,176.0,0
116.0,-667.0,96.0,2445.0,-71.0,-82.0,0
86.0,-558.0,62.0,3463.0,226.0,-369.0,0
55.0,-444.0,14.0,4052.0,441.0,-660.0,0
24.0,-332.0,3.0,4262.0,605.0,-916.0,0
-12.0,-231.0,7.0,4237.0,722.0,-1087.0,0
-37.0,-161.0,7.0,4031.0,725.0,-1118.0,0
-49.0,-121.0,3.0,3631.0,591.0,-1037.0,0
-46.0,-112.0,-7.0,3012.0,384.0,-885.0,0
-33.0,-130.0,-20.0,2189.0,238.0,-700.0,0
-25.0,-160.0,-14.0,1237.0,246.0,-514.0,0
-22.0,-203.0,7.0,244.0,410.0,-340.0,0
-21.0,-259.0,27.0,-717.0,656.0,-213.0,0
-18.0,-301.0,44.0,-1607.0,891.0,-148.0,0
-19.0,-361.0,64.0,-2395.0,1046.0,-131.0,0
-5.0,-414.0,69.0,-3057.0,1085.0,-141.0,0
0.0,-459.0,83.0,-3546.0,1025.0,-155.0,0
5.0,-493.0,105.0,-3781.0,900.0,-189.0,0
8.0,-512.0,104.0,-3697.0,760.0,-259.0,0
13.0,-517.0,109.0,-3295.0,642.0,-373.0,0
23.0,-516.0,107.0,-2626.0,547.0,-515.0,0
42.0,-507.0,94.0,-1768.0,454.0,-670.0,0
58.0,-483.0,72.0,-808.0,346.0,-819.0,0
62.0,-450.0,51.0,155.0,225.0,-950.0,0
62.0,-409.0,28.0,1057.0,104.0,-1043.0,0
55.0,-365.0,12.0,1867.0,-5.0,-1110.0,0
36.0,-311.0,-2.0,2554.0,-104.0,-1178.0,0
21.0,-255.0,-24.0,3083.0,-196.0,-1230.0,0
6.0,-189.0,-37.0,3410.0,-266.0,-1244.0,0
1.0,-125.0,-49.0,3546.0,-296.0,-1222.0,0
-2.0,-60.0,-51.0,3542.0,-285.0,-1183.0,0
-5.0,2.0,-59.0,3442.0,-252.0,-1142.0,0
-10.0,58.0,-66.0,3269.0,-201.0,-1096.0,0
-16.0,106.0,-68.0,3054.0,-134.0,-1018.0,0
-11.0,133.0,-77.0,2805.0,-52.0,-892.0,0
-15.0,157.0,-88.0,2510.0,25.0,-733.0,0
-16.0,166.0,-98.0,2149.0,77.0,-547.0,0
-21.0,171.0,-116.0,1715.0,98.0,-350.0,0
-23.0,161.0,-124.0,1217.0,89.0,-165.0,0
-19.0,146.0,-129.0,674.0,63.0,-15.0,0
-17.0,129.0,-129.0,129.0,37.0,99.0,0
-17.0,102.0,-124.0,-389.0,23.0,204.0,0
-9.0,66.0,-129.0,-844.0,13.0,297.0,0
-6.0,28.0,-116.0,-1215.0,-11.0,354.0,0
-10.0,2.0,-98.0,-1435.0,-59.0,374.0,0
-21.0,-17.0,-78.0,-1467.0,-131.0,382.0,0
-25.0,-37.0,-58.0,-1326.0,-221.0,397.0,0
-20.0,-55.0,-43.0,-1045.0,-312.0,418.0,0
-25.0,-66.0,-33.0,-657.0,-384.0,431.0,0
-25.0,-88.0,-42.0,-188.0,-425.0,433.0,0
-33.0,-109.0,-50.0,313.0,-428.0,419.0,0
-29.0,-124.0,-66.0,792.0,-394.0,403.0,0
-5.0,-142.0,-70.0,1208.0,-313.0,391.0,0
59.0,-171.0,-86.0,1516.0,-154.0,364.0,0
145.0,-200.0,-94.0,1701.0,107.0,301.0,0
206.0,-223.0,-115.0,1759.0,420.0,158.0,0
191.0,-255.0,-128.0,1662.0,611.0,-73.0,0
123.0,-273.0,-144.0,1359.0,585.0,-402.0,0
21.0,-280.0,-150.0,798.0,505.0,-793.0,0
-30.0,-313.0,-170.0,-86.0,600.0,-1166.0,0
-10.0,-372.0,-208.0,-1346.0,920.0,-1503.0,0
58.0,-449.0,-271.0,-2822.0,1294.0,-1787.0,0
90.0,-556.0,-319.0,-4277.0,1527.0,-1962.0,0
79.0,-669.0,-350.0,-5583.0,1601.0,-2056.0,0
23.0,-776.0,-334.0,-6448.0,1637.0,-2192.0,0
-64.0,-868.0,-234.0,-7113.0,1708.0,-2363.0,0
-132.0,-928.0,-75.0,-7043.0,1703.0,-2331.0,0
-135.0,-1003.0,30.0,-6063.0,1552.0,-1920.0,0
-83.0,-1068.0,85.0,-4381.0,1203.0,-1306.0,0
-60.0,-1078.0,86.0,-2363.0,799.0,-775.0,0
-61.0,-1004.0,72.0,-336.0,498.0,-465.0,0
-71.0,-872.0,63.0,1503.0,372.0,-166.0,0
-79.0,-715.0,67.0,3048.0,342.0,92.0,0
-72.0,-572.0,72.0,4230.0,258.0,343.0,0
-61.0,-440.0,67.0,5031.0,34.0,578.0,0
-44.0,-337.0,55.0,5488.0,-301.0,778.0,0
-20.0,-253.0,27.0,5622.0,-688.0,951.0,0
-6.0,-194.0,-10.0,5391.0,-1051.0,1095.0,0
14.0,-141.0,-34.0,4749.0,-1294.0,1240.0,0
27.0,-115.0,-51.0,3738.0,-1382.0,1367.0,0
44.0,-107.0,-47.0,2488.0,-1326.0,1424.0,0
48.0,-116.0,-27.0,1179.0,-1181.0,1391.0,0
47.0,-145.0,6.0,-49.0,-1007.0,1285.0,0
55.0,-182.0,35.0,-1103.0,-828.0,1132.0,0
56.0,-230.0,65.0,-1940.0,-649.0,976.0,0
60.0,-271.0,95.0,-2542.0,-459.0,854.0,0
61.0,-311.0,117.0,-2895.0,-263.0,781.0,0
61.0,-337.0,136.0,-2987.0,-95.0,762.0,0
54.0,-355.0,145.0,-2816.0,17.0,777.0,0
50.0,-357.0,149.0,-2414.0,66.0,811.0,0
38.0,-350.0,135.0,-1836.0,62.0,852.0,0
30.0,-331.0,118.0,-1157.0,18.0,891.0,0
28.0,-308.0,104.0,-445.0,-41.0,916.0,0
27.0,-274.0,84.0,267.0,-100.0,914.0,0
25.0,-236.0,64.0,957.0,-149.0,892.0,0
28.0,-191.0,44.0,1606.0,-190.0,874.0,0
40.0,-148.0,20.0,2196.0,-225.0,860.0,0
47.0,-110.0,-9.0,2718.0,-266.0,846.0,0
52.0,-67.0,-40.0,3140.0,-310.0,827.0,0
63.0,-28.0,-63.0,3441.0,-353.0,806.0,0
55.0,10.0,-91.0,3597.0,-396.0,782.0,0
47.0,48.0,-129.0,3592.0,-434.0,751.0,0
41.0,74.0,-144.0,3436.0,-474.0,701.0,0
31.0,99.0,-156.0,3142.0,-517.0,630.0,0
18.0,113.0,-172.0,2743.0,-575.0,551.0,0
15.0,128.0,-188.0,2229.0,-648.0,453.0,0
13.0,140.0,-196.0,1593.0,-723.0,305.0,0
8.0,153.0,-199.0,884.0,-803.0,111.0,0
10.0,150.0,-197.0,144.0,-889.0,-99.0,0
2.0,146.0,-201.0,-592.0,-975.0,-306.0,0
-14.0,125.0,-196.0,-1278.0,-1055.0,-499.0,0
-44.0,100.0,-199.0,-1893.0,-1112.0,-648.0,0
-59.0,70.0,-188.0,-2423.0,-1121.0,-732.0,0
-59.0,40.0,-168.0,-2836.0,-1061.0,-771.0,0
-48.0,8.0,-134.0,-3092.0,-921.0,-798.0,0
-26.0,-42.0,-60.0,-3103.0,-673.0,-834.0,0
-9.0,-77.0,-22.0,-2752.0,-347.0,-877.0,0
-7.0,-111.0,-3.0,-2140.0,-14.0,-923.0,0
-12.0,-136.0,0.0,-1361.0,309.0,-959.0,0
-22.0,-158.0,-11.0,-514.0,605.0,-966.0,0
-32.0,-178.0,-29.0,325.0,866.0,-947.0,0
-43.0,-202.0,-17.0,1101.0,1076.0,-903.0,0
-65.0,-218.0,21.0,1753.0,1239.0,-817.0,0
-81.0,-238.0,62.0,2230.0,1367.0,-665.0,0
-112.0,-259.0,74.0,2462.0,1431.0,-426.0,0
-135.0,-280.0,62.0,2385.0,1329.0,-116.0,0
-122.0,-294.0,19.0,1944.0,1019.0,231.0,0
-58.0,-298.0,-14.0,1125.0,604.0,566.0,0
67.0,-347.0,-98.0,-123.0,274.0,741.0,0
205.0,-432.0,-320.0,-1933.0,152.0,711.0,0
221.0,-506.0,-555.0,-4366.0,398.0,753.0,0
219.0,-610.0,-613.0,-7122.0,1088.0,1222.0,0
241.0,-762.0,-384.0,-9375.0,1699.0,2165.0,0
182.0,-873.0,-103.0,-9985.0,1714.0,3039.0,0
66.0,-891.0,61.0,-8460.0,1218.0,3211.0,0
-23.0,-898.0,60.0,-5478.0,511.0,2618.0,0
-82.0,-895.0,17.0,-2318.0,-138.0,1743.0,0
-83.0,-850.0,-1.0,-230.0,-517.0,1122.0,0
-43.0,-754.0,22.0,1687.0,-575.0,774.0,0
-38.0,-636.0,42.0,3013.0,-469.0,486.0,0
-50.0,-525.0,38.0,3866.0,-304.0,229.0,0
-64.0,-450.0,21.0,4312.0,-173.0,0.0,0
-63.0,-394.0,6.0,4455.0,-73.0,-228.0,0
-59.0,-343.0,14.0,4343.0,-39.0,-513.0,0
-82.0,-277.0,30.0,4025.0,-24.0,-862.0,0
-116.0,-221.0,49.0,3536.0,-14.0,-1126.0,0
-148.0,-183.0,60.0,2894.0,-16.0,-1346.0,0
-175.0,-162.0,77.0,2097.0,-23.0,-1388.0,0
-170.0,-164.0,98.0,1166.0,-27.0,-1261.0,0
-124.0,-195.0,115.0,173.0,-23.0,-1023.0,0
-42.0,-257.0,136.0,-818.0,-38.0,-733.0,0
3.0,-301.0,129.0,-1771.0,-115.0,-513.0,0
39.0,-354.0,145.0,-2624.0,-229.0,-371.0,0
72.0,-393.0,145.0,-3308.0,-368.0,-258.0,0
120.0,-425.0,149.0,-3791.0,-496.0,-133.0,0
162.0,-449.0,150.0,-4019.0,-568.0,18.0,0
182.0,-448.0,139.0,-3952.0,-574.0,157.0,0
200.0,-451.0,123.0,-3596.0,-522.0,223.0,0
206.0,-440.0,100.0,-3025.0,-417.0,185.0,0
195.0,-428.0,67.0,-2339.0,-270.0,74.0,0
175.0,-404.0,39.0,-1620.0,-112.0,-69.0,0
160.0,-380.0,23.0,-944.0,38.0,-203.0,0
143.0,-348.0,1.0,-310.0,174.0,-361.0,0
126.0,-315.0,-15.0,291.0,275.0,-546.0,0
103.0,-263.0,-26.0,850.0,314.0,-753.0,0
76.0,-216.0,-41.0,1350.0,301.0,-951.0,0
45.0,-167.0,-49.0,1774.0,262.0,-1109.0,0
17.0,-127.0,-65.0,2113.0,231.0,-1205.0,0
-4.0,-89.0,-76.0,2363.0,210.0,-1221.0,0
-15.0,-59.0,-86.0,2529.0,199.0,-1178.0,0
-26.0,-28.0,-89.0,2617.0,203.0,-1103.0,0
-29.0,0.0,-87.0,2618.0,212.0,-1005.0,0
-36.0,32.0,-90.0,2526.0,218.0,-890.0,0
-43.0,56.0,-92.0,2339.0,223.0,-749.0,0
-52.0,77.0,-84.0,2060.0,206.0,-576.0,0
-58.0,92.0,-87.0,1721.0,155.0,-372.0,0
-62.0,104.0,-84.0,1332.0,80.0,-156.0,0
-57.0,109.0,-90.0,913.0,-13.0,54.0,0
-51.0,100.0,-102.0,484.0,-106.0,232.0,0
-45.0,76.0,-109.0,56.0,-183.0,386.0,0
-31.0,46.0,-108.0,-357.0,-239.0,511.0,0
-28.0,19.0,-100.0,-716.0,-280.0,591.0,0
-33.0,2.0,-87.0,-967.0,-309.0,633.0,0
-35.0,-18.0,-66.0,-1067.0,-341.0,659.0,0
-41.0,-33.0,-49.0,-1013.0,-378.0,678.0,0
-42.0,-50.0,-27.0,-835.0,-413.0,684.0,0
-42.0,-67.0,-10.0,-560.0,-431.0,669.0,0
-50.0,-80.0,-2.0,-221.0,-417.0,631.0,0
-63.0,-93.0,-12.0,156.0,-380.0,577.0,0
-84.0,-111.0,-39.0,554.0,-338.0,520.0,0
-106.0,-123.0,-72.0,948.0,-314.0,463.0,0
-84.0,-135.0,-105.0,1303.0,-301.0,419.0,0
1.0,-161.0,-128.0,1590.0,-239.0,396.0,0
102.0,-189.0,-122.0,1788.0,-54.0,350.0,0
166.0,-201.0,-96.0,1899.0,202.0,246.0,0
204.0,-214.0,-118.0,1885.0,338.0,81.0,0
169.0,-217.0,-168.0,1643.0,192.0,-185.0,0
70.0,-218.0,-226.0,1132.0,-135.0,-502.0,0
24.0,-255.0,-278.0,365.0,-326.0,-738.0,0
67.0,-319.0,-304.0,-713.0,-179.0,-907.0,0
161.0,-399.0,-301.0,-2099.0,222.0,-1116.0,0
240.0,-511.0,-314.0,-3684.0,616.0,-1401.0,0
242.0,-654.0,-343.0,-5403.0,834.0,-1767.0,0
164.0,-798.0,-366.0,-7043.0,1074.0,-2232.0,0
11.0,-874.0,-271.0,-8225.0,1579.0,-2630.0,0
-112.0,-945.0,-91.0,-8492.0,2086.0,-2568.0,0
-148.0,-1028.0,66.0,-7634.0,2192.0,-1943.0,0
-78.0,-1109.0,140.0,-5807.0,1869.0,-1062.0,0
-41.0,-1126.0,145.0,-3413.0,1390.0,-363.0,0
-45.0,-1054.0,149.0,-871.0,1024.0,88.0,0
-66.0,-929.0,143.0,1532.0,732.0,389.0,0
-87.0,-781.0,140.0,3203.0,378.0,612.0,0
-93.0,-638.0,120.0,4839.0,-66.0,791.0,0
-84.0,-508.0,99.0,5892.0,-524.0,913.0,0
-66.0,-375.0,78.0,6405.0,-839.0,950.0,0
-46.0,-260.0,44.0,6453.0,-1126.0,903.0,0
-36.0,-163.0,5.0,6075.0,-1294.0,850.0,0
-36.0,-95.0,-36.0,5290.0,-1390.0,887.0,0
-23.0,-63.0,-67.0,4131.0,-1437.0,1055.0,0
-12.0,-68.0,-86.0,2688.0,-1422.0,1265.0,0
6.0,-103.0,-88.0,1112.0,-1342.0,1366.0,0
30.0,-152.0,-69.0,-426.0,-1216.0,1325.0,0
45.0,-201.0,-42.0,-1774.0,-1052.0,1193.0,0
44.0,-247.0,0.0,-2835.0,-870.0,1048.0,0
34.0,-285.0,57.0,-3531.0,-695.0,964.0,0
27.0,-321.0,95.0,-3813.0,-571.0,983.0,0
23.0,-369.0,125.0,-3718.0,-531.0,1065.0,0
17.0,-399.0,135.0,-3339.0,-556.0,1137.0,0
20.0,-416.0,139.0,-2759.0,-606.0,1170.0,0
18.0,-416.0,134.0,-2058.0,-632.0,1167.0,0
1.0,-406.0,116.0,-1305.0,-601.0,1140.0,0
-5.0,-384.0,99.0,-579.0,-504.0,1116.0,0
-4.0,-343.0,86.0,81.0,-358.0,1089.0,0
-7.0,-299.0,70.0,683.0,-194.0,1041.0,0
1.0,-252.0,55.0,1215.0,-42.0,957.0,0
5.0,-199.0,38.0,1661.0,72.0,834.0,0
19.0,-152.0,24.0,2024.0,146.0,698.0,0
35.0,-108.0,3.0,2301.0,183.0,546.0,0
53.0,-59.0,-25.0,2492.0,190.0,382.0,0
74.0,-8.0,-51.0,2586.0,177.0,226.0,0
87.0,41.0,-82.0,2576.0,167.0,80.0,0
107.0,83.0,-113.0,2453.0,165.0,-69.0,0
115.0,132.0,-151.0,2233.0,164.0,-223.0,0
110.0,161.0,-174.0,1926.0,171.0,-385.0,0
91.0,172.0,-195.0,1541.0,178.0,-549.0,0
64.0,174.0,-218.0,1095.0,175.0,-685.0,0
33.0,152.0,-247.0,601.0,143.0,-769.0,0
0.0,143.0,-245.0,80.0,74.0,-805.0,0
-29.0,122.0,-244.0,-422.0,-47.0,-796.0,0
-45.0,92.0,-226.0,-855.0,-208.0,-756.0,0
-61.0,59.0,-203.0,-1176.0,-384.0,-694.0,0
-68.0,18.0,-167.0,-1356.0,-547.0,-619.0,0
-63.0,-19.0,-127.0,-1369.0,-684.0,-543.0,0
-57.0,-45.0,-89.0,-1212.0,-790.0,-483.0,0
-37.0,-65.0,-55.0,-915.0,-853.0,-454.0,0
-14.0,-73.0,-32.0,-525.0,-847.0,-456.0,0
2.0,-67.0,-16.0,-110.0,-754.0,-485.0,0
21.0,-56.0,-1.0,294.0,-572.0,-522.0,0
39.0,-45.0,-3.0,650.0,-323.0,-563.0,0
43.0,-36.0,-21.0,931.0,-36.0,-604.0,0
57.0,-33.0,-38.0,1147.0,234.0,-642.0,0
40.0,-44.0,-31.0,1329.0,445.0,-657.0,0
5.0,-61.0,-1.0,1491.0,611.0,-615.0,0
-33.0,-93.0,57.0,1639.0,759.0,-491.0,0
-91.0,-124.0,107.0,1768.0,872.0,-286.0,0
-162.0,-158.0,79.0,1764.0,832.0,2.0,0
-191.0,-196.0,-34.0,1412.0,519.0,441.0,0
-174.0,-241.0,-189.0,611.0,-3.0,1050.0,0
-110.0,-322.0,-321.0,-587.0,-492.0,1749.0,0
-17.0,-429.0,-419.0,-2040.0,-791.0,2358.0,0
18.0,-574.0,-538.0,-3735.0,-877.0,2726.0,0
-33.0,-749.0,-713.0,-5805.0,-573.0,2989.0,0
-69.0,-945.0,-773.0,-8060.0,188.0,3396.0,0
-10.0,-1155.0,-616.0,-9867.0,857.0,3703.0,0
67.0,-1305.0,-298.0,-10148.0,759.0,3241.0,0
49.0,-1240.0,-75.0,-8423.0,52.0,1852.0,0
4.0,-1162.0,103.0,-5389.0,-592.0,372.0,0
5.0,-1090.0,199.0,-2042.0,-780.0,-452.0,0
59.0,-1004.0,242.0,853.0,-492.0,-730.0,0
78.0,-867.0,235.0,3046.0,12.0,-901.0,0
51.0,-690.0,189.0,4589.0,483.0,-1103.0,0
21.0,-507.0,149.0,5592.0,816.0,-1257.0,0
4.0,-333.0,113.0,6158.0,990.0,-1345.0,0
-17.0,-178.0,84.0,6361.0,1003.0,-1380.0,0
-44.0,-63.0,49.0,6283.0,830.0,-1336.0,0
-67.0,20.0,3.0,5836.0,490.0,-1202.0,0
-84.0,56.0,-55.0,4915.0,103.0,-997.0,0
-77.0,52.0,-89.0,3483.0,-117.0,-715.0,0
-52.0,-1.0,-90.0,1691.0,-179.0,-386.0,0
-21.0,-71.0,-59.0,-207.0,-25.0,-83.0,0
0.0,-172.0,-12.0,-1962.0,206.0,58.0,0
-8.0,-255.0,18.0,-3419.0,419.0,84.0,0
-4.0,-347.0,49.0,-4509.0,557.0,40.0,0
1.0,-439.0,64.0,-5222.0,606.0,-9.0,0
13.0,-510.0,83.0,-5563.0,581.0,-38.0,0
32.0,-577.0,94.0,-5506.0,522.0,-67.0,0
60.0,-621.0,102.0,-5062.0,461.0,-115.0,0
85.0,-644.0,101.0,-4297.0,412.0,-198.0,0
116.0,-651.0,75.0,-3293.0,362.0,-324.0,0
132.0,-641.0,48.0,-2146.0,295.0,-486.0,0
133.0,-610.0,17.0,-972.0,213.0,-685.0,0
125.0,-560.0,0.0,153.0,126.0,-881.0,0
110.0,-497.0,-18.0,1211.0,36.0,-1022.0,0
93.0,-430.0,-31.0,2158.0,-46.0,-1111.0,0
71.0,-350.0,-48.0,2918.0,-131.0,-1177.0,0
50.0,-268.0,-60.0,3435.0,-215.0,-1227.0,0
34.0,-176.0,-67.0,3718.0,-291.0,-1256.0,0
20.0,-92.0,-76.0,3778.0,-335.0,-1239.0,0
14.0,-14.0,-73.0,3667.0,-326.0,-1173.0,0
3.0,59.0,-73.0,3446.0,-269.0,-1082.0,0
-1.0,112.0,-72.0,3167.0,-187.0,-984.0,0
-10.0,160.0,-69.0,2823.0,-89.0,-861.0,0
-19.0,191.0,-70.0,2423.0,20.0,-699.0,0
-25.0,200.0,-70.0,1974.0,128.0,-511.0,0
-31.0,198.0,-64.0,1485.0,211.0,-329.0,0
-26.0,187.0,-65.0,974.0,254.0,-176.0,0
-26.0,166.0,-59.0,476.0,247.0,-56.0,0
-22.0,149.0,-61.0,32.0,201.0,48.0,0
-19.0,130.0,-65.0,-330.0,132.0,135.0,0
-17.0,109.0,-73.0,-604.0,64.0,204.0,0
-14.0,79.0,-95.0,-793.0,8.0,258.0,0
-13.0,53.0,-99.0,-894.0,-29.0,286.0,0
-19.0,29.0,-110.0,-899.0,-53.0,280.0,0
-27.0,12.0,-114.0,-818.0,-71.0,262.0,0
-32.0,-5.0,-106.0,-658.0,-84.0,250.0,0
-34.0,-24.0,-85.0,-436.0,-86.0,239.0,0
-31.0,-42.0,-75.0,-158.0,-68.0,221.0,0
-36.0,-55.0,-64.0,151.0,-24.0,193.0,0
-40.0,-70.0,-62.0,467.0,51.0,158.0,0
-54.0,-86.0,-65.0,785.0,143.0,110.0,0
-65.0,-107.0,-73.0,1086.0,230.0,55.0,0
-59.0,-110.0,-69.0,1326.0,298.0,9.0,0
6.0,-115.0,-70.0,1445.0,370.0,-27.0,0
108.0,-130.0,-81.0,1418.0,504.0,-67.0,0
142.0,-130.0,-81.0,1261.0,662.0,-175.0,0
133.0,-133.0,-110.0,1002.0,663.0,-383.0,0
77.0,-142.0,-169.0,612.0,404.0,-658.0,0
-1.0,-167.0,-214.0,66.0,-8.0,-893.0,0
-30.0,-232.0,-234.0,-666.0,-358.0,-1001.0,0
-4.0,-311.0,-245.0,-1634.0,-446.0,-1055.0,0
60.0,-420.0,-302.0,-2779.0,-201.0,-1138.0,0
129.0,-559.0,-387.0,-4039.0,306.0,-1269.0,0
158.0,-715.0,-454.0,-5364.0,965.0,-1415.0,0
109.0,-877.0,-481.0,-6629.0,1646.0,-1556.0,0
-14.0,-1007.0,-387.0,-7594.0,2224.0,-1704.0,0
-163.0,-1078.0,-191.0,-7882.0,2496.0,-1725.0,0
-254.0,-1129.0,12.0,-7138.0,2279.0,-1362.0,0
-196.0,-1187.0,159.0,-5341.0,1601.0,-661.0,0
-110.0,-1163.0,202.0,-2831.0,738.0,-95.0,0
-49.0,-1041.0,198.0,-131.0,123.0,83.0,0
-20.0,-881.0,163.0,2363.0,-105.0,21.0,0
-14.0,-704.0,132.0,4353.0,-87.0,-60.0,0
-10.0,-543.0,107.0,5778.0,-14.0,-42.0,0
0.0,-387.0,57.0,6717.0,-10.0,53.0,0
8.0,-260.0,2.0,7154.0,-127.0,192.0,0
19.0,-150.0,-49.0,7110.0,-375.0,391.0,0
39.0,-69.0,-100.0,6534.0,-697.0,657.0,0
70.0,-32.0,-119.0,5411.0,-992.0,937.0,0
88.0,-16.0,-119.0,3889.0,-1179.0,1156.0,0
109.0,-23.0,-100.0,2213.0,-1230.0,1316.0,0
107.0,-60.0,-63.0,577.0,-1172.0,1427.0,0
92.0,-113.0,-16.0,-887.0,-1004.0,1473.0,0
69.0,-179.0,27.0,-2108.0,-778.0,1453.0,0
39.0,-253.0,62.0,-3072.0,-543.0,1383.0,0
17.0,-322.0,98.0,-3763.0,-317.0,1283.0,0
8.0,-392.0,125.0,-4168.0,-133.0,1171.0,0
6.0,-447.0,143.0,-4284.0,-17.0,1062.0,0
8.0,-484.0,154.0,-4110.0,28.0,973.0,0
6.0,-510.0,158.0,-3670.0,15.0,907.0,0
2.0,-511.0,157.0,-3004.0,-42.0,874.0,0
2.0,-503.0,146.0,-2163.0,-130.0,864.0,0
-6.0,-473.0,136.0,-1234.0,-229.0,862.0,0
-20.0,-440.0,119.0,-290.0,-312.0,858.0,0
-32.0,-390.0,99.0,602.0,-360.0,869.0,0
-39.0,-337.0,71.0,1402.0,-377.0,900.0,0
-37.0,-287.0,48.0,2082.0,-374.0,923.0,0
-16.0,-235.0,16.0,2627.0,-350.0,935.0,0
5.0,-182.0,-4.0,3020.0,-305.0,926.0,0
29.0,-123.0,-31.0,3273.0,-252.0,890.0,0
52.0,-60.0,-58.0,3401.0,-208.0,833.0,0
66.0,-6.0,-87.0,3408.0,-171.0,754.0,0
75.0,64.0,-120.0,3286.0,-141.0,650.0,0
68.0,114.0,-141.0,3031.0,-120.0,528.0,0
52.0,152.0,-162.0,2650.0,-122.0,385.0,0
39.0,180.0,-181.0,2147.0,-159.0,243.0,0
25.0,198.0,-200.0,1547.0,-231.0,99.0,0
18.0,195.0,-202.0,888.0,-339.0,-47.0,0
15.0,184.0,-212.0,201.0,-474.0,-183.0,0
13.0,169.0,-212.0,-492.0,-627.0,-311.0,0
9.0,145.0,-209.0,-1158.0,-784.0,-429.0,0
3.0,114.0,-193.0,-1758.0,-921.0,-538.0,0
-16.0,81.0,-164.0,-2226.0,-1013.0,-622.0,0
-27.0,45.0,-130.0,-2497.0,-1042.0,-666.0,0
-29.0,13.0,-100.0,-2528.0,-1024.0,-674.0,0
-24.0,-14.0,-71.0,-2338.0,-976.0,-679.0,0
-13.0,-36.0,-48.0,-1954.0,-899.0,-693.0,0
-2.0,-60.0,-36.0,-1430.0,-787.0,-725.0,0
1.0,-75.0,-21.0,-826.0,-635.0,-758.0,0
8.0,-87.0,-19.0,-195.0,-459.0,-781.0,0
6.0,-99.0,-40.0,428.0,-289.0,-780.0,0
-5.0,-113.0,-54.0,1026.0,-161.0,-756.0,0
-32.0,-123.0,-60.0,1581.0,-84.0,-699.0,0
-53.0,-136.0,-37.0,2057.0,-41.0,-596.0,0
-65.0,-153.0,-8.0,2416.0,8.0,-427.0,0
-92.0,-179.0,16.0,2623.0,88.0,-185.0,0
-129.0,-212.0,5.0,2625.0,138.0,140.0,0
-138.0,-246.0,-46.0,2376.0,63.0,535.0,0
-109.0,-276.0,-102.0,1904.0,-121.0,975.0,0
-31.0,-336.0,-91.0,1323.0,-248.0,1376.0,0
94.0,-420.0,-76.0,516.0,-213.0,1605.0,0
152.0,-486.0,-239.0,-836.0,32.0,1594.0,0
141.0,-551.0,-402.0,-2868.0,722.0,1598.0,0
123.0,-653.0,-508.0,-5402.0,1744.0,1956.0,0
138.0,-839.0,-458.0,-7951.0,2558.0,2615.0,0
150.0,-1048.0,-227.0,-9533.0,2605.0,3032.0,0
34.0,-1054.0,-50.0,-9259.0,1824.0,2703.0,0
-97.0,-987.0,58.0,-7062.0,758.0,1830.0,0
-102.0,-936.0,86.0,-3712.0,-159.0,987.0,0
-27.0,-887.0,68.0,-260.0,-735.0,452.0,0
34.0,-818.0,37.0,2543.0,-924.0,95.0,0
50.0,-708.0,16.0,4389.0,-800.0,-185.0,0
43.0,-581.0,9.0,5337.0,-498.0,-383.0,0
14.0,-451.0,21.0,5685.0,-137.0,-511.0,0
-21.0,-347.0,31.0,5773.0,167.0,-616.0,0
-60.0,-261.0,46.0,5778.0,357.0,-724.0,0
-82.0,-191.0,48.0,5651.0,463.0,-890.0,0
-104.0,-124.0,46.0,5297.0,511.0,-1133.0,0
-125.0,-66.0,36.0,4591.0,532.0,-1368.0,0
-137.0,-26.0,14.0,3444.0,523.0,-1468.0,0
-151.0,-30.0,10.0,1907.0,509.0,-1438.0,0
-148.0,-73.0,16.0,166.0,529.0,-1252.0,0
-105.0,-166.0,39.0,-1559.0,567.0,-949.0,0
-63.0,-267.0,71.0,-3104.0,545.0,-661.0,0
-32.0,-356.0,102.0,-4339.0,446.0,-494.0,0
-3.0,-435.0,124.0,-5180.0,302.0,-417.0,0
36.0,-505.0,139.0,-5608.0,143.0,-354.0,0
85.0,-559.0,136.0,-5618.0,0.0,-280.0,0
131.0,-592.0,128.0,-5241.0,-99.0,-212.0,0
164.0,-589.0,105.0,-4553.0,-146.0,-187.0,0
177.0,-570.0,96.0,-3659.0,-151.0,-215.0,0
168.0,-526.0,75.0,-2611.0,-142.0,-296.0,0
149.0,-474.0,56.0,-1460.0,-123.0,-415.0,0
130.0,-419.0,48.0,-276.0,-93.0,-532.0,0
112.0,-368.0,34.0,889.0,-73.0,-611.0,0
93.0,-312.0,21.0,1960.0,-94.0,-694.0,0
75.0,-255.0,2.0,2854.0,-162.0,-811.0,0
65.0,-197.0,-23.0,3508.0,-271.0,-934.0,0
40.0,-146.0,-41.0,3909.0,-393.0,-1052.0,0
21.0,-91.0,-60.0,4084.0,-492.0,-1165.0,0
7.0,-40.0,-78.0,4070.0,-547.0,-1244.0,0
-16.0,6.0,-91.0,3892.0,-551.0,-1269.0,0
-24.0,55.0,-95.0,3575.0,-501.0,-1232.0,0
-32.0,88.0,-97.0,3172.0,-413.0,-1138.0,0
-43.0,126.0,-100.0,2728.0,-291.0,-1001.0,0
-43.0,150.0,-97.0,2257.0,-142.0,-833.0,0
-41.0,164.0,-94.0,1744.0,12.0,-647.0,0
-39.0,174.0,-96.0,1174.0,159.0,-459.0,0
-36.0,172.0,-103.0,557.0,285.0,-272.0,0
-32.0,160.0,-108.0,-110.0,377.0,-92.0,0
-24.0,136.0,-114.0,-794.0,425.0,73.0,0
-21.0,103.0,-113.0,-1455.0,432.0,210.0,0
-16.0,61.0,-96.0,-2034.0,395.0,315.0,0
-7.0,16.0,-73.0,-2434.0,324.0,404.0,0
2.0,-20.0,-46.0,-2585.0,217.0,482.0,0
6.0,-62.0,-25.0,-2484.0,84.0,541.0,0
9.0,-93.0,-14.0,-2156.0,-62.0,573.0,0
10.0,-122.0,0.0,-1668.0,-214.0,581.0,0
3.0,-140.0,7.0,-1075.0,-365.0,567.0,0
3.0,-158.0,8.0,-425.0,-509.0,544.0,0
-2.0,-173.0,0.0,239.0,-635.0,514.0,0
-17.0,-176.0,-24.0,884.0,-727.0,483.0,0
-37.0,-181.0,-51.0,1479.0,-799.0,459.0,0
-48.0,-181.0,-66.0,1982.0,-857.0,444.0,0
-12.0,-186.0,-77.0,2359.0,-859.0,443.0,0
87.0,-208.0,-92.0,2605.0,-689.0,423.0,0
180.0,-235.0,-112.0,2726.0,-261.0,357.0,0
242.0,-256.0,-122.0,2697.0,360.0,210.0,0
263.0,-268.0,-119.0,2408.0,923.0,-36.0,0
205.0,-277.0,-98.0,1689.0,1091.0,-387.0,0
84.0,-307.0,-130.0,426.0,769.0,-818.0,0
21.0,-348.0,-210.0,-1270.0,458.0,-1276.0,0
57.0,-376.0,-281.0,-2987.0,525.0,-1695.0,0
112.0,-428.0,-362.0,-4354.0,823.0,-1974.0,0
140.0,-499.0,-405.0,-5336.0,1192.0,-2065.0,0
114.0,-589.0,-409.0,-6007.0,1547.0,-2063.0,0
44.0,-670.0,-351.0,-6373.0,1859.0,-2067.0,0
-49.0,-735.0,-223.0,-6335.0,2069.0,-2065.0,0
-115.0,-796.0,-65.0,-5787.0,2056.0,-1948.0,0
-99.0,-863.0,50.0,-4946.0,1792.0,-1671.0,0
-51.0,-907.0,97.0,-3528.0,1400.0,-1364.0,0
-40.0,-901.0,115.0,-1930.0,1035.0,-1090.0,0
-55.0,-853.0,110.0,-326.0,825.0,-725.0,0
-52.0,-775.0,110.0,1165.0,657.0,-240.0,0
-51.0,-681.0,117.0,2460.0,544.0,225.0,0
-51.0,-587.0,114.0,3477.0,409.0,577.0,0
-51.0,-485.0,111.0,4118.0,181.0,782.0,0
-35.0,-389.0,83.0,4405.0,-144.0,969.0,0
-13.0,-300.0,62.0,4387.0,-503.0,1127.0,0
3.0,-223.0,25.0,4116.0,-821.0,1290.0,0
9.0,-170.0,-14.0,3599.0,-1032.0,1459.0,0
1.0,-138.0,-43.0,2817.0,-1120.0,1571.0,0
-4.0,-127.0,-63.0,1785.0,-1117.0,1604.0,0
-4.0,-143.0,-64.0,585.0,-1059.0,1564.0,0
2.0,-182.0,-40.0,-667.0,-977.0,1464.0,0
24.0,-239.0,-8.0,-1840.0,-897.0,1319.0,0
40.0,-298.0,35.0,-2836.0,-809.0,1150.0,0
50.0,-352.0,75.0,-3558.0,-709.0,1007.0,0
58.0,-404.0,120.0,-3927.0,-599.0,956.0,0
51.0,-450.0,140.0,-3912.0,-486.0,1002.0,0
42.0,-487.0,151.0,-3562.0,-382.0,1079.0,0
27.0,-507.0,152.0,-2955.0,-287.0,1122.0,0
10.0,-500.0,138.0,-2172.0,-201.0,1114.0,0
0.0,-472.0,122.0,-1290.0,-112.0,1086.0,0
-3.0,-441.0,93.0,-393.0,-9.0,1059.0,0
-6.0,-399.0,65.0,428.0,115.0,1040.0,0
4.0,-352.0,43.0,1137.0,247.0,1016.0,0
12.0,-298.0,15.0,1734.0,379.0,975.0,0
32.0,-245.0,1.0,2238.0,494.0,918.0,0
42.0,-189.0,-16.0,2645.0,579.0,838.0,0
48.0,-127.0,-41.0,2954.0,622.0,737.0,0
58.0,-71.0,-61.0,3157.0,617.0,622.0,0
59.0,6.0,-75.0,3243.0,558.0,502.0,0
52.0,66.0,-102.0,3206.0,437.0,376.0,0
43.0,120.0,-118.0,3036.0,263.0,240.0,0
17.0,161.0,-148.0,2702.0,47.0,120.0,0
1.0,191.0,-171.0,2212.0,-187.0,27.0,0
-7.0,203.0,-192.0,1595.0,-409.0,-50.0,0
-13.0,208.0,-199.0,898.0,-602.0,-126.0,0
-19.0,196.0,-209.0,176.0,-764.0,-204.0,0
-24.0,176.0,-218.0,-538.0,-892.0,-287.0,0
-39.0,144.0,-218.0,-1211.0,-985.0,-366.0,0
-54.0,112.0,-202.0,-1816.0,-1029.0,-419.0,0
-60.0,67.0,-173.0,-2301.0,-1032.0,-440.0,0
-57.0,26.0,-136.0,-2598.0,-1008.0,-453.0,0
-51.0,-14.0,-102.0,-2675.0,-959.0,-477.0,0
-38.0,-51.0,-69.0,-2522.0,-890.0,-509.0,0
-14.0,-81.0,-36.0,-2146.0,-788.0,-549.0,0
2.0,-100.0,-7.0,-1586.0,-643.0,-596.0,0
13.0,-114.0,8.0,-903.0,-463.0,-640.0,0
18.0,-117.0,17.0,-163.0,-260.0,-674.0,0
22.0,-118.0,15.0,558.0,-42.0,-688.0,0
29.0,-117.0,-5.0,1206.0,163.0,-696.0,0
40.0,-109.0,-37.0,1752.0,332.0,-698.0,0
34.0,-104.0,-68.0,2201.0,441.0,-692.0,0
16.0,-98.0,-68.0,2527.0,507.0,-670.0,0
-5.0,-91.0,-49.0,2704.0,555.0,-614.0,0
-25.0,-86.0,-17.0,2711.0,593.0,-505.0,0
-53.0,-90.0,-13.0,2490.0,593.0,-330.0,0
-83.0,-100.0,-50.0,1962.0,478.0,-54.0,0
-72.0,-116.0,-114.0,1079.0,212.0,361.0,0
-11.0,-143.0,-190.0,-136.0,-141.0,845.0,0
120.0,-217.0,-284.0,-1668.0,-493.0,1312.0,0
235.0,-326.0,-440.0,-3481.0,-770.0,1693.0,0
242.0,-478.0,-641.0,-5567.0,-597.0,2010.0,0
169.0,-636.0,-713.0,-7861.0,240.0,2487.0,0
68.0,-855.0,-545.0,-9853.0,1307.0,3197.0,0
2.0,-1143.0,-254.0,-10637.0,1783.0,3753.0,0
-21.0,-1269.0,-138.0,-9662.0,1344.0,3551.0,0
-77.0,-1269.0,-73.0,-7306.0,446.0,2472.0,0
-130.0,-1177.0,-3.0,-4166.0,-334.0,1134.0,0
-97.0,-1075.0,51.0,-869.0,-696.0,223.0,0
-30.0,-968.0,66.0,2019.0,-653.0,-248.0,0
-13.0,-829.0,59.0,3789.0,-379.0,-575.0,0
-24.0,-671.0,33.0,5284.0,-39.0,-868.0,0
-40.0,-512.0,21.0,6121.0,324.0,-1143.0,0
-32.0,-370.0,21.0,6515.0,680.0,-1431.0,0
-59.0,-239.0,27.0,6605.0,908.0,-1739.0,0
-114.0,-93.0,34.0,6428.0,1054.0,-1961.0,0
-139.0,-15.0,17.0,5931.0,985.0,-2006.0,0
-152.0,34.0,-6.0,5038.0,744.0,-1917.0,0
-128.0,45.0,-32.0,3732.0,457.0,-1672.0,0
-81.0,10.0,-45.0,2087.0,262.0,-1301.0,0
-1.0,-66.0,-37.0,252.0,198.0,-833.0,0
45.0,-161.0,-5.0,-1586.0,180.0,-403.0,0
66.0,-251.0,31.0,-3216.0,161.0,-84.0,0
73.0,-337.0,64.0,-4456.0,131.0,165.0,0
86.0,-427.0,82.0,-5233.0,93.0,369.0,0
99.0,-504.0,106.0,-5535.0,48.0,520.0,0
108.0,-563.0,117.0,-5380.0,11.0,596.0,0
116.0,-608.0,126.0,-4814.0,-7.0,592.0,0
117.0,-627.0,127.0,-3920.0,-23.0,517.0,0
110.0,-624.0,114.0,-2796.0,-74.0,364.0,0
101.0,-608.0,88.0,-1553.0,-169.0,148.0,0
99.0,-575.0,53.0,-300.0,-278.0,-103.0,0
91.0,-529.0,25.0,876.0,-373.0,-356.0,0
79.0,-476.0,-7.0,1910.0,-450.0,-585.0,0
66.0,-421.0,-29.0,2758.0,-499.0,-795.0,0
52.0,-356.0,-58.0,3373.0,-533.0,-1002.0,0
34.0,-287.0,-76.0,3732.0,-553.0,-1213.0,0
14.0,-202.0,-96.0,3849.0,-541.0,-1400.0,0
0.0,-117.0,-104.0,3767.0,-469.0,-1524.0,0
-3.0,-40.0,-104.0,3545.0,-330.0,-1569.0,0
-5.0,33.0,-103.0,3246.0,-134.0,-1539.0,0
-4.0,100.0,-103.0,2914.0,94.0,-1444.0,0
-4.0,149.0,-101.0,2549.0,335.0,-1298.0,0
-16.0,191.0,-92.0,2145.0,549.0,-1129.0,0
-27.0,206.0,-89.0,1717.0,691.0,-919.0,0
-36.0,211.0,-94.0,1256.0,752.0,-670.0,0
-37.0,201.0,-96.0,771.0,736.0,-403.0,0
-24.0,178.0,-101.0,280.0,667.0,-143.0,0
-10.0,156.0,-108.0,-176.0,562.0,77.0,0
-3.0,126.0,-117.0,-565.0,418.0,254.0,0
-3.0,91.0,-129.0,-873.0,243.0,385.0,0
0.0,56.0,-139.0,-1081.0,72.0,501.0,0
-2.0,22.0,-137.0,-1198.0,-75.0,600.0,0
-5.0,-7.0,-124.0,-1208.0,-191.0,661.0,0
-10.0,-28.0,-107.0,-1093.0,-287.0,685.0,0
-15.0,-48.0,-88.0,-857.0,-358.0,686.0,0
-25.0,-63.0,-66.0,-520.0,-400.0,670.0,0
-36.0,-73.0,-45.0,-111.0,-414.0,632.0,0
-44.0,-85.0,-41.0,329.0,-409.0,566.0,0
-62.0,-91.0,-54.0,756.0,-386.0,476.0,0
-72.0,-95.0,-66.0,1114.0,-353.0,382.0,0
-62.0,-88.0,-68.0,1376.0,-308.0,299.0,0
15.0,-97.0,-68.0,1544.0,-230.0,234.0,0
84.0,-119.0,-54.0,1636.0,-72.0,160.0,0
120.0,-145.0,-30.0,1664.0,133.0,30.0,0
121.0,-169.0,-27.0,1598.0,255.0,-163.0,0
92.0,-189.0,-67.0,1362.0,192.0,-417.0,0
35.0,-203.0,-124.0,874.0,25.0,-706.0,0
2.0,-227.0,-185.0,130.0,-44.0,-964.0,0
-10.0,-269.0,-244.0,-823.0,123.0,-1170.0,0
11.0,-330.0,-302.0,-1922.0,529.0,-1336.0,0
66.0,-408.0,-353.0,-3079.0,1061.0,-1476.0,0
118.0,-516.0,-385.0,-4271.0,1538.0,-1624.0,0
129.0,-658.0,-376.0,-5485.0,1827.0,-1809.0,0
95.0,-806.0,-330.0,-6600.0,1935.0,-2032.0,0
28.0,-901.0,-205.0,-7369.0,1942.0,-2128.0,0
-33.0,-957.0,-54.0,-7454.0,1844.0,-1803.0,0
-22.0,-1009.0,94.0,-6698.0,1564.0,-1039.0,0
4.0,-1053.0,162.0,-5058.0,1207.0,-244.0,0
29.0,-1027.0,179.0,-2910.0,755.0,247.0,0
33.0,-929.0,157.0,-647.0,446.0,429.0,0
32.0,-797.0,124.0,1464.0,285.0,472.0,0
16.0,-655.0,97.0,3246.0,211.0,507.0,0
10.0,-511.0,75.0,4589.0,159.0,569.0,0
8.0,-387.0,46.0,5433.0,100.0,654.0,0
11.0,-258.0,-3.0,5732.0,30.0,712.0,0
23.0,-195.0,-51.0,5469.0,-66.0,744.0,0
30.0,-132.0,-79.0,4666.0,-166.0,780.0,0
32.0,-106.0,-84.0,3443.0,-267.0,854.0,0
33.0,-122.0,-77.0,2002.0,-372.0,989.0,0
21.0,-162.0,-49.0,529.0,-463.0,1132.0,0
3.0,-228.0,-15.0,-832.0,-520.0,1223.0,0
-16.0,-302.0,26.0,-2002.0,-539.0,1205.0,0
-22.0,-375.0,68.0,-2915.0,-510.0,1074.0,0
-26.0,-430.0,110.0,-3497.0,-439.0,908.0,0
-19.0,-475.0,137.0,-3698.0,-360.0,790.0,0
-7.0,-507.0,149.0,-3531.0,-305.0,761.0,0
-13.0,-521.0,158.0,-3039.0,-280.0,792.0,0
-24.0,-520.0,160.0,-2275.0,-287.0,844.0,0
-45.0,-503.0,143.0,-1336.0,-310.0,880.0,0
-58.0,-471.0,126.0,-348.0,-323.0,893.0,0
-64.0,-424.0,101.0,587.0,-301.0,879.0,0
-65.0,-373.0,73.0,1393.0,-235.0,846.0,0
-63.0,-307.0,50.0,2039.0,-137.0,798.0,0
-50.0,-233.0,26.0,2511.0,-37.0,728.0,0
-32.0,-161.0,1.0,2818.0,34.0,643.0,0
-14.0,-90.0,-27.0,2957.0,60.0,563.0,0
7.0,-21.0,-53.0,2925.0,47.0,498.0,0
31.0,37.0,-78.0,2749.0,11.0,445.0,0
47.0,92.0,-100.0,2448.0,-30.0,384.0,0
61.0,134.0,-130.0,2057.0,-70.0,305.0,0
60.0,162.0,-148.0,1612.0,-112.0,207.0,0
50.0,175.0,-162.0,1144.0,-164.0,94.0,0
39.0,181.0,-177.0,678.0,-239.0,-30.0,0
29.0,169.0,-181.0,233.0,-342.0,-150.0,0
12.0,158.0,-183.0,-179.0,-465.0,-265.0,0
-8.0,135.0,-181.0,-547.0,-606.0,-355.0,0
-22.0,113.0,-178.0,-847.0,-748.0,-408.0,0
-29.0,84.0,-173.0,-1062.0,-881.0,-430.0,0
-29.0,45.0,-167.0,-1177.0,-997.0,-438.0,0
-28.0,12.0,-148.0,-1197.0,-1083.0,-453.0,0
-22.0,-13.0,-136.0,-1127.0,-1129.0,-492.0,0
-16.0,-40.0,-119.0,-971.0,-1124.0,-544.0,0
0.0,-54.0,-102.0,-741.0,-1062.0,-599.0,0
13.0,-66.0,-83.0,-455.0,-938.0,-642.0,0
31.0,-68.0,-62.0,-145.0,-752.0,-679.0,0
41.0,-73.0,-42.0,170.0,-522.0,-714.0,0
46.0,-69.0,-18.0,471.0,-263.0,-741.0,0
50.0,-62.0,2.0,749.0,8.0,-760.0,0
59.0,-62.0,11.0,990.0,274.0,-771.0,0
66.0,-57.0,5.0,1193.0,507.0,-768.0,0
68.0,-65.0,0.0,1381.0,673.0,-739.0,0
49.0,-82.0,13.0,1572.0,758.0,-677.0,0
29.0,-98.0,56.0,1759.0,788.0,-570.0,0
23.0,-115.0,85.0,1894.0,803.0,-397.0,0
10.0,-128.0,59.0,1876.0,802.0,-154.0,0
-46.0,-143.0,-21.0,1567.0,706.0,154.0,0
-101.0,-168.0,-146.0,930.0,399.0,556.0,0
-101.0,-219.0,-271.0,14.0,-97.0,1123.0,0
-3.0,-298.0,-366.0,-1099.0,-626.0,1789.0,0
103.0,-403.0,-460.0,-2410.0,-991.0,2357.0,0
124.0,-524.0,-618.0,-4068.0,-911.0,2736.0,0
34.0,-659.0,-703.0,-6127.0,-146.0,3070.0,0
-106.0,-876.0,-629.0,-8248.0,932.0,3583.0,0
-145.0,-1144.0,-382.0,-9693.0,1615.0,4099.0,0
-120.0,-1324.0,-124.0,-9524.0,1344.0,3895.0,0
-131.0,-1300.0,-13.0,-7617.0,272.0,2619.0,0
-165.0,-1202.0,125.0,-4624.0,-813.0,982.0,0
-97.0,-1110.0,188.0,-1244.0,-1288.0,-45.0,0
1.0,-1000.0,190.0,1772.0,-1155.0,-486.0,0
30.0,-851.0,151.0,3604.0,-706.0,-709.0,0
29.0,-667.0,116.0,5086.0,-165.0,-869.0,0
26.0,-481.0,101.0,5876.0,340.0,-1030.0,0
10.0,-310.0,88.0,6292.0,706.0,-1212.0,0
-12.0,-168.0,79.0,6483.0,828.0,-1391.0,0
-43.0,-63.0,64.0,6429.0,697.0,-1497.0,0
-74.0,28.0,17.0,6011.0,292.0,-1455.0,0
-74.0,56.0,-29.0,5113.0,-221.0,-1277.0,0
-39.0,49.0,-57.0,3723.0,-609.0,-900.0,0
18.0,1.0,-63.0,2007.0,-730.0,-426.0,0
61.0,-75.0,-45.0,196.0,-614.0,17.0,0
77.0,-155.0,-7.0,-1466.0,-387.0,300.0,0
79.0,-228.0,21.0,-2799.0,-148.0,404.0,0
63.0,-296.0,46.0,-3739.0,56.0,391.0,0
48.0,-354.0,63.0,-4309.0,205.0,315.0,0
40.0,-405.0,78.0,-4550.0,293.0,220.0,0
41.0,-450.0,84.0,-4482.0,331.0,116.0,0
53.0,-480.0,89.0,-4139.0,337.0,15.0,0
54.0,-495.0,72.0,-3549.0,333.0,-121.0,0
51.0,-499.0,59.0,-2798.0,316.0,-299.0,0
41.0,-492.0,41.0,-1972.0,281.0,-498.0,0
33.0,-474.0,14.0,-1135.0,218.0,-690.0,0
31.0,-451.0,0.0,-314.0,129.0,-870.0,0
17.0,-417.0,-16.0,459.0,17.0,-1032.0,0
1.0,-371.0,-28.0,1161.0,-102.0,-1160.0,0
-10.0,-326.0,-36.0,1772.0,-208.0,-1236.0,0
-28.0,-267.0,-32.0,2271.0,-288.0,-1244.0,0
-33.0,-202.0,-25.0,2665.0,-332.0,-1195.0,0
-39.0,-132.0,-18.0,2963.0,-336.0,-1127.0,0
-38.0,-64.0,-8.0,3143.0,-309.0,-1062.0,0
-30.0,1.0,-5.0,3204.0,-252.0,-996.0,0
-24.0,66.0,-2.0,3155.0,-162.0,-906.0,0
-22.0,123.0,-6.0,2995.0,-40.0,-790.0,0
-13.0,162.0,-10.0,2719.0,81.0,-634.0,0
-5.0,183.0,-25.0,2330.0,162.0,-445.0,0
3.0,186.0,-49.0,1835.0,201.0,-251.0,0
15.0,178.0,-78.0,1242.0,212.0,-85.0,0
26.0,159.0,-111.0,605.0,204.0,39.0,0
23.0,138.0,-134.0,-16.0,177.0,138.0,0
26.0,116.0,-153.0,-568.0,125.0,231.0,0
29.0,83.0,-157.0,-1012.0,45.0,316.0,0
28.0,49.0,-150.0,-1326.0,-56.0,380.0,0
23.0,15.0,-126.0,-1484.0,-177.0,416.0,0
15.0,-14.0,-102.0,-1462.0,-311.0,431.0,0
4.0,-41.0,-79.0,-1255.0,-444.0,441.0,0
-3.0,-64.0,-68.0,-882.0,-568.0,446.0,0
-11.0,-96.0,-69.0,-396.0,-673.0,441.0,0
-21.0,-124.0,-92.0,137.0,-748.0,427.0,0
-23.0,-141.0,-110.0,631.0,-777.0,406.0,0
17.0,-155.0,-116.0,1003.0,-741.0,388.0,0
112.0,-178.0,-131.0,1231.0,-585.0,362.0,0
198.0,-210.0,-126.0,1356.0,-279.0,275.0,0
246.0,-227.0,-117.0,1439.0,49.0,86.0,0
210.0,-242.0,-134.0,1436.0,199.0,-210.0,0
102.0,-246.0,-165.0,1200.0,141.0,-572.0,0
11.0,-270.0,-199.0,600.0,134.0,-908.0,0
-2.0,-310.0,-212.0,-398.0,381.0,-1201.0,0
31.0,-364.0,-268.0,-1688.0,859.0,-1487.0,0
71.0,-446.0,-351.0,-3055.0,1430.0,-1716.0,0
86.0,-551.0,-390.0,-4389.0,1921.0,-1837.0,0
57.0,-683.0,-393.0,-5606.0,2249.0,-1887.0,0
-5.0,-816.0,-369.0,-6560.0,2434.0,-1985.0,0
-80.0,-919.0,-257.0,-7089.0,2507.0,-2141.0,0
-157.0,-965.0,-77.0,-6956.0,2374.0,-2115.0,0
-187.0,-1020.0,72.0,-5944.0,2029.0,-1702.0,0
-144.0,-1054.0,136.0,-4153.0,1547.0,-1055.0,0
-114.0,-1019.0,153.0,-1962.0,1064.0,-525.0,0
-100.0,-905.0,143.0,276.0,710.0,-208.0,0
-87.0,-760.0,142.0,2303.0,515.0,3.0,0
-77.0,-606.0,135.0,3958.0,392.0,195.0,0
-74.0,-457.0,112.0,4942.0,230.0,382.0,0
-70.0,-325.0,71.0,5683.0,-37.0,534.0,0
-66.0,-216.0,12.0,5896.0,-380.0,647.0,0
-55.0,-129.0,-51.0,5601.0,-687.0,773.0,0
-38.0,-69.0,-99.0,4822.0,-1063.0,966.0,0
-9.0,-58.0,-133.0,3646.0,-1345.0,1182.0,0
7.0,-67.0,-135.0,2189.0,-1492.0,1297.0,0
20.0,-96.0,-117.0,616.0,-1511.0,1354.0,0
28.0,-148.0,-84.0,-892.0,-1437.0,1329.0,0
27.0,-221.0,-50.0,-2198.0,-1297.0,1234.0,0
34.0,-299.0,-9.0,-3233.0,-1105.0,1103.0,0
41.0,-373.0,35.0,-3962.0,-880.0,985.0,0
48.0,-435.0,79.0,-4365.0,-651.0,900.0,0
56.0,-488.0,111.0,-4430.0,-460.0,855.0,0
58.0,-527.0,130.0,-4188.0,-330.0,840.0,0
51.0,-550.0,136.0,-3678.0,-256.0,834.0,0
40.0,-553.0,137.0,-2952.0,-236.0,831.0,0
25.0,-536.0,131.0,-2080.0,-258.0,827.0,0
3.0,-504.0,118.0,-1107.0,-313.0,828.0,0
-12.0,-454.0,107.0,-86.0,-363.0,835.0,0
-30.0,-397.0,85.0,924.0,-379.0,847.0,0
-41.0,-336.0,65.0,1849.0,-358.0,867.0,0
-42.0,-272.0,40.0,2631.0,-303.0,888.0,0
-39.0,-203.0,17.0,3214.0,-229.0,903.0,0
-24.0,-138.0,0.0,3591.0,-169.0,908.0,0
-13.0,-73.0,-17.0,3752.0,-150.0,890.0,0
8.0,-12.0,-43.0,3711.0,-175.0,868.0,0
15.0,54.0,-64.0,3492.0,-250.0,850.0,0
20.0,98.0,-95.0,3114.0,-360.0,836.0,0
36.0,132.0,-127.0,2592.0,-479.0,809.0,0
47.0,150.0,-162.0,1971.0,-602.0,749.0,0
48.0,162.0,-183.0,1302.0,-717.0,639.0,0
51.0,162.0,-197.0,631.0,-808.0,496.0,0
47.0,161.0,-202.0,-7.0,-866.0,326.0,0
39.0,150.0,-197.0,-599.0,-893.0,157.0,0
32.0,131.0,-184.0,-1112.0,-907.0,-8.0,0
24.0,108.0,-163.0,-1513.0,-926.0,-166.0,0
18.0,86.0,-147.0,-1771.0,-953.0,-305.0,0
16.0,60.0,-131.0,-1855.0,-982.0,-421.0,0
12.0,44.0,-102.0,-1764.0,-994.0,-538.0,0
12.0,27.0,-83.0,-1504.0,-980.0,-648.0,0
15.0,10.0,-66.0,-1124.0,-923.0,-745.0,0
22.0,0.0,-49.0,-678.0,-817.0,-828.0,0
36.0,-10.0,-36.0,-216.0,-665.0,-895.0,0
53.0,-25.0,-28.0,216.0,-473.0,-945.0,0
69.0,-34.0,-23.0,581.0,-244.0,-978.0,0
73.0,-39.0,-24.0,861.0,8.0,-991.0,0
78.0,-45.0,-29.0,1043.0,261.0,-996.0,0
74.0,-53.0,-54.0,1145.0,490.0,-987.0,0
60.0,-69.0,-71.0,1208.0,662.0,-968.0,0
33.0,-88.0,-61.0,1281.0,764.0,-933.0,0
7.0,-103.0,-24.0,1371.0,838.0,-855.0,0
-31.0,-123.0,23.0,1435.0,919.0,-713.0,0
-114.0,-157.0,38.0,1384.0,904.0,-491.0,0
-200.0,-202.0,4.0,1129.0,604.0,-163.0,0
-237.0,-254.0,-74.0,643.0,33.0,322.0,0
-190.0,-310.0,-179.0,-58.0,-510.0,926.0,0
-81.0,-373.0,-242.0,-938.0,-752.0,1535.0,0
45.0,-489.0,-305.0,-1989.0,-709.0,1999.0,0
50.0,-661.0,-456.0,-3377.0,-468.0,2311.0,0
-43.0,-854.0,-593.0,-5218.0,212.0,2682.0,0
-103.0,-1083.0,-657.0,-7186.0,1247.0,3183.0,0
-112.0,-1272.0,-530.0,-8637.0,1919.0,3450.0,0
-134.0,-1250.0,-270.0,-8579.0,1667.0,2979.0,0
-178.0,-1124.0,-50.0,-6547.0,603.0,1881.0,0
-196.0,-1013.0,55.0,-3157.0,-616.0,853.0,0
-124.0,-943.0,88.0,433.0,-1340.0,298.0,0
5.0,-857.0,88.0,3327.0,-1351.0,56.0,0
75.0,-714.0,78.0,4868.0,-909.0,-165.0,0
88.0,-543.0,81.0,5916.0,-350.0,-454.0,0
70.0,-371.0,101.0,6344.0,196.0,-796.0,0
44.0,-245.0,100.0,6515.0,542.0,-1072.0,0
21.0,-164.0,81.0,6526.0,762.0,-1210.0,0
1.0,-99.0,59.0,6266.0,740.0,-1219.0,0
-14.0,-59.0,31.0,5610.0,542.0,-1186.0,0
-34.0,-30.0,6.0,4506.0,268.0,-1144.0,0
-34.0,-15.0,-9.0,3040.0,46.0,-1082.0,0
-2.0,-39.0,-11.0,1378.0,-24.0,-955.0,0
18.0,-85.0,1.0,-323.0,63.0,-750.0,0
34.0,-161.0,33.0,-1924.0,256.0,-516.0,0
40.0,-245.0,64.0,-3291.0,474.0,-321.0,0
47.0,-331.0,90.0,-4341.0,653.0,-186.0,0
35.0,-408.0,95.0,-5072.0,766.0,-105.0,0
39.0,-470.0,102.0,-5480.0,795.0,-87.0,0
48.0,-509.0,88.0,-5536.0,731.0,-113.0,0
64.0,-541.0,73.0,-5234.0,613.0,-153.0,0
69.0,-547.0,56.0,-4627.0,491.0,-207.0,0
79.0,-541.0,34.0,-3787.0,389.0,-255.0,0
84.0,-529.0,18.0,-2781.0,322.0,-305.0,0
84.0,-511.0,10.0,-1685.0,280.0,-370.0,0
79.0,-478.0,2.0,-560.0,241.0,-463.0,0
70.0,-435.0,1.0,552.0,190.0,-580.0,0
57.0,-381.0,-6.0,1618.0,129.0,-699.0,0
46.0,-322.0,-4.0,2592.0,57.0,-801.0,0
32.0,-258.0,-14.0,3400.0,-26.0,-887.0,0
17.0,-189.0,-25.0,3969.0,-119.0,-939.0,0
4.0,-110.0,-30.0,4279.0,-205.0,-953.0,0
0.0,-35.0,-33.0,4365.0,-274.0,-941.0,0
-5.0,35.0,-39.0,4259.0,-320.0,-922.0,0
-4.0,96.0,-45.0,4003.0,-330.0,-899.0,0
-3.0,152.0,-55.0,3625.0,-293.0,-863.0,0
-12.0,192.0,-61.0,3149.0,-216.0,-797.0,0
-17.0,216.0,-68.0,2596.0,-118.0,-683.0,0
-27.0,232.0,-75.0,1992.0,-20.0,-522.0,0
-30.0,233.0,-79.0,1345.0,76.0,-329.0,0
-28.0,220.0,-89.0,694.0,176.0,-128.0,0
-18.0,194.0,-103.0,71.0,278.0,55.0,0
-21.0,170.0,-107.0,-483.0,375.0,204.0,0
-20.0,131.0,-112.0,-923.0,455.0,330.0,0
-10.0,90.0,-117.0,-1219.0,495.0,442.0,0
1.0,43.0,-128.0,-1389.0,475.0,515.0,0
5.0,1.0,-127.0,-1446.0,391.0,538.0,0
5.0,-34.0,-118.0,-1393.0,258.0,542.0,0
6.0,-62.0,-102.0,-1235.0,101.0,560.0,0
2.0,-87.0,-89.0,-961.0,-54.0,581.0,0
1.0,-116.0,-79.0,-581.0,-190.0,596.0,0
-5.0,-137.0,-70.0,-130.0,-294.0,599.0,0
-17.0,-152.0,-66.0,359.0,-362.0,582.0,0
-29.0,-166.0,-76.0,844.0,-392.0,548.0,0
-32.0,-173.0,-91.0,1279.0,-383.0,505.0,0
0.0,-177.0,-110.0,1627.0,-324.0,459.0,0
94.0,-192.0,-113.0,1855.0,-150.0,400.0,0
198.0,-214.0,-95.0,1962.0,179.0,283.0,0
250.0,-235.0,-42.0,1982.0,558.0,78.0,0
236.0,-256.0,-26.0,1895.0,719.0,-250.0,0
133.0,-270.0,-36.0,1603.0,517.0,-691.0,0
46.0,-290.0,-101.0,967.0,193.0,-1124.0,0
41.0,-340.0,-192.0,-81.0,83.0,-1466.0,0
52.0,-389.0,-286.0,-1415.0,319.0,-1745.0,0
73.0,-454.0,-387.0,-2785.0,802.0,-1912.0,0
82.0,-565.0,-463.0,-4072.0,1300.0,-1942.0,0
46.0,-714.0,-495.0,-5282.0,1684.0,-1986.0,0
-35.0,-854.0,-464.0,-6355.0,1974.0,-2250.0,0
-130.0,-916.0,-336.0,-6986.0,2161.0,-2625.0,0
-213.0,-932.0,-151.0,-7188.0,2155.0,-2646.0,0
-208.0,-969.0,27.0,-6441.0,1883.0,-2095.0,0
-140.0,-1015.0,109.0,-4749.0,1443.0,-1295.0,0
-112.0,-997.0,126.0,-2541.0,801.0,-685.0,0
-106.0,-898.0,125.0,-246.0,339.0,-299.0,0
-94.0,-757.0,125.0,1867.0,185.0,-8.0,0
-74.0,-606.0,138.0,3613.0,234.0,191.0,0
-70.0,-459.0,125.0,4875.0,268.0,409.0,0
-65.0,-328.0,105.0,5651.0,138.0,561.0,0
-60.0,-217.0,58.0,6022.0,-139.0,647.0,0
-40.0,-137.0,-11.0,5986.0,-485.0,753.0,0
-8.0,-95.0,-75.0,5436.0,-848.0,940.0,0
27.0,-65.0,-104.0,4336.0,-1153.0,1152.0,0
45.0,-54.0,-112.0,2863.0,-1335.0,1307.0,0
60.0,-68.0,-101.0,1250.0,-1380.0,1394.0,0
62.0,-113.0,-73.0,-332.0,-1311.0,1424.0,0
64.0,-178.0,-34.0,-1764.0,-1152.0,1405.0,0
59.0,-258.0,7.0,-2962.0,-911.0,1332.0,0
62.0,-349.0,56.0,-3868.0,-612.0,1222.0,0
65.0,-432.0,104.0,-4438.0,-297.0,1087.0,0
65.0,-511.0,142.0,-4654.0,-30.0,949.0,0
63.0,-572.0,171.0,-4520.0,144.0,846.0,0
53.0,-615.0,175.0,-4069.0,210.0,796.0,0
50.0,-638.0,171.0,-3360.0,186.0,790.0,0
35.0,-638.0,162.0,-2461.0,104.0,796.0,0
18.0,-608.0,155.0,-1429.0,-5.0,803.0,0
11.0,-568.0,143.0,-299.0,-126.0,795.0,0
3.0,-516.0,127.0,859.0,-230.0,788.0,0
-4.0,-452.0,110.0,1967.0,-293.0,793.0,0
-7.0,-386.0,90.0,2958.0,-301.0,812.0,0
-7.0,-314.0,66.0,3776.0,-263.0,829.0,0
6.0,-241.0,45.0,4361.0,-196.0,837.0,0
31.0,-167.0,20.0,4723.0,-131.0,819.0,0
48.0,-88.0,-12.0,4873.0,-85.0,773.0,0
67.0,-15.0,-40.0,4822.0,-66.0,713.0,0
80.0,59.0,-81.0,4588.0,-65.0,649.0,0
84.0,119.0,-118.0,4184.0,-61.0,581.0,0
80.0,182.0,-170.0,3613.0,-29.0,509.0,0
86.0,218.0,-180.0,2896.0,28.0,433.0,0
74.0,238.0,-203.0,2086.0,83.0,343.0,0
61.0,252.0,-218.0,1234.0,101.0,232.0,0
46.0,254.0,-227.0,367.0,55.0,104.0,0
31.0,241.0,-247.0,-476.0,-73.0,-24.0,0
15.0,218.0,-243.0,-1264.0,-266.0,-139.0,0
1.0,190.0,-242.0,-1978.0,-503.0,-242.0,0
-10.0,145.0,-237.0,-2592.0,-760.0,-314.0,0
-32.0,109.0,-224.0,-3095.0,-997.0,-353.0,0
-52.0,66.0,-207.0,-3476.0,-1189.0,-376.0,0
-60.0,18.0,-140.0,-3700.0,-1316.0,-406.0,0
-62.0,-26.0,-107.0,-3648.0,-1349.0,-453.0,0
-58.0,-66.0,-80.0,-3346.0,-1322.0,-523.0,0
-48.0,-95.0,-57.0,-2848.0,-1225.0,-611.0,0
-38.0,-115.0,-38.0,-2203.0,-1040.0,-699.0,0
-23.0,-124.0,-31.0,-1476.0,-781.0,-787.0,0
-8.0,-132.0,-16.0,-735.0,-477.0,-870.0,0
0.0,-131.0,-10.0,-42.0,-168.0,-949.0,0
8.0,-130.0,-6.0,573.0,112.0,-993.0,0
13.0,-131.0,-27.0,1099.0,356.0,-1002.0,0
6.0,-138.0,-45.0,1558.0,554.0,-975.0,0
-13.0,-144.0,-38.0,1963.0,703.0,-908.0,0
-37.0,-158.0,-14.0,2299.0,813.0,-794.0,0
-60.0,-180.0,33.0,2550.0,901.0,-620.0,0
-86.0,-210.0,82.0,2689.0,968.0,-366.0,0
-126.0,-256.0,91.0,2638.0,972.0,1.0,0
-122.0,-302.0,55.0,2287.0,832.0,475.0,0
-64.0,-341.0,3.0,1586.0,574.0,958.0,0
25.0,-398.0,-49.0,491.0,327.0,1301.0,0
150.0,-503.0,-215.0,-1073.0,209.0,1367.0,0
170.0,-578.0,-417.0,-3070.0,369.0,1237.0,0
80.0,-649.0,-583.0,-5306.0,1014.0,1317.0,0
14.0,-771.0,-562.0,-7081.0,2010.0,1885.0,0
33.0,-908.0,-316.0,-8685.0,2564.0,2644.0,0
-5.0,-934.0,-72.0,-8714.0,2022.0,2897.0,0
-84.0,-910.0,19.0,-6827.0,790.0,2421.0,0
-115.0,-876.0,22.0,-3800.0,-186.0,1593.0,0
-74.0,-827.0,27.0,-682.0,-995.0,890.0,0
-16.0,-755.0,45.0,1915.0,-1256.0,438.0,0
22.0,-651.0,58.0,3715.0,-1096.0,193.0,0
33.0,-519.0,85.0,4664.0,-716.0,-17.0,0
12.0,-401.0,103.0,5006.0,-307.0,-162.0,0
-16.0,-327.0,81.0,5106.0,-62.0,-272.0,0
-33.0,-276.0,45.0,5056.0,24.0,-400.0,0
-41.0,-220.0,30.0,4772.0,76.0,-629.0,0
-58.0,-157.0,20.0,4218.0,136.0,-934.0,0
-75.0,-97.0,21.0,3404.0,185.0,-1174.0,0
-81.0,-83.0,30.0,2350.0,209.0,-1242.0,0
-94.0,-96.0,18.0,1095.0,238.0,-1149.0,0
-91.0,-134.0,36.0,-291.0,291.0,-954.0,0
-62.0,-212.0,64.0,-1702.0,336.0,-691.0,0
-40.0,-294.0,88.0,-3009.0,311.0,-447.0,0
-32.0,-385.0,98.0,-4114.0,214.0,-278.0,0
-19.0,-462.0,108.0,-4941.0,84.0,-172.0,0
11.0,-532.0,112.0,-5445.0,-28.0,-99.0,0
64.0,-574.0,112.0,-5596.0,-97.0,-77.0,0
97.0,-583.0,103.0,-5383.0,-106.0,-144.0,0
125.0,-579.0,93.0,-4882.0,-52.0,-233.0,0
136.0,-551.0,87.0,-4107.0,17.0,-316.0,0
143.0,-518.0,73.0,-3086.0,52.0,-383.0,0
142.0,-480.0,56.0,-1910.0,30.0,-452.0,0
130.0,-437.0,39.0,-687.0,-16.0,-547.0,0
119.0,-390.0,19.0,495.0,-64.0,-654.0,0
105.0,-336.0,4.0,1558.0,-100.0,-781.0,0
97.0,-291.0,-10.0,2416.0,-126.0,-916.0,0
74.0,-246.0,-31.0,3042.0,-161.0,-1023.0,0
59.0,-196.0,-41.0,3430.0,-205.0,-1113.0,0
48.0,-149.0,-50.0,3602.0,-236.0,-1176.0,0
31.0,-96.0,-61.0,3614.0,-247.0,-1210.0,0
22.0,-44.0,-64.0,3518.0,-233.0,-1225.0,0
6.0,3.0,-72.0,3345.0,-204.0,-1207.0,0
-16.0,50.0,-71.0,3122.0,-167.0,-1151.0,0
-34.0,94.0,-77.0,2849.0,-116.0,-1044.0,0
-48.0,127.0,-75.0,2521.0,-53.0,-884.0,0
-59.0,158.0,-68.0,2124.0,6.0,-692.0,0
-63.0,170.0,-77.0,1652.0,50.0,-480.0,0
-55.0,177.0,-76.0,1069.0,102.0,-246.0,0
-40.0,167.0,-84.0,417.0,170.0,-18.0,0
-29.0,141.0,-94.0,-244.0,246.0,163.0,0
-20.0,101.0,-100.0,-883.0,310.0,301.0,0
-10.0,58.0,-89.0,-1467.0,334.0,399.0,0
-8.0,30.0,-73.0,-1931.0,294.0,454.0,0
-10.0,7.0,-56.0,-2209.0,190.0,489.0,0
-13.0,-15.0,-36.0,-2275.0,44.0,511.0,0
-19.0,-34.0,-14.0,-2136.0,-118.0,532.0,0
-17.0,-58.0,-7.0,-1830.0,-281.0,547.0,0
-28.0,-75.0,-2.0,-1405.0,-427.0,536.0,0
-36.0,-100.0,-10.0,-902.0,-546.0,497.0,0
-49.0,-118.0,-35.0,-358.0,-649.0,440.0,0
-55.0,-135.0,-51.0,170.0,-744.0,387.0,0
-49.0,-141.0,-52.0,645.0,-807.0,355.0,0
-1.0,-159.0,-56.0,1081.0,-799.0,350.0,0
61.0,-179.0,-65.0,1485.0,-662.0,337.0,0
132.0,-216.0,-75.0,1855.0,-393.0,292.0,0
177.0,-250.0,-81.0,2151.0,-92.0,196.0,0
174.0,-271.0,-103.0,2290.0,107.0,31.0,0
133.0,-295.0,-127.0,2191.0,130.0,-205.0,0
61.0,-309.0,-156.0,1771.0,72.0,-524.0,0
18.0,-321.0,-181.0,1008.0,128.0,-886.0,0
22.0,-350.0,-227.0,-52.0,414.0,-1260.0,0
58.0,-371.0,-268.0,-1347.0,886.0,-1599.0,0
88.0,-391.0,-292.0,-2715.0,1348.0,-1808.0,0
94.0,-446.0,-306.0,-4001.0,1639.0,-1849.0,0
52.0,-514.0,-292.0,-4904.0,1741.0,-1836.0,0
-19.0,-589.0,-234.0,-5792.0,1724.0,-1855.0,0
-85.0,-657.0,-137.0,-6240.0,1620.0,-1864.0,0
-98.0,-717.0,-31.0,-6122.0,1480.0,-1726.0,0
-83.0,-777.0,35.0,-5383.0,1240.0,-1436.0,0
-81.0,-828.0,71.0,-4192.0,1001.0,-1158.0,0
-85.0,-843.0,88.0,-2788.0,827.0,-798.0,0
-87.0,-802.0,96.0,-1340.0,699.0,-431.0,0
-77.0,-720.0,103.0,46.0,562.0,-46.0,0
-71.0,-636.0,107.0,1279.0,378.0,332.0,0
-66.0,-549.0,98.0,2279.0,128.0,631.0,0
-61.0,-467.0,77.0,2996.0,-181.0,821.0,0
-49.0,-392.0,56.0,3415.0,-512.0,932.0,0
-38.0,-325.0,34.0,3548.0,-823.0,1012.0,0
-20.0,-276.0,4.0,3403.0,-1078.0,1113.0,0
-3.0,-247.0,-20.0,2970.0,-1245.0,1240.0,0
4.0,-232.0,-33.0,2267.0,-1318.0,1336.0,0
5.0,-227.0,-30.0,1349.0,-1310.0,1347.0,0
2.0,-240.0,-14.0,330.0,-1246.0,1273.0,0
2.0,-260.0,5.0,-670.0,-1144.0,1151.0,0
7.0,-293.0,34.0,-1567.0,-1016.0,1006.0,0
23.0,-331.0,64.0,-2288.0,-874.0,883.0,0
30.0,-372.0,91.0,-2781.0,-720.0,813.0,0
31.0,-416.0,110.0,-3026.0,-562.0,819.0,0
23.0,-447.0,124.0,-3008.0,-420.0,884.0,0
5.0,-470.0,134.0,-2757.0,-315.0,960.0,0
-3.0,-471.0,136.0,-2311.0,-261.0,1017.0,0
-2.0,-464.0,137.0,-1698.0,-253.0,1039.0,0
-8.0,-437.0,122.0,-981.0,-264.0,1030.0,0
-10.0,-396.0,115.0,-233.0,-263.0,1009.0,0
-8.0,-355.0,92.0,500.0,-257.0,991.0,0
1.0,-305.0,69.0,1179.0,-242.0,968.0,0
12.0,-258.0,43.0,1771.0,-226.0,941.0,0
24.0,-210.0,11.0,2254.0,-211.0,905.0,0
40.0,-162.0,-16.0,2625.0,-189.0,858.0,0
60.0,-117.0,-40.0,2894.0,-167.0,794.0,0
72.0,-67.0,-59.0,3075.0,-146.0,697.0,0
81.0,-1.0,-87.0,3156.0,-134.0,568.0,0
74.0,45.0,-105.0,3129.0,-141.0,414.0,0
54.0,105.0,-133.0,2974.0,-163.0,231.0,0
45.0,144.0,-139.0,2695.0,-209.0,40.0,0
28.0,181.0,-168.0,2293.0,-282.0,-159.0,0
12.0,204.0,-189.0,1752.0,-361.0,-337.0,0
8.0,217.0,-199.0,1093.0,-424.0,-468.0,0
8.0,216.0,-212.0,374.0,-476.0,-574.0,0
6.0,200.0,-217.0,-322.0,-522.0,-655.0,0
-3.0,172.0,-219.0,-936.0,-561.0,-709.0,0
-13.0,125.0,-201.0,-1438.0,-584.0,-730.0,0
-13.0,77.0,-184.0,-1818.0,-592.0,-733.0,0
-1.0,32.0,-148.0,-2039.0,-586.0,-734.0,0
7.0,-12.0,-111.0,-2078.0,-559.0,-750.0,0
19.0,-47.0,-71.0,-1933.0,-499.0,-782.0,0
32.0,-76.0,-38.0,-1631.0,-388.0,-817.0,0
42.0,-98.0,-11.0,-1205.0,-227.0,-856.0,0
55.0,-113.0,5.0,-705.0,-22.0,-894.0,0
62.0,-121.0,8.0,-168.0,208.0,-933.0,0
66.0,-127.0,-16.0,365.0,427.0,-964.0,0
58.0,-128.0,-47.0,877.0,590.0,-985.0,0
40.0,-130.0,-45.0,1351.0,667.0,-996.0,0
7.0,-121.0,-28.0,1744.0,682.0,-966.0,0
-28.0,-118.0,-6.0,2010.0,671.0,-861.0,0
-90.0,-119.0,13.0,2088.0,628.0,-668.0,0
-184.0,-132.0,-13.0,1899.0,467.0,-365.0,0
-247.0,-151.0,-77.0,1396.0,141.0,95.0,0
-220.0,-185.0,-166.0,589.0,-246.0,708.0,0
-106.0,-249.0,-254.0,-553.0,-581.0,1410.0,0
37.0,-340.0,-338.0,-2035.0,-826.0,1996.0,0
93.0,-483.0,-483.0,-3463.0,-916.0,2329.0,0
13.0,-651.0,-658.0,-5602.0,-539.0,2564.0,0
-80.0,-872.0,-693.0,-7878.0,394.0,2985.0,0
-96.0,-1079.0,-574.0,-9660.0,1140.0,3436.0,0
-47.0,-1221.0,-327.0,-10241.0,1381.0,3343.0,0
-59.0,-1213.0,-147.0,-8963.0,769.0,2343.0,0
-92.0,-1154.0,6.0,-6094.0,-65.0,1244.0,0
-84.0,-1094.0,101.0,-2545.0,-598.0,198.0,0
-12.0,-1020.0,138.0,742.0,-666.0,-272.0,0
44.0,-891.0,140.0,3235.0,-403.0,-478.0,0
53.0,-726.0,121.0,4892.0,-38.0,-699.0,0
59.0,-548.0,118.0,5914.0,295.0,-957.0,0
67.0,-386.0,94.0,6567.0,519.0,-1198.0,0
51.0,-240.0,68.0,6891.0,631.0,-1385.0,0
13.0,-117.0,45.0,6846.0,603.0,-1460.0,0
-26.0,-22.0,5.0,6398.0,394.0,-1406.0,0
-60.0,20.0,-50.0,5489.0,61.0,-1240.0,0
-78.0,18.0,-97.0,4119.0,-239.0,-950.0,0
-65.0,-19.0,-90.0,2428.0,-354.0,-538.0,0
-21.0,-100.0,-54.0,634.0,-258.0,-75.0,0
26.0,-186.0,0.0,-1029.0,-88.0,274.0,0
41.0,-255.0,41.0,-2411.0,56.0,387.0,0
40.0,-311.0,62.0,-3451.0,201.0,332.0,0
42.0,-360.0,66.0,-4169.0,354.0,218.0,0
54.0,-407.0,65.0,-4589.0,492.0,113.0,0
63.0,-449.0,58.0,-4706.0,587.0,16.0,0
77.0,-482.0,40.0,-4516.0,641.0,-96.0,0
83.0,-499.0,25.0,-4054.0,675.0,-227.0,0
93.0,-509.0,7.0,-3383.0,694.0,-365.0,0
95.0,-501.0,-4.0,-2585.0,694.0,-495.0,0
89.0,-475.0,-14.0,-1738.0,665.0,-607.0,0
84.0,-444.0,-19.0,-900.0,595.0,-704.0,0
71.0,-402.0,-18.0,-103.0,487.0,-785.0,0
56.0,-359.0,-26.0,635.0,355.0,-848.0,0
37.0,-312.0,-26.0,1292.0,226.0,-882.0,0
29.0,-256.0,-26.0,1852.0,128.0,-886.0,0
25.0,-194.0,-26.0,2295.0,73.0,-882.0,0
18.0,-127.0,-20.0,2603.0,66.0,-887.0,0
18.0,-58.0,-14.0,2783.0,86.0,-895.0,0
16.0,10.0,-14.0,2859.0,105.0,-886.0,0
9.0,72.0,-15.0,2842.0,106.0,-845.0,0
-3.0,119.0,-17.0,2743.0,71.0,-768.0,0
-16.0,155.0,-28.0,2551.0,2.0,-645.0,0
-32.0,173.0,-51.0,2245.0,-77.0,-477.0,0
-26.0,172.0,-74.0,1835.0,-130.0,-285.0,0
-28.0,154.0,-104.0,1347.0,-149.0,-109.0,0
-27.0,137.0,-128.0,817.0,-146.0,36.0,0
-32.0,112.0,-145.0,302.0,-143.0,154.0,0
-45.0,81.0,-159.0,-160.0,-141.0,276.0,0
-45.0,40.0,-164.0,-555.0,-121.0,403.0,0
-47.0,5.0,-151.0,-848.0,-83.0,480.0,0
-57.0,-18.0,-126.0,-997.0,-25.0,500.0,0
-64.0,-41.0,-99.0,-985.0,53.0,498.0,0
-63.0,-61.0,-72.0,-832.0,137.0,490.0,0
-63.0,-70.0,-53.0,-577.0,210.0,464.0,0
-67.0,-83.0,-40.0,-261.0,260.0,422.0,0
-85.0,-93.0,-54.0,70.0,289.0,368.0,0
-92.0,-100.0,-60.0,383.0,289.0,323.0,0
-65.0,-97.0,-55.0,635.0,265.0,303.0,0
42.0,-107.0,-63.0,792.0,246.0,300.0,0
155.0,-131.0,-75.0,848.0,260.0,258.0,0
211.0,-135.0,-72.0,855.0,199.0,123.0,0
213.0,-136.0,-102.0,839.0,-42.0,-100.0,0
105.0,-118.0,-165.0,708.0,-420.0,-344.0,0
0.0,-180.0,-226.0,410.0,-786.0,-472.0,0
7.0,-270.0,-249.0,-290.0,-1036.0,-559.0,0
69.0,-366.0,-293.0,-1220.0,-1076.0,-710.0,0
159.0,-465.0,-377.0,-2275.0,-889.0,-931.0,0
204.0,-577.0,-474.0,-3497.0,-322.0,-1193.0,0
183.0,-688.0,-519.0,-4873.0,566.0,-1462.0,0
81.0,-796.0,-494.0,-6232.0,1585.0,-1673.0,0
-44.0,-886.0,-364.0,-7282.0,2505.0,-1872.0,0
-138.0,-977.0,-174.0,-7586.0,3118.0,-1809.0,0
-131.0,-1085.0,7.0,-6868.0,3205.0,-1365.0,0
-113.0,-1154.0,97.0,-5185.0,2702.0,-784.0,0
-91.0,-1121.0,127.0,-2900.0,1905.0,-332.0,0
-55.0,-987.0,128.0,-371.0,1182.0,-57.0,0
-33.0,-819.0,94.0,2113.0,710.0,88.0,0
-34.0,-631.0,59.0,4191.0,531.0,162.0,0
-55.0,-460.0,10.0,5593.0,533.0,204.0,0
-88.0,-295.0,-29.0,6201.0,522.0,233.0,0
-91.0,-183.0,-103.0,6088.0,334.0,259.0,0
-120.0,-121.0,-122.0,5415.0,-50.0,323.0,0
-99.0,-85.0,-137.0,4371.0,-540.0,465.0,0
-79.0,-111.0,-132.0,3129.0,-981.0,637.0,0
-42.0,-124.0,-121.0,1808.0,-1256.0,748.0,0
-11.0,-183.0,-74.0,495.0,-1339.0,758.0,0
-1.0,-225.0,-51.0,-722.0,-1275.0,696.0,0
4.0,-262.0,-23.0,-1731.0,-1130.0,628.0,0
11.0,-326.0,26.0,-2458.0,-962.0,601.0,0
5.0,-370.0,69.0,-2876.0,-801.0,621.0,0
16.0,-412.0,82.0,-2988.0,-657.0,664.0,0
37.0,-449.0,93.0,-2815.0,-527.0,719.0,0
25.0,-455.0,103.0,-2409.0,-413.0,785.0,0
21.0,-452.0,104.0,-1834.0,-311.0,855.0,0
13.0,-444.0,102.0,-1165.0,-211.0,904.0,0
2.0,-424.0,96.0,-464.0,-115.0,943.0,0
-16.0,-395.0,90.0,212.0,-28.0,970.0,0
-24.0,-358.0,83.0,827.0,42.0,982.0,0
-26.0,-313.0,77.0,1364.0,95.0,977.0,0
-20.0,-263.0,64.0,1808.0,119.0,957.0,0
0.0,-219.0,54.0,2150.0,114.0,917.0,0
28.0,-172.0,35.0,2393.0,87.0,848.0,0
44.0,-113.0,23.0,2545.0,40.0,775.0,0
101.0,-55.0,-12.0,2596.0,-5.0,705.0,0
138.0,-12.0,-42.0,2533.0,-31.0,632.0,0
145.0,30.0,-70.0,2370.0,-40.0,539.0,0
151.0,56.0,-100.0,2133.0,-39.0,416.0,0
140.0,101.0,-103.0,1840.0,-48.0,267.0,0
128.0,138.0,-134.0,1518.0,-76.0,114.0,0
84.0,138.0,-144.0,1184.0,-140.0,-25.0,0
82.0,145.0,-170.0,851.0,-238.0,-142.0,0
54.0,148.0,-170.0,526.0,-359.0,-245.0,0
41.0,155.0,-170.0,216.0,-482.0,-347.0,0
13.0,157.0,-172.0,-72.0,-599.0,-439.0,0
4.0,130.0,-176.0,-335.0,-696.0,-508.0,0
-23.0,115.0,-171.0,-562.0,-769.0,-555.0,0
-43.0,85.0,-169.0,-745.0,-805.0,-594.0,0
-66.0,42.0,-190.0,-880.0,-803.0,-632.0,0
-42.0,17.0,-152.0,-961.0,-759.0,-678.0,0
-30.0,15.0,-127.0,-973.0,-672.0,-742.0,0
-31.0,-21.0,-106.0,-911.0,-541.0,-805.0,0
-17.0,-38.0,-68.0,-776.0,-366.0,-858.0,0
-9.0,-47.0,-45.0,-566.0,-146.0,-902.0,0
4.0,-51.0,-39.0,-286.0,95.0,-932.0,0
11.0,-51.0,-10.0,27.0,341.0,-940.0,0
18.0,-51.0,-44.0,351.0,568.0,-937.0,0
7.0,-78.0,-37.0,688.0,749.0,-928.0,0
-29.0,-112.0,-29.0,1050.0,865.0,-905.0,0
-38.0,-114.0,-6.0,1412.0,926.0,-854.0,0
-45.0,-138.0,23.0,1733.0,977.0,-750.0,0
-80.0,-159.0,56.0,1919.0,1040.0,-581.0,0
-153.0,-179.0,8.0,1948.0,1021.0,-322.0,0
-183.0,-202.0,-82.0,1622.0,810.0,101.0,0
-176.0,-237.0,-164.0,1015.0,513.0,678.0,0
-78.0,-295.0,-235.0,223.0,119.0,1330.0,0
61.0,-397.0,-308.0,-870.0,-235.0,1874.0,0
120.0,-515.0,-491.0,-2414.0,-505.0,2126.0,0
87.0,-652.0,-685.0,-4519.0,-332.0,2380.0,0
14.0,-850.0,-736.0,-6959.0,443.0,2842.0,0
-53.0,-1165.0,-569.0,-9071.0,1400.0,3480.0,0
-32.0,-1322.0,-231.0,-9909.0,1693.0,3745.0,0
-82.0,-1278.0,-14.0,-8648.0,888.0,3037.0,0
-153.0,-1179.0,105.0,-5579.0,-433.0,1682.0,0
-142.0,-1059.0,157.0,-1853.0,-1458.0,530.0,0
-50.0,-948.0,161.0,1539.0,-1785.0,-46.0,0
6.0,-794.0,136.0,4035.0,-1555.0,-307.0,0
18.0,-635.0,94.0,5557.0,-1079.0,-529.0,0
18.0,-459.0,49.0,6326.0,-531.0,-797.0,0
-29.0,-322.0,22.0,6581.0,-23.0,-1090.0,0
-107.0,-220.0,6.0,6528.0,265.0,-1303.0,0
-108.0,-113.0,-3.0,6283.0,233.0,-1369.0,0
-129.0,-55.0,-5.0,5813.0,-60.0,-1335.0,0
-100.0,-21.0,-18.0,5024.0,-457.0,-1211.0,0
-72.0,-25.0,-61.0,3837.0,-768.0,-998.0,0
-24.0,-45.0,-68.0,2303.0,-849.0,-726.0,0
23.0,-95.0,-51.0,583.0,-684.0,-444.0,0
76.0,-143.0,-9.0,-1113.0,-399.0,-207.0,0
55.0,-262.0,56.0,-2632.0,-113.0,-11.0,0
94.0,-312.0,111.0,-3844.0,100.0,143.0,0
80.0,-373.0,129.0,-4686.0,200.0,251.0,0
116.0,-430.0,130.0,-5174.0,196.0,304.0,0
124.0,-465.0,129.0,-5311.0,132.0,298.0,0
138.0,-504.0,118.0,-5086.0,55.0,241.0,0
137.0,-513.0,114.0,-4523.0,-2.0,141.0,0
119.0,-529.0,87.0,-3688.0,-38.0,5.0,0
127.0,-493.0,48.0,-2684.0,-65.0,-158.0,0
111.0,-463.0,41.0,-1589.0,-95.0,-332.0,0
100.0,-424.0,17.0,-471.0,-134.0,-512.0,0
79.0,-397.0,0.0,600.0,-186.0,-684.0,0
58.0,-335.0,-11.0,1572.0,-244.0,-825.0,0
51.0,-282.0,-27.0,2400.0,-293.0,-940.0,0
26.0,-215.0,-39.0,3060.0,-328.0,-1036.0,0
25.0,-189.0,-52.0,3525.0,-340.0,-1119.0,0
12.0,-125.0,-69.0,3795.0,-325.0,-1181.0,0
13.0,-53.0,-71.0,3897.0,-281.0,-1201.0,0
-1.0,4.0,-85.0,3856.0,-193.0,-1175.0,0
4.0,56.0,-89.0,3688.0,-61.0,-1092.0,0
3.0,105.0,-75.0,3404.0,91.0,-961.0,0
1.0,141.0,-63.0,3023.0,229.0,-806.0,0
9.0,168.0,-72.0,2549.0,349.0,-647.0,0
3.0,193.0,-68.0,1964.0,445.0,-495.0,0
11.0,194.0,-78.0,1308.0,510.0,-359.0,0
14.0,187.0,-93.0,622.0,536.0,-242.0,0
12.0,164.0,-97.0,-48.0,528.0,-132.0,0
2.0,134.0,-123.0,-633.0,477.0,-19.0,0
-8.0,88.0,-130.0,-1099.0,385.0,100.0,0
-22.0,45.0,-131.0,-1429.0,258.0,224.0,0
-30.0,2.0,-126.0,-1594.0,109.0,342.0,0
-33.0,-22.0,-106.0,-1584.0,-56.0,444.0,0
-41.0,-52.0,-84.0,-1401.0,-221.0,525.0,0
-50.0,-68.0,-64.0,-1085.0,-369.0,580.0,0
-58.0,-91.0,-52.0,-660.0,-485.0,613.0,0
-54.0,-117.0,-21.0,-159.0,-560.0,617.0,0
-66.0,-129.0,-51.0,354.0,-587.0,597.0,0
-81.0,-144.0,-65.0,830.0,-575.0,567.0,0
-83.0,-156.0,-78.0,1253.0,-547.0,531.0,0
-63.0,-156.0,-75.0,1586.0,-494.0,495.0,0
17.0,-179.0,-85.0,1808.0,-349.0,454.0,0
103.0,-202.0,-102.0,1904.0,-17.0,381.0,0
169.0,-232.0,-91.0,1922.0,450.0,251.0,0
208.0,-254.0,-62.0,1783.0,814.0,41.0,0
196.0,-284.0,-35.0,1360.0,812.0,-263.0,0
102.0,-342.0,-50.0,461.0,567.0,-675.0,0
-12.0,-418.0,-142.0,-971.0,334.0,-1114.0,0
-13.0,-477.0,-277.0,-2644.0,469.0,-1450.0,0
61.0,-559.0,-376.0,-4102.0,761.0,-1592.0,0
144.0,-672.0,-456.0,-5236.0,1018.0,-1657.0,0
152.0,-820.0,-435.0,-6026.0,1207.0,-1709.0,0
73.0,-914.0,-358.0,-6385.0,1363.0,-1835.0,0
-45.0,-961.0,-188.0,-6058.0,1500.0,-1944.0,0
-100.0,-1000.0,-35.0,-4869.0,1515.0,-1835.0,0
-63.0,-1025.0,53.0,-3010.0,1317.0,-1506.0,0
-23.0,-992.0,88.0,-915.0,966.0,-1166.0,0
-7.0,-902.0,96.0,1072.0,662.0,-920.0,0
-9.0,-761.0,96.0,2778.0,525.0,-694.0,0
-12.0,-599.0,113.0,4135.0,522.0,-449.0,0
-15.0,-446.0,115.0,5128.0,538.0,-169.0,0
-10.0,-320.0,103.0,5762.0,456.0,142.0,0
1.0,-214.0,79.0,6055.0,230.0,483.0,0
21.0,-139.0,33.0,5949.0,-81.0,834.0,0
40.0,-58.0,-15.0,5354.0,-387.0,1145.0,0
55.0,-29.0,-48.0,4280.0,-627.0,1376.0,0
57.0,-28.0,-49.0,2860.0,-767.0,1511.0,0
55.0,-48.0,-62.0,1245.0,-809.0,1556.0,0
49.0,-79.0,-27.0,-383.0,-782.0,1544.0,0
33.0,-142.0,-1.0,-1864.0,-715.0,1485.0,0
48.0,-213.0,52.0,-3086.0,-624.0,1381.0,0
12.0,-297.0,71.0,-3984.0,-511.0,1227.0,0
39.0,-369.0,81.0,-4512.0,-376.0,1039.0,0
4.0,-425.0,143.0,-4650.0,-242.0,853.0,0
-4.0,-463.0,178.0,-4439.0,-142.0,745.0,0
11.0,-467.0,152.0,-3926.0,-94.0,725.0,0
-10.0,-480.0,138.0,-3180.0,-101.0,755.0,0
-33.0,-477.0,157.0,-2290.0,-144.0,811.0,0
-37.0,-430.0,110.0,-1315.0,-207.0,872.0,0
-58.0,-395.0,85.0,-330.0,-270.0,935.0,0
-51.0,-358.0,75.0,611.0,-316.0,1000.0,0
-60.0,-323.0,49.0,1464.0,-340.0,1039.0,0
-57.0,-279.0,26.0,2197.0,-364.0,1039.0,0
-42.0,-224.0,2.0,2798.0,-384.0,1020.0,0
-8.0,-185.0,-14.0,3258.0,-379.0,1001.0,0
17.0,-123.0,-63.0,3570.0,-351.0,977.0,0
46.0,-86.0,-60.0,3735.0,-297.0,937.0,0
72.0,-52.0,-70.0,3765.0,-237.0,869.0,0
77.0,6.0,-110.0,3682.0,-191.0,783.0,0
85.0,56.0,-128.0,3506.0,-156.0,700.0,0
89.0,88.0,-128.0,3240.0,-131.0,609.0,0
66.0,75.0,-116.0,2894.0,-137.0,485.0,0
66.0,127.0,-174.0,2440.0,-152.0,336.0,0
36.0,142.0,-169.0,1857.0,-168.0,178.0,0
9.0,141.0,-171.0,1147.0,-191.0,19.0,0
16.0,154.0,-185.0,327.0,-227.0,-110.0,0
4.0,160.0,-187.0,-552.0,-289.0,-210.0,0
11.0,141.0,-173.0,-1417.0,-397.0,-292.0,0
17.0,118.0,-155.0,-2185.0,-555.0,-366.0,0
27.0,118.0,-158.0,-2821.0,-741.0,-434.0,0
4.0,46.0,-101.0,-3282.0,-899.0,-484.0,0
-12.0,17.0,-49.0,-3481.0,-970.0,-502.0,0
2.0,-16.0,-36.0,-3393.0,-956.0,-505.0,0
7.0,-68.0,0.0,-3035.0,-858.0,-537.0,0
18.0,-98.0,13.0,-2442.0,-671.0,-612.0,0
29.0,-114.0,36.0,-1672.0,-411.0,-715.0,0
29.0,-135.0,32.0,-809.0,-113.0,-805.0,0
26.0,-145.0,17.0,62.0,193.0,-852.0,0
22.0,-148.0,-16.0,878.0,474.0,-861.0,0
18.0,-159.0,-49.0,1612.0,701.0,-862.0,0
0.0,-163.0,-57.0,2252.0,867.0,-856.0,0
-24.0,-162.0,-31.0,2677.0,983.0,-823.0,0
-41.0,-163.0,-3.0,3059.0,1075.0,-734.0,0
-75.0,-178.0,7.0,3220.0,1130.0,-585.0,0
-137.0,-194.0,-6.0,3087.0,1089.0,-347.0,0
-166.0,-206.0,-77.0,2553.0,868.0,27.0,0
-128.0,-227.0,-136.0,1589.0,521.0,507.0,0
-12.0,-258.0,-194.0,198.0,199.0,969.0,0
147.0,-344.0,-366.0,-1641.0,-73.0,1204.0,0
201.0,-436.0,-559.0,-3857.0,-177.0,1344.0,0
164.0,-551.0,-671.0,-6306.0,171.0,1585.0,0
96.0,-730.0,-584.0,-8705.0,931.0,2196.0,0
37.0,-937.0,-353.0,-10365.0,1601.0,3126.0,0
-35.0,-1079.0,-66.0,-10488.0,1567.0,3736.0,0
-115.0,-1117.0,50.0,-8666.0,859.0,3409.0,0
-168.0,-1105.0,86.0,-5583.0,-66.0,2301.0,0
-130.0,-1045.0,112.0,-2251.0,-861.0,1132.0,0
-40.0,-954.0,134.0,698.0,-1296.0,397.0,0
23.0,-845.0,140.0,2972.0,-1319.0,14.0,0
47.0,-709.0,126.0,4487.0,-1031.0,-201.0,0
42.0,-558.0,99.0,5336.0,-561.0,-421.0,0
28.0,-429.0,82.0,5776.0,-36.0,-750.0,0
5.0,-325.0,52.0,6005.0,335.0,-1124.0,0
-29.0,-224.0,31.0,5971.0,477.0,-1449.0,0
-68.0,-124.0,4.0,5580.0,447.0,-1664.0,0
-99.0,-48.0,-19.0,4807.0,334.0,-1734.0,0
-111.0,-8.0,-52.0,3633.0,220.0,-1639.0,0
-95.0,-7.0,-72.0,2075.0,189.0,-1394.0,0
-78.0,-23.0,-63.0,277.0,274.0,-1053.0,0
-1.0,-108.0,-45.0,-1542.0,383.0,-673.0,0
43.0,-211.0,-15.0,-3220.0,381.0,-324.0,0
79.0,-337.0,24.0,-4622.0,277.0,-27.0,0
113.0,-440.0,70.0,-5627.0,163.0,251.0,0
144.0,-520.0,124.0,-6134.0,118.0,493.0,0
159.0,-577.0,155.0,-6040.0,157.0,626.0,0
149.0,-600.0,164.0,-5396.0,262.0,586.0,0
122.0,-591.0,169.0,-4370.0,387.0,439.0,0
110.0,-565.0,162.0,-3100.0,479.0,259.0,0
99.0,-520.0,146.0,-1699.0,507.0,82.0,0
91.0,-467.0,122.0,-264.0,466.0,-111.0,0
84.0,-416.0,89.0,1100.0,357.0,-321.0,0
73.0,-359.0,54.0,2290.0,184.0,-553.0,0
57.0,-309.0,0.0,3230.0,-24.0,-784.0,0
65.0,-253.0,-47.0,3880.0,-228.0,-1009.0,0
51.0,-197.0,-87.0,4214.0,-371.0,-1216.0,0
30.0,-141.0,-122.0,4251.0,-437.0,-1370.0,0
4.0,-85.0,-132.0,4022.0,-436.0,-1441.0,0
-25.0,-22.0,-136.0,3619.0,-393.0,-1423.0,0
-38.0,22.0,-144.0,3106.0,-324.0,-1349.0,0
-48.0,58.0,-135.0,2517.0,-223.0,-1230.0,0
-62.0,93.0,-119.0,1898.0,-95.0,-1095.0,0
-70.0,121.0,-110.0,1302.0,43.0,-949.0,0
-78.0,133.0,-93.0,750.0,180.0,-782.0,0
-81.0,138.0,-79.0,261.0,291.0,-604.0,0
-77.0,124.0,-63.0,-167.0,357.0,-427.0,0
-68.0,101.0,-52.0,-539.0,372.0,-257.0,0
-55.0,70.0,-54.0,-845.0,345.0,-108.0,0
-44.0,35.0,-53.0,-1088.0,287.0,32.0,0
-31.0,0.0,-57.0,-1262.0,214.0,167.0,0
-25.0,-36.0,-56.0,-1346.0,138.0,283.0,0
-19.0,-59.0,-50.0,-1306.0,70.0,379.0,0
-13.0,-68.0,-47.0,-1131.0,21.0,452.0,0
-10.0,-81.0,-53.0,-849.0,-7.0,503.0,0
-12.0,-89.0,-47.0,-499.0,-19.0,535.0,0
-7.0,-96.0,-54.0,-115.0,-19.0,552.0,0
-12.0,-103.0,-68.0,291.0,-9.0,545.0,0
-45.0,-106.0,-87.0,708.0,-3.0,522.0,0
-57.0,-114.0,-110.0,1026.0,-26.0,510.0,0
-18.0,-119.0,-124.0,1365.0,-67.0,500.0,0
74.0,-129.0,-129.0,1590.0,-44.0,470.0,0
171.0,-142.0,-125.0,1710.0,53.0,376.0,0
229.0,-152.0,-111.0,1761.0,229.0,207.0,0
245.0,-155.0,-97.0,1747.0,354.0,12.0,0
186.0,-154.0,-120.0,1557.0,314.0,-144.0,0
90.0,-157.0,-164.0,1018.0,155.0,-301.0,0
34.0,-195.0,-212.0,-3.0,9.0,-421.0,0
39.0,-286.0,-251.0,-1540.0,-39.0,-616.0,0
71.0,-399.0,-296.0,-3283.0,20.0,-941.0,0
95.0,-545.0,-365.0,-4785.0,258.0,-1319.0,0
70.0,-662.0,-383.0,-5874.0,732.0,-1667.0,0
-30.0,-763.0,-363.0,-6555.0,1366.0,-1978.0,0
-138.0,-847.0,-282.0,-6848.0,1983.0,-2248.0,0
-219.0,-907.0,-161.0,-6713.0,2389.0,-2353.0,0
-214.0,-955.0,-25.0,-6013.0,2437.0,-2047.0,0
-145.0,-979.0,66.0,-4662.0,2066.0,-1348.0,0
-121.0,-943.0,89.0,-2695.0,1440.0,-685.0,0
-130.0,-831.0,81.0,-431.0,914.0,-281.0,0
-130.0,-696.0,65.0,1718.0,594.0,-12.0,0
-118.0,-552.0,44.0,3451.0,427.0,198.0,0
-102.0,-412.0,16.0,4610.0,323.0,367.0,0
-93.0,-284.0,-10.0,5152.0,199.0,515.0,0
-74.0,-175.0,-48.0,5115.0,-28.0,661.0,0
-51.0,-93.0,-79.0,4540.0,-364.0,815.0,0
-14.0,-42.0,-111.0,3529.0,-723.0,956.0,0
17.0,-25.0,-131.0,2222.0,-1008.0,1091.0,0
47.0,-63.0,-131.0,794.0,-1166.0,1216.0,0
53.0,-119.0,-106.0,-599.0,-1216.0,1322.0,0
56.0,-193.0,-68.0,-1828.0,-1188.0,1380.0,0
53.0,-277.0,-32.0,-2810.0,-1111.0,1369.0,0
48.0,-360.0,14.0,-3506.0,-1010.0,1288.0,0
45.0,-441.0,51.0,-3913.0,-896.0,1163.0,0
50.0,-506.0,72.0,-4034.0,-769.0,1028.0,0
57.0,-570.0,92.0,-3894.0,-639.0,911.0,0
54.0,-615.0,100.0,-3523.0,-515.0,809.0,0
54.0,-641.0,100.0,-2965.0,-406.0,725.0,0
48.0,-645.0,99.0,-2260.0,-337.0,646.0,0
39.0,-631.0,97.0,-1453.0,-317.0,581.0,0
26.0,-596.0,93.0,-590.0,-334.0,552.0,0
13.0,-545.0,94.0,289.0,-363.0,561.0,0
-2.0,-485.0,91.0,1139.0,-371.0,588.0,0
-25.0,-408.0,90.0,1916.0,-332.0,617.0,0
-29.0,-330.0,76.0,2548.0,-241.0,639.0,0
-33.0,-248.0,64.0,2998.0,-106.0,653.0,0
-24.0,-174.0,42.0,3263.0,38.0,644.0,0
2.0,-98.0,17.0,3355.0,163.0,603.0,0
24.0,-26.0,-5.0,3281.0,263.0,531.0,0
54.0,29.0,-42.0,3035.0,345.0,450.0,0
78.0,71.0,-72.0,2635.0,418.0,367.0,0
103.0,104.0,-97.0,2121.0,490.0,276.0,0
119.0,128.0,-116.0,1559.0,558.0,156.0,0
116.0,137.0,-133.0,1023.0,598.0,25.0,0
115.0,136.0,-143.0,548.0,608.0,-105.0,0
106.0,132.0,-150.0,146.0,579.0,-237.0,0
92.0,124.0,-160.0,-183.0,513.0,-354.0,0
69.0,98.0,-152.0,-455.0,413.0,-462.0,0
47.0,79.0,-139.0,-672.0,273.0,-563.0,0
14.0,57.0,-131.0,-814.0,91.0,-645.0,0
-10.0,36.0,-122.0,-871.0,-122.0,-698.0,0
-24.0,17.0,-123.0,-828.0,-347.0,-726.0,0
-39.0,1.0,-113.0,-689.0,-566.0,-737.0,0
-49.0,-11.0,-110.0,-473.0,-755.0,-729.0,0
-57.0,-21.0,-101.0,-260.0,-899.0,-708.0,0
-58.0,-21.0,-88.0,30.0,-985.0,-684.0,0
-54.0,-20.0,-69.0,321.0,-1007.0,-674.0,0
-38.0,-19.0,-55.0,584.0,-975.0,-678.0,0
-23.0,-12.0,-43.0,799.0,-873.0,-697.0,0
-4.0,-10.0,-26.0,950.0,-710.0,-720.0,0
3.0,-13.0,-30.0,1044.0,-497.0,-756.0,0
7.0,-27.0,-41.0,1095.0,-258.0,-792.0,0
-1.0,-45.0,-47.0,1143.0,-27.0,-824.0,0
-30.0,-64.0,-27.0,1213.0,164.0,-840.0,0
-61.0,-96.0,-12.0,1291.0,336.0,-809.0,0
-97.0,-127.0,12.0,1365.0,497.0,-710.0,0
-140.0,-152.0,1.0,1379.0,614.0,-543.0,0
-166.0,-189.0,-78.0,1204.0,614.0,-276.0,0
-149.0,-231.0,-177.0,672.0,451.0,199.0,0
-89.0,-300.0,-253.0,-186.0,180.0,851.0,0
-1.0,-385.0,-316.0,-1216.0,-92.0,1493.0,0
70.0,-486.0,-403.0,-2376.0,-297.0,1969.0,0
84.0,-611.0,-532.0,-3748.0,-299.0,2289.0,0
63.0,-771.0,-591.0,-5356.0,31.0,2647.0,0
64.0,-975.0,-510.0,-6890.0,572.0,3100.0,0
111.0,-1160.0,-288.0,-7664.0,909.0,3334.0,0
107.0,-1195.0,-64.0,-7014.0,600.0,2851.0,0
55.0,-1101.0,46.0,-4946.0,-160.0,1704.0,0
43.0,-966.0,119.0,-2259.0,-749.0,609.0,0
78.0,-826.0,158.0,328.0,-849.0,44.0,0
88.0,-696.0,168.0,2439.0,-531.0,-199.0,0
58.0,-574.0,147.0,3922.0,-52.0,-370.0,0
14.0,-454.0,100.0,4777.0,379.0,-518.0,0
-25.0,-331.0,39.0,5108.0,680.0,-669.0,0
-60.0,-204.0,-10.0,5004.0,827.0,-841.0,0
-87.0,-111.0,-49.0,4519.0,815.0,-1010.0,0
-121.0,-40.0,-72.0,3709.0,643.0,-1113.0,0
-132.0,-20.0,-95.0,2647.0,360.0,-1057.0,0
-120.0,-47.0,-96.0,1429.0,91.0,-852.0,0
-95.0,-98.0,-85.0,171.0,-34.0,-603.0,0
-60.0,-174.0,-65.0,-990.0,16.0,-394.0,0
-31.0,-255.0,-45.0,-1984.0,183.0,-278.0,0
-16.0,-332.0,-13.0,-2784.0,381.0,-227.0,0
-7.0,-406.0,13.0,-3375.0,556.0,-173.0,0
10.0,-503.0,51.0,-3737.0,660.0,-87.0,0
31.0,-569.0,99.0,-3825.0,677.0,13.0,0
49.0,-620.0,125.0,-3597.0,610.0,97.0,0
69.0,-657.0,144.0,-3064.0,492.0,134.0,0
81.0,-665.0,125.0,-2299.0,343.0,93.0,0
97.0,-658.0,96.0,-1404.0,179.0,-25.0,0
109.0,-628.0,74.0,-465.0,25.0,-206.0,0
113.0,-579.0,56.0,459.0,-93.0,-408.0,0
115.0,-518.0,46.0,1335.0,-160.0,-596.0,0
104.0,-446.0,38.0,2109.0,-178.0,-735.0,0
92.0,-371.0,30.0,2724.0,-159.0,-817.0,0
76.0,-292.0,22.0,3140.0,-124.0,-870.0,0
55.0,-217.0,9.0,3364.0,-94.0,-941.0,0
29.0,-139.0,-8.0,3429.0,-87.0,-1029.0,0
12.0,-70.0,-19.0,3368.0,-103.0,-1095.0,0
-1.0,-16.0,-37.0,3201.0,-123.0,-1102.0,0
-2.0,32.0,-44.0,2946.0,-127.0,-1044.0,0
0.0,70.0,-56.0,2634.0,-90.0,-963.0,0
2.0,108.0,-64.0,2270.0,-13.0,-898.0,0
15.0,132.0,-66.0,1868.0,96.0,-860.0,0
14.0,155.0,-69.0,1466.0,216.0,-851.0,0
4.0,170.0,-77.0,1089.0,333.0,-827.0,0
-12.0,170.0,-82.0,727.0,438.0,-739.0,0
-31.0,162.0,-80.0,381.0,498.0,-587.0,0
-49.0,146.0,-88.0,61.0,494.0,-415.0,0
-62.0,122.0,-101.0,-234.0,435.0,-225.0,0
-65.0,89.0,-104.0,-512.0,334.0,-24.0,0
-50.0,52.0,-114.0,-754.0,197.0,170.0,0
-43.0,13.0,-113.0,-907.0,32.0,317.0,0
-40.0,-7.0,-118.0,-1018.0,-152.0,411.0,0
-41.0,-31.0,-119.0,-1021.0,-327.0,481.0,0
-42.0,-46.0,-115.0,-911.0,-455.0,551.0,0
-40.0,-63.0,-105.0,-710.0,-595.0,616.0,0
-35.0,-71.0,-96.0,-448.0,-708.0,661.0,0
-30.0,-80.0,-79.0,-152.0,-785.0,679.0,0
-25.0,-87.0,-69.0,157.0,-817.0,677.0,0
-18.0,-96.0,-66.0,468.0,-804.0,653.0,0
-26.0,-111.0,-76.0,772.0,-744.0,610.0,0
-39.0,-119.0,-84.0,1053.0,-651.0,556.0,0
-37.0,-127.0,-89.0,1287.0,-539.0,499.0,0
29.0,-133.0,-90.0,1441.0,-396.0,444.0,0
136.0,-156.0,-90.0,1499.0,-172.0,375.0,0
197.0,-178.0,-58.0,1467.0,143.0,236.0,0
213.0,-191.0,-35.0,1365.0,393.0,5.0,0
178.0,-204.0,-53.0,1161.0,378.0,-323.0,0
82.0,-215.0,-107.0,729.0,86.0,-690.0,0
2.0,-269.0,-188.0,11.0,-249.0,-974.0,0
-1.0,-323.0,-227.0,-969.0,-364.0,-1201.0,0
48.0,-414.0,-301.0,-2058.0,-168.0,-1436.0,0
92.0,-509.0,-372.0,-3103.0,268.0,-1668.0,0
97.0,-604.0,-405.0,-4106.0,803.0,-1876.0,0
36.0,-719.0,-394.0,-5037.0,1311.0,-2073.0,0
-63.0,-830.0,-335.0,-5805.0,1721.0,-2283.0,0
-147.0,-904.0,-188.0,-6216.0,2000.0,-2408.0,0
-169.0,-964.0,-5.0,-5987.0,2001.0,-2177.0,0
-126.0,-1011.0,126.0,-4935.0,1634.0,-1585.0,0
-84.0,-1015.0,165.0,-3183.0,1030.0,-931.0,0
-38.0,-952.0,175.0,-1119.0,530.0,-409.0,0
1.0,-832.0,170.0,953.0,327.0,-89.0,0
-2.0,-681.0,159.0,2846.0,366.0,44.0,0
-37.0,-528.0,128.0,4380.0,474.0,110.0,0
-71.0,-393.0,92.0,5390.0,462.0,236.0,0
-71.0,-280.0,45.0,5825.0,230.0,448.0,0
-62.0,-191.0,0.0,5757.0,-176.0,672.0,0
-46.0,-128.0,-44.0,5268.0,-645.0,871.0,0
-23.0,-84.0,-73.0,4430.0,-1085.0,1067.0,0
-3.0,-67.0,-95.0,3324.0,-1389.0,1223.0,0
18.0,-76.0,-96.0,2033.0,-1507.0,1309.0,0
34.0,-109.0,-85.0,662.0,-1451.0,1328.0,0
30.0,-157.0,-61.0,-677.0,-1273.0,1292.0,0
29.0,-222.0,-26.0,-1869.0,-1032.0,1211.0,0
29.0,-292.0,19.0,-2841.0,-779.0,1100.0,0
33.0,-362.0,71.0,-3539.0,-536.0,990.0,0
43.0,-434.0,119.0,-3927.0,-321.0,903.0,0
51.0,-491.0,165.0,-3992.0,-151.0,852.0,0
56.0,-537.0,192.0,-3743.0,-36.0,824.0,0
56.0,-565.0,206.0,-3217.0,6.0,810.0,0
51.0,-576.0,208.0,-2482.0,-25.0,801.0,0
50.0,-567.0,193.0,-1617.0,-107.0,800.0,0
48.0,-541.0,165.0,-713.0,-214.0,816.0,0
40.0,-503.0,142.0,171.0,-314.0,853.0,0
32.0,-452.0,120.0,998.0,-395.0,908.0,0
27.0,-398.0,105.0,1753.0,-448.0,968.0,0
27.0,-335.0,83.0,2426.0,-476.0,1022.0,0
37.0,-276.0,61.0,3000.0,-481.0,1055.0,0
48.0,-206.0,33.0,3434.0,-478.0,1049.0,0
63.0,-141.0,2.0,3729.0,-469.0,1017.0,0
82.0,-76.0,-35.0,3889.0,-447.0,969.0,0
101.0,-15.0,-72.0,3916.0,-420.0,896.0,0
98.0,46.0,-112.0,3795.0,-374.0,792.0,0
99.0,98.0,-154.0,3508.0,-306.0,675.0,0
90.0,142.0,-186.0,3047.0,-222.0,556.0,0
79.0,182.0,-204.0,2425.0,-129.0,444.0,0
62.0,209.0,-210.0,1701.0,-47.0,334.0,0
47.0,216.0,-220.0,920.0,1.0,219.0,0
33.0,213.0,-221.0,117.0,-6.0,97.0,0
20.0,200.0,-226.0,-676.0,-93.0,-47.0,0
9.0,182.0,-223.0,-1285.0,-249.0,-201.0,0
2.0,154.0,-217.0,-1984.0,-461.0,-357.0,0
-19.0,126.0,-211.0,-2565.0,-708.0,-495.0,0
-40.0,91.0,-191.0,-3015.0,-897.0,-599.0,0
-50.0,44.0,-131.0,-3303.0,-1083.0,-663.0,0
-53.0,6.0,-109.0,-3324.0,-1169.0,-697.0,0
-49.0,-27.0,-80.0,-3104.0,-1167.0,-739.0,0
-40.0,-54.0,-64.0,-2690.0,-1087.0,-792.0,0
-32.0,-73.0,-49.0,-2121.0,-929.0,-852.0,0
-27.0,-97.0,-50.0,-1455.0,-715.0,-909.0,0
-25.0,-113.0,-52.0,-768.0,-474.0,-955.0,0
-32.0,-126.0,-60.0,-101.0,-254.0,-985.0,0
-47.0,-137.0,-50.0,516.0,-87.0,-981.0,0
-64.0,-153.0,-31.0,1062.0,34.0,-934.0,0
-82.0,-183.0,-3.0,1517.0,143.0,-821.0,0
-96.0,-210.0,23.0,1863.0,271.0,-627.0,0
-112.0,-248.0,28.0,2091.0,402.0,-349.0,0
-108.0,-277.0,15.0,2172.0,475.0,-7.0,0
-83.0,-312.0,-8.0,2066.0,449.0,359.0,0
-39.0,-349.0,-15.0,1821.0,389.0,706.0,0
19.0,-399.0,-5.0,1462.0,409.0,988.0,0
79.0,-458.0,-64.0,783.0,559.0,1157.0,0
120.0,-523.0,-224.0,-508.0,873.0,1219.0,0
127.0,-590.0,-350.0,-2502.0,1371.0,1376.0,0
145.0,-685.0,-423.0,-4790.0,1942.0,1747.0,0
170.0,-801.0,-372.0,-6784.0,2323.0,2130.0,0
104.0,-839.0,-205.0,-7793.0,2172.0,2208.0,0
-40.0,-791.0,-27.0,-7257.0,1459.0,1972.0,0
-111.0,-765.0,65.0,-5231.0,503.0,1652.0,0
-90.0,-761.0,64.0,-2472.0,-339.0,1339.0,0
-45.0,-740.0,54.0,136.0,-848.0,1013.0,0
-17.0,-691.0,41.0,2103.0,-1009.0,649.0,0
-10.0,-603.0,30.0,3318.0,-911.0,301.0,0
-3.0,-506.0,34.0,3899.0,-648.0,12.0,0
-16.0,-410.0,56.0,4060.0,-319.0,-213.0,0
-46.0,-346.0,65.0,4069.0,-42.0,-409.0,0
-70.0,-302.0,52.0,4001.0,131.0,-600.0,0
-84.0,-262.0,50.0,3766.0,245.0,-826.0,0
-91.0,-212.0,47.0,3297.0,338.0,-1083.0,0
-97.0,-171.0,46.0,2605.0,411.0,-1309.0,0
-108.0,-144.0,37.0,1706.0,464.0,-1431.0,0
-115.0,-152.0,27.0,624.0,506.0,-1412.0,0
-116.0,-186.0,32.0,-581.0,566.0,-1261.0,0
-64.0,-258.0,61.0,-1810.0,634.0,-995.0,0
-5.0,-329.0,80.0,-2979.0,657.0,-724.0,0
30.0,-412.0,103.0,-4034.0,633.0,-527.0,0
63.0,-467.0,112.0,-4912.0,559.0,-367.0,0
102.0,-518.0,134.0,-5482.0,426.0,-212.0,0
149.0,-548.0,142.0,-5606.0,266.0,-90.0,0
171.0,-571.0,141.0,-5247.0,128.0,-29.0,0
188.0,-570.0,128.0,-4516.0,64.0,-13.0,0
179.0,-544.0,113.0,-3506.0,45.0,-48.0,0
169.0,-501.0,96.0,-2342.0,52.0,-144.0,0
152.0,-452.0,74.0,-1121.0,80.0,-297.0,0
136.0,-398.0,52.0,76.0,114.0,-493.0,0
116.0,-344.0,29.0,1174.0,136.0,-707.0,0
98.0,-287.0,12.0,2113.0,142.0,-902.0,0
77.0,-230.0,-5.0,2876.0,131.0,-1053.0,0
64.0,-186.0,-25.0,3465.0,116.0,-1153.0,0
50.0,-137.0,-46.0,3877.0,109.0,-1230.0,0
43.0,-97.0,-66.0,4096.0,122.0,-1296.0,0
20.0,-48.0,-76.0,4126.0,151.0,-1343.0,0
1.0,-1.0,-94.0,4031.0,173.0,-1342.0,0
-12.0,44.0,-99.0,3795.0,188.0,-1298.0,0
-31.0,86.0,-110.0,3433.0,200.0,-1220.0,0
-47.0,122.0,-116.0,2963.0,210.0,-1096.0,0
-58.0,158.0,-118.0,2401.0,221.0,-931.0,0
-70.0,180.0,-125.0,1771.0,221.0,-736.0,0
-74.0,187.0,-126.0,1084.0,212.0,-559.0,0
-74.0,188.0,-131.0,349.0,194.0,-316.0,0
-63.0,170.0,-128.0,-413.0,176.0,-72.0,0
-53.0,132.0,-129.0,-1175.0,163.0,140.0,0
-36.0,88.0,-113.0,-1898.0,156.0,306.0,0
-23.0,46.0,-89.0,-2512.0,140.0,420.0,0
-24.0,9.0,-57.0,-2927.0,105.0,492.0,0
-29.0,-23.0,-32.0,-3093.0,51.0,547.0,0
-29.0,-58.0,1.0,-3012.0,-12.0,599.0,0
-30.0,-84.0,22.0,-2719.0,-75.0,635.0,0
-23.0,-114.0,42.0,-2256.0,-132.0,636.0,0
-27.0,-135.0,54.0,-1679.0,-175.0,594.0,0
-39.0,-159.0,50.0,-1012.0,-209.0,513.0,0
-64.0,-175.0,31.0,-297.0,-251.0,425.0,0
-89.0,-183.0,1.0,419.0,-318.0,355.0,0
-90.0,-185.0,-17.0,1093.0,-416.0,317.0,0
-44.0,-188.0,-28.0,1683.0,-501.0,303.0,0
34.0,-196.0,-41.0,2167.0,-489.0,287.0,0
109.0,-217.0,-59.0,2558.0,-329.0,252.0,0
164.0,-238.0,-53.0,2852.0,-57.0,174.0,0
183.0,-257.0,-56.0,2988.0,167.0,32.0,0
148.0,-279.0,-79.0,2860.0,187.0,-179.0,0
73.0,-274.0,-140.0,2329.0,23.0,-465.0,0
27.0,-278.0,-224.0,1291.0,-97.0,-792.0,0
53.0,-320.0,-310.0,-268.0,55.0,-1143.0,0
126.0,-364.0,-371.0,-2121.0,433.0,-1473.0,0
174.0,-418.0,-410.0,-3884.0,811.0,-1695.0,0
170.0,-512.0,-440.0,-5351.0,1107.0,-1776.0,0
94.0,-625.0,-435.0,-6515.0,1347.0,-1772.0,0
-22.0,-717.0,-363.0,-7353.0,1588.0,-1709.0,0
-118.0,-787.0,-239.0,-7680.0,1804.0,-1502.0,0
-127.0,-849.0,-69.0,-7258.0,1909.0,-1111.0,0
-93.0,-916.0,38.0,-5953.0,1786.0,-685.0,0
-88.0,-963.0,88.0,-4021.0,1493.0,-370.0,0
-92.0,-955.0,102.0,-1913.0,1206.0,-111.0,0
-90.0,-887.0,115.0,87.0,989.0,159.0,0
-93.0,-787.0,127.0,1876.0,810.0,401.0,0
-97.0,-684.0,135.0,3386.0,590.0,573.0,0
-100.0,-584.0,135.0,4510.0,281.0,689.0,0
-94.0,-479.0,120.0,5194.0,-84.0,753.0,0
-80.0,-369.0,84.0,5439.0,-434.0,768.0,0
-64.0,-270.0,55.0,5314.0,-708.0,737.0,0
-64.0,-192.0,8.0,4881.0,-906.0,728.0,0
-73.0,-147.0,-35.0,4099.0,-1047.0,795.0,0
-70.0,-130.0,-61.0,2980.0,-1142.0,889.0,0
-61.0,-141.0,-67.0,1630.0,-1191.0,924.0,0
-40.0,-161.0,-55.0,218.0,-1209.0,881.0,0
-15.0,-192.0,-36.0,-1093.0,-1202.0,795.0,0
17.0,-231.0,-5.0,-2187.0,-1177.0,722.0,0
34.0,-265.0,31.0,-2991.0,-1125.0,696.0,0
40.0,-301.0,60.0,-3447.0,-1040.0,746.0,0
36.0,-330.0,83.0,-3557.0,-943.0,842.0,0
21.0,-353.0,113.0,-3349.0,-851.0,941.0,0
4.0,-367.0,127.0,-2890.0,-788.0,1022.0,0
-10.0,-373.0,128.0,-2258.0,-762.0,1077.0,0
-23.0,-362.0,129.0,-1539.0,-751.0,1112.0,0
-35.0,-342.0,112.0,-801.0,-733.0,1139.0,0
-38.0,-315.0,89.0,-93.0,-691.0,1161.0,0
-37.0,-281.0,69.0,552.0,-632.0,1164.0,0
-32.0,-245.0,46.0,1118.0,-563.0,1144.0,0
-18.0,-205.0,19.0,1509.0,-496.0,1101.0,0
-3.0,-165.0,-12.0,1926.0,-418.0,1028.0,0
25.0,-121.0,-32.0,2262.0,-333.0,920.0,0
50.0,-74.0,-62.0,2519.0,-259.0,779.0,0
68.0,-25.0,-92.0,2687.0,-169.0,607.0,0
77.0,19.0,-116.0,2752.0,-102.0,417.0,0
87.0,61.0,-141.0,2701.0,-63.0,261.0,0
81.0,107.0,-164.0,2514.0,-59.0,72.0,0
72.0,131.0,-180.0,2192.0,-99.0,-103.0,0
61.0,151.0,-185.0,1748.0,-190.0,-245.0,0
50.0,153.0,-192.0,1230.0,-318.0,-354.0,0
39.0,147.0,-194.0,682.0,-485.0,-434.0,0
26.0,130.0,-193.0,145.0,-686.0,-502.0,0
9.0,106.0,-194.0,-343.0,-897.0,-549.0,0
11.0,77.0,-178.0,-752.0,-1083.0,-574.0,0
13.0,43.0,-155.0,-1036.0,-1219.0,-583.0,0
21.0,5.0,-130.0,-1171.0,-1289.0,-590.0,0
32.0,-23.0,-107.0,-1136.0,-1285.0,-605.0,0
44.0,-44.0,-83.0,-948.0,-1208.0,-633.0,0
55.0,-63.0,-64.0,-635.0,-1065.0,-674.0,0
61.0,-75.0,-47.0,-244.0,-865.0,-725.0,0
63.0,-75.0,-47.0,188.0,-626.0,-774.0,0
60.0,-79.0,-61.0,630.0,-379.0,-822.0,0
46.0,-88.0,-73.0,1053.0,-157.0,-864.0,0
17.0,-86.0,-56.0,1413.0,22.0,-892.0,0
-11.0,-83.0,-16.0,1663.0,190.0,-882.0,0
-49.0,-85.0,16.0,1766.0,387.0,-812.0,0
-93.0,-87.0,33.0,1661.0,584.0,-685.0,0
-152.0,-102.0,11.0,1286.0,672.0,-501.0,0
-173.0,-129.0,-32.0,612.0,589.0,-186.0,0
-134.0,-188.0,-73.0,-388.0,337.0,330.0,0
-4.0,-298.0,-164.0,-1774.0,-98.0,972.0,0
54.0,-454.0,-458.0,-3567.0,-625.0,1529.0,0
41.0,-612.0,-760.0,-5766.0,-628.0,2068.0,0
-7.0,-794.0,-894.0,-8223.0,152.0,2800.0,0
-49.0,-1045.0,-764.0,-10402.0,1167.0,3670.0,0
-64.0,-1281.0,-420.0,-11257.0,1624.0,4134.0,0
-121.0,-1352.0,-152.0,-9792.0,1063.0,3622.0,0
-167.0,-1279.0,-11.0,-6461.0,-105.0,2312.0,0
-143.0,-1161.0,87.0,-2585.0,-1177.0,1006.0,0
-46.0,-1023.0,126.0,912.0,-1647.0,269.0,0
49.0,-865.0,139.0,3564.0,-1491.0,-53.0,0
69.0,-699.0,127.0,5345.0,-1055.0,-241.0,0
51.0,-538.0,80.0,6451.0,-590.0,-408.0,0
19.0,-382.0,30.0,7029.0,-118.0,-615.0,0
-12.0,-228.0,-5.0,7152.0,315.0,-889.0,0
-45.0,-86.0,-33.0,6860.0,588.0,-1188.0,0
-80.0,20.0,-55.0,6145.0,608.0,-1421.0,0
-100.0,84.0,-92.0,4997.0,403.0,-1487.0,0
-90.0,103.0,-119.0,3450.0,119.0,-1370.0,0
-70.0,73.0,-132.0,1632.0,-52.0,-1145.0,0
-24.0,0.0,-116.0,-293.0,-15.0,-836.0,0
25.0,-102.0,-71.0,-2140.0,186.0,-512.0,0
43.0,-200.0,-16.0,-3694.0,428.0,-267.0,0
40.0,-336.0,43.0,-4822.0,639.0,-62.0,0
50.0,-444.0,88.0,-5494.0,778.0,159.0,0
42.0,-547.0,118.0,-5681.0,821.0,352.0,0
57.0,-619.0,132.0,-5381.0,750.0,461.0,0
62.0,-660.0,134.0,-4640.0,605.0,427.0,0
60.0,-663.0,126.0,-3574.0,430.0,293.0,0
59.0,-646.0,96.0,-2327.0,232.0,128.0,0
62.0,-610.0,65.0,-1028.0,5.0,-32.0,0
71.0,-575.0,24.0,236.0,-236.0,-179.0,0
78.0,-529.0,1.0,1362.0,-448.0,-332.0,0
88.0,-477.0,-18.0,2303.0,-596.0,-491.0,0
89.0,-413.0,-38.0,3034.0,-672.0,-664.0,0
81.0,-344.0,-49.0,3532.0,-676.0,-855.0,0
57.0,-272.0,-66.0,3796.0,-620.0,-1054.0,0
32.0,-197.0,-82.0,3846.0,-533.0,-1198.0,0
12.0,-129.0,-92.0,3704.0,-448.0,-1245.0,0
1.0,-62.0,-89.0,3428.0,-382.0,-1213.0,0
-3.0,2.0,-92.0,3078.0,-331.0,-1145.0,0
-8.0,59.0,-95.0,2698.0,-269.0,-1077.0,0
-6.0,108.0,-87.0,2308.0,-182.0,-1011.0,0
-1.0,151.0,-75.0,1946.0,-74.0,-937.0,0
4.0,179.0,-67.0,1689.0,53.0,-843.0,0
4.0,193.0,-71.0,1398.0,196.0,-718.0,0
9.0,192.0,-67.0,1112.0,327.0,-558.0,0
8.0,182.0,-66.0,792.0,488.0,-398.0,0
2.0,163.0,-65.0,459.0,620.0,-255.0,0
-1.0,143.0,-64.0,123.0,694.0,-157.0,0
-3.0,120.0,-63.0,-196.0,704.0,-33.0,0
-7.0,95.0,-65.0,-469.0,647.0,85.0,0
-1.0,64.0,-68.0,-660.0,532.0,184.0,0
0.0,35.0,-80.0,-761.0,376.0,260.0,0
0.0,15.0,-89.0,-775.0,197.0,317.0,0
-2.0,-5.0,-97.0,-684.0,7.0,364.0,0
-2.0,-25.0,-104.0,-502.0,-178.0,407.0,0
-4.0,-42.0,-101.0,-257.0,-345.0,445.0,0
-5.0,-54.0,-98.0,28.0,-480.0,464.0,0
-4.0,-59.0,-86.0,322.0,-566.0,458.0,0
-7.0,-63.0,-79.0,597.0,-591.0,426.0,0
-15.0,-69.0,-66.0,829.0,-552.0,373.0,0
-29.0,-74.0,-70.0,1002.0,-468.0,301.0,0
-47.0,-89.0,-63.0,1122.0,-360.0,226.0,0
-55.0,-100.0,-52.0,1203.0,-254.0,156.0,0
-16.0,-114.0,-24.0,1247.0,-143.0,113.0,0
91.0,-144.0,-10.0,1238.0,23.0,85.0,0
131.0,-154.0,44.0,1129.0,265.0,3.0,0
134.0,-151.0,67.0,903.0,430.0,-150.0,0
129.0,-143.0,28.0,482.0,404.0,-413.0,0
57.0,-136.0,-134.0,-286.0,162.0,-757.0,0
-12.0,-184.0,-330.0,-1415.0,-254.0,-1049.0,0
-19.0,-304.0,-479.0,-2674.0,-515.0,-1214.0,0
61.0,-483.0,-596.0,-3868.0,-294.0,-1263.0,0
163.0,-697.0,-678.0,-5110.0,318.0,-1287.0,0
198.0,-916.0,-711.0,-6550.0,1094.0,-1415.0,0
114.0,-1093.0,-635.0,-7964.0,1937.0,-1729.0,0
-19.0,-1198.0,-427.0,-8801.0,2726.0,-2130.0,0
-152.0,-1245.0,-152.0,-8493.0,3106.0,-2265.0,0
-244.0,-1253.0,37.0,-6727.0,2833.0,-1889.0,0
-204.0,-1202.0,145.0,-3928.0,2076.0,-1157.0,0
-120.0,-1077.0,166.0,-830.0,1243.0,-567.0,0
-44.0,-906.0,154.0,2048.0,769.0,-365.0,0
3.0,-722.0,140.0,4331.0,782.0,-444.0,0
1.0,-541.0,142.0,5962.0,1009.0,-590.0,0
-17.0,-379.0,119.0,7083.0,1125.0,-620.0,0
-27.0,-253.0,76.0,7695.0,976.0,-417.0,0
-21.0,-142.0,29.0,7634.0,545.0,-50.0,0
-12.0,-48.0,-14.0,6908.0,-52.0,347.0,0
6.0,1.0,-52.0,5680.0,-680.0,698.0,0
24.0,8.0,-74.0,4136.0,-1245.0,986.0,0
43.0,-9.0,-81.0,2455.0,-1641.0,1242.0,0
57.0,-51.0,-72.0,779.0,-1789.0,1465.0,0
60.0,-108.0,-53.0,-744.0,-1700.0,1623.0,0
64.0,-175.0,-24.0,-1992.0,-1450.0,1677.0,0
62.0,-246.0,1.0,-2914.0,-1126.0,1632.0,0
53.0,-311.0,31.0,-3513.0,-801.0,1531.0,0
51.0,-366.0,64.0,-3789.0,-520.0,1420.0,0
47.0,-414.0,92.0,-3755.0,-305.0,1330.0,0
49.0,-450.0,111.0,-3439.0,-153.0,1268.0,0
53.0,-469.0,123.0,-2884.0,-43.0,1207.0,0
53.0,-476.0,128.0,-2136.0,47.0,1137.0,0
51.0,-464.0,126.0,-1266.0,130.0,1066.0,0
41.0,-444.0,113.0,-352.0,214.0,992.0,0
28.0,-407.0,103.0,542.0,296.0,914.0,0
21.0,-364.0,93.0,1367.0,371.0,824.0,0
11.0,-315.0,72.0,2075.0,427.0,707.0,0
14.0,-261.0,63.0,2634.0,458.0,570.0,0
22.0,-201.0,44.0,3029.0,467.0,430.0,0
37.0,-140.0,24.0,3261.0,451.0,312.0,0
50.0,-79.0,-6.0,3333.0,419.0,217.0,0
59.0,-27.0,-32.0,3244.0,371.0,139.0,0
69.0,28.0,-56.0,3010.0,308.0,83.0,0
63.0,66.0,-81.0,2655.0,231.0,46.0,0
62.0,99.0,-97.0,2295.0,143.0,28.0,0
49.0,126.0,-119.0,1774.0,44.0,19.0,0
40.0,144.0,-136.0,1199.0,-66.0,-3.0,0
21.0,152.0,-144.0,605.0,-171.0,-40.0,0
1.0,155.0,-154.0,12.0,-326.0,-82.0,0
-9.0,146.0,-158.0,-549.0,-511.0,-123.0,0
-21.0,120.0,-144.0,-1056.0,-712.0,-152.0,0
-38.0,104.0,-157.0,-1486.0,-902.0,-169.0,0
-55.0,75.0,-150.0,-1818.0,-1048.0,-165.0,0
-63.0,43.0,-135.0,-2016.0,-1125.0,-141.0,0
-62.0,8.0,-117.0,-2057.0,-1130.0,-109.0,0
-57.0,-20.0,-100.0,-1942.0,-1073.0,-99.0,0
-47.0,-42.0,-78.0,-1694.0,-961.0,-129.0,0
-42.0,-64.0,-61.0,-1342.0,-788.0,-198.0,0
-33.0,-75.0,-59.0,-911.0,-565.0,-287.0,0
-25.0,-86.0,-49.0,-421.0,-313.0,-375.0,0
-26.0,-95.0,-55.0,109.0,-44.0,-446.0,0
-30.0,-107.0,-57.0,648.0,219.0,-494.0,0
-37.0,-122.0,-55.0,1166.0,458.0,-525.0,0
-50.0,-134.0,-26.0,1642.0,683.0,-533.0,0
-64.0,-153.0,1.0,2048.0,917.0,-501.0,0
-78.0,-177.0,11.0,2328.0,1158.0,-410.0,0
-93.0,-197.0,-15.0,2392.0,1352.0,-256.0,0
-105.0,-212.0,-62.0,2170.0,1425.0,-65.0,0
-92.0,-227.0,-91.0,1706.0,1326.0,145.0,0
-36.0,-256.0,-88.0,1064.0,1085.0,382.0,0
67.0,-318.0,-122.0,120.0,782.0,575.0,0
144.0,-412.0,-324.0,-1445.0,540.0,648.0,0
164.0,-524.0,-517.0,-3773.0,592.0,801.0,0
163.0,-667.0,-570.0,-6560.0,1055.0,1253.0,0
187.0,-869.0,-393.0,-9084.0,1632.0,2000.0,0
153.0,-1016.0,-144.0,-10305.0,1772.0,2632.0,0
39.0,-1030.0,51.0,-9542.0,1241.0,2666.0,0
-64.0,-986.0,74.0,-7000.0,349.0,2139.0,0
-93.0,-931.0,53.0,-3710.0,-515.0,1402.0,0
-53.0,-873.0,31.0,-567.0,-1048.0,843.0,0
-4.0,-800.0,7.0,1957.0,-1144.0,494.0,0
5.0,-712.0,-13.0,3675.0,-928.0,235.0,0
-7.0,-598.0,-18.0,4628.0,-576.0,34.0,0
-29.0,-490.0,-7.0,5032.0,-218.0,-163.0,0
-60.0,-393.0,8.0,5161.0,59.0,-395.0,0
-88.0,-315.0,7.0,5175.0,193.0,-644.0,0
-97.0,-242.0,5.0,5010.0,223.0,-906.0,0
-105.0,-175.0,-1.0,4581.0,230.0,-1183.0,0
-116.0,-133.0,-14.0,3859.0,252.0,-1425.0,0
-126.0,-113.0,-30.0,2821.0,285.0,-1536.0,0
-132.0,-113.0,-22.0,1520.0,325.0,-1463.0,0
-128.0,-142.0,-1.0,95.0,377.0,-1216.0,0
-66.0,-209.0,38.0,-1283.0,398.0,-865.0,0
-7.0,-306.0,81.0,-2503.0,334.0,-577.0,0
28.0,-375.0,113.0,-3490.0,222.0,-397.0,0
64.0,-442.0,136.0,-4236.0,97.0,-263.0,0
118.0,-494.0,153.0,-4717.0,-32.0,-124.0,0
159.0,-535.0,152.0,-4882.0,-127.0,-8.0,0
196.0,-554.0,163.0,-4709.0,-145.0,56.0,0
216.0,-558.0,145.0,-4195.0,-111.0,64.0,0
206.0,-543.0,134.0,-3412.0,-63.0,27.0,0
178.0,-523.0,103.0,-2435.0,-19.0,-55.0,0
172.0,-470.0,87.0,-1319.0,15.0,-196.0,0
141.0,-414.0,67.0,-159.0,43.0,-379.0,0
121.0,-361.0,51.0,966.0,46.0,-566.0,0
101.0,-308.0,34.0,1978.0,15.0,-734.0,0
87.0,-259.0,9.0,2826.0,-39.0,-878.0,0
78.0,-213.0,-19.0,3482.0,-92.0,-1016.0,0
65.0,-166.0,-45.0,3913.0,-128.0,-1158.0,0
45.0,-115.0,-70.0,4114.0,-137.0,-1292.0,0
10.0,-61.0,-85.0,4113.0,-115.0,-1392.0,0
-9.0,-10.0,-94.0,3951.0,-63.0,-1431.0,0
-29.0,41.0,-107.0,3671.0,25.0,-1412.0,0
-47.0,82.0,-104.0,3310.0,149.0,-1335.0,0
-55.0,120.0,-105.0,2916.0,281.0,-1206.0,0
-51.0,150.0,-106.0,2473.0,403.0,-1041.0,0
-43.0,178.0,-103.0,1916.0,535.0,-840.0,0
-40.0,191.0,-104.0,1270.0,672.0,-627.0,0
-33.0,191.0,-98.0,718.0,783.0,-422.0,0
-32.0,183.0,-93.0,26.0,849.0,-236.0,0
-28.0,157.0,-84.0,-620.0,859.0,-76.0,0
-30.0,113.0,-84.0,-1152.0,824.0,78.0,0
-30.0,61.0,-87.0,-1551.0,730.0,224.0,0
-27.0,11.0,-78.0,-1817.0,589.0,323.0,0
-29.0,-30.0,-67.0,-1945.0,414.0,422.0,0
-33.0,-63.0,-58.0,-1923.0,209.0,493.0,0
-38.0,-90.0,-42.0,-1746.0,-11.0,542.0,0
-46.0,-110.0,-18.0,-1424.0,-237.0,570.0,0
-48.0,-128.0,-8.0,-974.0,-450.0,580.0,0
-56.0,-145.0,-12.0,-433.0,-641.0,578.0,0
-66.0,-160.0,-21.0,157.0,-798.0,558.0,0
-81.0,-172.0,-44.0,738.0,-926.0,532.0,0
-74.0,-180.0,-57.0,1261.0,-1025.0,517.0,0
-50.0,-182.0,-73.0,1692.0,-1066.0,504.0,0
7.0,-191.0,-91.0,2017.0,-987.0,477.0,0
73.0,-206.0,-102.0,2225.0,-716.0,422.0,0
139.0,-230.0,-114.0,2309.0,-258.0,333.0,0
190.0,-253.0,-104.0,2231.0,278.0,189.0,0
195.0,-277.0,-94.0,1875.0,653.0,-22.0,0
153.0,-312.0,-96.0,1109.0,701.0,-320.0,0
51.0,-369.0,-136.0,-101.0,534.0,-705.0,0
16.0,-423.0,-215.0,-1621.0,464.0,-1103.0,0
42.0,-457.0,-280.0,-3138.0,606.0,-1413.0,0
94.0,-505.0,-323.0,-4364.0,821.0,-1571.0,0
126.0,-578.0,-354.0,-5225.0,1013.0,-1612.0,0
121.0,-673.0,-348.0,-5755.0,1182.0,-1621.0,0
45.0,-740.0,-272.0,-5922.0,1351.0,-1668.0,0
-42.0,-778.0,-152.0,-5636.0,1466.0,-1659.0,0
-72.0,-806.0,-48.0,-4789.0,1403.0,-1501.0,0
-49.0,-832.0,15.0,-3498.0,1148.0,-1249.0,0
-33.0,-827.0,45.0,-2003.0,814.0,-1034.0,0
-42.0,-784.0,62.0,-499.0,545.0,-832.0,0
-50.0,-723.0,75.0,887.0,398.0,-551.0,0
-52.0,-637.0,96.0,2094.0,337.0,-201.0,0
-46.0,-546.0,117.0,3083.0,284.0,129.0,0
-32.0,-460.0,121.0,3796.0,162.0,393.0,0
-26.0,-373.0,111.0,4173.0,-49.0,567.0,0
-8.0,-303.0,83.0,4252.0,-291.0,704.0,0
18.0,-243.0,49.0,4011.0,-519.0,860.0,0
37.0,-197.0,9.0,3478.0,-683.0,1017.0,0
30.0,-162.0,-18.0,2675.0,-767.0,1152.0,0
9.0,-150.0,-39.0,1637.0,-795.0,1284.0,0
1.0,-162.0,-36.0,424.0,-808.0,1374.0,0
-7.0,-193.0,-18.0,-842.0,-825.0,1397.0,0
-3.0,-240.0,7.0,-2010.0,-854.0,1339.0,0
-2.0,-303.0,39.0,-2962.0,-892.0,1201.0,0
5.0,-368.0,66.0,-3619.0,-907.0,1006.0,0
10.0,-417.0,94.0,-3933.0,-882.0,827.0,0
13.0,-457.0,120.0,-3890.0,-839.0,739.0,0
7.0,-490.0,132.0,-3517.0,-811.0,762.0,0
4.0,-512.0,135.0,-2890.0,-794.0,866.0,0
-3.0,-514.0,124.0,-2098.0,-770.0,976.0,0
-1.0,-500.0,111.0,-1228.0,-717.0,1031.0,0
-7.0,-465.0,95.0,-329.0,-633.0,1030.0,0
-5.0,-418.0,70.0,543.0,-516.0,1000.0,0
1.0,-360.0,50.0,1329.0,-364.0,953.0,0
6.0,-301.0,34.0,1998.0,-192.0,895.0,0
11.0,-241.0,10.0,2525.0,-18.0,816.0,0
19.0,-182.0,-3.0,2894.0,138.0,719.0,0
30.0,-126.0,-26.0,3112.0,246.0,616.0,0
33.0,-68.0,-47.0,3185.0,293.0,516.0,0
46.0,-17.0,-63.0,3122.0,284.0,419.0,0
52.0,36.0,-81.0,2931.0,239.0,333.0,0
57.0,80.0,-102.0,2691.0,174.0,260.0,0
60.0,123.0,-121.0,2295.0,100.0,192.0,0
56.0,147.0,-131.0,1806.0,18.0,112.0,0
44.0,178.0,-146.0,1255.0,-57.0,21.0,0
33.0,184.0,-157.0,688.0,-167.0,-70.0,0
22.0,177.0,-152.0,136.0,-295.0,-142.0,0
21.0,179.0,-160.0,-359.0,-443.0,-241.0,0
7.0,165.0,-160.0,-774.0,-598.0,-325.0,0
-8.0,141.0,-162.0,-1098.0,-732.0,-376.0,0
-15.0,102.0,-155.0,-1323.0,-829.0,-384.0,0
-15.0,64.0,-149.0,-1447.0,-885.0,-379.0,0
-16.0,30.0,-135.0,-1464.0,-912.0,-389.0,0
-9.0,-2.0,-124.0,-1360.0,-908.0,-428.0,0
0.0,-33.0,-114.0,-1140.0,-865.0,-488.0,0
11.0,-45.0,-100.0,-824.0,-780.0,-552.0,0
24.0,-62.0,-85.0,-445.0,-654.0,-609.0,0
40.0,-67.0,-80.0,-50.0,-488.0,-661.0,0
49.0,-67.0,-71.0,329.0,-290.0,-710.0,0
46.0,-71.0,-73.0,668.0,-76.0,-759.0,0
55.0,-76.0,-81.0,956.0,135.0,-801.0,0
41.0,-87.0,-87.0,1193.0,319.0,-836.0,0
28.0,-93.0,-64.0,1372.0,462.0,-849.0,0
14.0,-107.0,-15.0,1484.0,588.0,-810.0,0
-10.0,-130.0,46.0,1518.0,733.0,-694.0,0
-51.0,-162.0,94.0,1451.0,882.0,-521.0,0
-74.0,-190.0,111.0,1222.0,956.0,-299.0,0
-61.0,-220.0,77.0,780.0,895.0,-14.0,0
3.0,-266.0,3.0,49.0,675.0,322.0,0
108.0,-342.0,-200.0,-1072.0,221.0,687.0,0
150.0,-443.0,-515.0,-2692.0,-340.0,1083.0,0
131.0,-578.0,-768.0,-4856.0,-458.0,1648.0,0
75.0,-743.0,-848.0,-7362.0,148.0,2485.0,0
18.0,-978.0,-661.0,-9537.0,1115.0,3453.0,0
-12.0,-1172.0,-277.0,-10277.0,1693.0,4020.0,0
-94.0,-1214.0,3.0,-8779.0,1278.0,3640.0,0
-158.0,-1149.0,116.0,-5573.0,135.0,2427.0,0
-147.0,-1029.0,185.0,-1922.0,-992.0,1138.0,0
-45.0,-903.0,206.0,1287.0,-1558.0,389.0,0
56.0,-775.0,201.0,3663.0,-1493.0,44.0,0
83.0,-639.0,166.0,5164.0,-1052.0,-204.0,0
66.0,-503.0,106.0,5951.0,-458.0,-454.0,0
36.0,-357.0,50.0,6186.0,164.0,-719.0,0
-3.0,-221.0,2.0,6020.0,669.0,-1030.0,0
-67.0,-93.0,-35.0,5535.0,885.0,-1352.0,0
-122.0,-6.0,-66.0,4758.0,742.0,-1524.0,0
-147.0,48.0,-91.0,3659.0,352.0,-1459.0,0
-131.0,44.0,-109.0,2241.0,-59.0,-1206.0,0
-93.0,2.0,-99.0,614.0,-279.0,-862.0,0
-24.0,-80.0,-68.0,-1025.0,-268.0,-525.0,0
22.0,-172.0,-25.0,-2502.0,-139.0,-301.0,0
35.0,-271.0,28.0,-3702.0,10.0,-177.0,0
51.0,-362.0,59.0,-4577.0,127.0,-63.0,0
66.0,-457.0,79.0,-5138.0,192.0,101.0,0
86.0,-556.0,101.0,-5379.0,218.0,319.0,0
108.0,-630.0,125.0,-5235.0,215.0,508.0,0
105.0,-680.0,132.0,-4675.0,185.0,575.0,0
93.0,-691.0,131.0,-3757.0,131.0,500.0,0
73.0,-665.0,115.0,-2549.0,48.0,317.0,0
64.0,-621.0,93.0,-1162.0,-68.0,76.0,0
63.0,-572.0,61.0,240.0,-204.0,-183.0,0
68.0,-517.0,37.0,1516.0,-329.0,-435.0,0
71.0,-445.0,2.0,2584.0,-427.0,-682.0,0
73.0,-379.0,-23.0,3381.0,-503.0,-906.0,0
71.0,-310.0,-52.0,3872.0,-547.0,-1081.0,0
56.0,-233.0,-77.0,4072.0,-547.0,-1185.0,0
35.0,-166.0,-89.0,4025.0,-516.0,-1204.0,0
22.0,-103.0,-94.0,3785.0,-473.0,-1146.0,0
18.0,-48.0,-104.0,3416.0,-429.0,-1038.0,0
13.0,5.0,-101.0,3054.0,-378.0,-922.0,0
12.0,50.0,-88.0,2564.0,-318.0,-826.0,0
12.0,80.0,-86.0,2078.0,-247.0,-755.0,0
8.0,116.0,-73.0,1628.0,-172.0,-693.0,0
13.0,132.0,-69.0,1241.0,-64.0,-611.0,0
11.0,144.0,-63.0,904.0,55.0,-499.0,0
12.0,142.0,-63.0,609.0,171.0,-397.0,0
9.0,133.0,-58.0,359.0,262.0,-282.0,0
6.0,121.0,-57.0,143.0,313.0,-176.0,0
0.0,102.0,-60.0,-54.0,324.0,-75.0,0
0.0,83.0,-63.0,-228.0,306.0,31.0,0
8.0,59.0,-66.0,-372.0,266.0,133.0,0
11.0,34.0,-70.0,-485.0,195.0,212.0,0
11.0,5.0,-77.0,-547.0,103.0,251.0,0
4.0,-5.0,-73.0,-540.0,6.0,269.0,0
0.0,-25.0,-71.0,-458.0,-82.0,274.0,0
-3.0,-40.0,-65.0,-305.0,-153.0,277.0,0
-11.0,-56.0,-62.0,-98.0,-199.0,274.0,0
-15.0,-63.0,-62.0,151.0,-217.0,258.0,0
-27.0,-77.0,-66.0,421.0,-213.0,229.0,0
-37.0,-82.0,-72.0,682.0,-194.0,197.0,0
-32.0,-93.0,-75.0,918.0,-156.0,166.0,0
-4.0,-99.0,-64.0,1101.0,-86.0,142.0,0
62.0,-111.0,-61.0,1203.0,39.0,122.0,0
122.0,-127.0,-44.0,1219.0,228.0,53.0,0
138.0,-138.0,-42.0,1146.0,403.0,-94.0,0
117.0,-151.0,-71.0,935.0,454.0,-305.0,0
51.0,-160.0,-120.0,504.0,328.0,-539.0,0
-36.0,-195.0,-187.0,-201.0,112.0,-734.0,0
-63.0,-261.0,-224.0,-1159.0,-9.0,-878.0,0
-46.0,-359.0,-269.0,-2263.0,82.0,-1023.0,0
3.0,-488.0,-318.0,-3362.0,345.0,-1187.0,0
47.0,-655.0,-365.0,-4431.0,669.0,-1371.0,0
46.0,-837.0,-378.0,-5446.0,1000.0,-1597.0,0
2.0,-973.0,-357.0,-6285.0,1330.0,-1865.0,0
-82.0,-1036.0,-233.0,-6712.0,1562.0,-2083.0,0
-144.0,-1038.0,-72.0,-6372.0,1510.0,-1997.0,0
-112.0,-1014.0,57.0,-5054.0,1096.0,-1486.0,0
-64.0,-961.0,95.0,-2890.0,473.0,-872.0,0
-31.0,-863.0,85.0,-372.0,5.0,-483.0,0
-1.0,-725.0,74.0,1951.0,-85.0,-349.0,0
3.0,-578.0,49.0,3745.0,150.0,-376.0,0
-13.0,-444.0,27.0,4934.0,474.0,-412.0,0
-30.0,-325.0,4.0,5573.0,661.0,-341.0,0
-38.0,-231.0,-20.0,5716.0,601.0,-125.0,0
-21.0,-157.0,-43.0,5373.0,317.0,148.0,0
-9.0,-99.0,-57.0,4596.0,-97.0,411.0,0
15.0,-74.0,-66.0,3473.0,-513.0,619.0,0
30.0,-71.0,-56.0,2148.0,-849.0,786.0,0
34.0,-111.0,-40.0,776.0,-1075.0,956.0,0
45.0,-158.0,-9.0,-519.0,-1177.0,1110.0,0
45.0,-224.0,15.0,-1637.0,-1180.0,1205.0,0
49.0,-299.0,45.0,-2514.0,-1109.0,1211.0,0
54.0,-375.0,66.0,-3122.0,-990.0,1141.0,0
62.0,-441.0,89.0,-3443.0,-828.0,1039.0,0
70.0,-499.0,113.0,-3486.0,-648.0,940.0,0
75.0,-541.0,128.0,-3274.0,-479.0,858.0,0
69.0,-565.0,146.0,-2832.0,-350.0,801.0,0
67.0,-577.0,155.0,-2192.0,-266.0,763.0,0
59.0,-570.0,161.0,-1403.0,-238.0,745.0,0
47.0,-544.0,154.0,-509.0,-268.0,751.0,0
34.0,-508.0,147.0,421.0,-329.0,774.0,0
21.0,-461.0,131.0,1324.0,-392.0,812.0,0
6.0,-403.0,118.0,2124.0,-423.0,867.0,0
7.0,-343.0,90.0,2781.0,-419.0,925.0,0
9.0,-281.0,67.0,3255.0,-381.0,961.0,0
18.0,-208.0,37.0,3549.0,-324.0,971.0,0
35.0,-147.0,10.0,3682.0,-270.0,966.0,0
52.0,-86.0,-33.0,3677.0,-218.0,951.0,0
72.0,-33.0,-68.0,3537.0,-168.0,925.0,0
98.0,15.0,-102.0,3261.0,-115.0,885.0,0
108.0,59.0,-139.0,2873.0,-57.0,824.0,0
109.0,92.0,-166.0,2383.0,34.0,750.0,0
109.0,115.0,-189.0,1807.0,145.0,665.0,0
103.0,132.0,-201.0,1185.0,254.0,587.0,0
91.0,148.0,-198.0,556.0,333.0,464.0,0
83.0,161.0,-204.0,-38.0,362.0,313.0,0
58.0,150.0,-192.0,-584.0,322.0,142.0,0
33.0,136.0,-187.0,-1087.0,206.0,-23.0,0
16.0,110.0,-172.0,-1555.0,29.0,-175.0,0
-5.0,83.0,-145.0,-1960.0,-191.0,-310.0,0
-19.0,51.0,-123.0,-2253.0,-421.0,-405.0,0
-26.0,19.0,-99.0,-2382.0,-631.0,-462.0,0
-29.0,-5.0,-74.0,-2334.0,-810.0,-502.0,0
-34.0,-30.0,-66.0,-2116.0,-951.0,-545.0,0
-30.0,-45.0,-58.0,-1776.0,-1039.0,-604.0,0
-28.0,-60.0,-48.0,-1365.0,-1052.0,-668.0,0
-21.0,-69.0,-37.0,-922.0,-977.0,-736.0,0
-7.0,-77.0,-32.0,-474.0,-815.0,-801.0,0
0.0,-82.0,-33.0,-34.0,-582.0,-857.0,0
2.0,-93.0,-41.0,382.0,-313.0,-892.0,0
4.0,-105.0,-54.0,769.0,-43.0,-906.0,0
-9.0,-115.0,-61.0,1131.0,198.0,-900.0,0
-23.0,-129.0,-50.0,1464.0,417.0,-876.0,0
-47.0,-145.0,-20.0,1745.0,630.0,-821.0,0
-68.0,-174.0,4.0,1968.0,859.0,-694.0,0
-78.0,-210.0,17.0,2098.0,1088.0,-478.0,0
-83.0,-245.0,-9.0,2064.0,1250.0,-171.0,0
-65.0,-282.0,-60.0,1804.0,1303.0,196.0,0
-28.0,-319.0,-102.0,1339.0,1273.0,557.0,0
12.0,-356.0,-115.0,715.0,1245.0,861.0,0
69.0,-408.0,-147.0,-192.0,1238.0,1072.0,0
112.0,-492.0,-253.0,-1568.0,1217.0,1191.0,0
122.0,-577.0,-353.0,-3426.0,1265.0,1405.0,0
113.0,-695.0,-370.0,-5423.0,1441.0,1859.0,0
107.0,-836.0,-297.0,-7006.0,1564.0,2442.0,0
48.0,-882.0,-153.0,-7620.0,1326.0,2793.0,0
-52.0,-857.0,-26.0,-6900.0,705.0,2654.0,0
-128.0,-825.0,53.0,-4999.0,-83.0,2119.0,0
-141.0,-786.0,87.0,-2512.0,-736.0,1469.0,0
-116.0,-751.0,98.0,-90.0,-1073.0,913.0,0
-71.0,-703.0,96.0,1827.0,-1098.0,490.0,0
-41.0,-643.0,80.0,3107.0,-904.0,151.0,0
-26.0,-570.0,71.0,3808.0,-573.0,-151.0,0
-40.0,-487.0,64.0,4100.0,-187.0,-457.0,0
-61.0,-408.0,68.0,4144.0,134.0,-737.0,0
-71.0,-338.0,67.0,4039.0,325.0,-952.0,0
-79.0,-267.0,73.0,3838.0,407.0,-1133.0,0
-76.0,-209.0,73.0,3536.0,416.0,-1315.0,0
-80.0,-167.0,63.0,3092.0,361.0,-1475.0,0
-84.0,-148.0,49.0,2447.0,237.0,-1531.0,0
-83.0,-149.0,34.0,1583.0,91.0,-1426.0,0
-49.0,-165.0,47.0,535.0,-10.0,-1163.0,0
21.0,-223.0,59.0,-640.0,-49.0,-825.0,0
72.0,-273.0,74.0,-1873.0,-56.0,-568.0,0
107.0,-319.0,89.0,-3066.0,-46.0,-401.0,0
143.0,-366.0,115.0,-4076.0,-14.0,-284.0,0
167.0,-398.0,130.0,-4722.0,22.0,-173.0,0
188.0,-430.0,134.0,-4920.0,70.0,-64.0,0
188.0,-452.0,133.0,-4678.0,141.0,-17.0,0
175.0,-460.0,122.0,-4231.0,225.0,-54.0,0
157.0,-450.0,99.0,-3461.0,310.0,-159.0,0
133.0,-427.0,81.0,-2550.0,378.0,-300.0,0
110.0,-393.0,56.0,-1582.0,406.0,-458.0,0
104.0,-363.0,34.0,-636.0,404.0,-604.0,0
93.0,-325.0,15.0,258.0,362.0,-759.0,0
73.0,-283.0,-10.0,1058.0,298.0,-884.0,0
64.0,-246.0,-27.0,1710.0,227.0,-1003.0,0
54.0,-201.0,-45.0,2188.0,180.0,-1068.0,0
42.0,-161.0,-58.0,2525.0,156.0,-1094.0,0
32.0,-112.0,-74.0,2750.0,160.0,-1110.0,0
18.0,-69.0,-78.0,2875.0,191.0,-1124.0,0
3.0,-31.0,-82.0,2918.0,226.0,-1123.0,0
-13.0,10.0,-84.0,2882.0,235.0,-1096.0,0
-21.0,48.0,-84.0,2755.0,224.0,-1015.0,0
-28.0,81.0,-88.0,2532.0,225.0,-889.0,0
-31.0,103.0,-82.0,2214.0,224.0,-729.0,0
-34.0,120.0,-84.0,1810.0,222.0,-555.0,0
-25.0,124.0,-81.0,1336.0,228.0,-386.0,0
-17.0,122.0,-87.0,811.0,246.0,-241.0,0
-12.0,108.0,-83.0,261.0,278.0,-117.0,0
-13.0,89.0,-78.0,-271.0,325.0,-2.0,0
-15.0,60.0,-75.0,-739.0,367.0,109.0,0
-20.0,29.0,-65.0,-1096.0,377.0,208.0,0
-20.0,8.0,-52.0,-1298.0,336.0,295.0,0
-33.0,-13.0,-29.0,-1324.0,243.0,363.0,0
-37.0,-39.0,-13.0,-1184.0,111.0,427.0,0
-48.0,-62.0,-1.0,-903.0,-39.0,471.0,0
-56.0,-85.0,-1.0,-529.0,-189.0,487.0,0
-76.0,-108.0,-19.0,-91.0,-325.0,480.0,0
-83.0,-128.0,-32.0,361.0,-451.0,468.0,0
-68.0,-143.0,-47.0,776.0,-549.0,460.0,0
-25.0,-166.0,-51.0,1132.0,-576.0,435.0,0
21.0,-187.0,-60.0,1442.0,-482.0,370.0,0
64.0,-220.0,-72.0,1733.0,-261.0,274.0,0
114.0,-255.0,-100.0,1968.0,30.0,148.0,0
135.0,-290.0,-124.0,2036.0,304.0,-9.0,0
127.0,-317.0,-142.0,1821.0,452.0,-210.0,0
62.0,-337.0,-150.0,1236.0,463.0,-445.0,0
1.0,-356.0,-156.0,276.0,423.0,-707.0,0
-7.0,-394.0,-192.0,-1018.0,467.0,-1009.0,0
46.0,-450.0,-224.0,-2490.0,549.0,-1332.0,0
88.0,-500.0,-248.0,-3845.0,503.0,-1605.0,0
110.0,-562.0,-264.0,-4848.0,367.0,-1733.0,0
87.0,-618.0,-260.0,-5407.0,280.0,-1657.0,0
20.0,-669.0,-199.0,-5491.0,327.0,-1404.0,0
-45.0,-706.0,-116.0,-5083.0,442.0,-1076.0,0
-49.0,-746.0,-40.0,-4187.0,516.0,-794.0,0
-39.0,-765.0,16.0,-2953.0,535.0,-654.0,0
-42.0,-763.0,55.0,-1594.0,550.0,-613.0,0
-60.0,-725.0,73.0,-269.0,572.0,-547.0,0
-67.0,-666.0,88.0,913.0,565.0,-379.0,0
-66.0,-587.0,97.0,1928.0,506.0,-146.0,0
-60.0,-500.0,105.0,2755.0,374.0,101.0,0
-39.0,-417.0,95.0,3360.0,172.0,325.0,0
-21.0,-347.0,91.0,3682.0,-80.0,519.0,0
0.0,-286.0,71.0,3685.0,-355.0,694.0,0
17.0,-237.0,48.0,3406.0,-624.0,870.0,0
35.0,-200.0,22.0,2857.0,-860.0,1062.0,0
49.0,-183.0,-5.0,2045.0,-1030.0,1265.0,0
46.0,-185.0,-10.0,1028.0,-1119.0,1451.0,0
32.0,-202.0,1.0,-83.0,-1136.0,1568.0,0
24.0,-227.0,20.0,-1154.0,-1122.0,1570.0,0
21.0,-266.0,50.0,-2081.0,-1102.0,1474.0,0
21.0,-312.0,68.0,-2795.0,-1083.0,1315.0,0
16.0,-359.0,78.0,-3293.0,-1041.0,1123.0,0
25.0,-404.0,88.0,-3550.0,-962.0,926.0,0
32.0,-446.0,93.0,-3696.0,-843.0,744.0,0
23.0,-474.0,92.0,-3640.0,-712.0,619.0,0
14.0,-494.0,95.0,-3390.0,-617.0,573.0,0
11.0,-505.0,97.0,-2969.0,-532.0,604.0,0
-1.0,-499.0,96.0,-2390.0,-478.0,670.0,0
-17.0,-481.0,100.0,-1657.0,-446.0,729.0,0
-29.0,-443.0,95.0,-798.0,-421.0,808.0,0
-29.0,-405.0,82.0,107.0,-369.0,877.0,0
-33.0,-358.0,61.0,971.0,-289.0,925.0,0
-31.0,-305.0,44.0,1719.0,-195.0,956.0,0
-22.0,-253.0,23.0,2320.0,-108.0,968.0,0
-15.0,-200.0,5.0,2778.0,-42.0,964.0,0
-1.0,-144.0,-5.0,3117.0,-4.0,947.0,0
11.0,-86.0,-35.0,3336.0,2.0,923.0,0
23.0,-41.0,-58.0,3427.0,-14.0,890.0,0
44.0,10.0,-90.0,3383.0,-40.0,846.0,0
61.0,52.0,-111.0,3199.0,-73.0,781.0,0
72.0,103.0,-140.0,2888.0,-119.0,685.0,0
84.0,128.0,-154.0,2465.0,-174.0,565.0,0
85.0,147.0,-167.0,1945.0,-233.0,423.0,0
85.0,159.0,-179.0,1363.0,-295.0,263.0,0
74.0,156.0,-181.0,762.0,-357.0,83.0,0
57.0,153.0,-191.0,169.0,-418.0,-98.0,0
38.0,135.0,-187.0,-386.0,-476.0,-254.0,0
33.0,114.0,-178.0,-871.0,-529.0,-376.0,0
25.0,83.0,-165.0,-1255.0,-584.0,-471.0,0
26.0,51.0,-156.0,-1506.0,-642.0,-541.0,0
21.0,17.0,-136.0,-1615.0,-697.0,-599.0,0
24.0,-15.0,-118.0,-1579.0,-739.0,-660.0,0
22.0,-38.0,-94.0,-1411.0,-750.0,-723.0,0
28.0,-55.0,-80.0,-1136.0,-720.0,-771.0,0
43.0,-70.0,-62.0,-787.0,-642.0,-805.0,0
60.0,-83.0,-44.0,-406.0,-515.0,-841.0,0
69.0,-90.0,-36.0,-29.0,-337.0,-885.0,0
71.0,-98.0,-43.0,324.0,-118.0,-923.0,0
69.0,-100.0,-64.0,651.0,112.0,-952.0,0
49.0,-106.0,-76.0,947.0,322.0,-973.0,0
13.0,-106.0,-66.0,1200.0,498.0,-974.0,0
-24.0,-111.0,-32.0,1386.0,643.0,-932.0,0
-62.0,-125.0,16.0,1511.0,764.0,-819.0,0
-115.0,-154.0,54.0,1545.0,847.0,-620.0,0
-154.0,-193.0,48.0,1412.0,850.0,-308.0,0
-152.0,-238.0,12.0,1022.0,746.0,124.0,0
-104.0,-279.0,-37.0,379.0,578.0,599.0,0
-20.0,-344.0,-114.0,-491.0,386.0,1030.0,0
56.0,-438.0,-277.0,-1729.0,143.0,1398.0,0
39.0,-534.0,-508.0,-3453.0,42.0,1756.0,0
-4.0,-648.0,-642.0,-5521.0,414.0,2314.0,0
-21.0,-814.0,-604.0,-7493.0,1089.0,3129.0,0
-8.0,-990.0,-463.0,-8707.0,1503.0,3823.0,0
-43.0,-1077.0,-269.0,-8596.0,1190.0,3761.0,0
-119.0,-1064.0,-71.0,-6967.0,360.0,2832.0,0
-127.0,-1013.0,75.0,-4217.0,-452.0,1601.0,0
-62.0,-957.0,142.0,-1167.0,-898.0,688.0,0
25.0,-865.0,167.0,1439.0,-918.0,189.0,0
79.0,-753.0,151.0,3352.0,-606.0,-143.0,0
89.0,-612.0,119.0,4632.0,-140.0,-470.0,0
68.0,-461.0,93.0,5418.0,324.0,-812.0,0
40.0,-317.0,67.0,5857.0,695.0,-1125.0,0
8.0,-196.0,38.0,5991.0,867.0,-1339.0,0
-13.0,-90.0,-1.0,5773.0,778.0,-1420.0,0
-19.0,-2.0,-39.0,5128.0,496.0,-1393.0,0
-21.0,47.0,-86.0,4005.0,177.0,-1297.0,0
-16.0,51.0,-127.0,2435.0,-18.0,-1120.0,0
0.0,2.0,-133.0,586.0,-12.0,-848.0,0
29.0,-81.0,-99.0,-1316.0,151.0,-510.0,0
46.0,-177.0,-54.0,-3058.0,351.0,-208.0,0
38.0,-265.0,-1.0,-4443.0,518.0,2.0,0
19.0,-361.0,48.0,-5216.0,641.0,159.0,0
9.0,-459.0,75.0,-5765.0,726.0,301.0,0
8.0,-548.0,98.0,-5877.0,768.0,421.0,0
9.0,-613.0,97.0,-5576.0,748.0,477.0,0
1.0,-645.0,97.0,-4904.0,687.0,447.0,0
1.0,-651.0,92.0,-3920.0,559.0,340.0,0
0.0,-638.0,88.0,-2711.0,397.0,183.0,0
18.0,-612.0,68.0,-1412.0,224.0,44.0,0
33.0,-577.0,54.0,-147.0,51.0,-149.0,0
52.0,-536.0,32.0,1004.0,-104.0,-348.0,0
59.0,-503.0,3.0,1983.0,-251.0,-547.0,0
61.0,-453.0,-19.0,2734.0,-387.0,-735.0,0
56.0,-395.0,-37.0,3252.0,-500.0,-912.0,0
45.0,-333.0,-48.0,3553.0,-573.0,-1069.0,0
29.0,-266.0,-55.0,3650.0,-605.0,-1178.0,0
13.0,-197.0,-62.0,3559.0,-594.0,-1227.0,0
2.0,-131.0,-61.0,3341.0,-542.0,-1203.0,0
4.0,-71.0,-54.0,3053.0,-465.0,-1136.0,0
5.0,-18.0,-46.0,2738.0,-374.0,-1073.0,0
10.0,31.0,-38.0,2435.0,-267.0,-1028.0,0
15.0,75.0,-36.0,2157.0,-147.0,-992.0,0
22.0,112.0,-41.0,1897.0,-14.0,-940.0,0
26.0,140.0,-32.0,1655.0,121.0,-866.0,0
17.0,158.0,-39.0,1439.0,233.0,-760.0,0
10.0,158.0,-50.0,1223.0,310.0,-622.0,0
-7.0,158.0,-61.0,998.0,336.0,-463.0,0
-10.0,146.0,-75.0,770.0,315.0,-293.0,0
-4.0,134.0,-92.0,539.0,258.0,-120.0,0
2.0,122.0,-113.0,310.0,166.0,30.0,0
9.0,105.0,-127.0,91.0,54.0,145.0,0
10.0,85.0,-137.0,-113.0,-60.0,247.0,0
6.0,62.0,-148.0,-286.0,-153.0,326.0,0
6.0,26.0,-148.0,-417.0,-220.0,386.0,0
-1.0,-1.0,-143.0,-503.0,-272.0,426.0,0
-10.0,-29.0,-132.0,-532.0,-303.0,447.0,0
-20.0,-54.0,-114.0,-476.0,-308.0,452.0,0
-34.0,-73.0,-106.0,-333.0,-291.0,439.0,0
-54.0,-96.0,-99.0,-120.0,-255.0,407.0,0
-65.0,-110.0,-94.0,139.0,-213.0,372.0,0
-61.0,-120.0,-71.0,407.0,-169.0,333.0,0
5.0,-128.0,-56.0,648.0,-97.0,286.0,0
98.0,-149.0,-41.0,845.0,62.0,213.0,0
128.0,-162.0,-28.0,985.0,292.0,69.0,0
111.0,-162.0,-32.0,1047.0,467.0,-147.0,0
78.0,-171.0,-70.0,940.0,487.0,-407.0,0
35.0,-176.0,-142.0,552.0,389.0,-667.0,0
12.0,-228.0,-177.0,-151.0,328.0,-898.0,0
7.0,-289.0,-220.0,-1116.0,408.0,-1106.0,0
29.0,-373.0,-282.0,-2240.0,640.0,-1318.0,0
63.0,-480.0,-329.0,-3432.0,952.0,-1527.0,0
76.0,-606.0,-352.0,-4629.0,1260.0,-1726.0,0
63.0,-730.0,-356.0,-5694.0,1564.0,-1918.0,0
19.0,-838.0,-291.0,-6424.0,1880.0,-2064.0,0
-49.0,-901.0,-174.0,-6593.0,2084.0,-2029.0,0
-86.0,-954.0,-40.0,-6066.0,2028.0,-1645.0,0
-70.0,-992.0,59.0,-4832.0,1665.0,-1025.0,0
-61.0,-984.0,92.0,-3021.0,1121.0,-507.0,0
-68.0,-916.0,84.0,-960.0,622.0,-242.0,0
-75.0,-810.0,66.0,1015.0,291.0,-123.0,0
-67.0,-692.0,49.0,2692.0,144.0,-49.0,0
-59.0,-560.0,32.0,3971.0,112.0,12.0,0
-44.0,-441.0,4.0,4827.0,104.0,117.0,0
-31.0,-330.0,-22.0,5253.0,60.0,284.0,0
-17.0,-246.0,-50.0,5245.0,-46.0,485.0,0
-2.0,-176.0,-63.0,4816.0,-197.0,688.0,0
14.0,-127.0,-75.0,4023.0,-343.0,845.0,0
19.0,-103.0,-73.0,3202.0,-479.0,952.0,0
13.0,-108.0,-60.0,2039.0,-613.0,1052.0,0
8.0,-136.0,-40.0,822.0,-729.0,1143.0,0
3.0,-181.0,-11.0,-366.0,-798.0,1204.0,0
6.0,-240.0,15.0,-1437.0,-848.0,1198.0,0
9.0,-304.0,42.0,-2348.0,-849.0,1143.0,0
23.0,-369.0,62.0,-3048.0,-782.0,1025.0,0
42.0,-428.0,89.0,-3493.0,-650.0,893.0,0
59.0,-475.0,120.0,-3641.0,-483.0,776.0,0
65.0,-510.0,145.0,-3479.0,-320.0,696.0,0
58.0,-520.0,163.0,-3015.0,-190.0,650.0,0
46.0,-521.0,178.0,-2298.0,-111.0,645.0,0
30.0,-506.0,186.0,-1407.0,-84.0,684.0,0
17.0,-474.0,178.0,-428.0,-104.0,761.0,0
3.0,-437.0,165.0,547.0,-148.0,858.0,0
-6.0,-390.0,143.0,1462.0,-197.0,947.0,0
-12.0,-337.0,113.0,2263.0,-237.0,1001.0,0
-7.0,-278.0,83.0,2916.0,-265.0,1016.0,0
5.0,-219.0,54.0,3400.0,-279.0,993.0,0
21.0,-156.0,15.0,3708.0,-286.0,944.0,0
39.0,-97.0,-24.0,3841.0,-288.0,871.0,0
58.0,-33.0,-62.0,3804.0,-281.0,788.0,0
74.0,28.0,-115.0,3612.0,-258.0,700.0,0
80.0,75.0,-149.0,3280.0,-217.0,600.0,0
85.0,115.0,-177.0,2830.0,-166.0,486.0,0
80.0,143.0,-193.0,2296.0,-119.0,359.0,0
66.0,160.0,-206.0,1708.0,-89.0,209.0,0
49.0,172.0,-211.0,1085.0,-86.0,53.0,0
33.0,170.0,-218.0,442.0,-111.0,-98.0,0
13.0,165.0,-211.0,-196.0,-166.0,-238.0,0
0.0,153.0,-201.0,-798.0,-255.0,-360.0,0
-8.0,128.0,-182.0,-1334.0,-375.0,-451.0,0
-17.0,100.0,-160.0,-1768.0,-516.0,-523.0,0
-24.0,66.0,-136.0,-2071.0,-672.0,-573.0,0
-32.0,39.0,-117.0,-2214.0,-816.0,-600.0,0
-32.0,13.0,-95.0,-2200.0,-932.0,-615.0,0
-28.0,-4.0,-78.0,-2044.0,-1003.0,-633.0,0
-15.0,-24.0,-59.0,-1768.0,-1009.0,-655.0,0
0.0,-34.0,-41.0,-1406.0,-938.0,-683.0,0
11.0,-46.0,-23.0,-990.0,-794.0,-716.0,0
29.0,-53.0,-10.0,-541.0,-592.0,-740.0,0
38.0,-59.0,-2.0,-84.0,-360.0,-753.0,0
44.0,-68.0,-4.0,351.0,-121.0,-754.0,0
41.0,-80.0,-30.0,750.0,106.0,-738.0,0
26.0,-94.0,-58.0,1113.0,287.0,-700.0,0
1.0,-115.0,-76.0,1447.0,383.0,-629.0,0
-29.0,-135.0,-69.0,1728.0,390.0,-511.0,0
-53.0,-161.0,-32.0,1925.0,357.0,-324.0,0
-90.0,-194.0,3.0,2007.0,328.0,-49.0,0
-140.0,-236.0,15.0,1909.0,268.0,332.0,0
-151.0,-272.0,-17.0,1546.0,98.0,802.0,0
-107.0,-306.0,-68.0,974.0,-122.0,1295.0,0
-28.0,-331.0,-103.0,324.0,-231.0,1722.0,0
68.0,-395.0,-118.0,-493.0,-176.0,1978.0,0
124.0,-493.0,-219.0,-1670.0,0.0,2002.0,0
92.0,-597.0,-373.0,-3320.0,496.0,2013.0,0
18.0,-747.0,-465.0,-5300.0,1408.0,2335.0,0
17.0,-947.0,-450.0,-7283.0,2299.0,2898.0,0
27.0,-1080.0,-302.0,-8659.0,2414.0,3113.0,0
-53.0,-1061.0,-99.0,-8570.0,1641.0,2604.0,0
-139.0,-986.0,15.0,-6685.0,496.0,1671.0,0
-155.0,-928.0,65.0,-3659.0,-439.0,800.0,0
-90.0,-893.0,81.0,-483.0,-874.0,249.0,0
-23.0,-834.0,79.0,2095.0,-867.0,-99.0,0
0.0,-730.0,86.0,3765.0,-619.0,-354.0,0
0.0,-596.0,94.0,4657.0,-272.0,-550.0,0
-29.0,-477.0,106.0,5112.0,69.0,-751.0,0
-60.0,-376.0,115.0,5401.0,297.0,-954.0,0
-91.0,-272.0,120.0,5546.0,376.0,-1159.0,0
-104.0,-196.0,113.0,5567.0,342.0,-1372.0,0
-120.0,-128.0,91.0,5371.0,207.0,-1530.0,0
-132.0,-90.0,52.0,4903.0,38.0,-1522.0,0
-130.0,-76.0,18.0,4070.0,-181.0,-1280.0,0
-113.0,-81.0,3.0,2867.0,-311.0,-867.0,0
-66.0,-114.0,13.0,1425.0,-312.0,-419.0,0
-20.0,-170.0,41.0,-122.0,-239.0,-126.0,0
15.0,-231.0,49.0,-1647.0,-158.0,110.0,0
38.0,-286.0,66.0,-3036.0,-88.0,213.0,0
63.0,-331.0,93.0,-4169.0,-42.0,234.0,0
85.0,-372.0,109.0,-4938.0,-48.0,217.0,0
114.0,-405.0,116.0,-5307.0,-80.0,170.0,0
128.0,-432.0,114.0,-5270.0,-100.0,74.0,0
128.0,-446.0,101.0,-4863.0,-89.0,-56.0,0
129.0,-446.0,90.0,-4167.0,-34.0,-202.0,0
128.0,-440.0,76.0,-3291.0,52.0,-343.0,0
124.0,-426.0,59.0,-2335.0,132.0,-471.0,0
123.0,-408.0,38.0,-1392.0,177.0,-579.0,0
122.0,-384.0,16.0,-491.0,191.0,-698.0,0
111.0,-354.0,2.0,332.0,199.0,-829.0,0
97.0,-315.0,-12.0,1054.0,209.0,-961.0,0
82.0,-278.0,-21.0,1675.0,218.0,-1086.0,0
70.0,-232.0,-31.0,2186.0,222.0,-1181.0,0
57.0,-187.0,-44.0,2581.0,226.0,-1243.0,0
49.0,-134.0,-48.0,2858.0,229.0,-1271.0,0
40.0,-81.0,-53.0,3034.0,234.0,-1259.0,0
30.0,-26.0,-57.0,3133.0,246.0,-1212.0,0
21.0,26.0,-49.0,3167.0,264.0,-1127.0,0
9.0,78.0,-52.0,3125.0,269.0,-1009.0,0
-4.0,123.0,-53.0,2982.0,260.0,-854.0,0
-16.0,152.0,-62.0,2718.0,229.0,-653.0,0
-30.0,172.0,-69.0,2324.0,172.0,-426.0,0
-30.0,176.0,-81.0,1814.0,101.0,-190.0,0
-30.0,167.0,-91.0,1199.0,40.0,34.0,0
-24.0,143.0,-98.0,520.0,-3.0,209.0,0
-27.0,111.0,-110.0,-160.0,-33.0,331.0,0
-37.0,83.0,-109.0,-783.0,-77.0,409.0,0
-46.0,55.0,-100.0,-1279.0,-166.0,471.0,0
-56.0,29.0,-82.0,-1610.0,-303.0,519.0,0
-64.0,5.0,-69.0,-1758.0,-466.0,546.0,0
-65.0,-22.0,-63.0,-1727.0,-626.0,552.0,0
-71.0,-49.0,-65.0,-1553.0,-750.0,535.0,0
-83.0,-73.0,-70.0,-1276.0,-828.0,500.0,0
-87.0,-101.0,-69.0,-940.0,-865.0,462.0,0
-77.0,-122.0,-64.0,-587.0,-857.0,433.0,0
-32.0,-151.0,-56.0,-231.0,-781.0,408.0,0
9.0,-184.0,-60.0,123.0,-612.0,349.0,0
57.0,-222.0,-65.0,467.0,-348.0,243.0,0
108.0,-261.0,-67.0,775.0,-27.0,97.0,0
135.0,-284.0,-71.0,981.0,276.0,-93.0,0
120.0,-324.0,-46.0,1035.0,433.0,-335.0,0
66.0,-364.0,-44.0,883.0,439.0,-638.0,0
-3.0,-391.0,-54.0,459.0,455.0,-996.0,0
-28.0,-400.0,-95.0,-257.0,651.0,-1360.0,0
7.0,-400.0,-156.0,-1179.0,953.0,-1653.0,0
50.0,-419.0,-216.0,-2219.0,1086.0,-1787.0,0
80.0,-464.0,-263.0,-3275.0,1000.0,-1746.0,0
91.0,-518.0,-278.0,-4224.0,807.0,-1621.0,0
68.0,-576.0,-249.0,-4915.0,625.0,-1520.0,0
24.0,-625.0,-177.0,-5200.0,487.0,-1467.0,0
-1.0,-659.0,-99.0,-4989.0,384.0,-1369.0,0
-9.0,-698.0,-42.0,-4333.0,360.0,-1182.0,0
-9.0,-736.0,7.0,-3364.0,440.0,-957.0,0
-24.0,-749.0,39.0,-2233.0,565.0,-740.0,0
-46.0,-737.0,60.0,-1075.0,638.0,-499.0,0
-60.0,-681.0,72.0,30.0,601.0,-193.0,0
-58.0,-623.0,79.0,1039.0,465.0,176.0,0
-56.0,-553.0,81.0,1894.0,254.0,540.0,0
-55.0,-480.0,79.0,2421.0,-19.0,831.0,0
-46.0,-412.0,68.0,2861.0,-343.0,1038.0,0
-42.0,-344.0,52.0,3068.0,-666.0,1180.0,0
-32.0,-293.0,24.0,3059.0,-890.0,1305.0,0
-32.0,-253.0,3.0,2846.0,-1097.0,1404.0,0
-30.0,-232.0,-21.0,2421.0,-1214.0,1468.0,0
-34.0,-223.0,-33.0,1779.0,-1244.0,1471.0,0
-33.0,-219.0,-30.0,972.0,-1204.0,1426.0,0
-30.0,-229.0,-20.0,92.0,-1126.0,1317.0,0
-24.0,-247.0,3.0,-778.0,-1046.0,1179.0,0
-4.0,-281.0,31.0,-1560.0,-971.0,1029.0,0
4.0,-319.0,52.0,-2209.0,-897.0,870.0,0
13.0,-355.0,71.0,-2699.0,-825.0,733.0,0
21.0,-393.0,93.0,-2997.0,-759.0,674.0,0
27.0,-421.0,122.0,-3071.0,-715.0,683.0,0
26.0,-438.0,131.0,-2906.0,-706.0,719.0,0
17.0,-443.0,154.0,-2524.0,-723.0,760.0,0
11.0,-435.0,155.0,-1949.0,-753.0,810.0,0
2.0,-413.0,142.0,-1246.0,-768.0,874.0,0
5.0,-389.0,118.0,-500.0,-762.0,943.0,0
4.0,-354.0,83.0,211.0,-721.0,992.0,0
-1.0,-313.0,58.0,860.0,-657.0,1003.0,0
0.0,-262.0,22.0,1438.0,-570.0,992.0,0
12.0,-198.0,-7.0,1937.0,-477.0,968.0,0
17.0,-154.0,-30.0,2336.0,-392.0,924.0,0
27.0,-106.0,-56.0,2637.0,-307.0,846.0,0
51.0,-53.0,-74.0,2848.0,-223.0,749.0,0
68.0,3.0,-101.0,2970.0,-141.0,633.0,0
90.0,53.0,-127.0,2980.0,-64.0,497.0,0
105.0,91.0,-149.0,2838.0,-3.0,340.0,0
113.0,134.0,-168.0,2532.0,38.0,170.0,0
102.0,174.0,-188.0,2075.0,62.0,-10.0,0
86.0,195.0,-197.0,1486.0,63.0,-192.0,0
66.0,206.0,-197.0,821.0,25.0,-355.0,0
48.0,204.0,-194.0,142.0,-63.0,-480.0,0
36.0,188.0,-196.0,-499.0,-191.0,-566.0,0
25.0,161.0,-187.0,-1045.0,-339.0,-614.0,0
17.0,122.0,-175.0,-1473.0,-492.0,-640.0,0
15.0,71.0,-152.0,-1771.0,-622.0,-660.0,0
8.0,33.0,-133.0,-1930.0,-724.0,-684.0,0
3.0,-3.0,-105.0,-1932.0,-795.0,-715.0,0
7.0,-38.0,-79.0,-1775.0,-826.0,-743.0,0
7.0,-59.0,-52.0,-1478.0,-820.0,-775.0,0
14.0,-73.0,-35.0,-1094.0,-769.0,-806.0,0
26.0,-89.0,-24.0,-669.0,-670.0,-832.0,0
32.0,-99.0,-28.0,-245.0,-526.0,-853.0,0
31.0,-104.0,-47.0,178.0,-363.0,-877.0,0
18.0,-112.0,-57.0,605.0,-215.0,-901.0,0
-11.0,-120.0,-48.0,1020.0,-107.0,-912.0,0
-45.0,-124.0,-5.0,1374.0,-31.0,-879.0,0
-81.0,-143.0,44.0,1636.0,50.0,-765.0,0
-127.0,-171.0,52.0,1741.0,137.0,-551.0,0
-163.0,-202.0,20.0,1542.0,169.0,-207.0,0
-160.0,-234.0,-39.0,944.0,101.0,255.0,0
-125.0,-267.0,-104.0,33.0,-19.0,763.0,0
-58.0,-342.0,-194.0,-1134.0,-118.0,1273.0,0
0.0,-463.0,-335.0,-2553.0,-187.0,1715.0,0
-29.0,-608.0,-521.0,-4240.0,-91.0,2077.0,0
-123.0,-786.0,-648.0,-6144.0,419.0,2499.0,0
-170.0,-982.0,-692.0,-7980.0,1108.0,2992.0,0
-118.0,-1133.0,-564.0,-9135.0,1361.0,3184.0,0
-64.0,-1151.0,-312.0,-8726.0,855.0,2664.0,0
-60.0,-1083.0,-107.0,-6431.0,-127.0,1608.0,0
-79.0,-1001.0,25.0,-3073.0,-959.0,663.0,0
-40.0,-937.0,103.0,233.0,-1178.0,184.0,0
29.0,-845.0,134.0,2753.0,-833.0,-21.0,0
54.0,-712.0,135.0,4349.0,-337.0,-239.0,0
31.0,-559.0,113.0,5214.0,15.0,-509.0,0
8.0,-375.0,87.0,5566.0,188.0,-759.0,0
11.0,-243.0,77.0,5739.0,266.0,-939.0,0
21.0,-149.0,54.0,5690.0,302.0,-1020.0,0
33.0,-84.0,19.0,5394.0,307.0,-974.0,0
51.0,-54.0,-23.0,4778.0,241.0,-875.0,0
37.0,-60.0,-66.0,3804.0,112.0,-763.0,0
37.0,-93.0,-88.0,2545.0,6.0,-631.0,0
38.0,-145.0,-75.0,1114.0,10.0,-384.0,0
45.0,-217.0,-44.0,-323.0,141.0,-107.0,0
35.0,-285.0,3.0,-1589.0,336.0,96.0,0
15.0,-349.0,47.0,-2559.0,522.0,203.0,0
-1.0,-408.0,80.0,-3205.0,667.0,243.0,0
-2.0,-463.0,101.0,-3540.0,730.0,240.0,0
4.0,-498.0,110.0,-3594.0,681.0,205.0,0
20.0,-519.0,107.0,-3376.0,526.0,141.0,0
34.0,-523.0,95.0,-2907.0,314.0,42.0,0
45.0,-512.0,82.0,-2235.0,118.0,-68.0,0
58.0,-491.0,70.0,-1421.0,-25.0,-171.0,0
66.0,-465.0,61.0,-531.0,-110.0,-281.0,0
70.0,-430.0,40.0,374.0,-145.0,-416.0,0
72.0,-389.0,22.0,1238.0,-152.0,-583.0,0
64.0,-343.0,3.0,1997.0,-144.0,-776.0,0
54.0,-291.0,-18.0,2618.0,-136.0,-962.0,0
31.0,-234.0,-38.0,3080.0,-132.0,-1099.0,0
13.0,-173.0,-55.0,3364.0,-126.0,-1159.0,0
0.0,-112.0,-62.0,3473.0,-101.0,-1144.0,0
-10.0,-53.0,-62.0,3418.0,-55.0,-1076.0,0
-14.0,1.0,-66.0,3237.0,13.0,-987.0,0
-20.0,51.0,-71.0,2941.0,84.0,-898.0,0
-17.0,93.0,-69.0,2563.0,140.0,-800.0,0
-19.0,135.0,-64.0,2132.0,180.0,-695.0,0
-17.0,159.0,-58.0,1686.0,218.0,-600.0,0
-21.0,182.0,-55.0,1235.0,242.0,-509.0,0
-34.0,186.0,-61.0,794.0,237.0,-402.0,0
-40.0,174.0,-64.0,358.0,203.0,-266.0,0
-46.0,160.0,-69.0,-64.0,143.0,-115.0,0
-42.0,131.0,-74.0,-442.0,56.0,40.0,0
-29.0,95.0,-79.0,-760.0,-56.0,178.0,0
-14.0,57.0,-88.0,-1010.0,-192.0,268.0,0
-9.0,18.0,-100.0,-1192.0,-334.0,305.0,0
-6.0,-10.0,-100.0,-1277.0,-459.0,314.0,0
-4.0,-34.0,-102.0,-1246.0,-551.0,317.0,0
-2.0,-57.0,-98.0,-1093.0,-607.0,312.0,0
-2.0,-64.0,-83.0,-842.0,-631.0,292.0,0
4.0,-78.0,-85.0,-525.0,-625.0,252.0,0
0.0,-89.0,-88.0,-174.0,-586.0,192.0,0
-15.0,-109.0,-97.0,188.0,-519.0,126.0,0
-30.0,-124.0,-101.0,536.0,-431.0,64.0,0
-2.0,-130.0,-96.0,835.0,-327.0,12.0,0
81.0,-148.0,-92.0,1040.0,-180.0,-27.0,0
189.0,-168.0,-85.0,1155.0,55.0,-97.0,0
208.0,-171.0,-47.0,1223.0,294.0,-239.0,0
186.0,-173.0,-90.0,1236.0,321.0,-445.0,0
87.0,-161.0,-146.0,1091.0,88.0,-676.0,0
-23.0,-175.0,-205.0,651.0,-185.0,-843.0,0
-53.0,-242.0,-247.0,-180.0,-265.0,-930.0,0
-19.0,-334.0,-271.0,-1347.0,-136.0,-1049.0,0
33.0,-455.0,-325.0,-2652.0,145.0,-1195.0,0
71.0,-611.0,-403.0,-4030.0,582.0,-1297.0,0
62.0,-786.0,-461.0,-5456.0,1193.0,-1329.0,0
3.0,-962.0,-442.0,-6812.0,1885.0,-1332.0,0
-101.0,-1093.0,-307.0,-7762.0,2406.0,-1413.0,0
-210.0,-1142.0,-105.0,-7909.0,2490.0,-1519.0,0
-292.0,-1152.0,82.0,-6957.0,2086.0,-1391.0,0
-252.0,-1125.0,179.0,-4745.0,1546.0,-968.0,0
-148.0,-1026.0,194.0,-1811.0,892.0,-597.0,0
-85.0,-864.0,169.0,1240.0,496.0,-517.0,0
-58.0,-676.0,119.0,3871.0,404.0,-562.0,0
-64.0,-469.0,81.0,5762.0,501.0,-598.0,0
-73.0,-286.0,32.0,6890.0,576.0,-525.0,0
-73.0,-158.0,-28.0,7302.0,418.0,-297.0,0
-54.0,-68.0,-87.0,7051.0,10.0,23.0,0
-19.0,-7.0,-131.0,6226.0,-510.0,332.0,0
11.0,22.0,-163.0,4944.0,-1009.0,586.0,0
34.0,14.0,-169.0,3332.0,-1390.0,787.0,0
54.0,-20.0,-166.0,1560.0,-1618.0,941.0,0
62.0,-79.0,-138.0,-166.0,-1692.0,1056.0,0
67.0,-157.0,-100.0,-1689.0,-1632.0,1130.0,0
61.0,-238.0,-58.0,-2901.0,-1456.0,1146.0,0
52.0,-324.0,-8.0,-3761.0,-1197.0,1100.0,0
36.0,-397.0,42.0,-4264.0,-909.0,1019.0,0
26.0,-471.0,90.0,-4428.0,-636.0,944.0,0
27.0,-532.0,129.0,-4273.0,-402.0,890.0,0
28.0,-579.0,147.0,-3830.0,-225.0,853.0,0
35.0,-604.0,165.0,-3160.0,-119.0,832.0,0
35.0,-609.0,161.0,-2327.0,-85.0,813.0,0
41.0,-594.0,147.0,-1395.0,-96.0,795.0,0
40.0,-572.0,131.0,-427.0,-135.0,772.0,0
32.0,-529.0,120.0,527.0,-182.0,751.0,0
19.0,-481.0,102.0,1411.0,-229.0,738.0,0
3.0,-420.0,88.0,2164.0,-274.0,738.0,0
-11.0,-340.0,68.0,2732.0,-306.0,744.0,0
-11.0,-276.0,51.0,3104.0,-331.0,752.0,0
4.0,-214.0,35.0,3288.0,-358.0,769.0,0
20.0,-157.0,4.0,3329.0,-404.0,788.0,0
46.0,-103.0,-20.0,3251.0,-456.0,801.0,0
68.0,-61.0,-53.0,3078.0,-496.0,806.0,0
93.0,-19.0,-81.0,2813.0,-505.0,793.0,0
111.0,29.0,-105.0,2464.0,-482.0,749.0,0
111.0,62.0,-129.0,2061.0,-418.0,671.0,0
108.0,98.0,-142.0,1633.0,-319.0,584.0,0
97.0,130.0,-152.0,1219.0,-215.0,488.0,0
85.0,148.0,-154.0,845.0,-128.0,383.0,0
62.0,161.0,-160.0,511.0,-89.0,262.0,0
40.0,169.0,-158.0,208.0,-98.0,121.0,0
24.0,172.0,-158.0,-76.0,-160.0,-34.0,0
4.0,169.0,-154.0,-348.0,-266.0,-204.0,0
-12.0,158.0,-148.0,-602.0,-385.0,-358.0,0
-32.0,142.0,-144.0,-820.0,-490.0,-463.0,0
-44.0,114.0,-143.0,-1003.0,-565.0,-517.0,0
-46.0,85.0,-136.0,-1141.0,-609.0,-551.0,0
-43.0,51.0,-126.0,-1217.0,-629.0,-591.0,0
-41.0,20.0,-115.0,-1232.0,-626.0,-654.0,0
-35.0,4.0,-110.0,-1191.0,-583.0,-721.0,0
-21.0,-16.0,-94.0,-1086.0,-487.0,-771.0,0
-4.0,-38.0,-78.0,-929.0,-341.0,-808.0,0
5.0,-59.0,-65.0,-732.0,-163.0,-850.0,0
16.0,-78.0,-54.0,-486.0,23.0,-899.0,0
18.0,-100.0,-54.0,-197.0,197.0,-941.0,0
13.0,-118.0,-58.0,136.0,341.0,-970.0,0
0.0,-134.0,-54.0,510.0,455.0,-973.0,0
-15.0,-149.0,-42.0,904.0,554.0,-935.0,0
-34.0,-166.0,-2.0,1196.0,683.0,-834.0,0
-73.0,-191.0,30.0,1485.0,837.0,-636.0,0
-146.0,-227.0,42.0,1621.0,915.0,-331.0,0
-196.0,-271.0,4.0,1516.0,842.0,104.0,0
-190.0,-320.0,-33.0,1164.0,587.0,662.0,0
-117.0,-375.0,-62.0,649.0,292.0,1275.0,0
4.0,-464.0,-129.0,-148.0,121.0,1700.0,0
63.0,-605.0,-364.0,-1512.0,144.0,1985.0,0
42.0,-749.0,-583.0,-3598.0,560.0,2144.0,0
1.0,-941.0,-689.0,-6016.0,1433.0,2386.0,0
0.0,-1137.0,-549.0,-8155.0,2256.0,2714.0,0
-44.0,-1148.0,-233.0,-8970.0,2190.0,2842.0,0
-105.0,-1055.0,-6.0,-7569.0,1081.0,2549.0,0
-119.0,-963.0,66.0,-4431.0,-386.0,1947.0,0
-77.0,-894.0,84.0,-797.0,-1421.0,1323.0,0
-2.0,-792.0,84.0,2344.0,-1718.0,819.0,0
24.0,-677.0,63.0,4498.0,-1437.0,428.0,0
41.0,-539.0,44.0,5586.0,-913.0,121.0,0
24.0,-396.0,46.0,5852.0,-378.0,-177.0,0
-10.0,-279.0,52.0,5726.0,13.0,-482.0,0
-38.0,-200.0,49.0,5533.0,191.0,-748.0,0
-52.0,-130.0,40.0,5315.0,203.0,-970.0,0
-46.0,-86.0,27.0,4950.0,136.0,-1132.0,0
-40.0,-62.0,3.0,4340.0,36.0,-1225.0,0
-32.0,-56.0,-10.0,3412.0,-65.0,-1215.0,0
-30.0,-65.0,-19.0,2166.0,-102.0,-1083.0,0
-21.0,-99.0,-12.0,712.0,-9.0,-832.0,0
7.0,-151.0,24.0,-766.0,196.0,-515.0,0
21.0,-225.0,51.0,-2111.0,424.0,-217.0,0
26.0,-301.0,60.0,-3275.0,604.0,7.0,0
34.0,-375.0,73.0,-4274.0,702.0,156.0,0
47.0,-442.0,82.0,-5069.0,700.0,220.0,0
64.0,-489.0,81.0,-5566.0,610.0,206.0,0
81.0,-513.0,73.0,-5659.0,479.0,131.0,0
96.0,-532.0,64.0,-5345.0,378.0,26.0,0
104.0,-531.0,55.0,-4686.0,342.0,-77.0,0
104.0,-520.0,40.0,-3787.0,357.0,-167.0,0
103.0,-502.0,30.0,-2757.0,402.0,-256.0,0
104.0,-473.0,13.0,-1683.0,425.0,-343.0,0
93.0,-438.0,8.0,-607.0,400.0,-445.0,0
83.0,-402.0,2.0,425.0,335.0,-569.0,0
65.0,-362.0,-1.0,1378.0,259.0,-714.0,0
47.0,-317.0,-12.0,2188.0,197.0,-837.0,0
39.0,-275.0,-17.0,2823.0,154.0,-931.0,0
30.0,-232.0,-19.0,3265.0,135.0,-1004.0,0
26.0,-189.0,-24.0,3519.0,139.0,-1075.0,0
26.0,-138.0,-26.0,3605.0,172.0,-1141.0,0
23.0,-91.0,-30.0,3553.0,235.0,-1198.0,0
21.0,-41.0,-34.0,3409.0,320.0,-1234.0,0
18.0,10.0,-31.0,3201.0,422.0,-1235.0,0
13.0,57.0,-30.0,2965.0,524.0,-1204.0,0
0.0,100.0,-32.0,2706.0,605.0,-1148.0,0
-11.0,135.0,-35.0,2392.0,658.0,-1059.0,0
-25.0,165.0,-41.0,2004.0,679.0,-920.0,0
-36.0,177.0,-43.0,1547.0,658.0,-735.0,0
-47.0,177.0,-56.0,1025.0,597.0,-516.0,0
-48.0,168.0,-61.0,454.0,503.0,-283.0,0
-46.0,146.0,-67.0,-115.0,392.0,-65.0,0
-52.0,112.0,-70.0,-640.0,276.0,128.0,0
-52.0,79.0,-74.0,-1086.0,145.0,288.0,0
-51.0,54.0,-71.0,-1409.0,-18.0,415.0,0
-61.0,22.0,-63.0,-1562.0,-219.0,514.0,0
-62.0,2.0,-57.0,-1615.0,-446.0,590.0,0
-62.0,-15.0,-51.0,-1535.0,-667.0,646.0,0
-61.0,-39.0,-46.0,-1349.0,-816.0,681.0,0
-57.0,-57.0,-44.0,-1085.0,-947.0,692.0,0
-62.0,-75.0,-48.0,-762.0,-1006.0,671.0,0
-73.0,-104.0,-59.0,-398.0,-1000.0,642.0,0
-77.0,-113.0,-70.0,-31.0,-956.0,608.0,0
-69.0,-126.0,-63.0,301.0,-887.0,591.0,0
-29.0,-144.0,-58.0,579.0,-780.0,581.0,0
31.0,-176.0,-66.0,808.0,-588.0,550.0,0
102.0,-209.0,-78.0,1008.0,-276.0,476.0,0
172.0,-245.0,-92.0,1159.0,128.0,347.0,0
206.0,-272.0,-97.0,1199.0,512.0,145.0,0
188.0,-297.0,-101.0,1060.0,682.0,-142.0,0
123.0,-328.0,-101.0,659.0,616.0,-517.0,0
54.0,-376.0,-118.0,-88.0,537.0,-939.0,0
76.0,-418.0,-182.0,-1174.0,706.0,-1346.0,0
128.0,-447.0,-252.0,-2461.0,1036.0,-1655.0,0
165.0,-491.0,-307.0,-3736.0,1305.0,-1772.0,0
169.0,-537.0,-322.0,-4842.0,1469.0,-1720.0,0
129.0,-578.0,-296.0,-5605.0,1550.0,-1637.0,0
43.0,-614.0,-228.0,-5868.0,1566.0,-1595.0,0
-23.0,-656.0,-145.0,-5565.0,1475.0,-1548.0,0
-35.0,-703.0,-69.0,-4796.0,1286.0,-1405.0,0
-13.0,-749.0,-7.0,-3734.0,1103.0,-1178.0,0
-4.0,-780.0,41.0,-2535.0,1008.0,-943.0,0
-23.0,-786.0,77.0,-1311.0,993.0,-710.0,0
-49.0,-752.0,103.0,-140.0,975.0,-432.0,0
-61.0,-687.0,113.0,929.0,898.0,-75.0,0
-53.0,-604.0,119.0,1863.0,748.0,314.0,0
-45.0,-528.0,109.0,2603.0,518.0,631.0,0
-50.0,-435.0,85.0,3080.0,229.0,841.0,0
-44.0,-355.0,53.0,3304.0,-57.0,991.0,0
-49.0,-284.0,25.0,3300.0,-303.0,1104.0,0
-59.0,-236.0,-15.0,3087.0,-483.0,1190.0,0
-64.0,-213.0,-55.0,2651.0,-596.0,1271.0,0
-62.0,-203.0,-70.0,1974.0,-641.0,1312.0,0
-59.0,-202.0,-75.0,1100.0,-628.0,1264.0,0
-56.0,-207.0,-64.0,124.0,-588.0,1151.0,0
-45.0,-227.0,-44.0,-847.0,-549.0,1009.0,0
-27.0,-255.0,-19.0,-1719.0,-531.0,863.0,0
-9.0,-287.0,5.0,-2428.0,-531.0,732.0,0
9.0,-320.0,34.0,-2928.0,-541.0,642.0,0
21.0,-354.0,58.0,-3183.0,-549.0,627.0,0
27.0,-390.0,80.0,-3199.0,-550.0,675.0,0
26.0,-409.0,96.0,-3001.0,-544.0,720.0,0
24.0,-413.0,111.0,-2626.0,-533.0,739.0,0
20.0,-405.0,117.0,-2115.0,-504.0,737.0,0
25.0,-383.0,114.0,-1517.0,-446.0,749.0,0
9.0,-365.0,114.0,-865.0,-363.0,769.0,0
5.0,-341.0,104.0,-203.0,-263.0,800.0,0
0.0,-313.0,83.0,432.0,-158.0,827.0,0
3.0,-280.0,65.0,1003.0,-58.0,849.0,0
3.0,-245.0,40.0,1479.0,18.0,841.0,0
3.0,-211.0,19.0,1852.0,63.0,810.0,0
11.0,-177.0,0.0,2115.0,71.0,759.0,0
16.0,-138.0,-23.0,2281.0,38.0,690.0,0
29.0,-96.0,-46.0,2362.0,-27.0,612.0,0
41.0,-59.0,-68.0,2366.0,-111.0,527.0,0
63.0,-22.0,-91.0,2300.0,-195.0,445.0,0
69.0,20.0,-110.0,2167.0,-269.0,352.0,0
69.0,64.0,-121.0,1964.0,-328.0,248.0,0
64.0,97.0,-136.0,1694.0,-370.0,146.0,0
59.0,131.0,-146.0,1367.0,-400.0,44.0,0
51.0,158.0,-147.0,998.0,-418.0,-54.0,0
37.0,173.0,-152.0,595.0,-433.0,-155.0,0
28.0,170.0,-148.0,259.0,-446.0,-249.0,0
20.0,157.0,-143.0,-157.0,-469.0,-341.0,0
14.0,138.0,-133.0,-546.0,-508.0,-429.0,0
11.0,107.0,-126.0,-875.0,-542.0,-506.0,0
16.0,67.0,-115.0,-1129.0,-566.0,-569.0,0
22.0,37.0,-98.0,-1286.0,-563.0,-633.0,0
39.0,1.0,-81.0,-1315.0,-522.0,-694.0,0
44.0,-21.0,-67.0,-1209.0,-436.0,-782.0,0
58.0,-42.0,-58.0,-980.0,-301.0,-870.0,0
64.0,-61.0,-61.0,-665.0,-129.0,-951.0,0
69.0,-83.0,-82.0,-294.0,52.0,-1027.0,0
59.0,-103.0,-110.0,101.0,205.0,-1094.0,0
30.0,-116.0,-115.0,492.0,315.0,-1148.0,0
1.0,-119.0,-94.0,830.0,399.0,-1170.0,0
-35.0,-130.0,-57.0,1091.0,484.0,-1134.0,0
-106.0,-149.0,-40.0,1230.0,550.0,-1018.0,0
-180.0,-172.0,-70.0,1141.0,522.0,-790.0,0
-206.0,-204.0,-125.0,717.0,351.0,-390.0,0
-183.0,-234.0,-171.0,-7.0,112.0,141.0,0
-118.0,-283.0,-190.0,-894.0,-60.0,689.0,0
-42.0,-360.0,-205.0,-1893.0,-146.0,1173.0,0
5.0,-506.0,-275.0,-3045.0,-179.0,1554.0,0
-36.0,-709.0,-459.0,-4526.0,-53.0,1905.0,0
-96.0,-947.0,-604.0,-6346.0,528.0,2407.0,0
-68.0,-1192.0,-591.0,-8094.0,1319.0,2922.0,0
-39.0,-1194.0,-377.0,-8924.0,1578.0,2933.0,0
-98.0,-1093.0,-151.0,-7835.0,1023.0,2247.0,0
-131.0,-996.0,11.0,-4967.0,23.0,1325.0,0
-92.0,-937.0,109.0,-1386.0,-773.0,708.0,0
-4.0,-864.0,149.0,1794.0,-945.0,434.0,0
62.0,-739.0,140.0,4020.0,-584.0,202.0,0
64.0,-590.0,98.0,5321.0,-61.0,-134.0,0
45.0,-444.0,53.0,5925.0,330.0,-474.0,0
27.0,-301.0,27.0,6086.0,508.0,-734.0,0
14.0,-178.0,9.0,5991.0,531.0,-903.0,0
9.0,-84.0,-24.0,5688.0,446.0,-964.0,0
18.0,-27.0,-73.0,5111.0,247.0,-898.0,0
29.0,-11.0,-137.0,4190.0,-21.0,-782.0,0
33.0,-30.0,-192.0,2911.0,-250.0,-681.0,0
34.0,-70.0,-215.0,1368.0,-331.0,-552.0,0
36.0,-138.0,-196.0,-292.0,-221.0,-352.0,0
47.0,-218.0,-135.0,-1874.0,39.0,-117.0,0
42.0,-293.0,-55.0,-3169.0,344.0,48.0,0
31.0,-372.0,22.0,-4038.0,635.0,130.0,0
24.0,-445.0,87.0,-4450.0,884.0,179.0,0
23.0,-518.0,128.0,-4451.0,1059.0,216.0,0
30.0,-576.0,140.0,-4118.0,1116.0,244.0,0
36.0,-603.0,139.0,-3517.0,1035.0,231.0,0
45.0,-602.0,126.0,-2726.0,852.0,164.0,0
46.0,-586.0,105.0,-1827.0,641.0,67.0,0
54.0,-560.0,83.0,-912.0,470.0,-51.0,0
68.0,-524.0,61.0,-52.0,360.0,-183.0,0
77.0,-484.0,50.0,728.0,300.0,-335.0,0
85.0,-433.0,35.0,1429.0,274.0,-496.0,0
83.0,-375.0,24.0,2042.0,262.0,-664.0,0
79.0,-320.0,7.0,2542.0,250.0,-842.0,0
69.0,-258.0,-6.0,2885.0,235.0,-1031.0,0
50.0,-195.0,-24.0,3041.0,216.0,-1193.0,0
26.0,-137.0,-42.0,3017.0,180.0,-1281.0,0
5.0,-87.0,-50.0,2839.0,134.0,-1289.0,0
0.0,-48.0,-67.0,2606.0,102.0,-1244.0,0
-2.0,-12.0,-70.0,2226.0,107.0,-1179.0,0
0.0,19.0,-72.0,1797.0,146.0,-1110.0,0
1.0,41.0,-68.0,1363.0,241.0,-1045.0,0
10.0,56.0,-61.0,965.0,373.0,-980.0,0
10.0,69.0,-52.0,638.0,508.0,-921.0,0
3.0,77.0,-44.0,394.0,621.0,-825.0,0
-12.0,84.0,-39.0,240.0,685.0,-714.0,0
-25.0,82.0,-36.0,171.0,680.0,-597.0,0
-40.0,76.0,-40.0,151.0,603.0,-462.0,0
-47.0,67.0,-53.0,169.0,461.0,-310.0,0
-51.0,56.0,-65.0,190.0,281.0,-152.0,0
-47.0,45.0,-83.0,201.0,86.0,4.0,0
-31.0,28.0,-105.0,200.0,-106.0,156.0,0
-26.0,14.0,-122.0,181.0,-286.0,287.0,0
-21.0,-3.0,-134.0,147.0,-445.0,389.0,0
-20.0,-23.0,-147.0,104.0,-561.0,473.0,0
-24.0,-42.0,-149.0,69.0,-637.0,538.0,0
-26.0,-57.0,-134.0,54.0,-666.0,581.0,0
-30.0,-66.0,-118.0,79.0,-652.0,591.0,0
-39.0,-83.0,-107.0,156.0,-602.0,572.0,0
-54.0,-97.0,-97.0,282.0,-524.0,532.0,0
-65.0,-105.0,-87.0,458.0,-431.0,475.0,0
-63.0,-113.0,-70.0,656.0,-328.0,415.0,0
-24.0,-111.0,-47.0,853.0,-227.0,365.0,0
46.0,-120.0,-42.0,1018.0,-111.0,309.0,0
92.0,-128.0,-31.0,1131.0,36.0,220.0,0
103.0,-130.0,-33.0,1170.0,163.0,70.0,0
86.0,-142.0,-47.0,1087.0,197.0,-126.0,0
56.0,-168.0,-73.0,827.0,138.0,-325.0,0
16.0,-200.0,-94.0,371.0,71.0,-496.0,0
4.0,-273.0,-124.0,-258.0,89.0,-652.0,0
13.0,-356.0,-168.0,-1054.0,218.0,-836.0,0
43.0,-452.0,-234.0,-2031.0,436.0,-1054.0,0
66.0,-553.0,-294.0,-3140.0,707.0,-1306.0,0
66.0,-649.0,-308.0,-4190.0,988.0,-1569.0,0
37.0,-724.0,-286.0,-4930.0,1236.0,-1793.0,0
-21.0,-783.0,-223.0,-5195.0,1429.0,-1893.0,0
-60.0,-820.0,-112.0,-4915.0,1514.0,-1721.0,0
-50.0,-837.0,-15.0,-3967.0,1392.0,-1320.0,0
-44.0,-829.0,41.0,-2455.0,1094.0,-974.0,0
-53.0,-771.0,62.0,-737.0,770.0,-779.0,0
-58.0,-696.0,51.0,875.0,522.0,-638.0,0
-59.0,-601.0,33.0,2189.0,378.0,-492.0,0
-52.0,-514.0,2.0,3139.0,320.0,-348.0,0
-48.0,-423.0,-15.0,3716.0,301.0,-201.0,0
-43.0,-332.0,-32.0,3947.0,262.0,-20.0,0
-35.0,-256.0,-34.0,3852.0,168.0,194.0,0
-32.0,-191.0,-42.0,3439.0,10.0,413.0,0
-21.0,-153.0,-43.0,2748.0,-190.0,600.0,0
-20.0,-140.0,-44.0,1867.0,-398.0,742.0,0
-21.0,-153.0,-33.0,913.0,-599.0,846.0,0
-24.0,-188.0,-8.0,-3.0,-787.0,945.0,0
-23.0,-236.0,13.0,-803.0,-947.0,1034.0,0
-16.0,-285.0,34.0,-1456.0,-1055.0,1068.0,0
-7.0,-355.0,61.0,-1954.0,-1102.0,1044.0,0
6.0,-412.0,70.0,-2304.0,-1083.0,970.0,0
22.0,-464.0,77.0,-2523.0,-1000.0,869.0,0
31.0,-514.0,84.0,-2607.0,-867.0,773.0,0
45.0,-552.0,90.0,-2535.0,-708.0,693.0,0
44.0,-572.0,92.0,-2284.0,-557.0,628.0,0
36.0,-585.0,110.0,-1939.0,-448.0,586.0,0
27.0,-577.0,110.0,-1343.0,-407.0,578.0,0
16.0,-549.0,116.0,-607.0,-435.0,615.0,0
1.0,-512.0,118.0,209.0,-491.0,683.0,0
-15.0,-456.0,114.0,1039.0,-568.0,768.0,0
-31.0,-399.0,102.0,1819.0,-629.0,849.0,0
-34.0,-333.0,88.0,2488.0,-657.0,904.0,0
-35.0,-267.0,64.0,3019.0,-656.0,950.0,0
-18.0,-202.0,41.0,3396.0,-631.0,974.0,0
5.0,-142.0,9.0,3624.0,-590.0,974.0,0
24.0,-82.0,-19.0,3701.0,-531.0,966.0,0
57.0,-36.0,-50.0,3626.0,-458.0,949.0,0
78.0,8.0,-82.0,3397.0,-377.0,920.0,0
95.0,44.0,-110.0,3022.0,-283.0,865.0,0
110.0,81.0,-132.0,2536.0,-167.0,786.0,0
122.0,101.0,-146.0,1973.0,-40.0,685.0,0
123.0,123.0,-161.0,1387.0,85.0,569.0,0
127.0,129.0,-162.0,813.0,190.0,437.0,0
123.0,130.0,-164.0,295.0,257.0,289.0,0
110.0,122.0,-165.0,-161.0,279.0,127.0,0
90.0,111.0,-161.0,-552.0,244.0,-38.0,0
65.0,90.0,-155.0,-871.0,143.0,-190.0,0
38.0,64.0,-155.0,-1117.0,-21.0,-313.0,0
14.0,39.0,-143.0,-1297.0,-229.0,-397.0,0
-2.0,17.0,-134.0,-1404.0,-450.0,-441.0,0
-12.0,-5.0,-127.0,-1414.0,-672.0,-462.0,0
-23.0,-17.0,-112.0,-1329.0,-876.0,-483.0,0
-31.0,-30.0,-101.0,-1165.0,-1043.0,-490.0,0
-35.0,-39.0,-85.0,-942.0,-1150.0,-489.0,0
-31.0,-42.0,-71.0,-672.0,-1191.0,-479.0,0
-20.0,-59.0,-60.0,-369.0,-1161.0,-470.0,0
-6.0,-60.0,-48.0,-49.0,-1060.0,-486.0,0
5.0,-63.0,-37.0,277.0,-892.0,-523.0,0
19.0,-66.0,-26.0,601.0,-666.0,-572.0,0
28.0,-75.0,-33.0,910.0,-403.0,-617.0,0
22.0,-90.0,-41.0,1202.0,-141.0,-647.0,0
10.0,-98.0,-43.0,1472.0,90.0,-653.0,0
-3.0,-118.0,-23.0,1685.0,285.0,-613.0,0
-10.0,-139.0,18.0,1828.0,488.0,-512.0,0
-40.0,-181.0,61.0,1890.0,724.0,-330.0,0
-89.0,-217.0,47.0,1803.0,927.0,-44.0,0
-102.0,-254.0,2.0,1448.0,992.0,339.0,0
-72.0,-274.0,-60.0,822.0,931.0,769.0,0
-14.0,-320.0,-98.0,26.0,856.0,1176.0,0
77.0,-383.0,-175.0,-984.0,812.0,1439.0,0
117.0,-482.0,-330.0,-2371.0,765.0,1511.0,0
72.0,-590.0,-457.0,-4203.0,922.0,1627.0,0
22.0,-773.0,-442.0,-6276.0,1440.0,2046.0,0
33.0,-956.0,-315.0,-8023.0,1956.0,2704.0,0
17.0,-1023.0,-116.0,-8693.0,1791.0,3049.0,0
-50.0,-1010.0,13.0,-7706.0,962.0,2672.0,0
-101.0,-957.0,48.0,-5287.0,16.0,1789.0,0
-102.0,-895.0,57.0,-2278.0,-623.0,871.0,0
-59.0,-840.0,78.0,557.0,-815.0,261.0,0
-16.0,-761.0,98.0,2781.0,-681.0,-66.0,0
5.0,-655.0,114.0,4223.0,-438.0,-235.0,0
-1.0,-532.0,118.0,5022.0,-198.0,-360.0,0
-19.0,-428.0,109.0,5473.0,3.0,-522.0,0
-35.0,-332.0,105.0,5755.0,130.0,-749.0,0
-49.0,-245.0,93.0,5868.0,202.0,-1029.0,0
-58.0,-154.0,87.0,5760.0,242.0,-1316.0,0
-84.0,-75.0,62.0,5487.0,226.0,-1518.0,0
-106.0,-24.0,27.0,4841.0,160.0,-1517.0,0
-109.0,5.0,-5.0,3762.0,116.0,-1284.0,0
-85.0,5.0,-11.0,2278.0,135.0,-883.0,0
-31.0,-31.0,3.0,580.0,201.0,-433.0,0
6.0,-95.0,27.0,-1105.0,240.0,-68.0,0
24.0,-177.0,51.0,-2625.0,217.0,137.0,0
49.0,-262.0,70.0,-3890.0,152.0,307.0,0
73.0,-348.0,93.0,-4835.0,104.0,416.0,0
100.0,-416.0,127.0,-5429.0,122.0,485.0,0
115.0,-479.0,149.0,-5628.0,193.0,502.0,0
127.0,-527.0,166.0,-5426.0,264.0,479.0,0
138.0,-557.0,160.0,-4871.0,296.0,391.0,0
143.0,-568.0,134.0,-4056.0,262.0,233.0,0
145.0,-560.0,94.0,-3099.0,200.0,29.0,0
140.0,-539.0,54.0,-2096.0,139.0,-170.0,0
136.0,-509.0,17.0,-1102.0,101.0,-346.0,0
128.0,-477.0,5.0,-134.0,86.0,-498.0,0
115.0,-432.0,-2.0,812.0,79.0,-630.0,0
98.0,-386.0,-10.0,1701.0,70.0,-743.0,0
87.0,-335.0,-27.0,2475.0,58.0,-842.0,0
74.0,-280.0,-32.0,3087.0,48.0,-949.0,0
59.0,-222.0,-49.0,3528.0,47.0,-1052.0,0
41.0,-163.0,-58.0,3805.0,59.0,-1133.0,0
14.0,-79.0,-52.0,3956.0,92.0,-1178.0,0
9.0,-18.0,-63.0,4018.0,142.0,-1176.0,0
2.0,38.0,-67.0,4009.0,216.0,-1111.0,0
1.0,92.0,-67.0,3921.0,322.0,-971.0,0
-5.0,138.0,-73.0,3735.0,441.0,-768.0,0
-14.0,166.0,-78.0,3434.0,543.0,-526.0,0
-20.0,188.0,-86.0,3001.0,600.0,-260.0,0
-27.0,195.0,-97.0,2437.0,608.0,11.0,0
-27.0,190.0,-116.0,1759.0,570.0,270.0,0
-30.0,167.0,-132.0,990.0,495.0,493.0,0
-37.0,139.0,-152.0,166.0,385.0,653.0,0
-45.0,107.0,-175.0,-663.0,237.0,756.0,0
-54.0,82.0,-171.0,-1445.0,48.0,819.0,0
-65.0,58.0,-133.0,-2115.0,-185.0,878.0,0
-70.0,32.0,-99.0,-2579.0,-436.0,949.0,0
-67.0,4.0,-59.0,-2769.0,-677.0,1011.0,0
-62.0,-28.0,-22.0,-2682.0,-879.0,1049.0,0
-53.0,-65.0,-3.0,-2353.0,-1008.0,1040.0,0
-57.0,-95.0,-5.0,-1852.0,-1048.0,975.0,0
-73.0,-127.0,-17.0,-1242.0,-1014.0,857.0,0
-91.0,-143.0,-32.0,-597.0,-955.0,709.0,0
-86.0,-153.0,-32.0,0.0,-892.0,583.0,0
-27.0,-169.0,-40.0,510.0,-780.0,506.0,0
57.0,-194.0,-59.0,951.0,-506.0,439.0,0
130.0,-222.0,-76.0,1320.0,-45.0,318.0,0
189.0,-248.0,-94.0,1581.0,487.0,121.0,0
224.0,-271.0,-100.0,1632.0,860.0,-163.0,0
210.0,-284.0,-94.0,1389.0,863.0,-542.0,0
123.0,-295.0,-97.0,792.0,567.0,-978.0,0
44.0,-336.0,-143.0,-198.0,333.0,-1383.0,0
53.0,-400.0,-233.0,-1605.0,492.0,-1718.0,0
100.0,-439.0,-314.0,-3212.0,887.0,-1920.0,0
136.0,-494.0,-372.0,-4697.0,1303.0,-1904.0,0
144.0,-537.0,-384.0,-5922.0,1696.0,-1746.0,0
115.0,-587.0,-333.0,-6750.0,2042.0,-1563.0,0
48.0,-638.0,-232.0,-7034.0,2251.0,-1412.0,0
-19.0,-695.0,-102.0,-6659.0,2212.0,-1275.0,0
-51.0,-755.0,7.0,-5685.0,1936.0,-1129.0,0
-47.0,-808.0,72.0,-4297.0,1535.0,-965.0,0
-33.0,-845.0,86.0,-2770.0,1182.0,-795.0,0
-36.0,-845.0,81.0,-1602.0,983.0,-579.0,0
-34.0,-805.0,72.0,-300.0,942.0,-263.0,0
-20.0,-732.0,68.0,831.0,970.0,117.0,0
-10.0,-641.0,75.0,1825.0,1009.0,484.0,0
-8.0,-552.0,79.0,2685.0,970.0,745.0,0
-20.0,-441.0,79.0,3375.0,810.0,861.0,0
-32.0,-353.0,64.0,3878.0,549.0,935.0,0
-39.0,-282.0,33.0,4183.0,271.0,975.0,0
-52.0,-229.0,-6.0,4221.0,46.0,1013.0,0
-67.0,-193.0,-44.0,3926.0,-106.0,1058.0,0
-70.0,-176.0,-77.0,3263.0,-179.0,1068.0,0
-76.0,-170.0,-91.0,2263.0,-175.0,995.0,0
-79.0,-187.0,-83.0,1039.0,-123.0,835.0,0
-78.0,-207.0,-62.0,-250.0,-74.0,629.0,0
-69.0,-231.0,-24.0,-1454.0,-47.0,447.0,0
-53.0,-262.0,19.0,-2437.0,-47.0,350.0,0
-24.0,-305.0,57.0,-3128.0,-64.0,361.0,0
0.0,-352.0,85.0,-3492.0,-87.0,452.0,0
25.0,-392.0,110.0,-3534.0,-102.0,535.0,0
29.0,-415.0,126.0,-3275.0,-102.0,566.0,0
32.0,-427.0,129.0,-2779.0,-89.0,564.0,0
32.0,-419.0,131.0,-2126.0,-65.0,559.0,0
30.0,-399.0,129.0,-1395.0,-21.0,573.0,0
29.0,-367.0,114.0,-644.0,43.0,617.0,0
37.0,-330.0,94.0,74.0,124.0,672.0,0
45.0,-292.0,75.0,724.0,222.0,705.0,0
52.0,-253.0,52.0,1276.0,326.0,710.0,0
58.0,-213.0,32.0,1712.0,430.0,692.0,0
65.0,-173.0,3.0,2025.0,523.0,663.0,0
71.0,-134.0,-13.0,2209.0,595.0,623.0,0
81.0,-99.0,-32.0,2259.0,638.0,569.0,0
87.0,-63.0,-57.0,2190.0,638.0,505.0,0
88.0,-29.0,-71.0,2030.0,593.0,433.0,0
91.0,1.0,-82.0,1798.0,507.0,356.0,0
91.0,31.0,-90.0,1539.0,384.0,274.0,0
82.0,59.0,-111.0,1279.0,247.0,179.0,0
75.0,80.0,-119.0,1028.0,117.0,81.0,0
69.0,97.0,-126.0,782.0,12.0,-23.0,0
63.0,110.0,-129.0,540.0,-65.0,-131.0,0
57.0,113.0,-129.0,314.0,-113.0,-236.0,0
46.0,115.0,-131.0,110.0,-147.0,-336.0,0
38.0,105.0,-131.0,-67.0,-168.0,-437.0,0
25.0,84.0,-131.0,-223.0,-165.0,-548.0,0
9.0,67.0,-130.0,-369.0,-126.0,-651.0,0
5.0,42.0,-124.0,-487.0,-48.0,-731.0,0
11.0,16.0,-116.0,-565.0,60.0,-818.0,0
14.0,0.0,-102.0,-587.0,193.0,-912.0,0
20.0,-19.0,-91.0,-536.0,346.0,-999.0,0
28.0,-37.0,-81.0,-415.0,511.0,-1078.0,0
32.0,-57.0,-84.0,-232.0,674.0,-1147.0,0
34.0,-81.0,-100.0,2.0,825.0,-1200.0,0
20.0,-96.0,-100.0,281.0,942.0,-1238.0,0
2.0,-104.0,-76.0,576.0,1020.0,-1254.0,0
-30.0,-110.0,-48.0,841.0,1097.0,-1235.0,0
-77.0,-115.0,-29.0,1018.0,1176.0,-1175.0,0
-147.0,-120.0,-45.0,1033.0,1198.0,-1073.0,0
-205.0,-135.0,-88.0,832.0,1075.0,-884.0,0
-214.0,-167.0,-170.0,374.0,813.0,-515.0,0
-168.0,-219.0,-215.0,-354.0,515.0,42.0,0
-78.0,-296.0,-244.0,-1298.0,288.0,651.0,0
35.0,-415.0,-290.0,-2470.0,145.0,1160.0,0
83.0,-596.0,-486.0,-4028.0,81.0,1521.0,0
47.0,-781.0,-665.0,-6108.0,356.0,1896.0,0
30.0,-1010.0,-679.0,-7880.0,1031.0,2447.0,0
57.0,-1193.0,-531.0,-9530.0,1627.0,2913.0,0
34.0,-1241.0,-287.0,-9672.0,1542.0,2840.0,0
-33.0,-1186.0,-104.0,-7801.0,999.0,2243.0,0
-65.0,-1100.0,26.0,-4527.0,168.0,1510.0,0
-27.0,-1006.0,100.0,-966.0,-368.0,1100.0,0
45.0,-886.0,121.0,1999.0,-430.0,807.0,0
84.0,-741.0,91.0,4032.0,-190.0,533.0,0
87.0,-587.0,29.0,5226.0,128.0,166.0,0
70.0,-446.0,-13.0,5781.0,434.0,-239.0,0
41.0,-298.0,-38.0,5919.0,717.0,-607.0,0
7.0,-169.0,-45.0,5782.0,935.0,-887.0,0
-16.0,-72.0,-66.0,5412.0,1003.0,-1037.0,0
-23.0,-5.0,-101.0,4753.0,877.0,-1032.0,0
-22.0,18.0,-157.0,3727.0,653.0,-915.0,0
-18.0,2.0,-204.0,2328.0,486.0,-770.0,0
-21.0,-51.0,-217.0,625.0,482.0,-598.0,0
0.0,-129.0,-179.0,-1189.0,645.0,-372.0,0
24.0,-216.0,-108.0,-2859.0,884.0,-158.0,0
29.0,-307.0,-23.0,-4176.0,1117.0,-20.0,0
28.0,-400.0,49.0,-5045.0,1322.0,88.0,0
33.0,-495.0,104.0,-5445.0,1460.0,207.0,0
38.0,-589.0,128.0,-5401.0,1473.0,334.0,0
43.0,-661.0,123.0,-4971.0,1352.0,418.0,0
43.0,-701.0,112.0,-4219.0,1144.0,416.0,0
43.0,-703.0,89.0,-3215.0,911.0,333.0,0
51.0,-688.0,65.0,-2060.0,698.0,210.0,0
62.0,-651.0,36.0,-856.0,531.0,76.0,0
75.0,-609.0,16.0,308.0,408.0,-71.0,0
76.0,-559.0,-8.0,1359.0,313.0,-226.0,0
68.0,-504.0,-26.0,2254.0,235.0,-366.0,0
60.0,-439.0,-33.0,2950.0,162.0,-482.0,0
44.0,-370.0,-38.0,3460.0,89.0,-570.0,0
25.0,-271.0,-49.0,3800.0,9.0,-625.0,0
7.0,-195.0,-58.0,3965.0,-69.0,-669.0,0
-6.0,-128.0,-66.0,3960.0,-139.0,-703.0,0
-27.0,-64.0,-76.0,3802.0,-192.0,-716.0,0
-30.0,-12.0,-80.0,3506.0,-209.0,-695.0,0
-28.0,34.0,-80.0,3107.0,-175.0,-639.0,0
-15.0,72.0,-81.0,2651.0,-77.0,-569.0,0
3.0,101.0,-76.0,2171.0,79.0,-514.0,0
18.0,126.0,-65.0,1692.0,279.0,-478.0,0
22.0,143.0,-54.0,1239.0,486.0,-444.0,0
21.0,154.0,-45.0,847.0,671.0,-427.0,0
17.0,164.0,-33.0,511.0,800.0,-395.0,0
13.0,154.0,-28.0,229.0,866.0,-326.0,0
6.0,144.0,-26.0,10.0,887.0,-232.0,0
0.0,127.0,-31.0,-144.0,874.0,-130.0,0
-6.0,115.0,-39.0,-231.0,826.0,-25.0,0
-12.0,102.0,-50.0,-246.0,726.0,81.0,0
-9.0,80.0,-67.0,-191.0,575.0,196.0,0
-4.0,65.0,-94.0,-83.0,379.0,293.0,0
-8.0,46.0,-120.0,51.0,162.0,370.0,0
-19.0,27.0,-136.0,170.0,-53.0,435.0,0
-30.0,6.0,-161.0,259.0,-253.0,500.0,0
-45.0,-8.0,-165.0,310.0,-435.0,562.0,0
-55.0,-21.0,-161.0,336.0,-591.0,609.0,0
-59.0,-35.0,-147.0,349.0,-714.0,628.0,0
-62.0,-49.0,-135.0,349.0,-786.0,619.0,0
-67.0,-62.0,-125.0,343.0,-796.0,577.0,0
-81.0,-81.0,-120.0,347.0,-737.0,507.0,0
-78.0,-91.0,-101.0,353.0,-622.0,437.0,0
-35.0,-87.0,-83.0,335.0,-459.0,394.0,0
54.0,-97.0,-93.0,302.0,-249.0,370.0,0
104.0,-106.0,-98.0,236.0,-12.0,288.0,0
129.0,-113.0,-121.0,119.0,131.0,88.0,0
104.0,-123.0,-150.0,-75.0,103.0,-199.0,0
24.0,-153.0,-193.0,-355.0,-155.0,-439.0,0
-39.0,-221.0,-216.0,-684.0,-505.0,-522.0,0
-27.0,-317.0,-229.0,-1118.0,-664.0,-501.0,0
49.0,-432.0,-248.0,-1768.0,-506.0,-464.0,0
138.0,-556.0,-333.0,-2735.0,-92.0,-502.0,0
210.0,-680.0,-437.0,-4043.0,543.0,-638.0,0
239.0,-802.0,-448.0,-5460.0,1323.0,-849.0,0
197.0,-904.0,-393.0,-6494.0,2061.0,-1151.0,0
63.0,-943.0,-290.0,-6776.0,2592.0,-1434.0,0
-59.0,-955.0,-150.0,-6101.0,2778.0,-1404.0,0
-99.0,-943.0,-33.0,-4473.0,2511.0,-1064.0,0
-81.0,-912.0,55.0,-2327.0,1863.0,-677.0,0
-52.0,-827.0,84.0,-128.0,1083.0,-492.0,0
-24.0,-733.0,65.0,1815.0,432.0,-468.0,0
5.0,-641.0,46.0,3365.0,39.0,-489.0,0
36.0,-543.0,28.0,4537.0,-132.0,-478.0,0
43.0,-434.0,21.0,5411.0,-164.0,-411.0,0
49.0,-335.0,7.0,6063.0,-130.0,-271.0,0
54.0,-243.0,-18.0,6467.0,-40.0,-60.0,0
57.0,-173.0,-61.0,6501.0,72.0,178.0,0
58.0,-121.0,-97.0,6041.0,147.0,407.0,0
65.0,-90.0,-132.0,5052.0,166.0,638.0,0
69.0,-97.0,-164.0,3630.0,193.0,880.0,0
65.0,-123.0,-131.0,1965.0,297.0,1089.0,0
44.0,-168.0,-87.0,314.0,478.0,1217.0,0
11.0,-220.0,-29.0,-1117.0,688.0,1254.0,0
-27.0,-273.0,36.0,-2219.0,878.0,1207.0,0
-60.0,-336.0,90.0,-2962.0,1010.0,1109.0,0
-76.0,-397.0,131.0,-3380.0,1049.0,993.0,0
-79.0,-450.0,150.0,-3522.0,976.0,870.0,0
-63.0,-499.0,155.0,-3432.0,812.0,760.0,0
-28.0,-528.0,143.0,-3135.0,609.0,683.0,0
7.0,-543.0,133.0,-2655.0,416.0,649.0,0
29.0,-546.0,124.0,-2006.0,263.0,648.0,0
47.0,-522.0,112.0,-1229.0,161.0,637.0,0
41.0,-494.0,101.0,-377.0,103.0,600.0,0
33.0,-451.0,86.0,483.0,90.0,551.0,0
20.0,-393.0,79.0,1304.0,110.0,510.0,0
14.0,-329.0,74.0,2053.0,147.0,473.0,0
3.0,-262.0,64.0,2697.0,192.0,442.0,0
10.0,-195.0,58.0,3196.0,239.0,434.0,0
14.0,-130.0,28.0,3519.0,293.0,446.0,0
23.0,-66.0,5.0,3634.0,357.0,471.0,0
36.0,-13.0,-24.0,3521.0,425.0,496.0,0
43.0,36.0,-55.0,3180.0,486.0,497.0,0
45.0,76.0,-79.0,2614.0,540.0,479.0,0
44.0,104.0,-101.0,1858.0,576.0,456.0,0
42.0,120.0,-119.0,986.0,578.0,439.0,0
41.0,127.0,-126.0,113.0,523.0,417.0,0
34.0,123.0,-131.0,-660.0,411.0,385.0,0
30.0,112.0,-138.0,-1275.0,259.0,329.0,0
9.0,74.0,-128.0,-1703.0,83.0,240.0,0
21.0,81.0,-122.0,-1945.0,-101.0,130.0,0
-2.0,49.0,-128.0,-2021.0,-272.0,27.0,0
-7.0,32.0,-119.0,-1963.0,-432.0,-60.0,0
-14.0,3.0,-117.0,-1792.0,-579.0,-127.0,0
-11.0,-25.0,-115.0,-1550.0,-701.0,-184.0,0
-4.0,-42.0,-106.0,-1263.0,-787.0,-254.0,0
3.0,-60.0,-100.0,-942.0,-830.0,-340.0,0
17.0,-68.0,-102.0,-605.0,-813.0,-440.0,0
19.0,-76.0,-98.0,-339.0,-738.0,-555.0,0
23.0,-77.0,-97.0,-26.0,-615.0,-678.0,0
22.0,-83.0,-97.0,264.0,-452.0,-794.0,0
19.0,-86.0,-107.0,522.0,-297.0,-888.0,0
7.0,-97.0,-117.0,754.0,-95.0,-945.0,0
-15.0,-104.0,-97.0,961.0,91.0,-966.0,0
-42.0,-117.0,-85.0,1138.0,245.0,-927.0,0
-65.0,-139.0,-67.0,1248.0,385.0,-858.0,0
-82.0,-175.0,-65.0,1296.0,540.0,-719.0,0
-92.0,-211.0,-76.0,1292.0,705.0,-499.0,0
-82.0,-262.0,-91.0,1249.0,845.0,-196.0,0
-51.0,-317.0,-98.0,1139.0,945.0,147.0,0
11.0,-378.0,-86.0,962.0,1055.0,481.0,0
74.0,-434.0,-69.0,721.0,1233.0,769.0,0
120.0,-488.0,-57.0,332.0,1517.0,1003.0,0
126.0,-563.0,-125.0,-369.0,1899.0,1178.0,0
152.0,-704.0,-246.0,-1552.0,2411.0,1355.0,0
163.0,-800.0,-357.0,-3201.0,2815.0,1585.0,0
92.0,-847.0,-416.0,-4930.0,2792.0,1778.0,0
-52.0,-798.0,-312.0,-6138.0,2304.0,1824.0,0
-123.0,-695.0,-140.0,-6107.0,1544.0,1732.0,0
-131.0,-632.0,-43.0,-4633.0,699.0,1448.0,0
-118.0,-614.0,-3.0,-2296.0,0.0,1092.0,0
-81.0,-616.0,-1.0,116.0,-365.0,824.0,0
-30.0,-616.0,-24.0,2059.0,-386.0,582.0,0
1.0,-582.0,-55.0,3308.0,-182.0,272.0,0
7.0,-509.0,-65.0,3881.0,119.0,-79.0,0
-6.0,-423.0,-47.0,3964.0,423.0,-368.0,0
-36.0,-345.0,-28.0,3859.0,644.0,-514.0,0
-53.0,-290.0,-21.0,3753.0,770.0,-542.0,0
-49.0,-264.0,-31.0,3603.0,868.0,-620.0,0
-37.0,-238.0,-35.0,3273.0,1006.0,-846.0,0
-51.0,-226.0,-35.0,2665.0,1185.0,-1104.0,0
-69.0,-220.0,-19.0,1758.0,1359.0,-1226.0,0
-86.0,-238.0,7.0,628.0,1493.0,-1159.0,0
-80.0,-281.0,53.0,-556.0,1573.0,-965.0,0
-46.0,-342.0,89.0,-1624.0,1595.0,-741.0,0
-14.0,-401.0,120.0,-2477.0,1561.0,-572.0,0
17.0,-457.0,136.0,-3093.0,1486.0,-467.0,0
48.0,-505.0,137.0,-3488.0,1393.0,-400.0,0
80.0,-544.0,122.0,-3688.0,1289.0,-347.0,0
114.0,-571.0,100.0,-3697.0,1172.0,-283.0,0
142.0,-578.0,83.0,-3494.0,1045.0,-210.0,0
158.0,-568.0,65.0,-3066.0,933.0,-171.0,0
163.0,-537.0,52.0,-2436.0,869.0,-194.0,0
153.0,-501.0,38.0,-1636.0,877.0,-279.0,0
140.0,-455.0,36.0,-736.0,924.0,-393.0,0
120.0,-406.0,28.0,180.0,963.0,-500.0,0
104.0,-353.0,21.0,1056.0,962.0,-581.0,0
89.0,-314.0,7.0,1808.0,920.0,-617.0,0
73.0,-263.0,-2.0,2405.0,857.0,-635.0,0
57.0,-217.0,-13.0,2847.0,788.0,-686.0,0
41.0,-166.0,-19.0,3141.0,727.0,-785.0,0
25.0,-119.0,-29.0,3296.0,681.0,-931.0,0
3.0,-75.0,-39.0,3330.0,655.0,-1090.0,0
-20.0,-39.0,-48.0,3260.0,644.0,-1220.0,0
-33.0,-11.0,-62.0,3088.0,654.0,-1301.0,0
-47.0,13.0,-70.0,2799.0,703.0,-1325.0,0
-54.0,37.0,-84.0,2381.0,779.0,-1294.0,0
-56.0,52.0,-93.0,1843.0,870.0,-1220.0,0
-59.0,67.0,-96.0,1228.0,965.0,-1131.0,0
-57.0,76.0,-92.0,599.0,1028.0,-1050.0,0
-62.0,84.0,-82.0,7.0,1038.0,-981.0,0
-77.0,97.0,-63.0,-503.0,997.0,-923.0,0
-94.0,97.0,-54.0,-888.0,901.0,-840.0,0
-110.0,93.0,-31.0,-1135.0,766.0,-711.0,0
-124.0,82.0,-29.0,-1272.0,603.0,-536.0,0
-126.0,57.0,-28.0,-1319.0,437.0,-330.0,0
-113.0,27.0,-24.0,-1331.0,274.0,-119.0,0
-98.0,1.0,-23.0,-1298.0,109.0,52.0,0
-83.0,-19.0,-25.0,-1222.0,-29.0,173.0,0
-81.0,-35.0,-27.0,-1092.0,-200.0,257.0,0
-66.0,-53.0,-32.0,-903.0,-358.0,337.0,0
-61.0,-64.0,-36.0,-667.0,-490.0,399.0,0
-60.0,-72.0,-41.0,-395.0,-593.0,464.0,0
-60.0,-83.0,-49.0,-109.0,-674.0,515.0,0
-61.0,-94.0,-65.0,178.0,-741.0,549.0,0
-57.0,-105.0,-74.0,449.0,-791.0,575.0,0
-35.0,-110.0,-88.0,685.0,-812.0,593.0,0
3.0,-123.0,-96.0,890.0,-775.0,596.0,0
44.0,-143.0,-109.0,1080.0,-661.0,575.0,0
76.0,-162.0,-122.0,1261.0,-500.0,526.0,0
121.0,-187.0,-142.0,1416.0,-334.0,449.0,0
168.0,-216.0,-169.0,1470.0,-196.0,330.0,0
190.0,-238.0,-195.0,1354.0,-84.0,162.0,0
171.0,-260.0,-199.0,1041.0,7.0,-48.0,0
118.0,-278.0,-195.0,498.0,71.0,-314.0,0
76.0,-303.0,-194.0,-299.0,122.0,-635.0,0
75.0,-346.0,-223.0,-1287.0,212.0,-1002.0,0
115.0,-403.0,-259.0,-2379.0,360.0,-1374.0,0
146.0,-482.0,-273.0,-3444.0,501.0,-1669.0,0
149.0,-520.0,-281.0,-4338.0,588.0,-1824.0,0
94.0,-543.0,-258.0,-4988.0,632.0,-1830.0,0
5.0,-559.0,-198.0,-5332.0,638.0,-1708.0,0
-55.0,-583.0,-128.0,-5286.0,614.0,-1489.0,0
-60.0,-623.0,-59.0,-4839.0,579.0,-1216.0,0
-42.0,-662.0,-3.0,-4049.0,551.0,-962.0,0
-44.0,-706.0,16.0,-3012.0,581.0,-773.0,0
-58.0,-726.0,3.0,-1881.0,695.0,-622.0,0
-63.0,-708.0,5.0,-829.0,861.0,-458.0,0
-55.0,-654.0,14.0,114.0,984.0,-243.0,0
-42.0,-585.0,21.0,995.0,1007.0,16.0,0
-25.0,-517.0,13.0,1789.0,926.0,277.0,0
-7.0,-460.0,0.0,2425.0,763.0,504.0,0
6.0,-402.0,-18.0,2841.0,555.0,697.0,0
21.0,-357.0,-37.0,3033.0,343.0,806.0,0
38.0,-320.0,-55.0,2987.0,155.0,872.0,0
46.0,-290.0,-71.0,2678.0,16.0,938.0,0
53.0,-275.0,-81.0,2117.0,-41.0,995.0,0
48.0,-269.0,-66.0,1361.0,-49.0,1022.0,0
36.0,-280.0,-52.0,494.0,-45.0,1007.0,0
31.0,-307.0,-27.0,-386.0,-50.0,958.0,0
25.0,-338.0,2.0,-1187.0,-60.0,910.0,0
24.0,-375.0,20.0,-1844.0,-66.0,860.0,0
24.0,-410.0,40.0,-2318.0,-64.0,795.0,0
17.0,-439.0,54.0,-2579.0,-59.0,725.0,0
13.0,-465.0,64.0,-2627.0,-57.0,671.0,0
4.0,-486.0,77.0,-2456.0,-62.0,646.0,0
4.0,-495.0,74.0,-2081.0,-71.0,650.0,0
-2.0,-492.0,79.0,-1556.0,-74.0,677.0,0
-5.0,-478.0,77.0,-934.0,-58.0,717.0,0
-6.0,-452.0,78.0,-262.0,-9.0,753.0,0
-1.0,-419.0,67.0,411.0,80.0,777.0,0
6.0,-381.0,61.0,1046.0,210.0,781.0,0
15.0,-338.0,56.0,1611.0,367.0,749.0,0
28.0,-294.0,50.0,2077.0,539.0,689.0,0
26.0,-244.0,43.0,2429.0,709.0,620.0,0
31.0,-191.0,36.0,2665.0,858.0,568.0,0
37.0,-148.0,30.0,2777.0,961.0,551.0,0
40.0,-99.0,16.0,2747.0,1022.0,537.0,0
39.0,-68.0,-5.0,2565.0,1056.0,520.0,0
55.0,-40.0,-19.0,2233.0,1057.0,494.0,0
61.0,-24.0,-39.0,1780.0,1018.0,452.0,0
63.0,-9.0,-46.0,1261.0,931.0,388.0,0
48.0,1.0,-51.0,752.0,787.0,316.0,0
30.0,12.0,-60.0,309.0,583.0,229.0,0
14.0,25.0,-67.0,-13.0,326.0,159.0,0
5.0,35.0,-77.0,-210.0,47.0,112.0,0
5.0,46.0,-84.0,-281.0,-212.0,68.0,0
1.0,54.0,-93.0,-289.0,-418.0,9.0,0
-7.0,68.0,-94.0,-233.0,-562.0,-68.0,0
-16.0,71.0,-88.0,-139.0,-634.0,-172.0,0
-24.0,80.0,-95.0,-33.0,-674.0,-295.0,0
-35.0,100.0,-89.0,64.0,-672.0,-425.0,0
-38.0,85.0,-99.0,130.0,-642.0,-519.0,0
-31.0,80.0,-107.0,154.0,-592.0,-623.0,0
-21.0,68.0,-117.0,137.0,-529.0,-708.0,0
-4.0,55.0,-129.0,71.0,-442.0,-779.0,0
10.0,31.0,-133.0,-38.0,-313.0,-843.0,0
22.0,11.0,-128.0,-159.0,-138.0,-902.0,0
34.0,-9.0,-125.0,-264.0,78.0,-951.0,0
50.0,-34.0,-128.0,-331.0,313.0,-988.0,0
57.0,-63.0,-139.0,-340.0,538.0,-1021.0,0
44.0,-81.0,-143.0,-276.0,719.0,-1052.0,0
24.0,-89.0,-128.0,-159.0,847.0,-1059.0,0
1.0,-106.0,-107.0,-15.0,941.0,-1017.0,0
-24.0,-128.0,-69.0,127.0,1015.0,-898.0,0
-81.0,-166.0,-49.0,274.0,1053.0,-693.0,0
-127.0,-211.0,-58.0,406.0,987.0,-382.0,0
-123.0,-250.0,-103.0,449.0,750.0,16.0,0
-93.0,-283.0,-170.0,321.0,365.0,450.0,0
-52.0,-316.0,-250.0,21.0,-9.0,866.0,0
-15.0,-357.0,-302.0,-444.0,-207.0,1264.0,0
1.0,-414.0,-349.0,-1070.0,-209.0,1669.0,0
3.0,-513.0,-379.0,-1891.0,-146.0,2118.0,0
7.0,-647.0,-462.0,-2964.0,-134.0,2601.0,0
21.0,-772.0,-572.0,-4313.0,-96.0,2965.0,0
17.0,-845.0,-571.0,-5671.0,84.0,2922.0,0
-46.0,-844.0,-421.0,-6504.0,366.0,2346.0,0
-87.0,-799.0,-176.0,-6301.0,575.0,1538.0,0
-94.0,-760.0,31.0,-4922.0,579.0,791.0,0
-75.0,-732.0,148.0,-2832.0,502.0,251.0,0
-43.0,-690.0,191.0,-684.0,527.0,-67.0,0
-3.0,-631.0,185.0,1081.0,676.0,-261.0,0
19.0,-555.0,137.0,2305.0,830.0,-404.0,0
36.0,-470.0,89.0,3033.0,864.0,-510.0,0
45.0,-377.0,39.0,3462.0,769.0,-605.0,0
36.0,-281.0,-20.0,3729.0,630.0,-713.0,0
5.0,-193.0,-72.0,3820.0,477.0,-815.0,0
-34.0,-118.0,-126.0,3683.0,296.0,-836.0,0
-61.0,-77.0,-184.0,3266.0,130.0,-744.0,0
-67.0,-60.0,-245.0,2517.0,37.0,-590.0,0
-74.0,-74.0,-257.0,1434.0,52.0,-446.0,0
-75.0,-109.0,-249.0,108.0,162.0,-313.0,0
-71.0,-165.0,-209.0,-1268.0,312.0,-179.0,0
-52.0,-226.0,-151.0,-2508.0,446.0,-40.0,0
-29.0,-281.0,-86.0,-3494.0,538.0,60.0,0
-5.0,-361.0,-27.0,-4161.0,616.0,116.0,0
15.0,-434.0,16.0,-4514.0,712.0,149.0,0
41.0,-515.0,54.0,-4577.0,837.0,183.0,0
63.0,-595.0,64.0,-4397.0,975.0,239.0,0
76.0,-667.0,61.0,-4048.0,1087.0,320.0,0
108.0,-712.0,54.0,-3582.0,1146.0,382.0,0
130.0,-737.0,44.0,-2988.0,1138.0,360.0,0
139.0,-727.0,27.0,-2262.0,1085.0,238.0,0
140.0,-703.0,10.0,-1425.0,1010.0,61.0,0
134.0,-656.0,1.0,-508.0,928.0,-121.0,0
127.0,-598.0,-8.0,440.0,845.0,-280.0,0
121.0,-541.0,-15.0,1339.0,770.0,-392.0,0
109.0,-473.0,-17.0,2130.0,706.0,-467.0,0
100.0,-404.0,-24.0,2749.0,656.0,-528.0,0
92.0,-335.0,-40.0,3165.0,625.0,-599.0,0
84.0,-274.0,-53.0,3367.0,608.0,-686.0,0
69.0,-216.0,-65.0,3383.0,595.0,-780.0,0
58.0,-168.0,-77.0,3256.0,576.0,-866.0,0
34.0,-131.0,-87.0,3024.0,551.0,-931.0,0
8.0,-102.0,-93.0,2741.0,530.0,-967.0,0
-6.0,-89.0,-85.0,2440.0,505.0,-970.0,0
-24.0,-75.0,-75.0,2141.0,490.0,-943.0,0
-27.0,-68.0,-60.0,1862.0,494.0,-917.0,0
-30.0,-60.0,-39.0,1613.0,540.0,-884.0,0
-27.0,-52.0,-25.0,1410.0,648.0,-851.0,0
-34.0,-44.0,-10.0,1271.0,794.0,-815.0,0
-45.0,-27.0,0.0,1201.0,936.0,-779.0,0
-51.0,-11.0,12.0,1199.0,1027.0,-749.0,0
-51.0,7.0,9.0,1254.0,1045.0,-721.0,0
-56.0,28.0,11.0,1338.0,990.0,-685.0,0
-64.0,47.0,0.0,1415.0,865.0,-621.0,0
-67.0,63.0,-17.0,1450.0,683.0,-516.0,0
-76.0,77.0,-37.0,1435.0,456.0,-377.0,0
-84.0,90.0,-59.0,1365.0,202.0,-211.0,0
-90.0,96.0,-80.0,1243.0,-52.0,-26.0,0
-94.0,99.0,-101.0,1078.0,-281.0,167.0,0
-102.0,94.0,-112.0,894.0,-461.0,359.0,0
-108.0,84.0,-118.0,714.0,-585.0,541.0,0
-93.0,59.0,-123.0,543.0,-654.0,699.0,0
-81.0,21.0,-116.0,377.0,-677.0,794.0,0
-79.0,-13.0,-114.0,223.0,-668.0,835.0,0
-81.0,-56.0,-118.0,95.0,-627.0,824.0,0
-91.0,-74.0,-124.0,22.0,-563.0,784.0,0
-74.0,-98.0,-106.0,-5.0,-487.0,734.0,0
-25.0,-101.0,-98.0,-18.0,-398.0,682.0,0
76.0,-113.0,-119.0,-38.0,-270.0,631.0,0
136.0,-126.0,-148.0,-20.0,-62.0,554.0,0
180.0,-133.0,-192.0,63.0,135.0,403.0,0
208.0,-150.0,-243.0,168.0,199.0,185.0,0
198.0,-179.0,-275.0,229.0,103.0,-49.0,0
148.0,-213.0,-270.0,171.0,-54.0,-247.0,0
122.0,-268.0,-249.0,-30.0,-98.0,-404.0,0
137.0,-327.0,-254.0,-383.0,28.0,-585.0,0
180.0,-393.0,-291.0,-949.0,323.0,-814.0,0
200.0,-454.0,-354.0,-1788.0,761.0,-1084.0,0
177.0,-508.0,-393.0,-2870.0,1304.0,-1364.0,0
117.0,-557.0,-398.0,-3985.0,1901.0,-1613.0,0
33.0,-611.0,-359.0,-4878.0,2462.0,-1802.0,0
-34.0,-662.0,-276.0,-5399.0,2839.0,-1852.0,0
-63.0,-717.0,-151.0,-5468.0,2884.0,-1670.0,0
-46.0,-777.0,-17.0,-5040.0,2585.0,-1264.0,0
-45.0,-845.0,90.0,-4050.0,2093.0,-793.0,0
-65.0,-888.0,129.0,-2598.0,1636.0,-406.0,0
-76.0,-878.0,97.0,-975.0,1373.0,-144.0,0
-78.0,-809.0,69.0,568.0,1289.0,5.0,0
-87.0,-714.0,39.0,1960.0,1268.0,68.0,0
-96.0,-607.0,18.0,3162.0,1228.0,99.0,0
-110.0,-502.0,3.0,4139.0,1130.0,118.0,0
-121.0,-393.0,-15.0,4846.0,951.0,146.0,0
-117.0,-302.0,-36.0,5238.0,699.0,176.0,0
-106.0,-220.0,-63.0,5288.0,416.0,207.0,0
-91.0,-169.0,-103.0,4988.0,147.0,272.0,0
-63.0,-146.0,-133.0,4356.0,-67.0,407.0,0
-39.0,-140.0,-159.0,3416.0,-224.0,564.0,0
-20.0,-157.0,-160.0,2247.0,-325.0,691.0,0
-7.0,-180.0,-143.0,961.0,-377.0,764.0,0
-5.0,-207.0,-123.0,-317.0,-385.0,782.0,0
0.0,-241.0,-79.0,-1467.0,-339.0,764.0,0
6.0,-282.0,-42.0,-2394.0,-231.0,721.0,0
9.0,-329.0,0.0,-3041.0,-67.0,672.0,0
13.0,-383.0,35.0,-3341.0,134.0,631.0,0
10.0,-438.0,63.0,-3460.0,332.0,621.0,0
12.0,-486.0,83.0,-3332.0,495.0,638.0,0
13.0,-525.0,96.0,-2999.0,579.0,678.0,0
8.0,-558.0,101.0,-2502.0,615.0,719.0,0
8.0,-559.0,95.0,-1876.0,598.0,742.0,0
13.0,-545.0,95.0,-1157.0,555.0,752.0,0
17.0,-511.0,94.0,-369.0,503.0,757.0,0
16.0,-471.0,93.0,473.0,460.0,754.0,0
19.0,-431.0,89.0,1322.0,427.0,755.0,0
23.0,-384.0,73.0,2119.0,409.0,752.0,0
21.0,-336.0,64.0,2802.0,404.0,747.0,0
29.0,-286.0,52.0,3321.0,411.0,742.0,0
32.0,-239.0,39.0,3659.0,422.0,740.0,0
40.0,-183.0,21.0,3813.0,442.0,746.0,0
50.0,-134.0,3.0,3785.0,470.0,760.0,0
60.0,-99.0,-16.0,3589.0,512.0,766.0,0
64.0,-66.0,-33.0,3239.0,563.0,748.0,0
69.0,-42.0,-56.0,2762.0,618.0,713.0,0
74.0,-29.0,-68.0,2195.0,666.0,664.0,0
77.0,-19.0,-80.0,1590.0,693.0,595.0,0
74.0,-10.0,-80.0,1000.0,694.0,520.0,0
76.0,-1.0,-86.0,465.0,668.0,452.0,0
74.0,2.0,-85.0,26.0,618.0,379.0,0
68.0,7.0,-84.0,-291.0,544.0,291.0,0
56.0,16.0,-80.0,-478.0,433.0,192.0,0
39.0,28.0,-80.0,-556.0,294.0,97.0,0
19.0,40.0,-84.0,-551.0,131.0,11.0,0
5.0,54.0,-85.0,-495.0,-32.0,-65.0,0
-5.0,61.0,-90.0,-427.0,-166.0,-134.0,0
-13.0,70.0,-90.0,-384.0,-246.0,-197.0,0
-24.0,78.0,-90.0,-387.0,-265.0,-241.0,0
-25.0,79.0,-87.0,-437.0,-234.0,-276.0,0
-32.0,77.0,-78.0,-516.0,-176.0,-305.0,0
-27.0,70.0,-71.0,-607.0,-113.0,-325.0,0
-23.0,59.0,-63.0,-690.0,-54.0,-340.0,0
-17.0,52.0,-57.0,-755.0,3.0,-358.0,0
-12.0,35.0,-63.0,-774.0,56.0,-372.0,0
0.0,18.0,-64.0,-747.0,105.0,-387.0,0
5.0,1.0,-73.0,-658.0,152.0,-400.0,0
8.0,-14.0,-88.0,-506.0,202.0,-406.0,0
-1.0,-35.0,-112.0,-283.0,251.0,-402.0,0
-11.0,-55.0,-127.0,-5.0,291.0,-388.0,0
-19.0,-74.0,-128.0,314.0,320.0,-358.0,0
-24.0,-100.0,-122.0,645.0,368.0,-306.0,0
-21.0,-131.0,-108.0,960.0,484.0,-224.0,0
-51.0,-171.0,-103.0,1242.0,673.0,-94.0,0
-84.0,-217.0,-106.0,1465.0,832.0,127.0,0
-81.0,-264.0,-137.0,1572.0,864.0,426.0,0
-31.0,-326.0,-199.0,1502.0,757.0,762.0,0
36.0,-370.0,-234.0,1234.0,591.0,1069.0,0
91.0,-393.0,-238.0,789.0,506.0,1277.0,0
141.0,-414.0,-195.0,77.0,583.0,1353.0,0
170.0,-475.0,-234.0,-949.0,758.0,1295.0,0
195.0,-610.0,-339.0,-2372.0,981.0,1198.0,0
188.0,-738.0,-407.0,-4207.0,1165.0,1316.0,0
125.0,-832.0,-371.0,-6019.0,1230.0,1707.0,0
6.0,-829.0,-238.0,-7124.0,1078.0,2181.0,0
-84.0,-769.0,-71.0,-6897.0,721.0,2420.0,0
-123.0,-732.0,28.0,-5181.0,299.0,2223.0,0
-111.0,-714.0,50.0,-2560.0,-44.0,1686.0,0
-72.0,-705.0,23.0,90.0,-250.0,1134.0,0
-32.0,-663.0,0.0,2148.0,-341.0,712.0,0
-4.0,-593.0,-23.0,3440.0,-323.0,382.0,0
11.0,-502.0,-24.0,4061.0,-177.0,133.0,0
-1.0,-411.0,-24.0,4240.0,68.0,-12.0,0
-24.0,-357.0,-27.0,4188.0,300.0,-53.0,0
-45.0,-328.0,-37.0,3997.0,470.0,-97.0,0
-59.0,-295.0,-41.0,3693.0,624.0,-290.0,0
-82.0,-256.0,-40.0,3215.0,758.0,-639.0,0
-112.0,-229.0,-29.0,2511.0,915.0,-955.0,0
-133.0,-224.0,-10.0,1595.0,1039.0,-1074.0,0
-137.0,-239.0,18.0,541.0,1133.0,-1027.0,0
-115.0,-279.0,52.0,-502.0,1188.0,-823.0,0
-76.0,-332.0,73.0,-1382.0,1173.0,-598.0,0
-45.0,-388.0,92.0,-2047.0,1089.0,-455.0,0
-25.0,-444.0,103.0,-2520.0,982.0,-377.0,0
3.0,-488.0,98.0,-2816.0,885.0,-312.0,0
45.0,-518.0,104.0,-2968.0,808.0,-223.0,0
91.0,-541.0,101.0,-2977.0,741.0,-111.0,0
136.0,-544.0,100.0,-2830.0,688.0,-5.0,0
165.0,-544.0,89.0,-2510.0,668.0,62.0,0
175.0,-533.0,80.0,-2051.0,693.0,87.0,0
177.0,-514.0,72.0,-1512.0,726.0,66.0,0
162.0,-494.0,60.0,-923.0,753.0,-6.0,0
150.0,-464.0,42.0,-333.0,780.0,-117.0,0
140.0,-437.0,22.0,203.0,802.0,-222.0,0
130.0,-406.0,11.0,666.0,808.0,-312.0,0
119.0,-377.0,-5.0,1045.0,788.0,-374.0,0
105.0,-341.0,-9.0,1340.0,759.0,-420.0,0
92.0,-309.0,-13.0,1582.0,723.0,-472.0,0
71.0,-270.0,-17.0,1796.0,686.0,-546.0,0
52.0,-234.0,-14.0,1980.0,658.0,-630.0,0
26.0,-202.0,-24.0,2127.0,643.0,-699.0,0
5.0,-166.0,-25.0,2210.0,645.0,-754.0,0
-9.0,-124.0,-35.0,2232.0,656.0,-800.0,0
-18.0,-92.0,-46.0,2175.0,679.0,-837.0,0
-29.0,-60.0,-46.0,2022.0,720.0,-847.0,0
-37.0,-33.0,-55.0,1782.0,773.0,-819.0,0
-32.0,-13.0,-59.0,1465.0,839.0,-756.0,0
-29.0,10.0,-56.0,1102.0,904.0,-685.0,0
-25.0,20.0,-43.0,732.0,956.0,-618.0,0
-17.0,43.0,-45.0,383.0,980.0,-550.0,0
-15.0,61.0,-40.0,82.0,962.0,-486.0,0
-21.0,73.0,-36.0,-162.0,898.0,-418.0,0
-24.0,83.0,-37.0,-345.0,793.0,-341.0,0
-31.0,89.0,-39.0,-470.0,656.0,-252.0,0
-36.0,89.0,-46.0,-545.0,506.0,-149.0,0
-41.0,86.0,-48.0,-579.0,360.0,-28.0,0
-51.0,86.0,-51.0,-556.0,231.0,103.0,0
-49.0,84.0,-61.0,-481.0,121.0,246.0,0
-29.0,67.0,-64.0,-371.0,21.0,390.0,0
-15.0,51.0,-71.0,-274.0,-84.0,497.0,0
-11.0,37.0,-85.0,-214.0,-187.0,556.0,0
-3.0,17.0,-84.0,-194.0,-267.0,577.0,0
-6.0,1.0,-102.0,-206.0,-308.0,568.0,0
-17.0,-17.0,-114.0,-237.0,-307.0,531.0,0
-18.0,-33.0,-129.0,-280.0,-271.0,477.0,0
-1.0,-46.0,-135.0,-333.0,-201.0,419.0,0
36.0,-59.0,-128.0,-361.0,-85.0,363.0,0
84.0,-73.0,-123.0,-335.0,95.0,298.0,0
129.0,-93.0,-119.0,-252.0,318.0,209.0,0
160.0,-112.0,-133.0,-145.0,546.0,93.0,0
175.0,-125.0,-162.0,-79.0,715.0,-50.0,0
168.0,-136.0,-202.0,-123.0,787.0,-212.0,0
128.0,-142.0,-243.0,-309.0,781.0,-365.0,0
79.0,-168.0,-267.0,-635.0,759.0,-486.0,0
52.0,-215.0,-288.0,-1085.0,788.0,-578.0,0
55.0,-281.0,-301.0,-1630.0,892.0,-686.0,0
67.0,-355.0,-319.0,-2237.0,1071.0,-828.0,0
80.0,-422.0,-328.0,-2889.0,1295.0,-978.0,0
85.0,-489.0,-334.0,-3606.0,1491.0,-1119.0,0
65.0,-563.0,-353.0,-4235.0,1590.0,-1239.0,0
19.0,-639.0,-382.0,-5114.0,1626.0,-1298.0,0
-48.0,-699.0,-360.0,-6021.0,1665.0,-1210.0,0
-116.0,-741.0,-276.0,-6659.0,1675.0,-914.0,0
-160.0,-815.0,-172.0,-6655.0,1585.0,-418.0,0
-168.0,-895.0,-87.0,-5874.0,1307.0,106.0,0
-166.0,-960.0,-41.0,-4433.0,949.0,464.0,0
-158.0,-973.0,-18.0,-2675.0,723.0,605.0,0
-130.0,-901.0,-11.0,-892.0,699.0,652.0,0
-116.0,-762.0,-17.0,785.0,784.0,602.0,0
-114.0,-645.0,-33.0,2292.0,835.0,484.0,0
-98.0,-525.0,-77.0,3533.0,800.0,358.0,0
-88.0,-424.0,-80.0,4425.0,703.0,244.0,0
-70.0,-317.0,-92.0,4928.0,588.0,133.0,0
-55.0,-221.0,-96.0,5032.0,481.0,34.0,0
-42.0,-143.0,-113.0,4754.0,378.0,-10.0,0
-26.0,-96.0,-127.0,4135.0,250.0,34.0,0
-20.0,-90.0,-133.0,3254.0,95.0,161.0,0
-2.0,-116.0,-138.0,2198.0,-74.0,342.0,0
8.0,-164.0,-138.0,1049.0,-258.0,507.0,0
9.0,-219.0,-126.0,-144.0,-426.0,623.0,0
19.0,-278.0,-102.0,-1286.0,-532.0,712.0,0
34.0,-341.0,-74.0,-2266.0,-555.0,777.0,0
49.0,-400.0,-47.0,-3010.0,-505.0,811.0,0
60.0,-456.0,-12.0,-3469.0,-402.0,818.0,0
62.0,-509.0,15.0,-3603.0,-273.0,800.0,0
61.0,-549.0,43.0,-3419.0,-146.0,777.0,0
50.0,-577.0,60.0,-2947.0,-56.0,749.0,0
39.0,-589.0,62.0,-2245.0,-5.0,724.0,0
28.0,-586.0,64.0,-1372.0,22.0,703.0,0
23.0,-564.0,60.0,-407.0,36.0,683.0,0
25.0,-529.0,49.0,557.0,64.0,656.0,0
27.0,-484.0,35.0,1443.0,125.0,611.0,0
30.0,-438.0,32.0,2197.0,227.0,555.0,0
33.0,-378.0,25.0,2800.0,361.0,494.0,0
49.0,-315.0,20.0,3249.0,515.0,436.0,0
47.0,-253.0,16.0,3549.0,672.0,374.0,0
56.0,-192.0,0.0,3698.0,827.0,305.0,0
68.0,-132.0,-11.0,3695.0,973.0,253.0,0
82.0,-86.0,-29.0,3558.0,1095.0,231.0,0
82.0,-40.0,-49.0,3293.0,1189.0,230.0,0
87.0,-8.0,-72.0,2903.0,1222.0,234.0,0
84.0,15.0,-91.0,2411.0,1176.0,232.0,0
80.0,24.0,-113.0,1871.0,1057.0,223.0,0
70.0,31.0,-122.0,1340.0,876.0,207.0,0
62.0,36.0,-122.0,870.0,666.0,183.0,0
48.0,44.0,-129.0,495.0,450.0,147.0,0
33.0,46.0,-124.0,228.0,247.0,106.0,0
26.0,50.0,-121.0,65.0,74.0,52.0,0
20.0,59.0,-115.0,-23.0,-54.0,-15.0,0
15.0,64.0,-98.0,-51.0,-124.0,-113.0,0
9.0,70.0,-81.0,-41.0,-141.0,-244.0,0
1.0,80.0,-65.0,-10.0,-119.0,-394.0,0
-19.0,87.0,-57.0,41.0,-68.0,-538.0,0
-27.0,79.0,-52.0,98.0,0.0,-653.0,0
-27.0,66.0,-61.0,138.0,78.0,-755.0,0
-22.0,53.0,-70.0,169.0,154.0,-839.0,0
-7.0,29.0,-81.0,182.0,232.0,-905.0,0
3.0,4.0,-104.0,187.0,317.0,-958.0,0
6.0,-20.0,-123.0,192.0,395.0,-1007.0,0
-1.0,-43.0,-141.0,227.0,452.0,-1041.0,0
-16.0,-65.0,-140.0,297.0,485.0,-1062.0,0
-36.0,-83.0,-131.0,383.0,492.0,-1048.0,0
-58.0,-111.0,-132.0,447.0,484.0,-984.0,0
-59.0,-147.0,-139.0,455.0,462.0,-857.0,0
-57.0,-182.0,-160.0,393.0,417.0,-680.0,0
-59.0,-215.0,-185.0,277.0,328.0,-446.0,0
-48.0,-256.0,-200.0,124.0,202.0,-174.0,0
-29.0,-310.0,-222.0,-59.0,99.0,119.0,0
-12.0,-359.0,-239.0,-295.0,84.0,437.0,0
-17.0,-398.0,-238.0,-575.0,202.0,784.0,0
-28.0,-434.0,-227.0,-799.0,452.0,1161.0,0
-20.0,-471.0,-242.0,-1078.0,756.0,1556.0,0
6.0,-518.0,-285.0,-1447.0,983.0,1877.0,0
41.0,-577.0,-347.0,-1996.0,1063.0,2009.0,0
53.0,-637.0,-393.0,-2713.0,1069.0,1875.0,0
28.0,-705.0,-380.0,-3466.0,1086.0,1523.0,0
-11.0,-721.0,-267.0,-3992.0,1152.0,1168.0,0
-35.0,-704.0,-142.0,-3956.0,1158.0,761.0,0
-39.0,-677.0,-35.0,-3266.0,1052.0,466.0,0
-38.0,-638.0,12.0,-2101.0,918.0,277.0,0
-27.0,-601.0,21.0,-750.0,841.0,144.0,0
-23.0,-551.0,-4.0,516.0,834.0,7.0,0
-26.0,-500.0,-32.0,1539.0,856.0,-142.0,0
-32.0,-434.0,-65.0,2284.0,874.0,-280.0,0
-43.0,-366.0,-84.0,2800.0,874.0,-392.0,0
-44.0,-299.0,-93.0,3146.0,876.0,-474.0,0
-46.0,-247.0,-106.0,3335.0,877.0,-531.0,0
-37.0,-205.0,-120.0,3328.0,866.0,-563.0,0
-29.0,-196.0,-141.0,3082.0,853.0,-581.0,0
-27.0,-198.0,-148.0,2591.0,850.0,-588.0,0
-32.0,-216.0,-132.0,1892.0,861.0,-572.0,0
-39.0,-244.0,-108.0,1052.0,889.0,-490.0,0
-36.0,-283.0,-65.0,147.0,946.0,-333.0,0
-18.0,-330.0,-11.0,-730.0,1022.0,-152.0,0
0.0,-381.0,36.0,-1501.0,1099.0,-17.0,0
15.0,-435.0,70.0,-2103.0,1173.0,38.0,0
29.0,-477.0,94.0,-2511.0,1244.0,28.0,0
46.0,-518.0,94.0,-2720.0,1307.0,-13.0,0
63.0,-544.0,75.0,-2753.0,1357.0,-57.0,0
78.0,-555.0,59.0,-2633.0,1382.0,-92.0,0
94.0,-547.0,36.0,-2340.0,1373.0,-137.0,0
102.0,-526.0,27.0,-1864.0,1326.0,-193.0,0
91.0,-504.0,11.0,-1227.0,1239.0,-272.0,0
75.0,-472.0,11.0,-500.0,1127.0,-356.0,0
66.0,-443.0,3.0,257.0,995.0,-426.0,0
49.0,-406.0,11.0,985.0,854.0,-484.0,0
38.0,-375.0,9.0,1653.0,701.0,-535.0,0
25.0,-345.0,15.0,2244.0,548.0,-575.0,0
14.0,-312.0,22.0,2745.0,410.0,-612.0,0
4.0,-276.0,24.0,3152.0,304.0,-641.0,0
0.0,-244.0,32.0,3474.0,236.0,-648.0,0
-7.0,-207.0,41.0,3717.0,198.0,-655.0,0
-15.0,-172.0,36.0,3880.0,180.0,-693.0,0
-20.0,-132.0,31.0,3962.0,179.0,-775.0,0
-28.0,-100.0,16.0,3928.0,204.0,-877.0,0
-32.0,-66.0,0.0,3760.0,257.0,-967.0,0
-23.0,-36.0,-13.0,3472.0,343.0,-1038.0,0
-30.0,-1.0,-35.0,3081.0,460.0,-1088.0,0
-22.0,26.0,-48.0,2614.0,603.0,-1097.0,0
-16.0,50.0,-53.0,2120.0,748.0,-1079.0,0
-8.0,67.0,-55.0,1642.0,877.0,-1038.0,0
-4.0,83.0,-57.0,1202.0,964.0,-973.0,0
-10.0,91.0,-55.0,805.0,989.0,-892.0,0
-9.0,93.0,-55.0,451.0,950.0,-781.0,0
-6.0,94.0,-50.0,152.0,863.0,-637.0,0
1.0,81.0,-51.0,-92.0,751.0,-464.0,0
4.0,68.0,-55.0,-291.0,627.0,-272.0,0
10.0,54.0,-55.0,-450.0,505.0,-77.0,0
21.0,39.0,-58.0,-575.0,385.0,101.0,0
21.0,25.0,-64.0,-674.0,260.0,241.0,0
19.0,10.0,-73.0,-752.0,131.0,350.0,0
5.0,0.0,-86.0,-800.0,0.0,433.0,0
-5.0,-17.0,-95.0,-814.0,-142.0,510.0,0
-14.0,-26.0,-93.0,-804.0,-295.0,577.0,0
-1.0,-42.0,-93.0,-779.0,-452.0,634.0,0
15.0,-63.0,-100.0,-723.0,-592.0,670.0,0
31.0,-90.0,-104.0,-606.0,-683.0,666.0,0
42.0,-120.0,-117.0,-434.0,-708.0,618.0,0
62.0,-150.0,-137.0,-276.0,-667.0,532.0,0
106.0,-187.0,-180.0,-94.0,-536.0,414.0,0
141.0,-221.0,-205.0,34.0,-267.0,267.0,0
144.0,-251.0,-212.0,87.0,132.0,87.0,0
119.0,-278.0,-193.0,52.0,479.0,-146.0,0
83.0,-306.0,-168.0,-110.0,870.0,-462.0,0
47.0,-321.0,-159.0,-417.0,1171.0,-847.0,0
3.0,-341.0,-177.0,-881.0,1434.0,-1155.0,0
-5.0,-365.0,-193.0,-1482.0,1728.0,-1479.0,0
-6.0,-396.0,-199.0,-2182.0,2045.0,-1716.0,0
-7.0,-436.0,-187.0,-2897.0,2293.0,-1875.0,0
-4.0,-483.0,-171.0,-3532.0,2349.0,-1968.0,0
-13.0,-524.0,-157.0,-4029.0,2157.0,-1993.0,0
-34.0,-577.0,-130.0,-4371.0,1783.0,-1951.0,0
-59.0,-626.0,-101.0,-4534.0,1346.0,-1826.0,0
-54.0,-674.0,-76.0,-4483.0,991.0,-1577.0,0
-43.0,-720.0,-52.0,-4192.0,815.0,-1210.0,0
-50.0,-753.0,-25.0,-3624.0,830.0,-843.0,0
-73.0,-762.0,4.0,-2758.0,958.0,-550.0,0
-82.0,-739.0,9.0,-1641.0,1061.0,-288.0,0
-65.0,-689.0,5.0,-406.0,1038.0,-10.0,0
-40.0,-621.0,-10.0,812.0,870.0,286.0,0
-18.0,-545.0,-32.0,1896.0,636.0,564.0,0
-4.0,-477.0,-49.0,2755.0,416.0,799.0,0
11.0,-414.0,-62.0,3360.0,267.0,987.0,0
22.0,-371.0,-64.0,3705.0,183.0,1130.0,0
24.0,-335.0,-68.0,3815.0,129.0,1218.0,0
27.0,-315.0,-63.0,3699.0,77.0,1256.0,0
18.0,-295.0,-49.0,3379.0,21.0,1235.0,0
9.0,-277.0,-31.0,2877.0,-38.0,1144.0,0
1.0,-261.0,-11.0,2224.0,-80.0,1005.0,0
-4.0,-256.0,15.0,1493.0,-80.0,850.0,0
-4.0,-256.0,42.0,761.0,-27.0,703.0,0
-5.0,-265.0,58.0,94.0,78.0,561.0,0
0.0,-286.0,73.0,-465.0,227.0,443.0,0
8.0,-307.0,91.0,-887.0,391.0,352.0,0
9.0,-317.0,103.0,-1156.0,541.0,289.0,0
12.0,-329.0,115.0,-1272.0,646.0,258.0,0
14.0,-334.0,123.0,-1242.0,690.0,252.0,0
15.0,-329.0,125.0,-1080.0,673.0,264.0,0
20.0,-326.0,124.0,-807.0,608.0,286.0,0
23.0,-315.0,122.0,-458.0,512.0,316.0,0
26.0,-297.0,103.0,-65.0,414.0,351.0,0
29.0,-282.0,90.0,346.0,323.0,396.0,0
30.0,-261.0,69.0,735.0,246.0,454.0,0
29.0,-241.0,51.0,1063.0,174.0,533.0,0
31.0,-220.0,24.0,1308.0,108.0,625.0,0
42.0,-193.0,2.0,1467.0,43.0,733.0,0
55.0,-173.0,-16.0,1551.0,-36.0,838.0,0
62.0,-153.0,-34.0,1565.0,-123.0,916.0,0
72.0,-129.0,-45.0,1524.0,-196.0,946.0,0
75.0,-109.0,-67.0,1426.0,-245.0,931.0,0
66.0,-71.0,-75.0,1285.0,-278.0,873.0,0
59.0,-42.0,-78.0,1120.0,-321.0,777.0,0
40.0,-5.0,-82.0,957.0,-377.0,662.0,0
40.0,16.0,-84.0,817.0,-426.0,537.0,0
33.0,51.0,-83.0,693.0,-448.0,402.0,0
22.0,80.0,-80.0,570.0,-426.0,247.0,0
14.0,103.0,-88.0,413.0,-336.0,88.0,0
5.0,119.0,-76.0,199.0,-182.0,-74.0,0
6.0,122.0,-72.0,-72.0,3.0,-242.0,0
7.0,125.0,-64.0,-387.0,179.0,-415.0,0
8.0,114.0,-49.0,-712.0,319.0,-577.0,0
18.0,91.0,-44.0,-1010.0,402.0,-722.0,0
22.0,65.0,-41.0,-1246.0,417.0,-839.0,0
24.0,33.0,-47.0,-1396.0,388.0,-920.0,0
31.0,3.0,-59.0,-1444.0,349.0,-964.0,0
36.0,-35.0,-78.0,-1385.0,322.0,-994.0,0
32.0,-61.0,-99.0,-1212.0,311.0,-1030.0,0
18.0,-89.0,-98.0,-1000.0,312.0,-1069.0,0
1.0,-112.0,-86.0,-665.0,327.0,-1087.0,0
-4.0,-130.0,-74.0,-286.0,375.0,-1067.0,0
0.0,-162.0,-80.0,114.0,446.0,-996.0,0
-20.0,-194.0,-99.0,493.0,558.0,-872.0,0
-53.0,-227.0,-127.0,770.0,657.0,-673.0,0
-64.0,-266.0,-154.0,874.0,709.0,-450.0,0
-33.0,-307.0,-179.0,773.0,747.0,-105.0,0
12.0,-342.0,-189.0,493.0,822.0,237.0,0
71.0,-376.0,-187.0,57.0,970.0,500.0,0
119.0,-406.0,-183.0,-582.0,1194.0,673.0,0
141.0,-461.0,-212.0,-1440.0,1460.0,804.0,0
154.0,-564.0,-302.0,-2510.0,1752.0,943.0,0
148.0,-665.0,-391.0,-3806.0,2047.0,1175.0,0
96.0,-718.0,-452.0,-5159.0,2241.0,1434.0,0
-27.0,-723.0,-412.0,-6199.0,2195.0,1564.0,0
-146.0,-699.0,-281.0,-6393.0,1844.0,1540.0,0
-205.0,-676.0,-156.0,-5433.0,1252.0,1380.0,0
-220.0,-668.0,-57.0,-3610.0,621.0,1132.0,0
-177.0,-670.0,10.0,-1501.0,205.0,941.0,0
-115.0,-663.0,64.0,423.0,79.0,799.0,0
-78.0,-631.0,86.0,1911.0,178.0,613.0,0
-78.0,-577.0,88.0,2920.0,383.0,388.0,0
-77.0,-515.0,77.0,3507.0,558.0,155.0,0
-80.0,-435.0,66.0,3789.0,641.0,-63.0,0
-84.0,-354.0,51.0,3915.0,666.0,-282.0,0
-83.0,-276.0,41.0,3981.0,688.0,-535.0,0
-89.0,-218.0,2.0,3971.0,721.0,-827.0,0
-86.0,-160.0,-56.0,3770.0,743.0,-1104.0,0
-91.0,-144.0,-90.0,3290.0,731.0,-1306.0,0
-97.0,-132.0,-118.0,2519.0,667.0,-1390.0,0
-90.0,-137.0,-134.0,1498.0,563.0,-1341.0,0
-70.0,-161.0,-122.0,310.0,447.0,-1165.0,0
-26.0,-200.0,-98.0,-919.0,371.0,-916.0,0
33.0,-245.0,-61.0,-2074.0,341.0,-668.0,0
79.0,-289.0,-21.0,-3054.0,353.0,-485.0,0
118.0,-337.0,13.0,-3800.0,386.0,-361.0,0
145.0,-393.0,35.0,-4294.0,421.0,-237.0,0
167.0,-457.0,49.0,-4511.0,425.0,-91.0,0
189.0,-509.0,61.0,-4433.0,407.0,86.0,0
194.0,-540.0,66.0,-4065.0,386.0,248.0,0
187.0,-550.0,79.0,-3441.0,378.0,348.0,0
169.0,-539.0,85.0,-2627.0,401.0,369.0,0
141.0,-512.0,83.0,-1699.0,445.0,307.0,0
118.0,-479.0,72.0,-706.0,472.0,168.0,0
101.0,-439.0,61.0,297.0,447.0,-22.0,0
74.0,-393.0,41.0,1253.0,359.0,-236.0,0
61.0,-350.0,17.0,2106.0,229.0,-445.0,0
52.0,-302.0,2.0,2835.0,81.0,-640.0,0
41.0,-251.0,-22.0,3420.0,-56.0,-825.0,0
28.0,-197.0,-43.0,3829.0,-156.0,-1001.0,0
9.0,-151.0,-58.0,4038.0,-208.0,-1143.0,0
-6.0,-110.0,-78.0,4026.0,-202.0,-1231.0,0
-13.0,-73.0,-98.0,3790.0,-134.0,-1268.0,0
-23.0,-38.0,-110.0,3347.0,-17.0,-1276.0,0
-27.0,-12.0,-115.0,2753.0,136.0,-1253.0,0
-30.0,9.0,-107.0,2078.0,301.0,-1212.0,0
-36.0,36.0,-90.0,1426.0,470.0,-1168.0,0
-37.0,55.0,-64.0,879.0,624.0,-1128.0,0
-46.0,67.0,-45.0,472.0,741.0,-1080.0,0
-48.0,71.0,-31.0,198.0,799.0,-1005.0,0
-56.0,73.0,-13.0,20.0,795.0,-882.0,0
-61.0,72.0,-12.0,-91.0,733.0,-713.0,0
-64.0,67.0,-3.0,-140.0,629.0,-521.0,0
-69.0,59.0,-12.0,-143.0,488.0,-321.0,0
-70.0,51.0,-19.0,-126.0,327.0,-123.0,0
-76.0,38.0,-31.0,-102.0,172.0,71.0,0
-80.0,23.0,-54.0,-79.0,36.0,262.0,0
-74.0,3.0,-67.0,-58.0,-88.0,427.0,0
-75.0,-13.0,-86.0,-39.0,-211.0,529.0,0
-78.0,-28.0,-104.0,-13.0,-310.0,590.0,0
-65.0,-43.0,-108.0,23.0,-412.0,641.0,0
-39.0,-61.0,-103.0,76.0,-473.0,682.0,0
0.0,-79.0,-100.0,147.0,-476.0,688.0,0
40.0,-108.0,-96.0,233.0,-416.0,646.0,0
62.0,-130.0,-113.0,308.0,-304.0,551.0,0
82.0,-148.0,-140.0,337.0,-171.0,424.0,0
104.0,-165.0,-167.0,283.0,-24.0,278.0,0
112.0,-178.0,-186.0,139.0,161.0,120.0,0
90.0,-201.0,-191.0,-80.0,405.0,-54.0,0
48.0,-235.0,-200.0,-391.0,695.0,-252.0,0
15.0,-287.0,-211.0,-888.0,992.0,-492.0,0
9.0,-369.0,-229.0,-1636.0,1236.0,-780.0,0
32.0,-445.0,-250.0,-2575.0,1359.0,-1111.0,0
47.0,-507.0,-264.0,-3550.0,1301.0,-1420.0,0
55.0,-568.0,-287.0,-4420.0,1087.0,-1618.0,0
50.0,-621.0,-294.0,-5109.0,846.0,-1671.0,0
7.0,-663.0,-261.0,-5538.0,680.0,-1560.0,0
-22.0,-712.0,-197.0,-5611.0,595.0,-1252.0,0
-32.0,-772.0,-115.0,-5195.0,497.0,-798.0,0
-53.0,-826.0,-47.0,-4298.0,341.0,-390.0,0
-79.0,-844.0,-4.0,-3025.0,198.0,-148.0,0
-94.0,-815.0,14.0,-1574.0,133.0,-47.0,0
-103.0,-742.0,8.0,-119.0,139.0,-13.0,0
-97.0,-644.0,-5.0,1203.0,173.0,22.0,0
-85.0,-541.0,-21.0,2304.0,210.0,66.0,0
-69.0,-436.0,-38.0,3119.0,246.0,109.0,0
-55.0,-335.0,-54.0,3606.0,248.0,159.0,0
-43.0,-250.0,-78.0,3710.0,190.0,235.0,0
-25.0,-183.0,-94.0,3393.0,73.0,342.0,0
-10.0,-148.0,-107.0,2721.0,-87.0,476.0,0
-2.0,-154.0,-109.0,1810.0,-268.0,607.0,0
-9.0,-196.0,-96.0,813.0,-463.0,716.0,0
-26.0,-254.0,-69.0,-157.0,-656.0,765.0,0
-19.0,-321.0,-44.0,-993.0,-841.0,755.0,0
-4.0,-381.0,-15.0,-1629.0,-984.0,690.0,0
17.0,-438.0,5.0,-2038.0,-1046.0,588.0,0
43.0,-474.0,24.0,-2203.0,-1007.0,473.0,0
60.0,-511.0,32.0,-2134.0,-875.0,386.0,0
67.0,-531.0,45.0,-1867.0,-678.0,346.0,0
60.0,-541.0,55.0,-1447.0,-479.0,368.0,0
53.0,-535.0,71.0,-929.0,-318.0,404.0,0
38.0,-519.0,86.0,-341.0,-218.0,447.0,0
23.0,-487.0,102.0,282.0,-169.0,506.0,0
14.0,-443.0,110.0,900.0,-157.0,557.0,0
2.0,-395.0,106.0,1470.0,-171.0,593.0,0
0.0,-345.0,106.0,1945.0,-183.0,626.0,0
-1.0,-287.0,89.0,2306.0,-187.0,661.0,0
3.0,-235.0,70.0,2545.0,-171.0,701.0,0
17.0,-184.0,42.0,2662.0,-136.0,747.0,0
37.0,-132.0,4.0,2648.0,-77.0,789.0,0
53.0,-106.0,-22.0,2509.0,-9.0,822.0,0
75.0,-82.0,-48.0,2259.0,56.0,840.0,0
91.0,-70.0,-65.0,1922.0,104.0,840.0,0
100.0,-68.0,-73.0,1537.0,131.0,802.0,0
102.0,-44.0,-87.0,1147.0,132.0,718.0,0
101.0,-29.0,-104.0,815.0,102.0,607.0,0
98.0,-12.0,-104.0,575.0,50.0,484.0,0
86.0,16.0,-103.0,442.0,-10.0,358.0,0
84.0,37.0,-105.0,413.0,-77.0,237.0,0
74.0,57.0,-101.0,456.0,-139.0,118.0,0
58.0,75.0,-103.0,511.0,-191.0,-8.0,0
43.0,89.0,-102.0,535.0,-242.0,-146.0,0
24.0,106.0,-101.0,524.0,-292.0,-280.0,0
2.0,106.0,-94.0,462.0,-339.0,-404.0,0
-22.0,104.0,-86.0,349.0,-378.0,-513.0,0
-31.0,86.0,-81.0,203.0,-438.0,-592.0,0
-32.0,62.0,-69.0,52.0,-510.0,-646.0,0
-28.0,44.0,-69.0,-65.0,-586.0,-686.0,0
-19.0,18.0,-72.0,-134.0,-647.0,-720.0,0
-12.0,-1.0,-73.0,-146.0,-682.0,-771.0,0
-2.0,-23.0,-96.0,-111.0,-689.0,-833.0,0
1.0,-45.0,-112.0,-41.0,-669.0,-902.0,0
0.0,-63.0,-117.0,44.0,-614.0,-969.0,0
-12.0,-72.0,-117.0,122.0,-513.0,-1019.0,0
-24.0,-91.0,-121.0,150.0,-342.0,-1024.0,0
-34.0,-110.0,-122.0,109.0,-108.0,-970.0,0
-69.0,-130.0,-125.0,16.0,153.0,-844.0,0
-111.0,-175.0,-121.0,-92.0,368.0,-637.0,0
-118.0,-228.0,-117.0,-189.0,488.0,-340.0,0
-82.0,-290.0,-121.0,-293.0,532.0,23.0,0
-40.0,-355.0,-128.0,-432.0,565.0,390.0,0
10.0,-424.0,-133.0,-689.0,658.0,742.0,0
37.0,-496.0,-143.0,-1154.0,844.0,1076.0,0
47.0,-579.0,-203.0,-1869.0,1127.0,1402.0,0
65.0,-684.0,-302.0,-2836.0,1464.0,1730.0,0
95.0,-777.0,-353.0,-3929.0,1707.0,2013.0,0
115.0,-865.0,-351.0,-4776.0,1674.0,2137.0,0
58.0,-878.0,-286.0,-4988.0,1316.0,2019.0,0
-26.0,-830.0,-182.0,-4331.0,754.0,1757.0,0
-68.0,-772.0,-90.0,-2850.0,160.0,1458.0,0
-75.0,-717.0,-27.0,-969.0,-323.0,1141.0,0
-62.0,-655.0,9.0,806.0,-601.0,850.0,0
-44.0,-597.0,27.0,2190.0,-658.0,608.0,0
-34.0,-535.0,33.0,3146.0,-546.0,368.0,0
-34.0,-450.0,27.0,3761.0,-368.0,124.0,0
-35.0,-382.0,17.0,4118.0,-215.0,-108.0,0
-35.0,-305.0,-22.0,4286.0,-95.0,-310.0,0
-49.0,-241.0,-29.0,4280.0,17.0,-478.0,0
-51.0,-174.0,-43.0,4113.0,139.0,-611.0,0
-52.0,-130.0,-64.0,3778.0,249.0,-703.0,0
-54.0,-113.0,-80.0,3282.0,322.0,-760.0,0
-65.0,-115.0,-87.0,2613.0,350.0,-784.0,0
-78.0,-132.0,-86.0,1775.0,337.0,-763.0,0
-85.0,-160.0,-65.0,819.0,299.0,-687.0,0
-76.0,-192.0,-36.0,-161.0,263.0,-555.0,0
-59.0,-238.0,3.0,-1050.0,250.0,-400.0,0
-33.0,-280.0,42.0,-1782.0,267.0,-264.0,0
-15.0,-319.0,72.0,-2330.0,307.0,-167.0,0
2.0,-364.0,96.0,-2687.0,360.0,-103.0,0
18.0,-399.0,107.0,-2871.0,407.0,-63.0,0
38.0,-431.0,106.0,-2897.0,425.0,-47.0,0
50.0,-454.0,105.0,-2784.0,400.0,-61.0,0
65.0,-473.0,92.0,-2540.0,323.0,-91.0,0
81.0,-481.0,83.0,-2188.0,204.0,-134.0,0
89.0,-486.0,67.0,-1751.0,72.0,-194.0,0
98.0,-478.0,63.0,-1251.0,-47.0,-273.0,0
98.0,-461.0,50.0,-708.0,-154.0,-373.0,0
99.0,-443.0,40.0,-143.0,-236.0,-459.0,0
94.0,-416.0,39.0,434.0,-297.0,-531.0,0
90.0,-391.0,33.0,1004.0,-351.0,-606.0,0
75.0,-353.0,31.0,1551.0,-399.0,-702.0,0
66.0,-317.0,25.0,2049.0,-434.0,-808.0,0
53.0,-273.0,23.0,2491.0,-443.0,-919.0,0
43.0,-238.0,18.0,2873.0,-425.0,-1040.0,0
38.0,-196.0,10.0,3161.0,-380.0,-1163.0,0
29.0,-154.0,0.0,3353.0,-311.0,-1265.0,0
23.0,-118.0,-4.0,3455.0,-219.0,-1330.0,0
22.0,-74.0,-15.0,3471.0,-98.0,-1355.0,0
20.0,-39.0,-26.0,3421.0,37.0,-1350.0,0
22.0,4.0,-29.0,3323.0,177.0,-1320.0,0
29.0,36.0,-34.0,3225.0,307.0,-1276.0,0
29.0,75.0,-43.0,3087.0,421.0,-1224.0,0
31.0,105.0,-51.0,2908.0,497.0,-1139.0,0
38.0,131.0,-59.0,2671.0,571.0,-1015.0,0
43.0,154.0,-69.0,2351.0,622.0,-859.0,0
42.0,170.0,-73.0,1941.0,647.0,-709.0,0
39.0,178.0,-87.0,1457.0,644.0,-497.0,0
34.0,179.0,-98.0,916.0,603.0,-270.0,0
26.0,170.0,-109.0,349.0,510.0,-38.0,0
1.0,147.0,-122.0,-181.0,366.0,176.0,0
-24.0,127.0,-127.0,-641.0,184.0,366.0,0
-50.0,100.0,-127.0,-1006.0,-28.0,543.0,0
-61.0,65.0,-123.0,-1269.0,-240.0,710.0,0
-58.0,27.0,-106.0,-1435.0,-438.0,850.0,0
-57.0,-14.0,-95.0,-1504.0,-620.0,944.0,0
-62.0,-54.0,-85.0,-1468.0,-771.0,977.0,0
-80.0,-93.0,-76.0,-1331.0,-872.0,958.0,0
-85.0,-128.0,-71.0,-1107.0,-917.0,919.0,0
-65.0,-159.0,-60.0,-844.0,-900.0,863.0,0
-13.0,-193.0,-67.0,-574.0,-787.0,777.0,0
63.0,-225.0,-88.0,-306.0,-511.0,645.0,0
106.0,-246.0,-101.0,-35.0,-51.0,468.0,0
118.0,-265.0,-117.0,202.0,461.0,253.0,0
99.0,-284.0,-119.0,342.0,839.0,-12.0,0
60.0,-312.0,-96.0,334.0,1071.0,-332.0,0
9.0,-349.0,-93.0,96.0,1272.0,-699.0,0
-26.0,-393.0,-143.0,-505.0,1591.0,-1094.0,0
-7.0,-455.0,-250.0,-1546.0,2092.0,-1481.0,0
54.0,-544.0,-317.0,-2982.0,2538.0,-1822.0,0
95.0,-639.0,-344.0,-4510.0,2639.0,-2085.0,0
91.0,-728.0,-326.0,-5726.0,2345.0,-2278.0,0
40.0,-777.0,-272.0,-6317.0,1805.0,-2403.0,0
-27.0,-792.0,-163.0,-6127.0,1209.0,-2388.0,0
-76.0,-806.0,-54.0,-5163.0,696.0,-2151.0,0
-45.0,-833.0,44.0,-3671.0,356.0,-1708.0,0
-13.0,-856.0,108.0,-1952.0,187.0,-1272.0,0
-8.0,-845.0,135.0,-275.0,156.0,-944.0,0
-19.0,-797.0,131.0,1202.0,203.0,-670.0,0
-31.0,-710.0,120.0,2408.0,274.0,-408.0,0
-29.0,-600.0,107.0,3354.0,340.0,-127.0,0
-37.0,-473.0,95.0,4091.0,369.0,170.0,0
-47.0,-340.0,87.0,4626.0,310.0,466.0,0
-66.0,-234.0,60.0,4926.0,114.0,763.0,0
-59.0,-171.0,6.0,4952.0,-149.0,994.0,0
-36.0,-142.0,-51.0,4668.0,-347.0,1093.0,0
-15.0,-123.0,-96.0,4005.0,-441.0,1110.0,0
-1.0,-110.0,-113.0,2969.0,-467.0,1104.0,0
-4.0,-107.0,-107.0,1686.0,-465.0,1100.0,0
-17.0,-123.0,-78.0,325.0,-465.0,1096.0,0
-30.0,-150.0,-35.0,-954.0,-477.0,1075.0,0
-38.0,-194.0,0.0,-2052.0,-498.0,1021.0,0
-40.0,-245.0,42.0,-2917.0,-500.0,923.0,0
-26.0,-311.0,71.0,-3518.0,-468.0,776.0,0
-11.0,-373.0,96.0,-3849.0,-395.0,605.0,0
3.0,-424.0,115.0,-3923.0,-318.0,437.0,0
22.0,-471.0,134.0,-3759.0,-269.0,327.0,0
32.0,-497.0,144.0,-3382.0,-263.0,311.0,0
38.0,-506.0,154.0,-2831.0,-303.0,381.0,0
30.0,-501.0,160.0,-2147.0,-385.0,500.0,0
22.0,-483.0,159.0,-1370.0,-487.0,646.0,0
23.0,-458.0,152.0,-534.0,-582.0,788.0,0
17.0,-420.0,155.0,300.0,-646.0,896.0,0
21.0,-389.0,121.0,1080.0,-674.0,967.0,0
28.0,-347.0,98.0,1753.0,-666.0,1008.0,0
35.0,-309.0,71.0,2286.0,-634.0,1027.0,0
48.0,-266.0,51.0,2599.0,-584.0,1046.0,0
60.0,-222.0,20.0,2845.0,-532.0,1043.0,0
67.0,-178.0,0.0,2938.0,-486.0,1026.0,0
78.0,-130.0,-17.0,2896.0,-458.0,992.0,0
72.0,-86.0,-44.0,2754.0,-428.0,942.0,0
71.0,-48.0,-57.0,2532.0,-402.0,867.0,0
64.0,-1.0,-76.0,2246.0,-373.0,778.0,0
61.0,35.0,-94.0,1911.0,-335.0,641.0,0
53.0,68.0,-120.0,1522.0,-280.0,483.0,0
40.0,103.0,-126.0,1080.0,-203.0,309.0,0
28.0,130.0,-137.0,592.0,-106.0,148.0,0
27.0,146.0,-145.0,70.0,3.0,10.0,0
24.0,156.0,-140.0,-458.0,93.0,-104.0,0
20.0,152.0,-136.0,-953.0,133.0,-204.0,0
9.0,142.0,-133.0,-1390.0,113.0,-296.0,0
1.0,124.0,-121.0,-1732.0,28.0,-364.0,0
-10.0,92.0,-123.0,-1954.0,-106.0,-395.0,0
-14.0,60.0,-115.0,-2067.0,-245.0,-390.0,0
-7.0,28.0,-107.0,-2065.0,-355.0,-363.0,0
3.0,1.0,-101.0,-1952.0,-421.0,-351.0,0
14.0,-28.0,-90.0,-1735.0,-434.0,-371.0,0
18.0,-45.0,-77.0,-1421.0,-391.0,-420.0,0
29.0,-62.0,-66.0,-1024.0,-302.0,-477.0,0
26.0,-74.0,-64.0,-570.0,-177.0,-532.0,0
31.0,-83.0,-63.0,-84.0,-35.0,-580.0,0
34.0,-94.0,-72.0,417.0,96.0,-617.0,0
28.0,-99.0,-69.0,908.0,213.0,-647.0,0
19.0,-103.0,-55.0,1341.0,328.0,-666.0,0
4.0,-109.0,-30.0,1691.0,453.0,-651.0,0
-9.0,-123.0,-6.0,1938.0,584.0,-580.0,0
-23.0,-144.0,0.0,2058.0,689.0,-442.0,0
-42.0,-160.0,-9.0,2014.0,719.0,-243.0,0
-53.0,-172.0,-40.0,1757.0,660.0,-8.0,0
-38.0,-182.0,-66.0,1274.0,576.0,261.0,0
-2.0,-199.0,-72.0,620.0,542.0,558.0,0
75.0,-270.0,-118.0,-208.0,557.0,851.0,0
153.0,-394.0,-241.0,-1405.0,528.0,1152.0,0
161.0,-518.0,-390.0,-3141.0,525.0,1504.0,0
143.0,-629.0,-414.0,-5198.0,862.0,2025.0,0
126.0,-782.0,-333.0,-7001.0,1481.0,2654.0,0
67.0,-907.0,-278.0,-8049.0,1937.0,3117.0,0
-39.0,-961.0,-170.0,-8129.0,1893.0,3126.0,0
-139.0,-944.0,-59.0,-7103.0,1378.0,2634.0,0
-179.0,-896.0,29.0,-5082.0,650.0,1871.0,0
-131.0,-843.0,79.0,-2540.0,15.0,1156.0,0
-60.0,-791.0,93.0,-150.0,-349.0,671.0,0
-17.0,-723.0,77.0,1676.0,-426.0,335.0,0
-12.0,-641.0,59.0,2874.0,-266.0,34.0,0
-29.0,-551.0,36.0,3598.0,16.0,-278.0,0
-52.0,-445.0,23.0,4046.0,299.0,-624.0,0
-75.0,-329.0,21.0,4323.0,497.0,-998.0,0
-108.0,-213.0,5.0,4498.0,568.0,-1320.0,0
-134.0,-119.0,-13.0,4518.0,507.0,-1456.0,0
-132.0,-44.0,-43.0,4249.0,371.0,-1372.0,0
-117.0,-8.0,-71.0,3627.0,243.0,-1156.0,0
-102.0,-15.0,-99.0,2651.0,201.0,-908.0,0
-70.0,-51.0,-97.0,1385.0,267.0,-659.0,0
-28.0,-117.0,-66.0,-33.0,396.0,-445.0,0
-1.0,-179.0,-24.0,-1427.0,505.0,-315.0,0
5.0,-245.0,28.0,-2643.0,564.0,-219.0,0
15.0,-312.0,74.0,-3588.0,566.0,-113.0,0
32.0,-384.0,100.0,-4212.0,505.0,-1.0,0
53.0,-452.0,116.0,-4528.0,399.0,118.0,0
75.0,-510.0,125.0,-4563.0,295.0,209.0,0
97.0,-553.0,122.0,-4340.0,229.0,260.0,0
107.0,-577.0,107.0,-3859.0,213.0,269.0,0
113.0,-583.0,94.0,-3161.0,213.0,233.0,0
109.0,-578.0,69.0,-2292.0,205.0,168.0,0
100.0,-567.0,51.0,-1327.0,178.0,76.0,0
96.0,-534.0,33.0,-355.0,126.0,-21.0,0
83.0,-497.0,20.0,573.0,52.0,-174.0,0
70.0,-450.0,6.0,1412.0,-39.0,-350.0,0
60.0,-399.0,-13.0,2097.0,-147.0,-526.0,0
49.0,-345.0,-32.0,2623.0,-257.0,-695.0,0
47.0,-299.0,-49.0,2964.0,-358.0,-855.0,0
40.0,-247.0,-67.0,3109.0,-435.0,-996.0,0
20.0,-195.0,-68.0,3069.0,-482.0,-1098.0,0
5.0,-152.0,-67.0,2890.0,-489.0,-1138.0,0
0.0,-109.0,-68.0,2619.0,-456.0,-1101.0,0
1.0,-75.0,-60.0,2299.0,-386.0,-1030.0,0
4.0,-47.0,-51.0,1969.0,-288.0,-955.0,0
13.0,-14.0,-36.0,1649.0,-167.0,-880.0,0
17.0,4.0,-13.0,1375.0,-42.0,-813.0,0
25.0,30.0,-11.0,1159.0,87.0,-752.0,0
26.0,39.0,1.0,1007.0,209.0,-689.0,0
19.0,58.0,4.0,920.0,315.0,-621.0,0
13.0,64.0,-2.0,879.0,389.0,-527.0,0
5.0,69.0,-18.0,847.0,425.0,-414.0,0
3.0,72.0,-35.0,803.0,419.0,-293.0,0
4.0,74.0,-58.0,736.0,381.0,-172.0,0
8.0,75.0,-79.0,641.0,325.0,-62.0,0
15.0,70.0,-105.0,518.0,263.0,32.0,0
13.0,66.0,-120.0,356.0,204.0,101.0,0
2.0,59.0,-141.0,171.0,153.0,155.0,0
-6.0,40.0,-151.0,-25.0,119.0,205.0,0
-22.0,9.0,-145.0,-205.0,92.0,244.0,0
-33.0,-21.0,-150.0,-354.0,68.0,261.0,0
-42.0,-50.0,-135.0,-446.0,41.0,264.0,0
-43.0,-67.0,-107.0,-464.0,13.0,258.0,0
-18.0,-89.0,-80.0,-396.0,-15.0,237.0,0
7.0,-111.0,-65.0,-245.0,-19.0,191.0,0
24.0,-129.0,-55.0,-44.0,20.0,112.0,0
31.0,-151.0,-54.0,158.0,93.0,3.0,0
32.0,-168.0,-63.0,323.0,176.0,-127.0,0
41.0,-184.0,-77.0,400.0,273.0,-275.0,0
37.0,-197.0,-94.0,364.0,419.0,-435.0,0
29.0,-213.0,-97.0,188.0,630.0,-605.0,0
14.0,-241.0,-116.0,-173.0,885.0,-802.0,0
3.0,-279.0,-134.0,-781.0,1142.0,-1033.0,0
-2.0,-333.0,-165.0,-1649.0,1339.0,-1287.0,0
-5.0,-397.0,-185.0,-2666.0,1418.0,-1528.0,0
4.0,-476.0,-199.0,-3656.0,1378.0,-1682.0,0
30.0,-570.0,-200.0,-4482.0,1262.0,-1705.0,0
56.0,-657.0,-191.0,-5038.0,1141.0,-1619.0,0
48.0,-722.0,-149.0,-5261.0,1069.0,-1430.0,0
21.0,-758.0,-67.0,-5084.0,1047.0,-1107.0,0
-4.0,-787.0,5.0,-4432.0,1000.0,-706.0,0
-28.0,-809.0,43.0,-3354.0,876.0,-353.0,0
-44.0,-806.0,54.0,-2020.0,697.0,-128.0,0
-57.0,-762.0,29.0,-607.0,530.0,-27.0,0
-62.0,-699.0,-1.0,732.0,427.0,16.0,0
-54.0,-613.0,-36.0,1894.0,405.0,59.0,0
-38.0,-524.0,-60.0,2815.0,449.0,127.0,0
-26.0,-436.0,-67.0,3442.0,526.0,219.0,0
-18.0,-352.0,-73.0,3767.0,592.0,318.0,0
-14.0,-285.0,-71.0,3781.0,607.0,397.0,0
-10.0,-222.0,-68.0,3477.0,570.0,465.0,0
-20.0,-194.0,-48.0,2876.0,480.0,532.0,0
-35.0,-200.0,-28.0,2050.0,331.0,605.0,0
-52.0,-216.0,4.0,1112.0,108.0,677.0,0
-60.0,-249.0,28.0,177.0,-158.0,738.0,0
-59.0,-296.0,53.0,-515.0,-420.0,765.0,0
-46.0,-348.0,69.0,-1262.0,-623.0,728.0,0
-25.0,-399.0,79.0,-1851.0,-720.0,628.0,0
0.0,-439.0,95.0,-2253.0,-718.0,505.0,0
23.0,-466.0,112.0,-2455.0,-634.0,407.0,0
39.0,-479.0,131.0,-2449.0,-502.0,360.0,0
36.0,-481.0,149.0,-2226.0,-370.0,363.0,0
30.0,-475.0,161.0,-1805.0,-262.0,404.0,0
21.0,-459.0,166.0,-1252.0,-200.0,488.0,0
7.0,-433.0,172.0,-621.0,-188.0,580.0,0
1.0,-402.0,165.0,31.0,-219.0,679.0,0
-12.0,-363.0,152.0,670.0,-271.0,781.0,0
-21.0,-320.0,140.0,1244.0,-338.0,878.0,0
-22.0,-276.0,125.0,1716.0,-400.0,963.0,0
-24.0,-229.0,103.0,2071.0,-459.0,1025.0,0
-20.0,-186.0,74.0,2290.0,-516.0,1077.0,0
-7.0,-144.0,45.0,2373.0,-576.0,1119.0,0
5.0,-106.0,4.0,2338.0,-629.0,1145.0,0
22.0,-72.0,-36.0,2190.0,-664.0,1157.0,0
41.0,-52.0,-74.0,1948.0,-670.0,1157.0,0
60.0,-29.0,-104.0,1628.0,-645.0,1130.0,0
76.0,-11.0,-136.0,1265.0,-587.0,1068.0,0
92.0,8.0,-156.0,885.0,-499.0,965.0,0
101.0,28.0,-168.0,527.0,-392.0,827.0,0
105.0,45.0,-172.0,220.0,-284.0,663.0,0
95.0,55.0,-168.0,-27.0,-192.0,486.0,0
83.0,63.0,-166.0,-224.0,-137.0,303.0,0
73.0,70.0,-158.0,-378.0,-122.0,118.0,0
68.0,58.0,-160.0,-507.0,-145.0,-76.0,0
52.0,54.0,-140.0,-623.0,-195.0,-281.0,0
40.0,42.0,-134.0,-725.0,-275.0,-461.0,0
27.0,30.0,-124.0,-819.0,-363.0,-596.0,0
28.0,22.0,-110.0,-898.0,-445.0,-691.0,0
29.0,12.0,-92.0,-934.0,-518.0,-771.0,0
34.0,6.0,-73.0,-916.0,-562.0,-851.0,0
35.0,0.0,-60.0,-836.0,-564.0,-927.0,0
38.0,-13.0,-42.0,-708.0,-522.0,-990.0,0
44.0,-26.0,-31.0,-536.0,-441.0,-1037.0,0
47.0,-45.0,-37.0,-322.0,-336.0,-1070.0,0
44.0,-62.0,-46.0,-69.0,-228.0,-1087.0,0
31.0,-77.0,-59.0,210.0,-136.0,-1089.0,0
3.0,-103.0,-48.0,494.0,-51.0,-1063.0,0
-16.0,-123.0,-28.0,764.0,50.0,-996.0,0
-38.0,-150.0,-15.0,1026.0,185.0,-872.0,0
-73.0,-186.0,-19.0,1262.0,335.0,-668.0,0
-104.0,-230.0,-36.0,1397.0,449.0,-362.0,0
-107.0,-284.0,-59.0,1374.0,504.0,21.0,0
-86.0,-323.0,-81.0,1211.0,518.0,435.0,0
-45.0,-376.0,-88.0,980.0,563.0,805.0,0
25.0,-408.0,-92.0,654.0,725.0,1117.0,0
84.0,-450.0,-109.0,57.0,1006.0,1341.0,0
125.0,-532.0,-221.0,-984.0,1420.0,1476.0,0
146.0,-661.0,-348.0,-2597.0,1981.0,1621.0,0
140.0,-818.0,-419.0,-4576.0,2475.0,1876.0,0
44.0,-914.0,-374.0,-6381.0,2523.0,2129.0,0
-107.0,-888.0,-197.0,-7218.0,1954.0,2237.0,0
-191.0,-831.0,-53.0,-6452.0,964.0,2133.0,0
-194.0,-796.0,15.0,-4309.0,-96.0,1736.0,0
-150.0,-767.0,33.0,-1599.0,-851.0,1188.0,0
-78.0,-728.0,28.0,904.0,-1143.0,679.0,0
-28.0,-664.0,11.0,2745.0,-1073.0,263.0,0
-3.0,-577.0,0.0,3803.0,-803.0,-48.0,0
0.0,-490.0,6.0,4248.0,-438.0,-280.0,0
-17.0,-406.0,12.0,4369.0,-106.0,-483.0,0
-38.0,-337.0,22.0,4352.0,113.0,-668.0,0
-45.0,-272.0,34.0,4226.0,229.0,-847.0,0
-46.0,-219.0,45.0,3991.0,285.0,-1047.0,0
-44.0,-177.0,51.0,3610.0,317.0,-1231.0,0
-51.0,-157.0,43.0,3025.0,345.0,-1345.0,0
-50.0,-147.0,35.0,2378.0,388.0,-1357.0,0
-52.0,-157.0,30.0,1362.0,468.0,-1244.0,0
-43.0,-189.0,38.0,220.0,574.0,-1013.0,0
-16.0,-235.0,53.0,-916.0,652.0,-722.0,0
16.0,-290.0,67.0,-1939.0,703.0,-459.0,0
47.0,-344.0,84.0,-2799.0,701.0,-265.0,0
69.0,-387.0,88.0,-3456.0,655.0,-149.0,0
98.0,-430.0,96.0,-3869.0,583.0,-41.0,0
117.0,-453.0,97.0,-3971.0,492.0,31.0,0
124.0,-465.0,88.0,-3730.0,378.0,33.0,0
124.0,-472.0,69.0,-3205.0,273.0,-52.0,0
110.0,-462.0,60.0,-2511.0,193.0,-192.0,0
105.0,-448.0,44.0,-1734.0,141.0,-322.0,0
102.0,-426.0,41.0,-916.0,103.0,-415.0,0
90.0,-396.0,36.0,-75.0,61.0,-503.0,0
70.0,-362.0,33.0,753.0,7.0,-591.0,0
59.0,-323.0,28.0,1533.0,-69.0,-683.0,0
32.0,-276.0,19.0,2238.0,-156.0,-784.0,0
16.0,-235.0,5.0,2834.0,-247.0,-890.0,0
4.0,-194.0,-9.0,3285.0,-329.0,-995.0,0
-5.0,-156.0,-20.0,3561.0,-391.0,-1077.0,0
3.0,-116.0,-18.0,3669.0,-416.0,-1134.0,0
-8.0,-71.0,-37.0,3634.0,-389.0,-1178.0,0
-12.0,-27.0,-43.0,3498.0,-315.0,-1219.0,0
-20.0,18.0,-45.0,3279.0,-214.0,-1229.0,0
-17.0,59.0,-46.0,2992.0,-92.0,-1196.0,0
-21.0,96.0,-40.0,2665.0,31.0,-1120.0,0
-20.0,128.0,-44.0,2317.0,158.0,-1014.0,0
-20.0,152.0,-41.0,1942.0,277.0,-882.0,0
-17.0,166.0,-48.0,1536.0,374.0,-729.0,0
-15.0,168.0,-57.0,1087.0,442.0,-552.0,0
-12.0,154.0,-64.0,605.0,474.0,-361.0,0
-15.0,135.0,-72.0,112.0,471.0,-165.0,0
-18.0,112.0,-77.0,-360.0,430.0,17.0,0
-27.0,75.0,-80.0,-760.0,353.0,173.0,0
-39.0,44.0,-88.0,-1062.0,233.0,294.0,0
-43.0,15.0,-87.0,-1259.0,69.0,390.0,0
-42.0,-11.0,-83.0,-1337.0,-133.0,473.0,0
-38.0,-37.0,-78.0,-1291.0,-357.0,546.0,0
-34.0,-58.0,-69.0,-1126.0,-578.0,600.0,0
-40.0,-74.0,-70.0,-857.0,-773.0,634.0,0
-52.0,-98.0,-71.0,-503.0,-928.0,644.0,0
-59.0,-126.0,-80.0,-100.0,-1044.0,638.0,0
-56.0,-143.0,-74.0,307.0,-1116.0,628.0,0
-25.0,-171.0,-74.0,680.0,-1113.0,610.0,0
21.0,-194.0,-74.0,1008.0,-992.0,552.0,0
61.0,-217.0,-88.0,1290.0,-726.0,440.0,0
106.0,-240.0,-102.0,1492.0,-359.0,285.0,0
130.0,-256.0,-111.0,1547.0,-10.0,79.0,0
133.0,-267.0,-102.0,1381.0,213.0,-168.0,0
105.0,-282.0,-100.0,958.0,336.0,-442.0,0
46.0,-297.0,-97.0,249.0,498.0,-737.0,0
10.0,-331.0,-126.0,-746.0,831.0,-1063.0,0
22.0,-379.0,-175.0,-1957.0,1264.0,-1394.0,0
57.0,-444.0,-207.0,-3259.0,1545.0,-1649.0,0
64.0,-505.0,-229.0,-4438.0,1604.0,-1796.0,0
55.0,-555.0,-216.0,-5319.0,1495.0,-1847.0,0
18.0,-601.0,-166.0,-5753.0,1263.0,-1826.0,0
-27.0,-649.0,-104.0,-5675.0,958.0,-1747.0,0
-46.0,-692.0,-48.0,-5139.0,672.0,-1588.0,0
-6.0,-742.0,6.0,-4243.0,498.0,-1338.0,0
23.0,-772.0,41.0,-3134.0,475.0,-1090.0,0
26.0,-792.0,62.0,-1946.0,591.0,-861.0,0
20.0,-768.0,63.0,-784.0,765.0,-600.0,0
18.0,-715.0,61.0,295.0,905.0,-283.0,0
27.0,-639.0,65.0,1265.0,965.0,74.0,0
31.0,-552.0,77.0,2098.0,928.0,408.0,0
31.0,-461.0,87.0,2741.0,767.0,670.0,0
33.0,-378.0,79.0,3093.0,517.0,836.0,0
39.0,-304.0,55.0,3330.0,268.0,913.0,0
54.0,-244.0,24.0,3334.0,73.0,955.0,0
64.0,-204.0,-6.0,3089.0,-41.0,1003.0,0
72.0,-185.0,-30.0,2564.0,-118.0,1065.0,0
64.0,-179.0,-38.0,1787.0,-149.0,1097.0,0
53.0,-183.0,-33.0,824.0,-165.0,1101.0,0
38.0,-197.0,-14.0,-208.0,-171.0,1074.0,0
25.0,-223.0,13.0,-1183.0,-161.0,1033.0,0
16.0,-264.0,34.0,-2018.0,-146.0,966.0,0
10.0,-308.0,53.0,-2672.0,-131.0,857.0,0
3.0,-348.0,71.0,-3122.0,-111.0,709.0,0
0.0,-372.0,86.0,-3353.0,-97.0,562.0,0
-13.0,-392.0,107.0,-3353.0,-95.0,480.0,0
-24.0,-405.0,116.0,-3131.0,-110.0,481.0,0
-36.0,-411.0,123.0,-2728.0,-148.0,552.0,0
-54.0,-412.0,125.0,-2206.0,-215.0,656.0,0
-64.0,-403.0,120.0,-1615.0,-295.0,756.0,0
-65.0,-382.0,117.0,-1001.0,-363.0,817.0,0
-62.0,-353.0,108.0,-399.0,-405.0,840.0,0
-52.0,-319.0,96.0,157.0,-409.0,839.0,0
-46.0,-283.0,75.0,646.0,-368.0,817.0,0
-34.0,-242.0,58.0,1050.0,-283.0,771.0,0
-17.0,-204.0,44.0,1364.0,-167.0,721.0,0
-4.0,-169.0,24.0,1596.0,-52.0,663.0,0
5.0,-130.0,5.0,1740.0,39.0,605.0,0
19.0,-98.0,-16.0,1805.0,91.0,539.0,0
26.0,-63.0,-36.0,1799.0,116.0,469.0,0
36.0,-38.0,-53.0,1742.0,121.0,408.0,0
44.0,-9.0,-72.0,1649.0,124.0,340.0,0
45.0,21.0,-92.0,1542.0,139.0,249.0,0
43.0,53.0,-111.0,1416.0,161.0,139.0,0
32.0,76.0,-125.0,1246.0,191.0,26.0,0
25.0,99.0,-139.0,1013.0,226.0,-83.0,0
10.0,120.0,-139.0,712.0,248.0,-182.0,0
7.0,129.0,-137.0,366.0,236.0,-260.0,0
2.0,123.0,-129.0,1.0,176.0,-328.0,0
-9.0,114.0,-115.0,-351.0,53.0,-388.0,0
-14.0,88.0,-105.0,-663.0,-127.0,-404.0,0
-13.0,60.0,-93.0,-912.0,-336.0,-398.0,0
3.0,21.0,-83.0,-1072.0,-540.0,-397.0,0
11.0,-6.0,-71.0,-1117.0,-697.0,-419.0,0
24.0,-29.0,-62.0,-1043.0,-783.0,-466.0,0
37.0,-50.0,-57.0,-853.0,-789.0,-521.0,0
49.0,-65.0,-46.0,-570.0,-721.0,-582.0,0
58.0,-78.0,-53.0,-215.0,-596.0,-648.0,0
64.0,-97.0,-68.0,190.0,-439.0,-720.0,0
63.0,-103.0,-78.0,622.0,-284.0,-791.0,0
47.0,-113.0,-67.0,1045.0,-133.0,-858.0,0
33.0,-122.0,-47.0,1418.0,33.0,-889.0,0
12.0,-132.0,-32.0,1708.0,229.0,-851.0,0
-18.0,-147.0,-42.0,1847.0,430.0,-735.0,0
-61.0,-158.0,-78.0,1755.0,566.0,-534.0,0
-72.0,-178.0,-133.0,1386.0,596.0,-244.0,0
-54.0,-199.0,-167.0,771.0,553.0,124.0,0
-6.0,-247.0,-191.0,-45.0,519.0,515.0,0
75.0,-331.0,-242.0,-1128.0,480.0,861.0,0
117.0,-467.0,-391.0,-2623.0,393.0,1167.0,0
93.0,-607.0,-509.0,-4564.0,523.0,1590.0,0
41.0,-771.0,-483.0,-6630.0,1022.0,2268.0,0
8.0,-962.0,-336.0,-8112.0,1638.0,3031.0,0
-24.0,-1057.0,-179.0,-8338.0,1805.0,3433.0,0
-93.0,-1060.0,-75.0,-7100.0,1279.0,3121.0,0
-179.0,-985.0,2.0,-4820.0,364.0,2224.0,0
-192.0,-891.0,69.0,-2138.0,-464.0,1256.0,0
-125.0,-800.0,116.0,335.0,-888.0,613.0,0
-63.0,-719.0,114.0,2211.0,-889.0,249.0,0
-41.0,-644.0,93.0,3426.0,-610.0,-28.0,0
-46.0,-566.0,66.0,4115.0,-233.0,-308.0,0
-64.0,-468.0,43.0,4390.0,88.0,-608.0,0
-83.0,-358.0,26.0,4514.0,289.0,-917.0,0
-104.0,-243.0,13.0,4504.0,363.0,-1176.0,0
-118.0,-148.0,-8.0,4360.0,349.0,-1291.0,0
-110.0,-76.0,-42.0,4018.0,231.0,-1235.0,0
-86.0,-43.0,-78.0,3413.0,54.0,-1068.0,0
-62.0,-37.0,-104.0,2534.0,-97.0,-915.0,0
-36.0,-62.0,-118.0,1412.0,-149.0,-717.0,0
6.0,-116.0,-109.0,130.0,-85.0,-496.0,0
41.0,-176.0,-77.0,-1178.0,27.0,-274.0,0
63.0,-247.0,-43.0,-2406.0,120.0,-95.0,0
77.0,-323.0,-1.0,-3466.0,178.0,85.0,0
89.0,-404.0,36.0,-4261.0,209.0,265.0,0
101.0,-479.0,77.0,-4706.0,222.0,408.0,0
104.0,-536.0,109.0,-4744.0,227.0,497.0,0
104.0,-576.0,128.0,-4374.0,223.0,512.0,0
100.0,-592.0,122.0,-3672.0,202.0,454.0,0
96.0,-589.0,110.0,-2749.0,150.0,331.0,0
93.0,-570.0,93.0,-1712.0,74.0,184.0,0
97.0,-542.0,76.0,-636.0,-14.0,42.0,0
93.0,-500.0,64.0,425.0,-110.0,-119.0,0
90.0,-449.0,50.0,1412.0,-195.0,-301.0,0
85.0,-391.0,45.0,2279.0,-247.0,-505.0,0
82.0,-333.0,8.0,2993.0,-270.0,-736.0,0
73.0,-280.0,-19.0,3491.0,-297.0,-971.0,0
64.0,-220.0,-44.0,3750.0,-346.0,-1173.0,0
37.0,-165.0,-65.0,3789.0,-404.0,-1311.0,0
17.0,-111.0,-78.0,3630.0,-448.0,-1358.0,0
11.0,-64.0,-89.0,3319.0,-449.0,-1319.0,0
4.0,-25.0,-93.0,2910.0,-401.0,-1251.0,0
3.0,15.0,-84.0,2459.0,-310.0,-1187.0,0
2.0,48.0,-76.0,1990.0,-176.0,-1105.0,0
2.0,71.0,-67.0,1536.0,-10.0,-1009.0,0
4.0,91.0,-51.0,1144.0,173.0,-915.0,0
0.0,108.0,-42.0,829.0,336.0,-822.0,0
-8.0,101.0,-35.0,579.0,456.0,-707.0,0
-16.0,97.0,-38.0,374.0,540.0,-571.0,0
-20.0,87.0,-43.0,208.0,582.0,-428.0,0
-23.0,75.0,-44.0,73.0,584.0,-285.0,0
-22.0,63.0,-56.0,-30.0,549.0,-148.0,0
-10.0,45.0,-68.0,-105.0,478.0,-22.0,0
-16.0,29.0,-78.0,-149.0,378.0,88.0,0
-18.0,10.0,-93.0,-150.0,261.0,178.0,0
-25.0,-7.0,-109.0,-118.0,142.0,256.0,0
-31.0,-28.0,-112.0,-59.0,25.0,325.0,0
-45.0,-51.0,-118.0,21.0,-76.0,387.0,0
-57.0,-75.0,-115.0,135.0,-165.0,436.0,0
-65.0,-85.0,-110.0,291.0,-251.0,467.0,0
-73.0,-99.0,-100.0,482.0,-329.0,481.0,0
-62.0,-110.0,-78.0,682.0,-401.0,481.0,0
-15.0,-123.0,-70.0,867.0,-437.0,452.0,0
32.0,-138.0,-57.0,1019.0,-394.0,378.0,0
60.0,-157.0,-60.0,1118.0,-268.0,254.0,0
65.0,-174.0,-70.0,1131.0,-123.0,82.0,0
55.0,-184.0,-88.0,1009.0,-12.0,-116.0,0
31.0,-198.0,-104.0,720.0,89.0,-325.0,0
6.0,-226.0,-110.0,270.0,243.0,-530.0,0
-6.0,-268.0,-118.0,-332.0,482.0,-736.0,0
-6.0,-328.0,-139.0,-1110.0,774.0,-961.0,0
7.0,-397.0,-168.0,-2033.0,1071.0,-1210.0,0
24.0,-471.0,-193.0,-2976.0,1303.0,-1444.0,0
41.0,-557.0,-198.0,-3810.0,1424.0,-1640.0,0
45.0,-656.0,-190.0,-4430.0,1443.0,-1795.0,0
26.0,-705.0,-154.0,-4748.0,1378.0,-1897.0,0
-1.0,-729.0,-76.0,-4721.0,1222.0,-1816.0,0
3.0,-744.0,-10.0,-4268.0,981.0,-1438.0,0
12.0,-764.0,29.0,-3361.0,692.0,-928.0,0
16.0,-766.0,41.0,-2160.0,475.0,-514.0,0
2.0,-726.0,31.0,-856.0,275.0,-257.0,0
-9.0,-669.0,16.0,399.0,174.0,-139.0,0
-21.0,-589.0,-4.0,1505.0,166.0,-40.0,0
-20.0,-511.0,-13.0,2401.0,233.0,64.0,0
-17.0,-420.0,-21.0,3048.0,342.0,193.0,0
-11.0,-343.0,-19.0,3416.0,440.0,340.0,0
-8.0,-274.0,-26.0,3481.0,487.0,472.0,0
-5.0,-226.0,-29.0,3250.0,479.0,552.0,0
1.0,-198.0,-32.0,2740.0,434.0,611.0,0
1.0,-188.0,-16.0,1988.0,354.0,674.0,0
0.0,-205.0,3.0,1095.0,231.0,763.0,0
-6.0,-233.0,23.0,183.0,67.0,871.0,0
-21.0,-273.0,49.0,-664.0,-113.0,946.0,0
-27.0,-318.0,69.0,-1386.0,-288.0,982.0,0
-32.0,-358.0,84.0,-1952.0,-433.0,966.0,0
-26.0,-412.0,92.0,-2352.0,-530.0,893.0,0
-20.0,-451.0,97.0,-2585.0,-573.0,781.0,0
-7.0,-484.0,96.0,-2655.0,-572.0,662.0,0
10.0,-507.0,105.0,-2551.0,-546.0,560.0,0
13.0,-510.0,116.0,-2253.0,-510.0,489.0,0
11.0,-507.0,125.0,-1765.0,-476.0,478.0,0
4.0,-489.0,134.0,-1122.0,-446.0,520.0,0
-8.0,-457.0,140.0,-376.0,-430.0,594.0,0
-23.0,-419.0,142.0,426.0,-423.0,684.0,0
-28.0,-377.0,132.0,1200.0,-413.0,785.0,0
-32.0,-329.0,113.0,1879.0,-396.0,873.0,0
-32.0,-279.0,97.0,2419.0,-368.0,934.0,0
-25.0,-222.0,71.0,2796.0,-327.0,963.0,0
-10.0,-174.0,44.0,3010.0,-272.0,969.0,0
2.0,-121.0,13.0,3073.0,-219.0,955.0,0
25.0,-78.0,-21.0,2995.0,-177.0,930.0,0
42.0,-34.0,-52.0,2794.0,-144.0,893.0,0
62.0,0.0,-75.0,2485.0,-110.0,837.0,0
69.0,32.0,-103.0,2091.0,-81.0,773.0,0
82.0,60.0,-124.0,1628.0,-60.0,708.0,0
88.0,80.0,-141.0,1120.0,-51.0,631.0,0
88.0,93.0,-156.0,601.0,-50.0,532.0,0
81.0,104.0,-163.0,87.0,-69.0,407.0,0
65.0,102.0,-165.0,-407.0,-120.0,274.0,0
53.0,96.0,-162.0,-872.0,-210.0,133.0,0
29.0,85.0,-149.0,-1285.0,-344.0,-4.0,0
8.0,64.0,-132.0,-1629.0,-505.0,-123.0,0
0.0,47.0,-111.0,-1877.0,-679.0,-222.0,0
-3.0,34.0,-88.0,-2002.0,-850.0,-298.0,0
0.0,20.0,-74.0,-1984.0,-1010.0,-358.0,0
4.0,7.0,-60.0,-1828.0,-1146.0,-413.0,0
6.0,3.0,-46.0,-1565.0,-1249.0,-472.0,0
12.0,-1.0,-44.0,-1219.0,-1302.0,-537.0,0
24.0,-15.0,-38.0,-823.0,-1286.0,-607.0,0
33.0,-21.0,-33.0,-395.0,-1199.0,-679.0,0
45.0,-33.0,-41.0,40.0,-1045.0,-749.0,0
50.0,-53.0,-61.0,467.0,-842.0,-821.0,0
40.0,-68.0,-83.0,865.0,-635.0,-887.0,0
17.0,-83.0,-89.0,1212.0,-453.0,-929.0,0
3.0,-99.0,-81.0,1476.0,-281.0,-927.0,0
-12.0,-123.0,-62.0,1651.0,-78.0,-862.0,0
-30.0,-155.0,-40.0,1750.0,182.0,-718.0,0
-63.0,-203.0,-38.0,1770.0,457.0,-471.0,0
-85.0,-251.0,-57.0,1646.0,664.0,-131.0,0
-73.0,-293.0,-85.0,1322.0,753.0,254.0,0
-31.0,-332.0,-103.0,949.0,788.0,632.0,0
31.0,-372.0,-95.0,424.0,887.0,934.0,0
101.0,-413.0,-53.0,-248.0,1108.0,1118.0,0
159.0,-502.0,-139.0,-1223.0,1356.0,1144.0,0
170.0,-639.0,-253.0,-2750.0,1792.0,1160.0,0
153.0,-798.0,-347.0,-4755.0,2370.0,1398.0,0
124.0,-964.0,-326.0,-6775.0,2799.0,1723.0,0
3.0,-993.0,-173.0,-8035.0,2626.0,2049.0,0
-97.0,-934.0,-48.0,-7636.0,1893.0,2146.0,0
-143.0,-868.0,11.0,-5564.0,914.0,1912.0,0
-130.0,-808.0,29.0,-2570.0,14.0,1388.0,0
-96.0,-746.0,27.0,490.0,-574.0,804.0,0
-59.0,-680.0,29.0,2984.0,-826.0,343.0,0
-32.0,-595.0,17.0,4634.0,-835.0,38.0,0
-16.0,-498.0,16.0,5474.0,-667.0,-155.0,0
-30.0,-400.0,27.0,5752.0,-368.0,-320.0,0
-59.0,-317.0,39.0,5749.0,-93.0,-484.0,0
-76.0,-253.0,38.0,5606.0,64.0,-641.0,0
-84.0,-192.0,35.0,5315.0,149.0,-827.0,0
-89.0,-124.0,41.0,4832.0,211.0,-1058.0,0
-93.0,-59.0,17.0,4125.0,259.0,-1274.0,0
-84.0,-39.0,8.0,3154.0,286.0,-1409.0,0
-99.0,-37.0,-4.0,1909.0,315.0,-1425.0,0
-102.0,-60.0,-1.0,462.0,369.0,-1302.0,0
-90.0,-113.0,16.0,-1021.0,450.0,-1045.0,0
-59.0,-184.0,56.0,-2359.0,508.0,-756.0,0
-31.0,-277.0,88.0,-3453.0,500.0,-554.0,0
-4.0,-343.0,105.0,-4284.0,443.0,-438.0,0
19.0,-399.0,121.0,-4855.0,354.0,-353.0,0
53.0,-443.0,127.0,-5145.0,226.0,-268.0,0
91.0,-470.0,129.0,-5157.0,80.0,-203.0,0
126.0,-491.0,123.0,-4859.0,-54.0,-175.0,0
146.0,-501.0,110.0,-4254.0,-163.0,-170.0,0
151.0,-493.0,106.0,-3432.0,-223.0,-180.0,0
152.0,-472.0,94.0,-2480.0,-227.0,-226.0,0
142.0,-449.0,79.0,-1470.0,-201.0,-323.0,0
129.0,-415.0,68.0,-475.0,-158.0,-461.0,0
115.0,-376.0,60.0,452.0,-114.0,-587.0,0
104.0,-334.0,44.0,1303.0,-96.0,-700.0,0
89.0,-296.0,21.0,2046.0,-99.0,-818.0,0
75.0,-251.0,3.0,2641.0,-111.0,-940.0,0
65.0,-204.0,-13.0,3078.0,-123.0,-1054.0,0
55.0,-165.0,-37.0,3351.0,-127.0,-1157.0,0
43.0,-123.0,-42.0,3470.0,-123.0,-1245.0,0
38.0,-77.0,-59.0,3462.0,-113.0,-1305.0,0
28.0,-29.0,-62.0,3357.0,-94.0,-1338.0,0
21.0,17.0,-67.0,3161.0,-58.0,-1324.0,0
17.0,61.0,-67.0,2888.0,11.0,-1269.0,0
8.0,98.0,-68.0,2552.0,108.0,-1179.0,0
-2.0,133.0,-72.0,2161.0,217.0,-1048.0,0
-3.0,147.0,-72.0,1715.0,325.0,-883.0,0
-5.0,154.0,-77.0,1214.0,415.0,-693.0,0
0.0,150.0,-76.0,663.0,481.0,-494.0,0
-1.0,132.0,-79.0,101.0,523.0,-298.0,0
1.0,103.0,-78.0,-431.0,538.0,-129.0,0
-2.0,68.0,-76.0,-892.0,516.0,10.0,0
-11.0,31.0,-70.0,-1238.0,450.0,114.0,0
-18.0,-1.0,-67.0,-1441.0,333.0,186.0,0
-28.0,-25.0,-65.0,-1490.0,160.0,242.0,0
-40.0,-49.0,-60.0,-1404.0,-57.0,289.0,0
-48.0,-64.0,-60.0,-1213.0,-282.0,333.0,0
-57.0,-76.0,-56.0,-930.0,-483.0,373.0,0
-67.0,-93.0,-62.0,-573.0,-639.0,395.0,0
-83.0,-109.0,-71.0,-172.0,-757.0,391.0,0
-79.0,-127.0,-85.0,220.0,-823.0,378.0,0
-58.0,-147.0,-81.0,493.0,-814.0,372.0,0
-21.0,-167.0,-78.0,790.0,-685.0,348.0,0
7.0,-191.0,-76.0,1061.0,-432.0,274.0,0
41.0,-219.0,-90.0,1309.0,-170.0,156.0,0
76.0,-252.0,-100.0,1470.0,174.0,11.0,0
93.0,-281.0,-95.0,1461.0,453.0,-157.0,0
82.0,-302.0,-87.0,1217.0,596.0,-320.0,0
30.0,-323.0,-85.0,705.0,659.0,-562.0,0
-16.0,-329.0,-96.0,-57.0,810.0,-851.0,0
-21.0,-346.0,-136.0,-1025.0,1152.0,-1165.0,0
13.0,-401.0,-182.0,-2156.0,1498.0,-1435.0,0
48.0,-469.0,-233.0,-3382.0,1577.0,-1578.0,0
54.0,-542.0,-247.0,-4545.0,1392.0,-1588.0,0
40.0,-615.0,-222.0,-5437.0,1097.0,-1522.0,0
-10.0,-668.0,-155.0,-5906.0,800.0,-1436.0,0
-46.0,-708.0,-74.0,-5867.0,547.0,-1317.0,0
-16.0,-747.0,3.0,-5265.0,374.0,-1130.0,0
5.0,-769.0,55.0,-4186.0,290.0,-937.0,0
7.0,-774.0,78.0,-2859.0,305.0,-772.0,0
3.0,-755.0,90.0,-1491.0,387.0,-579.0,0
-3.0,-708.0,92.0,-184.0,476.0,-328.0,0
-7.0,-639.0,98.0,1005.0,518.0,-27.0,0
-17.0,-555.0,97.0,2038.0,481.0,280.0,0
-20.0,-473.0,90.0,2847.0,341.0,551.0,0
-25.0,-399.0,72.0,3353.0,110.0,740.0,0
-12.0,-321.0,57.0,3556.0,-122.0,832.0,0
4.0,-257.0,26.0,3471.0,-289.0,863.0,0
26.0,-215.0,3.0,3088.0,-383.0,890.0,0
32.0,-191.0,-22.0,2407.0,-415.0,948.0,0
21.0,-182.0,-37.0,1498.0,-417.0,1025.0,0
14.0,-193.0,-31.0,447.0,-417.0,1076.0,0
4.0,-212.0,-22.0,-635.0,-428.0,1075.0,0
3.0,-244.0,-2.0,-1635.0,-448.0,1033.0,0
5.0,-287.0,17.0,-2473.0,-469.0,965.0,0
10.0,-336.0,35.0,-3111.0,-479.0,866.0,0
14.0,-382.0,50.0,-3541.0,-474.0,736.0,0
15.0,-417.0,70.0,-3751.0,-463.0,622.0,0
15.0,-441.0,83.0,-3719.0,-455.0,578.0,0
10.0,-452.0,100.0,-3434.0,-461.0,616.0,0
5.0,-456.0,109.0,-2905.0,-492.0,704.0,0
0.0,-446.0,120.0,-2192.0,-542.0,821.0,0
-8.0,-428.0,120.0,-1362.0,-599.0,931.0,0
-18.0,-398.0,113.0,-504.0,-646.0,1005.0,0
-14.0,-363.0,108.0,304.0,-665.0,1055.0,0
-13.0,-323.0,95.0,1010.0,-658.0,1081.0,0
-12.0,-281.0,74.0,1571.0,-615.0,1073.0,0
-5.0,-235.0,63.0,1978.0,-530.0,1039.0,0
8.0,-194.0,34.0,2233.0,-408.0,995.0,0
22.0,-147.0,15.0,2341.0,-262.0,943.0,0
39.0,-109.0,-5.0,2327.0,-112.0,870.0,0
50.0,-68.0,-26.0,2197.0,28.0,785.0,0
60.0,-31.0,-55.0,1972.0,149.0,689.0,0
70.0,0.0,-69.0,1680.0,243.0,594.0,0
71.0,41.0,-78.0,1369.0,318.0,495.0,0
86.0,57.0,-104.0,1061.0,382.0,382.0,0
86.0,75.0,-115.0,782.0,433.0,249.0,0
76.0,89.0,-122.0,530.0,471.0,109.0,0
70.0,97.0,-130.0,292.0,495.0,-33.0,0
53.0,93.0,-130.0,70.0,490.0,-166.0,0
34.0,87.0,-130.0,-139.0,445.0,-286.0,0
8.0,75.0,-127.0,-338.0,357.0,-385.0,0
-8.0,56.0,-119.0,-520.0,233.0,-449.0,0
-13.0,29.0,-113.0,-668.0,82.0,-479.0,0
-14.0,1.0,-105.0,-760.0,-87.0,-508.0,0
-15.0,-30.0,-100.0,-774.0,-252.0,-547.0,0
-12.0,-52.0,-94.0,-718.0,-402.0,-587.0,0
-11.0,-69.0,-94.0,-551.0,-520.0,-628.0,0
-10.0,-80.0,-92.0,-292.0,-590.0,-670.0,0
-4.0,-86.0,-106.0,34.0,-636.0,-715.0,0
-8.0,-90.0,-105.0,395.0,-637.0,-764.0,0
-17.0,-86.0,-95.0,750.0,-590.0,-798.0,0
-35.0,-79.0,-76.0,1066.0,-490.0,-826.0,0
-55.0,-85.0,-56.0,1319.0,-339.0,-821.0,0
-80.0,-90.0,-41.0,1494.0,-152.0,-770.0,0
-105.0,-107.0,-50.0,1557.0,27.0,-649.0,0
-115.0,-129.0,-82.0,1441.0,141.0,-434.0,0
-98.0,-166.0,-110.0,1108.0,179.0,-124.0,0
-55.0,-220.0,-128.0,573.0,176.0,240.0,0
-12.0,-288.0,-139.0,-139.0,187.0,598.0,0
38.0,-382.0,-179.0,-1074.0,236.0,936.0,0
69.0,-491.0,-278.0,-2306.0,348.0,1290.0,0
95.0,-603.0,-352.0,-3849.0,623.0,1758.0,0
137.0,-706.0,-336.0,-5419.0,1022.0,2352.0,0
188.0,-812.0,-241.0,-6447.0,1315.0,2834.0,0
169.0,-870.0,-160.0,-6488.0,1261.0,2870.0,0
53.0,-852.0,-76.0,-5501.0,878.0,2396.0,0
-47.0,-809.0,-9.0,-3792.0,357.0,1735.0,0
-66.0,-761.0,28.0,-1830.0,-136.0,1175.0,0
-48.0,-705.0,57.0,-97.0,-467.0,805.0,0
-22.0,-640.0,60.0,1183.0,-590.0,546.0,0
-17.0,-571.0,52.0,2031.0,-530.0,289.0,0
-27.0,-505.0,29.0,2540.0,-368.0,-3.0,0
-50.0,-435.0,2.0,2804.0,-173.0,-323.0,0
-70.0,-359.0,-34.0,2900.0,7.0,-641.0,0
-101.0,-264.0,-57.0,2869.0,146.0,-935.0,0
-114.0,-179.0,-74.0,2716.0,232.0,-1147.0,0
-124.0,-108.0,-93.0,2416.0,252.0,-1226.0,0
-116.0,-76.0,-115.0,1923.0,219.0,-1173.0,0
-107.0,-69.0,-128.0,1217.0,183.0,-1046.0,0
-103.0,-107.0,-132.0,319.0,186.0,-902.0,0
-97.0,-153.0,-111.0,-699.0,235.0,-753.0,0
-68.0,-209.0,-75.0,-1754.0,308.0,-583.0,0
-33.0,-279.0,-42.0,-2762.0,350.0,-415.0,0
-3.0,-357.0,-9.0,-3662.0,339.0,-274.0,0
22.0,-452.0,28.0,-4401.0,289.0,-122.0,0
53.0,-556.0,60.0,-4909.0,216.0,73.0,0
92.0,-657.0,86.0,-5104.0,143.0,312.0,0
126.0,-737.0,97.0,-4899.0,80.0,532.0,0
142.0,-784.0,93.0,-4279.0,38.0,634.0,0
141.0,-797.0,69.0,-3324.0,7.0,579.0,0
143.0,-782.0,50.0,-2156.0,-22.0,405.0,0
131.0,-735.0,23.0,-900.0,-49.0,187.0,0
123.0,-661.0,10.0,311.0,-85.0,-18.0,0
108.0,-573.0,7.0,1391.0,-133.0,-200.0,0
89.0,-477.0,-7.0,2293.0,-169.0,-366.0,0
86.0,-395.0,-25.0,2993.0,-170.0,-533.0,0
80.0,-308.0,-36.0,3462.0,-153.0,-709.0,0
79.0,-231.0,-48.0,3710.0,-151.0,-883.0,0
66.0,-159.0,-59.0,3759.0,-191.0,-1049.0,0
49.0,-101.0,-73.0,3638.0,-272.0,-1171.0,0
23.0,-51.0,-83.0,3395.0,-367.0,-1216.0,0
3.0,-14.0,-91.0,3077.0,-459.0,-1197.0,0
-7.0,16.0,-90.0,2707.0,-519.0,-1140.0,0
-19.0,36.0,-96.0,2307.0,-527.0,-1076.0,0
-26.0,62.0,-86.0,1893.0,-461.0,-1019.0,0
-37.0,81.0,-72.0,1566.0,-330.0,-965.0,0
-40.0,99.0,-61.0,1190.0,-154.0,-900.0,0
-41.0,117.0,-44.0,878.0,-9.0,-817.0,0
-48.0,123.0,-34.0,637.0,145.0,-705.0,0
-61.0,123.0,-23.0,473.0,265.0,-558.0,0
-63.0,116.0,-23.0,377.0,329.0,-402.0,0
-58.0,105.0,-26.0,334.0,324.0,-185.0,0
-53.0,94.0,-37.0,317.0,255.0,20.0,0
-49.0,84.0,-52.0,293.0,138.0,194.0,0
-36.0,67.0,-70.0,253.0,-14.0,342.0,0
-32.0,54.0,-88.0,198.0,-179.0,461.0,0
-26.0,32.0,-102.0,137.0,-323.0,555.0,0
-27.0,9.0,-118.0,88.0,-421.0,629.0,0
-31.0,-10.0,-122.0,60.0,-470.0,673.0,0
-31.0,-42.0,-122.0,57.0,-480.0,688.0,0
-40.0,-64.0,-122.0,86.0,-456.0,681.0,0
-47.0,-90.0,-121.0,158.0,-415.0,663.0,0
-45.0,-102.0,-114.0,269.0,-377.0,630.0,0
-29.0,-111.0,-87.0,401.0,-344.0,581.0,0
11.0,-117.0,-80.0,531.0,-283.0,510.0,0
82.0,-132.0,-90.0,649.0,-154.0,415.0,0
116.0,-148.0,-90.0,732.0,22.0,272.0,0
121.0,-168.0,-102.0,758.0,177.0,75.0,0
100.0,-189.0,-110.0,689.0,236.0,-158.0,0
71.0,-215.0,-123.0,469.0,197.0,-399.0,0
60.0,-267.0,-128.0,66.0,135.0,-630.0,0
57.0,-314.0,-162.0,-537.0,141.0,-862.0,0
73.0,-380.0,-205.0,-1332.0,269.0,-1121.0,0
92.0,-452.0,-264.0,-2236.0,520.0,-1391.0,0
91.0,-517.0,-304.0,-3128.0,847.0,-1636.0,0
77.0,-591.0,-315.0,-3886.0,1159.0,-1788.0,0
44.0,-671.0,-289.0,-4412.0,1372.0,-1833.0,0
-9.0,-738.0,-223.0,-4675.0,1456.0,-1803.0,0
-35.0,-782.0,-126.0,-4621.0,1393.0,-1620.0,0
-39.0,-824.0,-19.0,-4121.0,1200.0,-1264.0,0
-39.0,-845.0,58.0,-3139.0,929.0,-893.0,0
-58.0,-831.0,81.0,-1798.0,665.0,-615.0,0
-76.0,-768.0,71.0,-306.0,479.0,-427.0,0
-82.0,-691.0,44.0,1142.0,389.0,-285.0,0
-82.0,-594.0,17.0,2411.0,369.0,-183.0,0
-78.0,-498.0,-7.0,3413.0,366.0,-97.0,0
-64.0,-404.0,-25.0,4109.0,350.0,19.0,0
-54.0,-328.0,-42.0,4502.0,301.0,158.0,0
-46.0,-259.0,-62.0,4549.0,198.0,307.0,0
-31.0,-210.0,-77.0,4236.0,65.0,435.0,0
-16.0,-182.0,-87.0,3602.0,-82.0,527.0,0
-9.0,-164.0,-76.0,2732.0,-242.0,618.0,0
-3.0,-170.0,-55.0,1733.0,-411.0,729.0,0
0.0,-192.0,-29.0,708.0,-585.0,846.0,0
0.0,-221.0,4.0,-257.0,-741.0,941.0,0
1.0,-262.0,34.0,-1113.0,-851.0,984.0,0
6.0,-310.0,56.0,-1833.0,-903.0,963.0,0
22.0,-360.0,75.0,-2394.0,-877.0,909.0,0
39.0,-409.0,87.0,-2761.0,-770.0,845.0,0
51.0,-453.0,94.0,-2914.0,-607.0,786.0,0
54.0,-483.0,103.0,-2839.0,-428.0,744.0,0
51.0,-506.0,118.0,-2543.0,-288.0,716.0,0
38.0,-509.0,124.0,-2046.0,-216.0,702.0,0
22.0,-501.0,127.0,-1400.0,-225.0,711.0,0
7.0,-474.0,127.0,-656.0,-296.0,748.0,0
-8.0,-441.0,127.0,142.0,-397.0,804.0,0
-21.0,-395.0,120.0,943.0,-502.0,880.0,0
-29.0,-354.0,104.0,1692.0,-590.0,954.0,0
-25.0,-303.0,86.0,2210.0,-646.0,1012.0,0
-23.0,-247.0,63.0,2719.0,-668.0,1041.0,0
-13.0,-186.0,39.0,3066.0,-652.0,1048.0,0
8.0,-123.0,9.0,3255.0,-617.0,1033.0,0
32.0,-82.0,-10.0,3283.0,-556.0,997.0,0
46.0,-25.0,-55.0,3149.0,-472.0,951.0,0
60.0,11.0,-74.0,2860.0,-370.0,883.0,0
73.0,52.0,-101.0,2443.0,-268.0,800.0,0
79.0,76.0,-121.0,1937.0,-168.0,703.0,0
80.0,103.0,-140.0,1379.0,-74.0,586.0,0
78.0,114.0,-154.0,802.0,1.0,449.0,0
69.0,127.0,-162.0,254.0,47.0,305.0,0
63.0,127.0,-170.0,-244.0,54.0,154.0,0
52.0,122.0,-156.0,-695.0,12.0,-3.0,0
41.0,112.0,-152.0,-1097.0,-80.0,-180.0,0
25.0,93.0,-140.0,-1449.0,-214.0,-351.0,0
12.0,74.0,-121.0,-1728.0,-391.0,-492.0,0
6.0,57.0,-103.0,-1900.0,-600.0,-593.0,0
6.0,37.0,-92.0,-1950.0,-820.0,-654.0,0
3.0,20.0,-70.0,-1865.0,-1024.0,-690.0,0
1.0,2.0,-62.0,-1649.0,-1182.0,-716.0,0
0.0,-14.0,-53.0,-1331.0,-1274.0,-749.0,0
3.0,-27.0,-44.0,-945.0,-1283.0,-782.0,0
19.0,-38.0,-31.0,-534.0,-1210.0,-811.0,0
34.0,-53.0,-24.0,-125.0,-1060.0,-839.0,0
44.0,-65.0,-15.0,262.0,-849.0,-871.0,0
49.0,-80.0,-29.0,615.0,-599.0,-901.0,0
38.0,-91.0,-54.0,935.0,-334.0,-916.0,0
18.0,-109.0,-64.0,1234.0,-93.0,-914.0,0
-4.0,-123.0,-57.0,1498.0,112.0,-890.0,0
-27.0,-142.0,-30.0,1705.0,314.0,-815.0,0
-50.0,-167.0,3.0,1844.0,548.0,-659.0,0
-99.0,-201.0,14.0,1873.0,792.0,-393.0,0
-136.0,-246.0,-15.0,1710.0,939.0,-21.0,0
-135.0,-286.0,-63.0,1334.0,919.0,413.0,0
-87.0,-326.0,-90.0,841.0,811.0,870.0,0
14.0,-374.0,-111.0,232.0,747.0,1290.0,0
114.0,-449.0,-184.0,-768.0,744.0,1555.0,0
152.0,-581.0,-395.0,-2491.0,936.0,1635.0,0
131.0,-754.0,-549.0,-4949.0,1480.0,1807.0,0
103.0,-967.0,-557.0,-7573.0,2154.0,2304.0,0
38.0,-1104.0,-372.0,-9389.0,2340.0,2853.0,0
-98.0,-1078.0,-135.0,-9346.0,1777.0,2891.0,0
-181.0,-996.0,-6.0,-7216.0,824.0,2325.0,0
-191.0,-919.0,36.0,-3820.0,-96.0,1405.0,0
-135.0,-851.0,53.0,-256.0,-706.0,594.0,0
-64.0,-770.0,54.0,2680.0,-930.0,97.0,0
-15.0,-677.0,34.0,4661.0,-888.0,-158.0,0
9.0,-569.0,19.0,5712.0,-709.0,-258.0,0
8.0,-422.0,8.0,6105.0,-438.0,-343.0,0
-24.0,-322.0,10.0,6185.0,-170.0,-513.0,0
-49.0,-236.0,15.0,6091.0,8.0,-752.0,0
-66.0,-159.0,31.0,5839.0,85.0,-1032.0,0
-83.0,-82.0,30.0,5417.0,89.0,-1292.0,0
-97.0,-34.0,17.0,4758.0,47.0,-1431.0,0
-109.0,-9.0,-13.0,3740.0,17.0,-1384.0,0
-97.0,-6.0,-19.0,2321.0,65.0,-1157.0,0
-74.0,-32.0,-20.0,666.0,190.0,-815.0,0
-27.0,-95.0,6.0,-974.0,322.0,-460.0,0
3.0,-174.0,29.0,-2393.0,374.0,-207.0,0
27.0,-257.0,52.0,-3518.0,350.0,-97.0,0
45.0,-327.0,67.0,-4359.0,306.0,-62.0,0
65.0,-396.0,77.0,-4961.0,278.0,-40.0,0
95.0,-446.0,90.0,-5308.0,244.0,-6.0,0
127.0,-478.0,88.0,-5338.0,193.0,7.0,0
140.0,-502.0,78.0,-5018.0,135.0,-37.0,0
137.0,-507.0,62.0,-4534.0,94.0,-130.0,0
128.0,-501.0,46.0,-3729.0,81.0,-250.0,0
112.0,-491.0,32.0,-2779.0,90.0,-378.0,0
93.0,-469.0,37.0,-1743.0,94.0,-498.0,0
73.0,-438.0,29.0,-652.0,70.0,-625.0,0
53.0,-402.0,28.0,426.0,10.0,-747.0,0
43.0,-365.0,21.0,1418.0,-85.0,-822.0,0
30.0,-319.0,15.0,2270.0,-201.0,-886.0,0
31.0,-277.0,6.0,2954.0,-303.0,-935.0,0
24.0,-230.0,-3.0,3445.0,-372.0,-981.0,0
23.0,-183.0,-9.0,3737.0,-383.0,-1026.0,0
27.0,-126.0,-15.0,3853.0,-324.0,-1074.0,0
28.0,-75.0,-27.0,3845.0,-212.0,-1137.0,0
25.0,-16.0,-26.0,3746.0,-64.0,-1217.0,0
22.0,36.0,-31.0,3580.0,86.0,-1289.0,0
18.0,89.0,-34.0,3322.0,244.0,-1314.0,0
16.0,136.0,-40.0,2963.0,410.0,-1263.0,0
5.0,173.0,-50.0,2521.0,564.0,-1147.0,0
0.0,194.0,-59.0,2016.0,677.0,-959.0,0
-11.0,205.0,-66.0,1450.0,724.0,-710.0,0
-9.0,201.0,-75.0,833.0,709.0,-449.0,0
-3.0,182.0,-92.0,201.0,646.0,-201.0,0
-4.0,146.0,-104.0,-405.0,549.0,9.0,0
-4.0,97.0,-108.0,-949.0,422.0,171.0,0
-8.0,56.0,-115.0,-1389.0,259.0,281.0,0
-19.0,19.0,-107.0,-1687.0,56.0,352.0,0
-27.0,-7.0,-101.0,-1814.0,-178.0,406.0,0
-35.0,-29.0,-88.0,-1781.0,-418.0,460.0,0
-37.0,-56.0,-80.0,-1608.0,-635.0,507.0,0
-45.0,-79.0,-69.0,-1323.0,-799.0,526.0,0
-53.0,-101.0,-72.0,-957.0,-900.0,511.0,0
-63.0,-117.0,-74.0,-545.0,-944.0,469.0,0
-62.0,-138.0,-72.0,-126.0,-934.0,421.0,0
-33.0,-155.0,-62.0,263.0,-864.0,382.0,0
6.0,-186.0,-48.0,612.0,-697.0,341.0,0
58.0,-205.0,-56.0,927.0,-410.0,271.0,0
104.0,-238.0,-48.0,1199.0,-36.0,153.0,0
129.0,-258.0,-36.0,1369.0,340.0,-29.0,0
122.0,-273.0,-34.0,1370.0,583.0,-267.0,0
81.0,-288.0,-41.0,1159.0,680.0,-555.0,0
17.0,-302.0,-68.0,714.0,776.0,-863.0,0
-11.0,-320.0,-112.0,12.0,1043.0,-1168.0,0
7.0,-353.0,-172.0,-954.0,1460.0,-1456.0,0
57.0,-402.0,-240.0,-2156.0,1788.0,-1674.0,0
82.0,-467.0,-281.0,-3487.0,1866.0,-1786.0,0
75.0,-537.0,-279.0,-4759.0,1719.0,-1829.0,0
27.0,-600.0,-255.0,-5749.0,1445.0,-1835.0,0
-35.0,-665.0,-186.0,-6332.0,1124.0,-1789.0,0
-65.0,-719.0,-111.0,-6364.0,827.0,-1602.0,0
-29.0,-778.0,-40.0,-5808.0,652.0,-1218.0,0
5.0,-833.0,12.0,-4748.0,605.0,-774.0,0
-6.0,-862.0,43.0,-3381.0,631.0,-411.0,0
-28.0,-846.0,56.0,-1928.0,631.0,-98.0,0
-50.0,-789.0,65.0,-536.0,515.0,203.0,0
-54.0,-711.0,70.0,732.0,295.0,489.0,0
-59.0,-627.0,70.0,1836.0,7.0,710.0,0
-58.0,-546.0,52.0,2704.0,-329.0,851.0,0
-48.0,-460.0,39.0,3275.0,-651.0,933.0,0
-38.0,-380.0,17.0,3523.0,-877.0,944.0,0
-29.0,-308.0,-2.0,3455.0,-978.0,930.0,0
-25.0,-255.0,-22.0,3092.0,-984.0,949.0,0
-32.0,-228.0,-36.0,2451.0,-945.0,1001.0,0
-37.0,-220.0,-46.0,1576.0,-898.0,1031.0,0
-35.0,-230.0,-51.0,549.0,-861.0,989.0,0
-34.0,-247.0,-28.0,-506.0,-844.0,892.0,0
-29.0,-287.0,-10.0,-1478.0,-842.0,759.0,0
-8.0,-328.0,19.0,-2289.0,-840.0,613.0,0
6.0,-368.0,37.0,-2890.0,-824.0,491.0,0
15.0,-394.0,68.0,-3241.0,-800.0,446.0,0
20.0,-414.0,94.0,-3304.0,-781.0,501.0,0
20.0,-430.0,112.0,-3065.0,-770.0,633.0,0
17.0,-434.0,128.0,-2559.0,-772.0,781.0,0
13.0,-425.0,137.0,-1999.0,-783.0,895.0,0
14.0,-406.0,134.0,-1169.0,-776.0,969.0,0
6.0,-379.0,129.0,-268.0,-729.0,1017.0,0
10.0,-329.0,116.0,611.0,-657.0,1051.0,0
15.0,-284.0,94.0,1383.0,-535.0,1062.0,0
31.0,-246.0,75.0,1994.0,-386.0,1056.0,0
30.0,-199.0,41.0,2415.0,-218.0,1041.0,0
37.0,-157.0,7.0,2655.0,-50.0,1020.0,0
54.0,-113.0,-18.0,2730.0,99.0,980.0,0
65.0,-72.0,-42.0,2665.0,213.0,935.0,0
75.0,-29.0,-63.0,2483.0,285.0,867.0,0
93.0,7.0,-82.0,2213.0,304.0,780.0,0
106.0,41.0,-101.0,1900.0,279.0,672.0,0
105.0,71.0,-117.0,1579.0,219.0,546.0,0
100.0,95.0,-133.0,1261.0,142.0,407.0,0
86.0,117.0,-147.0,948.0,54.0,258.0,0
73.0,130.0,-154.0,635.0,-44.0,102.0,0
59.0,136.0,-158.0,316.0,-149.0,-41.0,0
42.0,130.0,-161.0,-3.0,-255.0,-171.0,0
25.0,118.0,-159.0,-319.0,-361.0,-287.0,0
4.0,91.0,-157.0,-619.0,-465.0,-380.0,0
-2.0,59.0,-150.0,-883.0,-558.0,-442.0,0
-1.0,30.0,-128.0,-1079.0,-641.0,-494.0,0
-6.0,4.0,-111.0,-1169.0,-709.0,-558.0,0
-3.0,-20.0,-97.0,-1135.0,-745.0,-629.0,0
0.0,-36.0,-79.0,-986.0,-737.0,-696.0,0
5.0,-48.0,-62.0,-744.0,-684.0,-748.0,0
18.0,-60.0,-59.0,-436.0,-586.0,-791.0,0
27.0,-65.0,-64.0,-88.0,-457.0,-837.0,0
28.0,-76.0,-77.0,276.0,-319.0,-888.0,0
9.0,-77.0,-72.0,626.0,-191.0,-939.0,0
-8.0,-75.0,-56.0,937.0,-74.0,-975.0,0
-34.0,-85.0,-31.0,1187.0,54.0,-970.0,0
-65.0,-99.0,-11.0,1367.0,191.0,-902.0,0
-109.0,-118.0,-18.0,1446.0,283.0,-753.0,0
-132.0,-141.0,-46.0,1354.0,281.0,-512.0,0
-129.0,-171.0,-86.0,1015.0,191.0,-160.0,0
-96.0,-215.0,-115.0,429.0,76.0,280.0,0
-32.0,-282.0,-129.0,-353.0,8.0,737.0,0
59.0,-379.0,-185.0,-1364.0,-32.0,1161.0,0
117.0,-507.0,-367.0,-2756.0,-23.0,1553.0,0
121.0,-637.0,-520.0,-4640.0,298.0,2053.0,0
122.0,-776.0,-536.0,-6623.0,964.0,2709.0,0
126.0,-954.0,-417.0,-8002.0,1562.0,3256.0,0
79.0,-1060.0,-264.0,-8123.0,1613.0,3274.0,0
-40.0,-1049.0,-141.0,-6812.0,1064.0,2633.0,0
-124.0,-996.0,-35.0,-4493.0,248.0,1675.0,0
-110.0,-925.0,49.0,-1868.0,-414.0,864.0,0
-48.0,-839.0,89.0,493.0,-701.0,392.0,0
0.0,-743.0,87.0,2310.0,-629.0,84.0,0
0.0,-606.0,61.0,3551.0,-334.0,-221.0,0
-28.0,-492.0,28.0,4307.0,11.0,-527.0,0
-66.0,-372.0,5.0,4722.0,299.0,-792.0,0
-83.0,-263.0,-19.0,4880.0,492.0,-1005.0,0
-86.0,-151.0,-33.0,4757.0,581.0,-1179.0,0
-86.0,-59.0,-53.0,4314.0,554.0,-1298.0,0
-74.0,-4.0,-75.0,3533.0,437.0,-1317.0,0
-65.0,3.0,-93.0,2458.0,306.0,-1230.0,0
-62.0,-23.0,-110.0,1166.0,257.0,-1068.0,0
-44.0,-87.0,-101.0,-252.0,330.0,-833.0,0
4.0,-165.0,-74.0,-1667.0,488.0,-543.0,0
38.0,-254.0,-43.0,-2949.0,626.0,-277.0,0
61.0,-348.0,-15.0,-3994.0,700.0,-51.0,0
75.0,-444.0,24.0,-4743.0,717.0,176.0,0
82.0,-542.0,62.0,-5108.0,679.0,410.0,0
83.0,-629.0,86.0,-5019.0,592.0,619.0,0
82.0,-684.0,96.0,-4602.0,467.0,731.0,0
69.0,-706.0,90.0,-3707.0,323.0,699.0,0
63.0,-703.0,74.0,-2520.0,172.0,547.0,0
61.0,-676.0,56.0,-1211.0,59.0,334.0,0
73.0,-632.0,34.0,99.0,-54.0,107.0,0
76.0,-574.0,23.0,1318.0,-146.0,-120.0,0
73.0,-501.0,15.0,2378.0,-226.0,-303.0,0
65.0,-417.0,6.0,3225.0,-301.0,-517.0,0
61.0,-338.0,-8.0,3845.0,-374.0,-718.0,0
43.0,-252.0,-29.0,4223.0,-443.0,-914.0,0
20.0,-178.0,-54.0,4361.0,-505.0,-1082.0,0
0.0,-98.0,-69.0,4266.0,-562.0,-1168.0,0
-9.0,-39.0,-80.0,3987.0,-600.0,-1163.0,0
-16.0,7.0,-87.0,3567.0,-608.0,-1099.0,0
-23.0,51.0,-94.0,3054.0,-569.0,-1020.0,0
-16.0,82.0,-96.0,2485.0,-480.0,-941.0,0
-4.0,102.0,-88.0,1892.0,-337.0,-866.0,0
0.0,127.0,-77.0,1333.0,-141.0,-806.0,0
-6.0,139.0,-65.0,849.0,85.0,-766.0,0
-19.0,157.0,-49.0,449.0,294.0,-726.0,0
-31.0,153.0,-39.0,124.0,447.0,-644.0,0
-41.0,140.0,-34.0,-117.0,530.0,-509.0,0
-47.0,124.0,-32.0,-284.0,533.0,-346.0,0
-48.0,100.0,-34.0,-387.0,467.0,-172.0,0
-40.0,70.0,-50.0,-417.0,355.0,1.0,0
-20.0,41.0,-71.0,-387.0,208.0,160.0,0
-7.0,11.0,-85.0,-329.0,41.0,289.0,0
0.0,-11.0,-103.0,-250.0,-108.0,390.0,0
2.0,-37.0,-120.0,-156.0,-214.0,468.0,0
0.0,-48.0,-120.0,-47.0,-275.0,520.0,0
4.0,-68.0,-113.0,71.0,-290.0,545.0,0
2.0,-79.0,-97.0,195.0,-271.0,545.0,0
9.0,-82.0,-70.0,331.0,-224.0,515.0,0
12.0,-88.0,-39.0,482.0,-153.0,456.0,0
13.0,-84.0,-17.0,642.0,-68.0,373.0,0
17.0,-82.0,1.0,803.0,24.0,271.0,0
-22.0,-96.0,-1.0,956.0,108.0,166.0,0
-41.0,-117.0,0.0,1112.0,160.0,76.0,0
-18.0,-115.0,16.0,1253.0,161.0,15.0,0
113.0,-125.0,7.0,1335.0,166.0,-8.0,0
221.0,-120.0,1.0,1275.0,264.0,-68.0,0
226.0,-81.0,-16.0,1022.0,374.0,-228.0,0
201.0,-59.0,-96.0,544.0,313.0,-486.0,0
159.0,-67.0,-247.0,-186.0,-91.0,-781.0,0
79.0,-147.0,-405.0,-1156.0,-779.0,-1005.0,0
32.0,-275.0,-474.0,-2285.0,-1259.0,-1129.0,0
51.0,-433.0,-507.0,-3425.0,-1165.0,-1217.0,0
101.0,-619.0,-555.0,-4638.0,-525.0,-1327.0,0
115.0,-808.0,-581.0,-6007.0,547.0,-1483.0,0
31.0,-960.0,-528.0,-7328.0,1880.0,-1695.0,0
-78.0,-1070.0,-386.0,-8168.0,3064.0,-1889.0,0
-173.0,-1143.0,-193.0,-8076.0,3617.0,-1881.0,0
-232.0,-1160.0,-20.0,-6849.0,3350.0,-1465.0,0
-225.0,-1139.0,78.0,-4553.0,2442.0,-737.0,0
-146.0,-1052.0,121.0,-1727.0,1453.0,-56.0,0
-63.0,-897.0,119.0,1041.0,931.0,232.0,0
-14.0,-711.0,100.0,3283.0,940.0,90.0,0
-30.0,-514.0,89.0,4849.0,1154.0,-246.0,0
-69.0,-345.0,60.0,5848.0,1197.0,-431.0,0
-87.0,-202.0,19.0,6249.0,920.0,-300.0,0
-92.0,-96.0,-20.0,5978.0,338.0,36.0,0
-94.0,-40.0,-51.0,5056.0,-432.0,392.0,0
-86.0,-21.0,-73.0,3695.0,-1193.0,658.0,0
-68.0,-46.0,-88.0,2189.0,-1764.0,846.0,0
-36.0,-98.0,-88.0,747.0,-2043.0,976.0,0
-7.0,-157.0,-77.0,-261.0,-2023.0,1033.0,0
10.0,-220.0,-57.0,-1278.0,-1775.0,1028.0,0
16.0,-282.0,-24.0,-2015.0,-1421.0,1010.0,0
20.0,-344.0,7.0,-2485.0,-1134.0,998.0,0
30.0,-405.0,28.0,-2711.0,-820.0,999.0,0
30.0,-461.0,53.0,-2716.0,-580.0,1004.0,0
32.0,-513.0,70.0,-2527.0,-405.0,1014.0,0
37.0,-557.0,78.0,-2184.0,-284.0,1027.0,0
36.0,-583.0,82.0,-1729.0,-222.0,1028.0,0
36.0,-597.0,88.0,-1185.0,-209.0,1002.0,0
35.0,-584.0,92.0,-564.0,-241.0,950.0,0
35.0,-538.0,92.0,118.0,-296.0,876.0,0
21.0,-495.0,101.0,821.0,-346.0,795.0,0
29.0,-423.0,77.0,1471.0,-376.0,715.0,0
23.0,-349.0,69.0,1994.0,-387.0,655.0,0
32.0,-272.0,53.0,2358.0,-386.0,628.0,0
48.0,-208.0,36.0,2562.0,-370.0,634.0,0
64.0,-157.0,18.0,2613.0,-337.0,643.0,0
84.0,-111.0,0.0,2534.0,-291.0,621.0,0
105.0,-70.0,-17.0,2341.0,-228.0,561.0,0
119.0,-32.0,-29.0,2057.0,-156.0,465.0,0
130.0,2.0,-39.0,1721.0,-77.0,348.0,0
131.0,35.0,-48.0,1377.0,-3.0,226.0,0
121.0,61.0,-53.0,1064.0,48.0,101.0,0
106.0,87.0,-64.0,812.0,66.0,-14.0,0
86.0,107.0,-77.0,625.0,54.0,-110.0,0
69.0,123.0,-89.0,487.0,30.0,-196.0,0
53.0,137.0,-103.0,386.0,-14.0,-270.0,0
30.0,140.0,-120.0,301.0,-81.0,-322.0,0
7.0,139.0,-127.0,205.0,-162.0,-382.0,0
-22.0,134.0,-135.0,97.0,-259.0,-442.0,0
-50.0,126.0,-143.0,-19.0,-357.0,-478.0,0
-70.0,113.0,-144.0,-134.0,-453.0,-478.0,0
-84.0,88.0,-145.0,-231.0,-533.0,-459.0,0
-90.0,63.0,-148.0,-310.0,-596.0,-436.0,0
-91.0,39.0,-145.0,-368.0,-629.0,-421.0,0
-71.0,9.0,-143.0,-409.0,-613.0,-426.0,0
-53.0,-9.0,-128.0,-421.0,-536.0,-462.0,0
-34.0,-28.0,-107.0,-396.0,-392.0,-519.0,0
-12.0,-47.0,-79.0,-325.0,-191.0,-590.0,0
3.0,-62.0,-59.0,-207.0,48.0,-658.0,0
18.0,-77.0,-44.0,-30.0,297.0,-727.0,0
21.0,-98.0,-32.0,220.0,531.0,-792.0,0
6.0,-113.0,-13.0,556.0,718.0,-835.0,0
-7.0,-135.0,17.0,948.0,854.0,-832.0,0
-19.0,-154.0,56.0,1339.0,965.0,-759.0,0
-32.0,-170.0,79.0,1674.0,1045.0,-612.0,0
-61.0,-184.0,69.0,1879.0,1018.0,-405.0,0
-73.0,-196.0,21.0,1840.0,784.0,-122.0,0
-63.0,-220.0,-67.0,1382.0,301.0,293.0,0
-27.0,-264.0,-159.0,429.0,-353.0,821.0,0
46.0,-372.0,-289.0,-914.0,-1024.0,1357.0,0
94.0,-555.0,-465.0,-2480.0,-1429.0,1791.0,0
100.0,-799.0,-641.0,-4239.0,-1175.0,2120.0,0
91.0,-1037.0,-651.0,-6036.0,-137.0,2378.0,0
83.0,-1200.0,-393.0,-7199.0,1172.0,2451.0,0
68.0,-1224.0,-61.0,-6806.0,1823.0,2132.0,0
63.0,-1100.0,137.0,-4726.0,1470.0,1523.0,0
79.0,-945.0,161.0,-1855.0,596.0,929.0,0
127.0,-788.0,138.0,850.0,-24.0,526.0,0
168.0,-634.0,132.0,2889.0,-60.0,239.0,0
145.0,-485.0,110.0,4162.0,296.0,-1.0,0
93.0,-346.0,65.0,4765.0,731.0,-182.0,0
19.0,-213.0,2.0,4832.0,1012.0,-336.0,0
-49.0,-109.0,-63.0,4528.0,1036.0,-467.0,0
-97.0,-29.0,-105.0,3919.0,859.0,-531.0,0
-127.0,26.0,-126.0,3049.0,602.0,-543.0,0
-134.0,52.0,-123.0,1977.0,357.0,-508.0,0
-129.0,43.0,-103.0,805.0,169.0,-431.0,0
-109.0,10.0,-75.0,-357.0,79.0,-342.0,0
-84.0,-50.0,-38.0,-1235.0,124.0,-290.0,0
-75.0,-122.0,-7.0,-2236.0,284.0,-302.0,0
-64.0,-198.0,26.0,-3086.0,499.0,-340.0,0
-52.0,-289.0,56.0,-3745.0,667.0,-352.0,0
-26.0,-385.0,71.0,-4208.0,829.0,-311.0,0
1.0,-486.0,79.0,-4493.0,906.0,-234.0,0
35.0,-583.0,85.0,-4619.0,901.0,-152.0,0
66.0,-667.0,78.0,-4555.0,828.0,-37.0,0
95.0,-731.0,67.0,-4242.0,692.0,73.0,0
120.0,-767.0,61.0,-3613.0,511.0,152.0,0
126.0,-766.0,54.0,-2627.0,341.0,164.0,0
127.0,-732.0,55.0,-1344.0,219.0,86.0,0
116.0,-657.0,49.0,58.0,138.0,-65.0,0
99.0,-549.0,45.0,1391.0,61.0,-248.0,0
83.0,-425.0,34.0,2509.0,-20.0,-415.0,0
82.0,-308.0,5.0,3338.0,-84.0,-542.0,0
82.0,-208.0,-23.0,3838.0,-124.0,-632.0,0
78.0,-123.0,-49.0,4019.0,-146.0,-702.0,0
70.0,-60.0,-81.0,3918.0,-155.0,-758.0,0
62.0,-6.0,-106.0,3604.0,-152.0,-813.0,0
51.0,19.0,-124.0,3141.0,-146.0,-864.0,0
37.0,38.0,-121.0,2593.0,-134.0,-901.0,0
25.0,47.0,-119.0,2015.0,-112.0,-918.0,0
15.0,51.0,-104.0,1454.0,-77.0,-919.0,0
14.0,48.0,-85.0,955.0,-20.0,-911.0,0
10.0,47.0,-66.0,544.0,67.0,-905.0,0
2.0,44.0,-41.0,246.0,189.0,-893.0,0
-8.0,46.0,-24.0,63.0,326.0,-866.0,0
-17.0,43.0,-12.0,-27.0,461.0,-819.0,0
-26.0,37.0,-4.0,-58.0,574.0,-744.0,0
-38.0,29.0,-11.0,-57.0,655.0,-640.0,0
-48.0,17.0,-15.0,-42.0,694.0,-504.0,0
-47.0,5.0,-31.0,-23.0,693.0,-358.0,0
-47.0,-5.0,-40.0,-8.0,655.0,-205.0,0
-38.0,-22.0,-50.0,7.0,576.0,-62.0,0
-26.0,-28.0,-59.0,38.0,464.0,52.0,0
-28.0,-36.0,-60.0,95.0,332.0,139.0,0
-32.0,-43.0,-65.0,177.0,194.0,214.0,0
-31.0,-55.0,-62.0,284.0,53.0,289.0,0
-36.0,-71.0,-52.0,422.0,-79.0,358.0,0
-46.0,-73.0,-56.0,586.0,-197.0,412.0,0
-54.0,-90.0,-56.0,777.0,-293.0,450.0,0
-69.0,-106.0,-67.0,995.0,-370.0,469.0,0
-77.0,-117.0,-53.0,1223.0,-432.0,486.0,0
-51.0,-128.0,-32.0,1438.0,-473.0,495.0,0
27.0,-149.0,-36.0,1590.0,-455.0,482.0,0
124.0,-170.0,-48.0,1637.0,-316.0,422.0,0
168.0,-177.0,-60.0,1544.0,-59.0,269.0,0
159.0,-168.0,-83.0,1288.0,172.0,11.0,0
100.0,-170.0,-129.0,801.0,244.0,-301.0,0
19.0,-198.0,-178.0,4.0,136.0,-560.0,0
-22.0,-270.0,-220.0,-1116.0,4.0,-727.0,0
-3.0,-370.0,-269.0,-2434.0,67.0,-876.0,0
68.0,-491.0,-334.0,-3745.0,399.0,-1071.0,0
123.0,-614.0,-380.0,-4905.0,921.0,-1316.0,0
94.0,-701.0,-385.0,-5812.0,1469.0,-1578.0,0
4.0,-770.0,-333.0,-6358.0,1897.0,-1824.0,0
-75.0,-824.0,-254.0,-6425.0,2136.0,-2008.0,0
-90.0,-868.0,-143.0,-5969.0,2142.0,-1948.0,0
-54.0,-912.0,-24.0,-4987.0,1913.0,-1592.0,0
-24.0,-933.0,69.0,-3536.0,1492.0,-1136.0,0
-22.0,-914.0,109.0,-1773.0,1028.0,-765.0,0
-24.0,-838.0,116.0,78.0,648.0,-492.0,0
-19.0,-739.0,109.0,1808.0,393.0,-266.0,0
-17.0,-627.0,100.0,3283.0,253.0,-84.0,0
-16.0,-510.0,96.0,4418.0,180.0,70.0,0
-15.0,-405.0,85.0,5182.0,95.0,204.0,0
-18.0,-310.0,66.0,5571.0,-70.0,328.0,0
-13.0,-231.0,38.0,5627.0,-321.0,452.0,0
-3.0,-178.0,-1.0,5368.0,-618.0,611.0,0
3.0,-134.0,-41.0,4708.0,-894.0,780.0,0
15.0,-115.0,-71.0,3699.0,-1052.0,926.0,0
20.0,-111.0,-79.0,2472.0,-1144.0,1027.0,0
19.0,-128.0,-67.0,1172.0,-1135.0,1092.0,0
13.0,-161.0,-59.0,-79.0,-1052.0,1109.0,0
4.0,-212.0,-23.0,-1193.0,-921.0,1086.0,0
1.0,-267.0,2.0,-2114.0,-762.0,1008.0,0
4.0,-323.0,40.0,-2807.0,-584.0,894.0,0
11.0,-376.0,63.0,-3253.0,-399.0,782.0,0
23.0,-422.0,95.0,-3445.0,-218.0,692.0,0
33.0,-456.0,127.0,-3380.0,-70.0,625.0,0
49.0,-460.0,159.0,-3068.0,28.0,573.0,0
33.0,-470.0,149.0,-2548.0,76.0,555.0,0
21.0,-463.0,155.0,-1871.0,95.0,572.0,0
13.0,-447.0,156.0,-1081.0,76.0,629.0,0
0.0,-419.0,150.0,-228.0,30.0,703.0,0
-6.0,-390.0,135.0,630.0,-34.0,785.0,0
-12.0,-354.0,119.0,1422.0,-105.0,842.0,0
-22.0,-308.0,98.0,2096.0,-172.0,858.0,0
-23.0,-265.0,71.0,2620.0,-238.0,855.0,0
-18.0,-217.0,47.0,2976.0,-297.0,848.0,0
-3.0,-173.0,17.0,3158.0,-349.0,837.0,0
11.0,-130.0,-6.0,3175.0,-396.0,818.0,0
31.0,-89.0,-30.0,3052.0,-434.0,784.0,0
36.0,-45.0,-66.0,2821.0,-464.0,745.0,0
47.0,-4.0,-82.0,2499.0,-489.0,708.0,0
52.0,31.0,-107.0,2113.0,-503.0,678.0,0
60.0,61.0,-124.0,1682.0,-487.0,632.0,0
59.0,86.0,-140.0,1223.0,-445.0,556.0,0
57.0,109.0,-152.0,749.0,-397.0,432.0,0
48.0,121.0,-154.0,264.0,-359.0,260.0,0
32.0,123.0,-154.0,-225.0,-342.0,70.0,0
15.0,126.0,-153.0,-698.0,-358.0,-105.0,0
4.0,112.0,-145.0,-1145.0,-413.0,-245.0,0
-6.0,91.0,-136.0,-1549.0,-499.0,-342.0,0
-14.0,65.0,-115.0,-1886.0,-613.0,-398.0,0
-19.0,46.0,-100.0,-2120.0,-739.0,-422.0,0
-22.0,27.0,-79.0,-2218.0,-859.0,-429.0,0
-22.0,4.0,-65.0,-2167.0,-951.0,-438.0,0
-9.0,-10.0,-51.0,-1971.0,-996.0,-450.0,0
3.0,-25.0,-41.0,-1648.0,-974.0,-465.0,0
21.0,-40.0,-34.0,-1224.0,-870.0,-493.0,0
33.0,-54.0,-31.0,-724.0,-690.0,-539.0,0
43.0,-66.0,-34.0,-181.0,-460.0,-595.0,0
47.0,-77.0,-50.0,371.0,-219.0,-644.0,0
36.0,-92.0,-74.0,902.0,-14.0,-672.0,0
19.0,-108.0,-76.0,1387.0,138.0,-671.0,0
-8.0,-118.0,-63.0,1794.0,257.0,-627.0,0
-22.0,-137.0,-40.0,2103.0,386.0,-518.0,0
-39.0,-170.0,-31.0,2297.0,544.0,-324.0,0
-69.0,-202.0,-57.0,2318.0,680.0,-43.0,0
-105.0,-245.0,-81.0,2144.0,703.0,294.0,0
-108.0,-293.0,-95.0,1835.0,608.0,670.0,0
-63.0,-331.0,-82.0,1439.0,506.0,1063.0,0
25.0,-375.0,-35.0,816.0,478.0,1370.0,0
117.0,-440.0,-107.0,-237.0,557.0,1463.0,0
187.0,-546.0,-273.0,-2056.0,891.0,1427.0,0
181.0,-700.0,-355.0,-4473.0,1509.0,1597.0,0
170.0,-871.0,-341.0,-6889.0,2158.0,2096.0,0
105.0,-967.0,-206.0,-8642.0,2346.0,2581.0,0
-17.0,-958.0,-51.0,-8943.0,1927.0,2621.0,0
-116.0,-915.0,36.0,-7463.0,1149.0,2236.0,0
-159.0,-882.0,61.0,-4704.0,299.0,1598.0,0
-134.0,-853.0,55.0,-1552.0,-405.0,960.0,0
-95.0,-809.0,49.0,1226.0,-846.0,452.0,0
-72.0,-730.0,33.0,3227.0,-990.0,79.0,0
-52.0,-628.0,25.0,4391.0,-867.0,-191.0,0
-58.0,-509.0,44.0,4956.0,-555.0,-422.0,0
-73.0,-408.0,52.0,5285.0,-222.0,-648.0,0
-90.0,-311.0,47.0,5481.0,1.0,-847.0,0
-96.0,-233.0,59.0,5523.0,123.0,-1057.0,0
-101.0,-155.0,65.0,5421.0,180.0,-1317.0,0
-113.0,-91.0,59.0,5113.0,177.0,-1530.0,0
-116.0,-53.0,38.0,4493.0,145.0,-1572.0,0
-101.0,-28.0,19.0,3472.0,109.0,-1412.0,0
-75.0,-22.0,17.0,2116.0,111.0,-1133.0,0
-47.0,-53.0,14.0,615.0,126.0,-891.0,0
-17.0,-115.0,26.0,-886.0,112.0,-618.0,0
13.0,-196.0,33.0,-2320.0,69.0,-411.0,0
45.0,-275.0,56.0,-3612.0,23.0,-272.0,0
83.0,-346.0,78.0,-4645.0,-23.0,-158.0,0
124.0,-409.0,99.0,-5304.0,-60.0,-56.0,0
144.0,-452.0,111.0,-5537.0,-70.0,-7.0,0
159.0,-475.0,123.0,-5353.0,-55.0,-19.0,0
161.0,-484.0,126.0,-4789.0,-38.0,-71.0,0
158.0,-487.0,123.0,-3953.0,-25.0,-134.0,0
148.0,-474.0,109.0,-2942.0,-16.0,-208.0,0
129.0,-457.0,90.0,-1851.0,-23.0,-301.0,0
104.0,-434.0,64.0,-760.0,-51.0,-431.0,0
80.0,-404.0,42.0,272.0,-99.0,-586.0,0
66.0,-375.0,20.0,1200.0,-164.0,-736.0,0
55.0,-338.0,0.0,1988.0,-237.0,-870.0,0
41.0,-298.0,-19.0,2606.0,-316.0,-987.0,0
28.0,-255.0,-29.0,3057.0,-392.0,-1086.0,0
20.0,-203.0,-46.0,3363.0,-461.0,-1154.0,0
14.0,-151.0,-52.0,3544.0,-497.0,-1193.0,0
6.0,-101.0,-59.0,3618.0,-495.0,-1202.0,0
5.0,-45.0,-57.0,3598.0,-459.0,-1181.0,0
2.0,12.0,-65.0,3512.0,-392.0,-1137.0,0
-3.0,63.0,-64.0,3341.0,-283.0,-1069.0,0
-13.0,112.0,-69.0,3083.0,-142.0,-963.0,0
-19.0,144.0,-75.0,2741.0,9.0,-806.0,0
-27.0,169.0,-75.0,2298.0,148.0,-600.0,0
-34.0,178.0,-86.0,1758.0,264.0,-361.0,0
-27.0,167.0,-96.0,1122.0,354.0,-106.0,0
-23.0,150.0,-107.0,416.0,415.0,127.0,0
-19.0,120.0,-105.0,-297.0,435.0,310.0,0
-22.0,83.0,-106.0,-941.0,414.0,449.0,0
-26.0,52.0,-100.0,-1442.0,336.0,545.0,0
-31.0,25.0,-80.0,-1765.0,202.0,615.0,0
-32.0,0.0,-63.0,-1890.0,34.0,658.0,0
-28.0,-26.0,-55.0,-1823.0,-137.0,677.0,0
-28.0,-54.0,-41.0,-1596.0,-279.0,670.0,0
-38.0,-81.0,-45.0,-1258.0,-383.0,628.0,0
-45.0,-104.0,-51.0,-855.0,-458.0,565.0,0
-45.0,-127.0,-60.0,-440.0,-509.0,486.0,0
-27.0,-142.0,-55.0,-26.0,-530.0,415.0,0
16.0,-168.0,-55.0,384.0,-490.0,357.0,0
63.0,-191.0,-58.0,781.0,-346.0,290.0,0
109.0,-222.0,-58.0,1147.0,-105.0,187.0,0
140.0,-254.0,-56.0,1435.0,162.0,35.0,0
142.0,-276.0,-63.0,1552.0,314.0,-174.0,0
124.0,-296.0,-65.0,1429.0,286.0,-463.0,0
64.0,-290.0,-82.0,1044.0,212.0,-820.0,0
12.0,-293.0,-115.0,392.0,300.0,-1181.0,0
6.0,-319.0,-166.0,-541.0,629.0,-1505.0,0
45.0,-356.0,-219.0,-1703.0,1062.0,-1757.0,0
79.0,-406.0,-264.0,-2973.0,1347.0,-1873.0,0
85.0,-468.0,-288.0,-4216.0,1409.0,-1865.0,0
60.0,-537.0,-277.0,-5302.0,1311.0,-1818.0,0
-1.0,-599.0,-217.0,-6096.0,1151.0,-1790.0,0
-46.0,-651.0,-142.0,-6445.0,986.0,-1735.0,0
-44.0,-698.0,-56.0,-6252.0,870.0,-1536.0,0
-5.0,-745.0,17.0,-5510.0,809.0,-1205.0,0
1.0,-788.0,69.0,-4356.0,793.0,-850.0,0
-15.0,-813.0,86.0,-2972.0,793.0,-510.0,0
-28.0,-803.0,84.0,-1543.0,786.0,-172.0,0
-38.0,-749.0,84.0,-457.0,744.0,171.0,0
-43.0,-670.0,87.0,794.0,645.0,495.0,0
-62.0,-586.0,90.0,1873.0,444.0,740.0,0
-72.0,-512.0,72.0,2700.0,140.0,877.0,0
-66.0,-430.0,46.0,3221.0,-114.0,917.0,0
-50.0,-355.0,20.0,3421.0,-351.0,859.0,0
-32.0,-289.0,1.0,3311.0,-475.0,779.0,0
-27.0,-249.0,-19.0,2934.0,-524.0,766.0,0
-32.0,-227.0,-33.0,2322.0,-541.0,818.0,0
-30.0,-228.0,-43.0,1508.0,-565.0,865.0,0
-20.0,-243.0,-45.0,550.0,-607.0,838.0,0
-10.0,-272.0,-38.0,-474.0,-658.0,750.0,0
14.0,-317.0,-21.0,-1463.0,-691.0,627.0,0
28.0,-363.0,-14.0,-2320.0,-692.0,496.0,0
48.0,-398.0,24.0,-2946.0,-659.0,409.0,0
60.0,-428.0,62.0,-3275.0,-613.0,418.0,0
61.0,-454.0,79.0,-3282.0,-582.0,527.0,0
56.0,-464.0,109.0,-2991.0,-574.0,675.0,0
45.0,-471.0,127.0,-2452.0,-588.0,806.0,0
32.0,-455.0,138.0,-1733.0,-613.0,899.0,0
26.0,-434.0,145.0,-910.0,-627.0,958.0,0
20.0,-397.0,136.0,-55.0,-607.0,998.0,0
17.0,-355.0,126.0,749.0,-550.0,1018.0,0
10.0,-309.0,113.0,1433.0,-460.0,1013.0,0
13.0,-259.0,96.0,1957.0,-352.0,995.0,0
17.0,-206.0,67.0,2317.0,-245.0,963.0,0
22.0,-161.0,48.0,2510.0,-149.0,922.0,0
29.0,-118.0,23.0,2542.0,-73.0,868.0,0
36.0,-74.0,-3.0,2426.0,-18.0,793.0,0
47.0,-45.0,-30.0,2194.0,19.0,710.0,0
56.0,-15.0,-60.0,1874.0,40.0,621.0,0
67.0,5.0,-76.0,1518.0,48.0,521.0,0
65.0,27.0,-95.0,1170.0,47.0,404.0,0
61.0,45.0,-111.0,866.0,47.0,275.0,0
50.0,59.0,-124.0,621.0,38.0,130.0,0
35.0,71.0,-129.0,420.0,20.0,-19.0,0
17.0,84.0,-140.0,240.0,-12.0,-157.0,0
3.0,92.0,-136.0,72.0,-57.0,-285.0,0
-12.0,95.0,-133.0,-74.0,-123.0,-384.0,0
-20.0,91.0,-124.0,-198.0,-214.0,-451.0,0
-28.0,81.0,-118.0,-298.0,-326.0,-499.0,0
-29.0,66.0,-115.0,-372.0,-442.0,-528.0,0
-22.0,40.0,-116.0,-415.0,-537.0,-539.0,0
-11.0,15.0,-110.0,-426.0,-593.0,-548.0,0
-1.0,-2.0,-105.0,-386.0,-601.0,-572.0,0
10.0,-24.0,-96.0,-290.0,-556.0,-609.0,0
19.0,-46.0,-91.0,-142.0,-466.0,-650.0,0
24.0,-61.0,-87.0,49.0,-344.0,-689.0,0
25.0,-70.0,-81.0,274.0,-209.0,-731.0,0
17.0,-76.0,-68.0,516.0,-69.0,-769.0,0
8.0,-82.0,-52.0,742.0,81.0,-793.0,0
-2.0,-87.0,-32.0,926.0,243.0,-790.0,0
-23.0,-93.0,-27.0,1048.0,399.0,-743.0,0
-56.0,-109.0,-39.0,1075.0,490.0,-632.0,0
-81.0,-130.0,-69.0,971.0,464.0,-426.0,0
-78.0,-164.0,-103.0,709.0,321.0,-125.0,0
-48.0,-206.0,-126.0,266.0,121.0,245.0,0
-7.0,-260.0,-136.0,-357.0,-48.0,623.0,0
59.0,-349.0,-162.0,-1168.0,-147.0,972.0,0
146.0,-500.0,-269.0,-2218.0,-162.0,1298.0,0
174.0,-616.0,-365.0,-3571.0,27.0,1655.0,0
189.0,-708.0,-380.0,-5044.0,498.0,2109.0,0
192.0,-786.0,-296.0,-6160.0,1040.0,2573.0,0
138.0,-842.0,-182.0,-6384.0,1331.0,2789.0,0
37.0,-849.0,-111.0,-5538.0,1210.0,2624.0,0
-61.0,-810.0,-58.0,-3959.0,745.0,2165.0,0
-82.0,-760.0,-14.0,-2138.0,159.0,1613.0,0
-60.0,-697.0,26.0,-464.0,-292.0,1166.0,0
-29.0,-642.0,57.0,877.0,-484.0,877.0,0
-14.0,-592.0,67.0,1854.0,-441.0,635.0,0
-21.0,-539.0,62.0,2470.0,-261.0,354.0,0
-41.0,-473.0,40.0,2781.0,-37.0,26.0,0
-64.0,-392.0,9.0,2891.0,176.0,-326.0,0
-88.0,-300.0,-23.0,2900.0,354.0,-683.0,0
-106.0,-214.0,-55.0,2842.0,476.0,-1002.0,0
-127.0,-146.0,-81.0,2686.0,523.0,-1205.0,0
-129.0,-110.0,-106.0,2369.0,497.0,-1234.0,0
-124.0,-102.0,-124.0,1850.0,422.0,-1142.0,0
-98.0,-112.0,-121.0,1117.0,355.0,-1019.0,0
-70.0,-138.0,-95.0,220.0,344.0,-891.0,0
-30.0,-182.0,-66.0,-742.0,392.0,-782.0,0
0.0,-234.0,-32.0,-1693.0,459.0,-645.0,0
22.0,-294.0,3.0,-2581.0,512.0,-493.0,0
46.0,-364.0,35.0,-3345.0,526.0,-290.0,0
65.0,-442.0,62.0,-3912.0,472.0,-41.0,0
88.0,-510.0,79.0,-4228.0,355.0,219.0,0
104.0,-573.0,90.0,-4252.0,215.0,455.0,0
114.0,-610.0,89.0,-3964.0,94.0,611.0,0
114.0,-628.0,83.0,-3389.0,-9.0,654.0,0
109.0,-625.0,69.0,-2594.0,-100.0,606.0,0
103.0,-605.0,53.0,-1670.0,-185.0,496.0,0
94.0,-577.0,40.0,-699.0,-252.0,339.0,0
81.0,-542.0,32.0,228.0,-298.0,141.0,0
69.0,-496.0,25.0,1023.0,-330.0,-96.0,0
61.0,-445.0,18.0,1657.0,-343.0,-350.0,0
43.0,-388.0,12.0,2178.0,-345.0,-606.0,0
27.0,-332.0,2.0,2602.0,-350.0,-850.0,0
15.0,-283.0,-11.0,2914.0,-368.0,-1069.0,0
1.0,-233.0,-28.0,3109.0,-393.0,-1230.0,0
-15.0,-185.0,-43.0,3187.0,-409.0,-1315.0,0
-24.0,-135.0,-52.0,3168.0,-412.0,-1329.0,0
-30.0,-91.0,-52.0,3072.0,-402.0,-1290.0,0
-44.0,-45.0,-52.0,2917.0,-376.0,-1215.0,0
-39.0,-3.0,-48.0,2710.0,-329.0,-1117.0,0
-33.0,37.0,-45.0,2454.0,-254.0,-1014.0,0
-21.0,71.0,-34.0,2175.0,-149.0,-906.0,0
-5.0,100.0,-28.0,1903.0,-17.0,-796.0,0
0.0,116.0,-20.0,1651.0,111.0,-659.0,0
8.0,122.0,-21.0,1435.0,220.0,-518.0,0
6.0,127.0,-35.0,1246.0,283.0,-363.0,0
7.0,121.0,-40.0,1068.0,304.0,-197.0,0
12.0,116.0,-54.0,884.0,285.0,-29.0,0
13.0,114.0,-65.0,690.0,230.0,131.0,0
21.0,108.0,-86.0,495.0,156.0,283.0,0
17.0,99.0,-98.0,310.0,77.0,413.0,0
9.0,86.0,-109.0,156.0,-2.0,524.0,0
8.0,64.0,-117.0,30.0,-77.0,619.0,0
1.0,36.0,-118.0,-64.0,-141.0,690.0,0
-5.0,4.0,-102.0,-132.0,-203.0,727.0,0
-13.0,-22.0,-83.0,-164.0,-262.0,733.0,0
-21.0,-49.0,-63.0,-134.0,-316.0,722.0,0
-31.0,-74.0,-43.0,-26.0,-367.0,691.0,0
-43.0,-103.0,-45.0,155.0,-413.0,642.0,0
-60.0,-122.0,-49.0,403.0,-448.0,580.0,0
-68.0,-133.0,-48.0,682.0,-478.0,516.0,0
-41.0,-143.0,-44.0,924.0,-484.0,455.0,0
55.0,-161.0,-71.0,1077.0,-400.0,388.0,0
133.0,-174.0,-77.0,1122.0,-147.0,286.0,0
180.0,-173.0,-86.0,1050.0,187.0,104.0,0
203.0,-173.0,-122.0,839.0,414.0,-197.0,0
178.0,-174.0,-174.0,435.0,415.0,-601.0,0
106.0,-192.0,-224.0,-227.0,220.0,-995.0,0
54.0,-254.0,-261.0,-1154.0,31.0,-1266.0,0
66.0,-350.0,-295.0,-2243.0,72.0,-1425.0,0
114.0,-460.0,-363.0,-3378.0,422.0,-1526.0,0
150.0,-576.0,-435.0,-4511.0,1001.0,-1587.0,0
143.0,-683.0,-439.0,-5586.0,1648.0,-1649.0,0
81.0,-761.0,-374.0,-6382.0,2234.0,-1789.0,0
-19.0,-809.0,-262.0,-6634.0,2649.0,-1947.0,0
-81.0,-859.0,-124.0,-6263.0,2750.0,-1852.0,0
-92.0,-936.0,25.0,-5284.0,2438.0,-1419.0,0
-69.0,-1000.0,117.0,-3755.0,1826.0,-851.0,0
-57.0,-1013.0,136.0,-1866.0,1204.0,-415.0,0
-63.0,-941.0,123.0,108.0,810.0,-162.0,0
-59.0,-829.0,105.0,1967.0,653.0,9.0,0
-62.0,-706.0,101.0,3601.0,605.0,146.0,0
-63.0,-573.0,94.0,4691.0,552.0,268.0,0
-68.0,-441.0,86.0,5739.0,429.0,357.0,0
-68.0,-320.0,62.0,6396.0,222.0,425.0,0
-64.0,-220.0,16.0,6633.0,9.0,497.0,0
-61.0,-138.0,-28.0,6360.0,-274.0,600.0,0
-55.0,-73.0,-73.0,5575.0,-544.0,726.0,0
-44.0,-45.0,-106.0,4403.0,-765.0,914.0,0
-30.0,-54.0,-97.0,2991.0,-924.0,1073.0,0
-23.0,-80.0,-83.0,1475.0,-1017.0,1162.0,0
-16.0,-123.0,-67.0,-28.0,-1041.0,1164.0,0
-7.0,-177.0,-35.0,-1413.0,-998.0,1087.0,0
1.0,-238.0,1.0,-2577.0,-894.0,958.0,0
5.0,-289.0,37.0,-3447.0,-744.0,827.0,0
7.0,-344.0,70.0,-3987.0,-567.0,740.0,0
18.0,-402.0,111.0,-4195.0,-385.0,716.0,0
21.0,-448.0,135.0,-4082.0,-240.0,722.0,0
24.0,-480.0,152.0,-3687.0,-151.0,721.0,0
15.0,-498.0,164.0,-3087.0,-122.0,706.0,0
10.0,-499.0,168.0,-2356.0,-134.0,702.0,0
6.0,-489.0,162.0,-1564.0,-174.0,718.0,0
0.0,-464.0,151.0,-745.0,-226.0,758.0,0
-6.0,-432.0,134.0,66.0,-275.0,809.0,0
-8.0,-399.0,116.0,830.0,-317.0,864.0,0
-12.0,-360.0,92.0,1508.0,-352.0,913.0,0
-10.0,-320.0,70.0,2079.0,-382.0,950.0,0
0.0,-277.0,48.0,2525.0,-418.0,962.0,0
20.0,-229.0,25.0,2833.0,-468.0,937.0,0
40.0,-186.0,1.0,3000.0,-528.0,885.0,0
54.0,-129.0,-24.0,3038.0,-595.0,823.0,0
66.0,-77.0,-51.0,2969.0,-656.0,767.0,0
78.0,-26.0,-75.0,2817.0,-712.0,720.0,0
90.0,19.0,-101.0,2598.0,-745.0,672.0,0
90.0,62.0,-128.0,2318.0,-737.0,606.0,0
85.0,96.0,-143.0,1978.0,-689.0,519.0,0
67.0,130.0,-163.0,1574.0,-603.0,423.0,0
59.0,155.0,-168.0,1105.0,-511.0,324.0,0
48.0,169.0,-171.0,587.0,-442.0,226.0,0
36.0,176.0,-169.0,36.0,-416.0,127.0,0
27.0,175.0,-166.0,-525.0,-450.0,25.0,0
23.0,156.0,-160.0,-1070.0,-537.0,-70.0,0
19.0,141.0,-148.0,-1574.0,-659.0,-166.0,0
15.0,123.0,-130.0,-1989.0,-801.0,-254.0,0
17.0,96.0,-109.0,-2261.0,-929.0,-328.0,0
17.0,69.0,-87.0,-2356.0,-1012.0,-385.0,0
24.0,45.0,-76.0,-2273.0,-1027.0,-436.0,0
32.0,18.0,-68.0,-2036.0,-970.0,-497.0,0
43.0,-13.0,-70.0,-1679.0,-842.0,-580.0,0
45.0,-41.0,-81.0,-1227.0,-654.0,-675.0,0
36.0,-67.0,-92.0,-718.0,-434.0,-770.0,0
15.0,-94.0,-93.0,-195.0,-205.0,-845.0,0
-14.0,-113.0,-76.0,285.0,17.0,-891.0,0
-33.0,-138.0,-56.0,685.0,242.0,-881.0,0
-54.0,-177.0,-29.0,984.0,475.0,-797.0,0
-71.0,-210.0,-57.0,1164.0,683.0,-629.0,0
-92.0,-245.0,-79.0,1208.0,792.0,-390.0,0
-84.0,-294.0,-99.0,1160.0,778.0,-102.0,0
-37.0,-342.0,-75.0,1074.0,719.0,217.0,0
27.0,-388.0,-1.0,908.0,711.0,492.0,0
85.0,-443.0,62.0,460.0,794.0,645.0,0
137.0,-543.0,-109.0,-504.0,1057.0,667.0,0
172.0,-643.0,-258.0,-2388.0,1565.0,756.0,0
168.0,-779.0,-338.0,-4842.0,2179.0,1131.0,0
155.0,-924.0,-298.0,-7167.0,2615.0,1676.0,0
53.0,-942.0,-151.0,-8488.0,2559.0,2076.0,0
-76.0,-885.0,-3.0,-8247.0,1982.0,2200.0,0
-159.0,-848.0,57.0,-6283.0,1089.0,2059.0,0
-163.0,-830.0,50.0,-3195.0,150.0,1706.0,0
-120.0,-801.0,27.0,36.0,-492.0,1283.0,0
-74.0,-747.0,8.0,2696.0,-1031.0,872.0,0
-44.0,-665.0,-12.0,4495.0,-1234.0,510.0,0
-26.0,-553.0,-25.0,5431.0,-1129.0,269.0,0
-31.0,-412.0,-20.0,5703.0,-786.0,11.0,0
-67.0,-296.0,-4.0,5644.0,-376.0,-219.0,0
-98.0,-218.0,5.0,5545.0,-126.0,-379.0,0
-109.0,-155.0,0.0,5392.0,-51.0,-502.0,0
-102.0,-98.0,-17.0,5056.0,-37.0,-678.0,0
-88.0,-58.0,-34.0,4408.0,-5.0,-914.0,0
-84.0,-33.0,-48.0,3398.0,43.0,-1127.0,0
-88.0,-40.0,-48.0,2058.0,105.0,-1230.0,0
-94.0,-62.0,-25.0,525.0,194.0,-1178.0,0
-68.0,-116.0,8.0,-993.0,308.0,-988.0,0
-31.0,-183.0,61.0,-2309.0,378.0,-772.0,0
-4.0,-257.0,103.0,-3313.0,381.0,-629.0,0
18.0,-324.0,128.0,-3994.0,344.0,-560.0,0
49.0,-383.0,151.0,-4388.0,289.0,-500.0,0
81.0,-433.0,152.0,-4534.0,212.0,-410.0,0
111.0,-465.0,145.0,-4468.0,110.0,-306.0,0
141.0,-478.0,132.0,-4212.0,3.0,-226.0,0
157.0,-483.0,125.0,-3788.0,-88.0,-176.0,0
165.0,-473.0,107.0,-3191.0,-156.0,-146.0,0
158.0,-453.0,98.0,-2452.0,-192.0,-136.0,0
147.0,-430.0,86.0,-1620.0,-190.0,-140.0,0
135.0,-405.0,82.0,-717.0,-163.0,-159.0,0
124.0,-376.0,77.0,221.0,-160.0,-195.0,0
107.0,-344.0,67.0,1141.0,-212.0,-253.0,0
85.0,-311.0,52.0,1977.0,-315.0,-351.0,0
75.0,-275.0,30.0,2659.0,-440.0,-488.0,0
69.0,-242.0,5.0,3139.0,-566.0,-646.0,0
61.0,-197.0,-14.0,3415.0,-668.0,-810.0,0
38.0,-140.0,-41.0,3512.0,-724.0,-946.0,0
23.0,-96.0,-51.0,3452.0,-719.0,-1030.0,0
16.0,-45.0,-64.0,3281.0,-664.0,-1076.0,0
2.0,2.0,-69.0,3042.0,-557.0,-1098.0,0
1.0,37.0,-80.0,2749.0,-404.0,-1105.0,0
-8.0,75.0,-87.0,2426.0,-224.0,-1086.0,0
-14.0,107.0,-94.0,2089.0,-36.0,-1033.0,0
-14.0,131.0,-97.0,1728.0,133.0,-949.0,0
-16.0,144.0,-103.0,1342.0,281.0,-819.0,0
-17.0,146.0,-109.0,918.0,406.0,-660.0,0
-14.0,136.0,-120.0,451.0,507.0,-492.0,0
-14.0,120.0,-126.0,-61.0,580.0,-334.0,0
-16.0,97.0,-121.0,-574.0,636.0,-199.0,0
-10.0,58.0,-113.0,-1024.0,672.0,-92.0,0
-3.0,17.0,-102.0,-1402.0,674.0,-12.0,0
-5.0,-27.0,-85.0,-1670.0,624.0,39.0,0
-14.0,-54.0,-68.0,-1771.0,525.0,66.0,0
-30.0,-79.0,-66.0,-1686.0,392.0,96.0,0
-51.0,-109.0,-62.0,-1436.0,243.0,150.0,0
-63.0,-135.0,-66.0,-1050.0,89.0,214.0,0
-56.0,-161.0,-66.0,-577.0,-68.0,266.0,0
-23.0,-185.0,-61.0,-71.0,-196.0,306.0,0
22.0,-208.0,-51.0,432.0,-245.0,318.0,0
56.0,-226.0,-34.0,915.0,-205.0,273.0,0
73.0,-239.0,-26.0,1355.0,-119.0,179.0,0
87.0,-256.0,-30.0,1686.0,-55.0,41.0,0
76.0,-261.0,-49.0,1821.0,-34.0,-134.0,0
28.0,-262.0,-69.0,1677.0,10.0,-317.0,0
-22.0,-270.0,-96.0,1176.0,164.0,-504.0,0
-58.0,-301.0,-135.0,279.0,442.0,-722.0,0
-50.0,-336.0,-175.0,-961.0,775.0,-1003.0,0
-32.0,-394.0,-216.0,-2369.0,1009.0,-1292.0,0
-46.0,-456.0,-234.0,-3743.0,1074.0,-1530.0,0
-81.0,-532.0,-236.0,-4893.0,983.0,-1677.0,0
-131.0,-600.0,-204.0,-5747.0,809.0,-1760.0,0
-171.0,-669.0,-143.0,-6231.0,572.0,-1763.0,0
-153.0,-724.0,-81.0,-6246.0,292.0,-1578.0,0
-71.0,-776.0,-24.0,-5854.0,54.0,-1190.0,0
-17.0,-823.0,17.0,-4844.0,-82.0,-808.0,0
-5.0,-843.0,32.0,-3423.0,-125.0,-485.0,0
0.0,-832.0,30.0,-1849.0,-138.0,-188.0,0
-1.0,-773.0,34.0,-276.0,-160.0,83.0,0
-17.0,-684.0,43.0,1218.0,-188.0,306.0,0
-28.0,-576.0,45.0,2535.0,-262.0,449.0,0
-40.0,-463.0,46.0,3577.0,-447.0,604.0,0
-31.0,-360.0,47.0,4276.0,-713.0,730.0,0
3.0,-240.0,9.0,4597.0,-953.0,810.0,0
49.0,-166.0,-19.0,4487.0,-1079.0,858.0,0
80.0,-111.0,-40.0,3880.0,-1099.0,908.0,0
93.0,-94.0,-52.0,2832.0,-1073.0,1009.0,0
90.0,-115.0,-46.0,1495.0,-1054.0,1134.0,0
89.0,-175.0,-26.0,86.0,-1080.0,1240.0,0
77.0,-245.0,-5.0,-1202.0,-1121.0,1295.0,0
62.0,-321.0,13.0,-2276.0,-1105.0,1272.0,0
59.0,-391.0,42.0,-3087.0,-1011.0,1184.0,0
60.0,-464.0,59.0,-3622.0,-849.0,1043.0,0
61.0,-519.0,80.0,-3877.0,-664.0,870.0,0
56.0,-553.0,102.0,-3848.0,-501.0,707.0,0
47.0,-571.0,120.0,-3529.0,-384.0,599.0,0
30.0,-571.0,127.0,-2943.0,-337.0,585.0,0
13.0,-565.0,133.0,-2141.0,-365.0,650.0,0
-12.0,-541.0,142.0,-1203.0,-449.0,747.0,0
-33.0,-504.0,135.0,-218.0,-555.0,861.0,0
-51.0,-453.0,134.0,749.0,-646.0,958.0,0
-56.0,-393.0,125.0,1622.0,-687.0,1032.0,0
-62.0,-324.0,105.0,2305.0,-661.0,1067.0,0
-56.0,-256.0,84.0,2758.0,-561.0,1055.0,0
-47.0,-184.0,55.0,2986.0,-417.0,1006.0,0
-33.0,-113.0,19.0,3011.0,-261.0,944.0,0
-11.0,-60.0,-17.0,2860.0,-116.0,880.0,0
11.0,-13.0,-55.0,2560.0,18.0,816.0,0
34.0,21.0,-85.0,2149.0,144.0,755.0,0
60.0,50.0,-109.0,1690.0,258.0,696.0,0
76.0,66.0,-127.0,1249.0,346.0,634.0,0
89.0,82.0,-138.0,865.0,397.0,541.0,0
101.0,95.0,-145.0,557.0,404.0,414.0,0
113.0,107.0,-144.0,327.0,365.0,262.0,0
100.0,113.0,-144.0,165.0,289.0,88.0,0
88.0,119.0,-145.0,37.0,194.0,-88.0,0
77.0,116.0,-140.0,-72.0,84.0,-242.0,0
63.0,109.0,-135.0,-187.0,-48.0,-364.0,0
43.0,100.0,-128.0,-325.0,-193.0,-473.0,0
21.0,90.0,-115.0,-450.0,-346.0,-553.0,0
10.0,76.0,-105.0,-523.0,-509.0,-591.0,0
2.0,60.0,-99.0,-531.0,-674.0,-609.0,0
-1.0,35.0,-98.0,-477.0,-829.0,-623.0,0
-9.0,10.0,-98.0,-387.0,-956.0,-640.0,0
-11.0,-6.0,-95.0,-275.0,-1040.0,-652.0,0
-7.0,-21.0,-95.0,-157.0,-1072.0,-669.0,0
3.0,-34.0,-90.0,-38.0,-1041.0,-690.0,0
21.0,-47.0,-89.0,80.0,-945.0,-723.0,0
32.0,-61.0,-98.0,202.0,-797.0,-768.0,0
30.0,-73.0,-90.0,342.0,-628.0,-823.0,0
5.0,-89.0,-59.0,505.0,-456.0,-860.0,0
-19.0,-114.0,-28.0,681.0,-276.0,-845.0,0
-61.0,-144.0,14.0,870.0,-76.0,-745.0,0
-114.0,-189.0,51.0,1056.0,115.0,-533.0,0
-151.0,-238.0,52.0,1175.0,225.0,-201.0,0
-143.0,-286.0,3.0,1112.0,214.0,229.0,0
-111.0,-331.0,-52.0,822.0,113.0,698.0,0
-73.0,-387.0,-113.0,307.0,16.0,1181.0,0
-26.0,-471.0,-157.0,-450.0,-16.0,1665.0,0
11.0,-574.0,-258.0,-1520.0,1.0,2112.0,0
36.0,-675.0,-388.0,-2971.0,185.0,2568.0,0
64.0,-771.0,-448.0,-4280.0,639.0,3075.0,0
121.0,-911.0,-415.0,-5744.0,1088.0,3446.0,0
137.0,-1008.0,-309.0,-6524.0,1218.0,3330.0,0
68.0,-997.0,-147.0,-6206.0,1034.0,2571.0,0
-1.0,-943.0,-1.0,-4750.0,603.0,1513.0,0
-13.0,-881.0,82.0,-2587.0,184.0,789.0,0
24.0,-809.0,114.0,-394.0,-48.0,225.0,0
63.0,-719.0,108.0,1389.0,-53.0,-87.0,0
68.0,-623.0,79.0,2672.0,113.0,-372.0,0
35.0,-512.0,39.0,3514.0,328.0,-673.0,0
-9.0,-394.0,8.0,4039.0,514.0,-940.0,0
-57.0,-278.0,-7.0,4355.0,647.0,-1132.0,0
-84.0,-184.0,-12.0,4500.0,701.0,-1207.0,0
-100.0,-104.0,-23.0,4468.0,637.0,-1156.0,0
-98.0,-44.0,-37.0,4202.0,476.0,-1016.0,0
-89.0,-27.0,-57.0,3635.0,306.0,-831.0,0
-78.0,-32.0,-65.0,2755.0,228.0,-632.0,0
-67.0,-60.0,-52.0,1636.0,285.0,-439.0,0
-51.0,-112.0,-22.0,420.0,439.0,-263.0,0
-46.0,-158.0,16.0,-744.0,603.0,-140.0,0
-52.0,-216.0,61.0,-1749.0,718.0,-83.0,0
-60.0,-274.0,98.0,-2518.0,766.0,-68.0,0
-62.0,-336.0,124.0,-3032.0,739.0,-53.0,0
-60.0,-397.0,143.0,-3300.0,641.0,-23.0,0
-45.0,-447.0,144.0,-3348.0,471.0,9.0,0
-27.0,-482.0,133.0,-3191.0,263.0,21.0,0
-8.0,-511.0,111.0,-2863.0,55.0,-1.0,0
8.0,-522.0,93.0,-2410.0,-118.0,-56.0,0
24.0,-526.0,70.0,-1895.0,-243.0,-148.0,0
32.0,-522.0,58.0,-1342.0,-315.0,-266.0,0
49.0,-512.0,38.0,-761.0,-344.0,-387.0,0
57.0,-490.0,32.0,-182.0,-352.0,-509.0,0
62.0,-461.0,27.0,397.0,-354.0,-620.0,0
65.0,-431.0,29.0,970.0,-359.0,-724.0,0
65.0,-393.0,20.0,1530.0,-372.0,-822.0,0
61.0,-353.0,13.0,2062.0,-389.0,-931.0,0
55.0,-285.0,14.0,2520.0,-410.0,-1038.0,0
59.0,-238.0,2.0,2892.0,-429.0,-1133.0,0
56.0,-159.0,-2.0,3181.0,-427.0,-1198.0,0
52.0,-87.0,-11.0,3402.0,-399.0,-1211.0,0
49.0,-19.0,-27.0,3561.0,-339.0,-1170.0,0
51.0,39.0,-41.0,3660.0,-262.0,-1096.0,0
52.0,94.0,-55.0,3685.0,-173.0,-1002.0,0
55.0,139.0,-68.0,3618.0,-90.0,-901.0,0
59.0,177.0,-86.0,3435.0,-28.0,-787.0,0
58.0,199.0,-101.0,3112.0,14.0,-674.0,0
53.0,223.0,-114.0,2651.0,39.0,-562.0,0
50.0,228.0,-135.0,2064.0,53.0,-451.0,0
50.0,219.0,-162.0,1368.0,79.0,-341.0,0
41.0,203.0,-186.0,591.0,117.0,-237.0,0
29.0,185.0,-196.0,-208.0,164.0,-152.0,0
14.0,154.0,-205.0,-951.0,193.0,-81.0,0
2.0,117.0,-208.0,-1583.0,185.0,-21.0,0
-7.0,73.0,-184.0,-2088.0,124.0,18.0,0
-12.0,34.0,-143.0,-2404.0,34.0,42.0,0
-17.0,-6.0,-112.0,-2484.0,-47.0,67.0,0
-17.0,-47.0,-73.0,-2341.0,-101.0,93.0,0
-13.0,-77.0,-49.0,-2015.0,-119.0,105.0,0
-23.0,-109.0,-36.0,-1549.0,-96.0,82.0,0
-41.0,-132.0,-35.0,-996.0,-58.0,33.0,0
-54.0,-158.0,-23.0,-426.0,-20.0,-16.0,0
-47.0,-181.0,-9.0,108.0,13.0,-51.0,0
16.0,-206.0,1.0,584.0,71.0,-75.0,0
86.0,-238.0,11.0,1005.0,213.0,-123.0,0
116.0,-256.0,30.0,1355.0,403.0,-245.0,0
110.0,-264.0,43.0,1599.0,493.0,-455.0,0
56.0,-265.0,19.0,1685.0,413.0,-728.0,0
-21.0,-270.0,-18.0,1527.0,368.0,-980.0,0
-66.0,-303.0,-89.0,948.0,573.0,-1185.0,0
-70.0,-339.0,-164.0,112.0,1034.0,-1386.0,0
-43.0,-404.0,-255.0,-1277.0,1541.0,-1555.0,0
-11.0,-505.0,-345.0,-2872.0,1941.0,-1644.0,0
-13.0,-611.0,-389.0,-4518.0,2216.0,-1684.0,0
-36.0,-709.0,-331.0,-6017.0,2346.0,-1744.0,0
-79.0,-810.0,-221.0,-7042.0,2303.0,-1862.0,0
-122.0,-855.0,-74.0,-7376.0,1930.0,-1890.0,0
-138.0,-889.0,56.0,-6801.0,1314.0,-1637.0,0
-102.0,-926.0,127.0,-5349.0,711.0,-1271.0,0
-44.0,-950.0,141.0,-3343.0,281.0,-798.0,0
-10.0,-922.0,132.0,-1219.0,58.0,-426.0,0
7.0,-848.0,111.0,719.0,18.0,-150.0,0
12.0,-740.0,101.0,2364.0,102.0,78.0,0
3.0,-611.0,95.0,3710.0,200.0,286.0,0
-12.0,-457.0,85.0,4730.0,162.0,481.0,0
-6.0,-355.0,65.0,5442.0,-38.0,644.0,0
10.0,-259.0,39.0,5895.0,-285.0,736.0,0
35.0,-183.0,3.0,6050.0,-498.0,808.0,0
47.0,-125.0,-33.0,5815.0,-659.0,900.0,0
52.0,-84.0,-59.0,5106.0,-759.0,1000.0,0
50.0,-62.0,-64.0,3931.0,-805.0,1084.0,0
43.0,-60.0,-56.0,2427.0,-807.0,1132.0,0
39.0,-88.0,-32.0,803.0,-763.0,1132.0,0
29.0,-141.0,9.0,-756.0,-656.0,1078.0,0
18.0,-203.0,49.0,-2106.0,-471.0,972.0,0
15.0,-284.0,86.0,-3163.0,-223.0,845.0,0
12.0,-353.0,127.0,-3871.0,35.0,700.0,0
9.0,-408.0,161.0,-4217.0,242.0,550.0,0
10.0,-441.0,181.0,-4216.0,354.0,423.0,0
0.0,-458.0,195.0,-3900.0,362.0,340.0,0
-6.0,-457.0,197.0,-3317.0,289.0,335.0,0
-16.0,-453.0,194.0,-2540.0,168.0,405.0,0
-24.0,-435.0,187.0,-1639.0,16.0,531.0,0
-39.0,-405.0,162.0,-671.0,-158.0,657.0,0
-45.0,-372.0,142.0,292.0,-326.0,773.0,0
-52.0,-333.0,111.0,1172.0,-460.0,872.0,0
-46.0,-296.0,78.0,1907.0,-562.0,942.0,0
-37.0,-250.0,46.0,2464.0,-626.0,1000.0,0
-14.0,-204.0,14.0,2830.0,-655.0,1052.0,0
1.0,-156.0,-19.0,3023.0,-651.0,1095.0,0
25.0,-114.0,-42.0,3066.0,-624.0,1129.0,0
44.0,-73.0,-70.0,2986.0,-581.0,1137.0,0
62.0,-34.0,-90.0,2802.0,-526.0,1126.0,0
81.0,0.0,-108.0,2536.0,-456.0,1091.0,0
91.0,32.0,-126.0,2205.0,-359.0,1015.0,0
91.0,59.0,-137.0,1815.0,-245.0,908.0,0
84.0,83.0,-144.0,1389.0,-156.0,763.0,0
82.0,101.0,-151.0,939.0,-116.0,591.0,0
76.0,111.0,-146.0,463.0,-127.0,410.0,0
65.0,127.0,-144.0,-9.0,-185.0,227.0,0
65.0,122.0,-138.0,-465.0,-280.0,55.0,0
65.0,115.0,-131.0,-883.0,-392.0,-105.0,0
63.0,91.0,-126.0,-1237.0,-505.0,-255.0,0
58.0,67.0,-116.0,-1527.0,-604.0,-393.0,0
47.0,37.0,-107.0,-1750.0,-665.0,-516.0,0
36.0,11.0,-89.0,-1885.0,-678.0,-610.0,0
32.0,-8.0,-77.0,-1895.0,-632.0,-677.0,0
32.0,-30.0,-63.0,-1763.0,-532.0,-740.0,0
32.0,-53.0,-51.0,-1492.0,-378.0,-815.0,0
30.0,-76.0,-55.0,-1088.0,-184.0,-890.0,0
28.0,-105.0,-60.0,-576.0,33.0,-964.0,0
-1.0,-129.0,-32.0,-5.0,245.0,-1022.0,0
-22.0,-151.0,-4.0,563.0,449.0,-1035.0,0
-40.0,-181.0,12.0,1097.0,661.0,-981.0,0
-68.0,-211.0,11.0,1537.0,863.0,-853.0,0
-89.0,-242.0,-26.0,1802.0,999.0,-641.0,0
-113.0,-277.0,-54.0,1878.0,998.0,-373.0,0
-128.0,-317.0,-50.0,1837.0,882.0,-75.0,0
-95.0,-349.0,-29.0,1668.0,778.0,214.0,0
-26.0,-407.0,-22.0,1161.0,786.0,430.0,0
55.0,-492.0,-169.0,338.0,946.0,527.0,0
98.0,-569.0,-327.0,-1493.0,1298.0,650.0,0
133.0,-650.0,-408.0,-4007.0,1812.0,1057.0,0
183.0,-757.0,-343.0,-6550.0,2204.0,1653.0,0
168.0,-805.0,-161.0,-8288.0,2393.0,2108.0,0
53.0,-782.0,10.0,-8465.0,2093.0,2217.0,0
-51.0,-770.0,82.0,-6930.0,1383.0,2114.0,0
-76.0,-790.0,65.0,-4327.0,541.0,1850.0,0
-42.0,-788.0,31.0,-1584.0,-148.0,1533.0,0
1.0,-746.0,14.0,673.0,-535.0,1196.0,0
10.0,-663.0,13.0,2258.0,-630.0,837.0,0
3.0,-562.0,21.0,3236.0,-534.0,526.0,0
-13.0,-461.0,37.0,3766.0,-362.0,294.0,0
-40.0,-384.0,39.0,4046.0,-208.0,104.0,0
-56.0,-325.0,32.0,4221.0,-132.0,-82.0,0
-65.0,-273.0,25.0,4275.0,-111.0,-326.0,0
-75.0,-220.0,28.0,4157.0,-85.0,-671.0,0
-90.0,-167.0,33.0,3821.0,-24.0,-1038.0,0
-97.0,-126.0,33.0,3253.0,54.0,-1282.0,0
-96.0,-99.0,25.0,2422.0,155.0,-1329.0,0
-83.0,-91.0,30.0,1352.0,294.0,-1179.0,0
-52.0,-108.0,42.0,138.0,476.0,-923.0,0
-20.0,-132.0,61.0,-1076.0,643.0,-698.0,0
-14.0,-180.0,77.0,-2153.0,730.0,-563.0,0
-10.0,-231.0,88.0,-3040.0,727.0,-476.0,0
8.0,-287.0,98.0,-3730.0,654.0,-400.0,0
34.0,-331.0,95.0,-4233.0,546.0,-325.0,0
64.0,-378.0,98.0,-4544.0,435.0,-231.0,0
84.0,-411.0,100.0,-4620.0,347.0,-120.0,0
101.0,-433.0,101.0,-4428.0,284.0,-27.0,0
111.0,-444.0,99.0,-4000.0,229.0,44.0,0
123.0,-448.0,99.0,-3370.0,169.0,103.0,0
126.0,-442.0,97.0,-2572.0,107.0,118.0,0
120.0,-425.0,88.0,-1655.0,34.0,58.0,0
115.0,-411.0,72.0,-681.0,-49.0,-73.0,0
107.0,-390.0,40.0,274.0,-140.0,-263.0,0
97.0,-374.0,18.0,1129.0,-238.0,-487.0,0
83.0,-355.0,-10.0,1828.0,-346.0,-723.0,0
73.0,-324.0,-35.0,2353.0,-450.0,-962.0,0
53.0,-275.0,-58.0,2696.0,-523.0,-1183.0,0
27.0,-230.0,-68.0,2880.0,-553.0,-1355.0,0
1.0,-178.0,-79.0,2938.0,-533.0,-1450.0,0
-12.0,-125.0,-84.0,2900.0,-466.0,-1460.0,0
-23.0,-75.0,-85.0,2803.0,-356.0,-1398.0,0
-28.0,-22.0,-79.0,2669.0,-215.0,-1294.0,0
-28.0,28.0,-80.0,2508.0,-61.0,-1169.0,0
-25.0,67.0,-76.0,2309.0,110.0,-1024.0,0
-24.0,99.0,-73.0,2058.0,275.0,-861.0,0
-20.0,120.0,-70.0,1742.0,410.0,-689.0,0
-18.0,129.0,-75.0,1356.0,494.0,-520.0,0
-16.0,132.0,-73.0,911.0,524.0,-354.0,0
-14.0,128.0,-73.0,427.0,509.0,-203.0,0
-13.0,113.0,-78.0,-69.0,478.0,-49.0,0
-12.0,88.0,-79.0,-541.0,448.0,114.0,0
-6.0,57.0,-75.0,-963.0,417.0,261.0,0
-6.0,27.0,-68.0,-1303.0,361.0,353.0,0
-15.0,1.0,-62.0,-1517.0,270.0,399.0,0
-29.0,-22.0,-63.0,-1578.0,153.0,431.0,0
-50.0,-46.0,-62.0,-1480.0,17.0,469.0,0
-63.0,-71.0,-65.0,-1245.0,-136.0,513.0,0
-70.0,-96.0,-66.0,-915.0,-297.0,549.0,0
-38.0,-125.0,-57.0,-532.0,-434.0,572.0,0
5.0,-155.0,-58.0,-111.0,-486.0,568.0,0
42.0,-178.0,-48.0,325.0,-426.0,516.0,0
64.0,-200.0,-47.0,738.0,-291.0,411.0,0
67.0,-220.0,-55.0,1066.0,-152.0,266.0,0
59.0,-231.0,-87.0,1224.0,-38.0,98.0,0
35.0,-243.0,-108.0,1243.0,84.0,-74.0,0
-11.0,-259.0,-114.0,1065.0,223.0,-245.0,0
-50.0,-290.0,-120.0,678.0,459.0,-430.0,0
-65.0,-336.0,-143.0,19.0,744.0,-656.0,0
-46.0,-398.0,-186.0,-1006.0,1009.0,-870.0,0
-12.0,-477.0,-237.0,-2362.0,1143.0,-1157.0,0
-1.0,-552.0,-265.0,-3841.0,1079.0,-1406.0,0
-6.0,-646.0,-275.0,-5157.0,908.0,-1581.0,0
-29.0,-745.0,-255.0,-6121.0,745.0,-1682.0,0
-81.0,-803.0,-180.0,-6604.0,612.0,-1618.0,0
-59.0,-846.0,-70.0,-6391.0,468.0,-1209.0,0
-15.0,-895.0,14.0,-5338.0,257.0,-642.0,0
-9.0,-918.0,58.0,-3661.0,28.0,-215.0,0
-26.0,-889.0,74.0,-1762.0,-136.0,39.0,0
-38.0,-812.0,75.0,72.0,-223.0,177.0,0
-46.0,-709.0,67.0,1706.0,-270.0,244.0,0
-55.0,-594.0,56.0,3060.0,-320.0,320.0,0
-49.0,-481.0,42.0,4073.0,-389.0,430.0,0
-34.0,-360.0,26.0,4701.0,-459.0,533.0,0
-7.0,-240.0,10.0,4900.0,-495.0,565.0,0
5.0,-150.0,-21.0,4622.0,-487.0,537.0,0
18.0,-100.0,-54.0,3864.0,-467.0,536.0,0
28.0,-90.0,-67.0,2716.0,-484.0,632.0,0
34.0,-127.0,-64.0,1360.0,-561.0,825.0,0
21.0,-188.0,-49.0,-16.0,-685.0,992.0,0
1.0,-255.0,-14.0,-1263.0,-832.0,1030.0,0
-5.0,-323.0,25.0,-2276.0,-957.0,974.0,0
-7.0,-383.0,65.0,-2987.0,-1024.0,856.0,0
-2.0,-444.0,97.0,-3390.0,-1037.0,702.0,0
3.0,-486.0,122.0,-3500.0,-1014.0,535.0,0
16.0,-516.0,135.0,-3329.0,-974.0,397.0,0
18.0,-523.0,146.0,-2884.0,-923.0,329.0,0
16.0,-538.0,150.0,-2198.0,-865.0,350.0,0
16.0,-506.0,153.0,-1330.0,-812.0,434.0,0
6.0,-469.0,141.0,-373.0,-763.0,552.0,0
-8.0,-425.0,131.0,584.0,-700.0,672.0,0
-18.0,-370.0,102.0,1453.0,-612.0,763.0,0
-22.0,-310.0,74.0,2155.0,-489.0,808.0,0
-20.0,-243.0,45.0,2645.0,-342.0,821.0,0
-10.0,-180.0,12.0,2926.0,-190.0,806.0,0
5.0,-115.0,-18.0,3020.0,-57.0,781.0,0
24.0,-54.0,-52.0,2931.0,56.0,755.0,0
51.0,-6.0,-78.0,2697.0,144.0,732.0,0
74.0,31.0,-103.0,2359.0,203.0,704.0,0
95.0,60.0,-127.0,1973.0,241.0,655.0,0
115.0,78.0,-146.0,1580.0,258.0,579.0,0
128.0,91.0,-157.0,1203.0,261.0,459.0,0
129.0,98.0,-161.0,853.0,247.0,315.0,0
120.0,100.0,-166.0,531.0,214.0,159.0,0
102.0,102.0,-161.0,234.0,156.0,2.0,0
81.0,95.0,-155.0,-31.0,63.0,-132.0,0
59.0,91.0,-143.0,-259.0,-56.0,-242.0,0
41.0,89.0,-133.0,-434.0,-190.0,-345.0,0
24.0,82.0,-122.0,-520.0,-332.0,-423.0,0
20.0,74.0,-108.0,-505.0,-470.0,-485.0,0
11.0,62.0,-105.0,-402.0,-588.0,-534.0,0
6.0,51.0,-95.0,-248.0,-678.0,-577.0,0
0.0,34.0,-95.0,-79.0,-728.0,-622.0,0
0.0,17.0,-86.0,84.0,-738.0,-667.0,0
5.0,7.0,-81.0,217.0,-705.0,-707.0,0
21.0,0.0,-65.0,315.0,-631.0,-749.0,0
34.0,-11.0,-53.0,379.0,-517.0,-800.0,0
46.0,-17.0,-37.0,422.0,-358.0,-853.0,0
54.0,-33.0,-39.0,452.0,-165.0,-900.0,0
53.0,-47.0,-45.0,509.0,39.0,-932.0,0
35.0,-65.0,-43.0,608.0,189.0,-943.0,0
17.0,-92.0,-25.0,754.0,343.0,-918.0,0
-22.0,-118.0,6.0,934.0,478.0,-832.0,0
-64.0,-148.0,27.0,1111.0,622.0,-708.0,0
-121.0,-181.0,11.0,1202.0,746.0,-488.0,0
-165.0,-211.0,-37.0,1127.0,769.0,-204.0,0
-157.0,-254.0,-100.0,828.0,653.0,196.0,0
-106.0,-318.0,-147.0,317.0,433.0,733.0,0
-17.0,-395.0,-205.0,-407.0,188.0,1334.0,0
73.0,-504.0,-272.0,-1447.0,-24.0,1881.0,0
86.0,-625.0,-424.0,-2891.0,-68.0,2300.0,0
52.0,-751.0,-496.0,-4704.0,358.0,2716.0,0
35.0,-950.0,-434.0,-6514.0,1158.0,3204.0,0
54.0,-1145.0,-277.0,-7695.0,1780.0,3540.0,0
45.0,-1200.0,-104.0,-7621.0,1748.0,3259.0,0
-28.0,-1135.0,22.0,-6056.0,1100.0,2232.0,0
-66.0,-1038.0,105.0,-3421.0,308.0,1033.0,0
-18.0,-942.0,132.0,-510.0,-205.0,250.0,0
45.0,-834.0,116.0,2002.0,-341.0,-147.0,0
62.0,-719.0,87.0,3811.0,-186.0,-461.0,0
32.0,-589.0,50.0,4937.0,98.0,-795.0,0
-17.0,-451.0,27.0,5530.0,369.0,-1094.0,0
-54.0,-315.0,36.0,5793.0,550.0,-1307.0,0
-75.0,-188.0,46.0,5911.0,615.0,-1416.0,0
-83.0,-88.0,37.0,5944.0,538.0,-1420.0,0
-89.0,-14.0,14.0,5749.0,365.0,-1333.0,0
-81.0,21.0,-12.0,5143.0,179.0,-1188.0,0
-66.0,44.0,-38.0,4062.0,53.0,-1003.0,0
-58.0,32.0,-52.0,2594.0,52.0,-796.0,0
-53.0,0.0,-37.0,924.0,166.0,-567.0,0
-37.0,-64.0,-14.0,-729.0,308.0,-327.0,0
-34.0,-140.0,25.0,-2195.0,405.0,-125.0,0
-32.0,-221.0,60.0,-3377.0,429.0,11.0,0
-23.0,-302.0,91.0,-4227.0,389.0,95.0,0
-11.0,-376.0,114.0,-4717.0,301.0,152.0,0
9.0,-442.0,123.0,-4857.0,204.0,193.0,0
30.0,-495.0,132.0,-4662.0,114.0,209.0,0
49.0,-525.0,127.0,-4162.0,48.0,183.0,0
53.0,-538.0,118.0,-3420.0,-3.0,94.0,0
56.0,-536.0,100.0,-2531.0,-56.0,-42.0,0
64.0,-518.0,81.0,-1594.0,-122.0,-204.0,0
71.0,-492.0,59.0,-681.0,-192.0,-389.0,0
78.0,-460.0,34.0,164.0,-264.0,-581.0,0
78.0,-435.0,17.0,922.0,-330.0,-758.0,0
82.0,-401.0,-3.0,1591.0,-391.0,-915.0,0
75.0,-363.0,-16.0,2160.0,-448.0,-1055.0,0
73.0,-323.0,-30.0,2594.0,-501.0,-1175.0,0
64.0,-277.0,-38.0,2885.0,-541.0,-1266.0,0
47.0,-198.0,-40.0,3038.0,-559.0,-1330.0,0
26.0,-134.0,-32.0,3099.0,-568.0,-1339.0,0
11.0,-75.0,-27.0,3132.0,-565.0,-1281.0,0
3.0,-23.0,-31.0,3176.0,-539.0,-1186.0,0
3.0,22.0,-34.0,3218.0,-479.0,-1084.0,0
1.0,60.0,-37.0,3246.0,-377.0,-985.0,0
6.0,84.0,-40.0,3227.0,-246.0,-878.0,0
8.0,123.0,-57.0,3121.0,-100.0,-757.0,0
8.0,139.0,-64.0,2907.0,33.0,-621.0,0
10.0,151.0,-72.0,2581.0,139.0,-474.0,0
12.0,151.0,-87.0,2145.0,207.0,-331.0,0
17.0,145.0,-101.0,1610.0,243.0,-203.0,0
17.0,141.0,-115.0,1000.0,253.0,-103.0,0
12.0,132.0,-135.0,350.0,256.0,-25.0,0
-1.0,118.0,-148.0,-167.0,262.0,35.0,0
-18.0,99.0,-150.0,-772.0,256.0,100.0,0
-32.0,73.0,-147.0,-1295.0,216.0,179.0,0
-33.0,43.0,-117.0,-1700.0,152.0,272.0,0
-32.0,4.0,-85.0,-1927.0,40.0,354.0,0
-29.0,-31.0,-58.0,-1948.0,-94.0,409.0,0
-26.0,-63.0,-33.0,-1772.0,-221.0,429.0,0
-29.0,-92.0,-25.0,-1418.0,-322.0,423.0,0
-41.0,-127.0,-34.0,-926.0,-389.0,387.0,0
-58.0,-154.0,-32.0,-358.0,-442.0,332.0,0
-58.0,-172.0,-30.0,214.0,-491.0,279.0,0
-3.0,-195.0,-29.0,730.0,-509.0,246.0,0
83.0,-225.0,-25.0,1166.0,-406.0,200.0,0
156.0,-254.0,-24.0,1510.0,-130.0,90.0,0
182.0,-261.0,-13.0,1697.0,240.0,-111.0,0
172.0,-265.0,-22.0,1627.0,488.0,-398.0,0
116.0,-257.0,-50.0,1245.0,516.0,-767.0,0
30.0,-258.0,-88.0,521.0,504.0,-1164.0,0
-33.0,-287.0,-138.0,-601.0,709.0,-1525.0,0
-17.0,-347.0,-200.0,-2040.0,1160.0,-1824.0,0
30.0,-440.0,-273.0,-3539.0,1651.0,-2043.0,0
59.0,-548.0,-321.0,-4875.0,2050.0,-2153.0,0
42.0,-645.0,-318.0,-5962.0,2290.0,-2172.0,0
-13.0,-722.0,-236.0,-6712.0,2301.0,-2156.0,0
-68.0,-784.0,-112.0,-6904.0,2054.0,-2108.0,0
-84.0,-838.0,5.0,-6403.0,1592.0,-1932.0,0
-55.0,-880.0,95.0,-5231.0,1065.0,-1587.0,0
-16.0,-903.0,142.0,-3522.0,668.0,-1185.0,0
10.0,-894.0,144.0,-1563.0,526.0,-822.0,0
27.0,-829.0,142.0,342.0,600.0,-477.0,0
22.0,-734.0,135.0,2017.0,756.0,-93.0,0
-6.0,-620.0,144.0,3356.0,815.0,332.0,0
-28.0,-518.0,131.0,4252.0,642.0,690.0,0
-24.0,-413.0,107.0,4774.0,352.0,883.0,0
-12.0,-286.0,71.0,5041.0,64.0,956.0,0
0.0,-223.0,47.0,5097.0,-207.0,1006.0,0
6.0,-155.0,0.0,4856.0,-451.0,1094.0,0
13.0,-122.0,-36.0,4222.0,-646.0,1184.0,0
9.0,-110.0,-56.0,3176.0,-757.0,1216.0,0
3.0,-108.0,-47.0,1817.0,-771.0,1183.0,0
-4.0,-134.0,-21.0,335.0,-696.0,1100.0,0
-3.0,-180.0,22.0,-1065.0,-544.0,967.0,0
-3.0,-241.0,67.0,-2233.0,-344.0,792.0,0
-2.0,-305.0,113.0,-3082.0,-125.0,616.0,0
3.0,-365.0,159.0,-3571.0,69.0,470.0,0
8.0,-410.0,190.0,-3699.0,204.0,358.0,0
8.0,-445.0,208.0,-3494.0,263.0,289.0,0
0.0,-455.0,214.0,-3015.0,252.0,270.0,0
0.0,-455.0,212.0,-2346.0,185.0,306.0,0
-7.0,-441.0,196.0,-1561.0,84.0,384.0,0
-21.0,-412.0,179.0,-722.0,-21.0,480.0,0
-29.0,-379.0,157.0,118.0,-113.0,585.0,0
-32.0,-342.0,131.0,915.0,-195.0,680.0,0
-24.0,-304.0,110.0,1628.0,-267.0,750.0,0
-9.0,-262.0,76.0,2216.0,-328.0,801.0,0
6.0,-221.0,50.0,2643.0,-375.0,840.0,0
26.0,-182.0,24.0,2896.0,-406.0,867.0,0
37.0,-137.0,-4.0,2993.0,-434.0,884.0,0
55.0,-99.0,-27.0,2947.0,-465.0,900.0,0
59.0,-62.0,-57.0,2777.0,-487.0,911.0,0
70.0,-30.0,-73.0,2506.0,-485.0,901.0,0
69.0,0.0,-96.0,2169.0,-450.0,867.0,0
67.0,26.0,-114.0,1779.0,-390.0,810.0,0
65.0,55.0,-117.0,1361.0,-329.0,731.0,0
57.0,73.0,-119.0,948.0,-295.0,642.0,0
47.0,92.0,-117.0,622.0,-304.0,529.0,0
35.0,103.0,-119.0,232.0,-362.0,407.0,0
22.0,113.0,-127.0,-141.0,-452.0,282.0,0
18.0,113.0,-123.0,-504.0,-542.0,169.0,0
13.0,103.0,-126.0,-856.0,-658.0,65.0,0
11.0,85.0,-121.0,-1197.0,-763.0,-33.0,0
3.0,63.0,-122.0,-1524.0,-840.0,-114.0,0
1.0,31.0,-114.0,-1815.0,-880.0,-215.0,0
-7.0,10.0,-94.0,-2041.0,-869.0,-332.0,0
-11.0,-5.0,-84.0,-2137.0,-801.0,-438.0,0
-5.0,-34.0,-74.0,-2085.0,-676.0,-523.0,0
0.0,-57.0,-56.0,-1884.0,-498.0,-609.0,0
-2.0,-77.0,-45.0,-1561.0,-272.0,-714.0,0
0.0,-101.0,-43.0,-1137.0,-13.0,-831.0,0
-2.0,-123.0,-43.0,-628.0,258.0,-923.0,0
-8.0,-144.0,-21.0,-54.0,512.0,-964.0,0
-25.0,-169.0,12.0,541.0,738.0,-945.0,0
-40.0,-196.0,46.0,1111.0,933.0,-863.0,0
-54.0,-229.0,37.0,1581.0,1083.0,-714.0,0
-77.0,-256.0,2.0,1864.0,1135.0,-497.0,0
-104.0,-270.0,-42.0,1912.0,1029.0,-239.0,0
-119.0,-275.0,-70.0,1781.0,779.0,11.0,0
-99.0,-287.0,-82.0,1461.0,510.0,234.0,0
-37.0,-349.0,-101.0,777.0,333.0,424.0,0
45.0,-459.0,-210.0,-467.0,257.0,576.0,0
72.0,-546.0,-347.0,-2396.0,314.0,818.0,0
97.0,-622.0,-399.0,-4732.0,675.0,1329.0,0
157.0,-697.0,-291.0,-6929.0,1217.0,2020.0,0
154.0,-740.0,-118.0,-8189.0,1496.0,2491.0,0
67.0,-747.0,28.0,-7974.0,1348.0,2555.0,0
-29.0,-755.0,102.0,-6377.0,886.0,2294.0,0
-83.0,-768.0,91.0,-4030.0,256.0,1892.0,0
-71.0,-769.0,57.0,-1706.0,-368.0,1539.0,0
-31.0,-747.0,39.0,120.0,-816.0,1284.0,0
-14.0,-695.0,39.0,1389.0,-996.0,1038.0,0
-39.0,-624.0,44.0,2249.0,-941.0,771.0,0
-64.0,-549.0,48.0,2848.0,-783.0,531.0,0
-86.0,-468.0,61.0,3275.0,-608.0,329.0,0
-111.0,-397.0,77.0,3603.0,-452.0,118.0,0
-130.0,-340.0,80.0,3892.0,-365.0,-116.0,0
-142.0,-280.0,66.0,4086.0,-332.0,-393.0,0
-157.0,-220.0,54.0,4064.0,-313.0,-713.0,0
-159.0,-167.0,33.0,3698.0,-300.0,-992.0,0
-147.0,-121.0,16.0,2952.0,-306.0,-1151.0,0
-133.0,-96.0,1.0,1900.0,-318.0,-1167.0,0
-119.0,-107.0,7.0,657.0,-293.0,-1037.0,0
-65.0,-150.0,32.0,-641.0,-236.0,-798.0,0
-5.0,-224.0,67.0,-1860.0,-202.0,-578.0,0
35.0,-303.0,109.0,-2888.0,-198.0,-462.0,0
68.0,-365.0,143.0,-3633.0,-199.0,-386.0,0
104.0,-417.0,170.0,-4050.0,-206.0,-295.0,0
139.0,-456.0,192.0,-4115.0,-253.0,-173.0,0
170.0,-476.0,198.0,-3828.0,-344.0,-57.0,0
174.0,-476.0,196.0,-3234.0,-428.0,20.0,0
181.0,-466.0,185.0,-2431.0,-477.0,61.0,0
168.0,-441.0,165.0,-1513.0,-500.0,64.0,0
151.0,-411.0,138.0,-568.0,-522.0,25.0,0
141.0,-381.0,107.0,332.0,-568.0,-48.0,0
133.0,-347.0,70.0,1121.0,-634.0,-168.0,0
125.0,-314.0,34.0,1729.0,-712.0,-338.0,0
113.0,-280.0,-1.0,2122.0,-795.0,-543.0,0
89.0,-237.0,-30.0,2322.0,-865.0,-753.0,0
70.0,-201.0,-53.0,2375.0,-902.0,-939.0,0
48.0,-161.0,-70.0,2315.0,-895.0,-1086.0,0
36.0,-124.0,-80.0,2183.0,-835.0,-1185.0,0
30.0,-93.0,-87.0,2000.0,-725.0,-1239.0,0
18.0,-49.0,-97.0,1776.0,-574.0,-1256.0,0
12.0,-28.0,-74.0,1549.0,-400.0,-1233.0,0
2.0,2.0,-64.0,1342.0,-215.0,-1177.0,0
1.0,26.0,-61.0,1163.0,-30.0,-1088.0,0
-9.0,53.0,-51.0,1005.0,141.0,-973.0,0
-16.0,62.0,-46.0,889.0,285.0,-827.0,0
-24.0,62.0,-41.0,749.0,388.0,-660.0,0
-28.0,58.0,-50.0,607.0,449.0,-483.0,0
-27.0,52.0,-55.0,466.0,473.0,-306.0,0
-25.0,49.0,-64.0,335.0,485.0,-130.0,0
-14.0,40.0,-76.0,219.0,484.0,37.0,0
-2.0,31.0,-90.0,113.0,463.0,159.0,0
3.0,22.0,-98.0,5.0,422.0,281.0,0
2.0,0.0,-109.0,-100.0,351.0,358.0,0
0.0,-16.0,-112.0,-199.0,256.0,408.0,0
0.0,-40.0,-101.0,-269.0,142.0,442.0,0
-4.0,-60.0,-84.0,-280.0,22.0,480.0,0
-8.0,-76.0,-67.0,-202.0,-96.0,507.0,0
-19.0,-98.0,-52.0,-29.0,-210.0,523.0,0
-34.0,-118.0,-50.0,231.0,-313.0,519.0,0
-48.0,-133.0,-45.0,550.0,-413.0,487.0,0
-31.0,-138.0,-35.0,883.0,-509.0,435.0,0
25.0,-152.0,-34.0,1191.0,-569.0,371.0,0
105.0,-171.0,-27.0,1428.0,-542.0,279.0,0
165.0,-177.0,-15.0,1553.0,-416.0,124.0,0
174.0,-177.0,-5.0,1555.0,-265.0,-97.0,0
137.0,-169.0,-20.0,1396.0,-201.0,-354.0,0
78.0,-166.0,-63.0,993.0,-217.0,-618.0,0
31.0,-193.0,-117.0,270.0,-189.0,-872.0,0
1.0,-251.0,-177.0,-808.0,-12.0,-1140.0,0
-13.0,-327.0,-210.0,-2127.0,317.0,-1451.0,0
0.0,-418.0,-251.0,-3434.0,696.0,-1772.0,0
-17.0,-511.0,-277.0,-4547.0,1034.0,-2073.0,0
-55.0,-604.0,-275.0,-5379.0,1327.0,-2328.0,0
-112.0,-673.0,-232.0,-5914.0,1583.0,-2481.0,0
-141.0,-724.0,-132.0,-6118.0,1697.0,-2410.0,0
-89.0,-770.0,-30.0,-5864.0,1548.0,-2008.0,0
-31.0,-815.0,45.0,-5059.0,1181.0,-1398.0,0
-6.0,-845.0,83.0,-3769.0,767.0,-765.0,0
8.0,-849.0,107.0,-2218.0,408.0,-195.0,0
13.0,-799.0,110.0,-585.0,150.0,245.0,0
8.0,-711.0,108.0,997.0,3.0,533.0,0
-22.0,-591.0,103.0,2388.0,-64.0,696.0,0
-56.0,-458.0,90.0,3418.0,-142.0,786.0,0
-81.0,-321.0,55.0,3928.0,-304.0,818.0,0
-67.0,-182.0,-6.0,3895.0,-499.0,784.0,0
-49.0,-88.0,-51.0,3407.0,-650.0,721.0,0
-27.0,-34.0,-79.0,2612.0,-760.0,716.0,0
-7.0,-33.0,-89.0,1603.0,-843.0,766.0,0
1.0,-68.0,-82.0,480.0,-904.0,792.0,0
1.0,-132.0,-64.0,-629.0,-929.0,788.0,0
-3.0,-211.0,-38.0,-1639.0,-891.0,784.0,0
5.0,-297.0,-1.0,-2490.0,-790.0,778.0,0
17.0,-384.0,30.0,-3143.0,-643.0,745.0,0
34.0,-463.0,68.0,-3559.0,-479.0,690.0,0
45.0,-541.0,98.0,-3710.0,-330.0,653.0,0
51.0,-600.0,118.0,-3578.0,-237.0,645.0,0
62.0,-642.0,128.0,-3190.0,-245.0,684.0,0
60.0,-662.0,130.0,-2599.0,-353.0,752.0,0
46.0,-660.0,127.0,-1855.0,-532.0,843.0,0
37.0,-640.0,117.0,-1027.0,-722.0,946.0,0
18.0,-598.0,116.0,-182.0,-852.0,1024.0,0
0.0,-532.0,107.0,620.0,-895.0,1054.0,0
-21.0,-462.0,103.0,1322.0,-865.0,1035.0,0
-36.0,-386.0,91.0,1892.0,-802.0,992.0,0
-36.0,-307.0,74.0,2319.0,-723.0,954.0,0
-27.0,-250.0,54.0,2588.0,-637.0,944.0,0
-9.0,-192.0,27.0,2699.0,-544.0,959.0,0
5.0,-147.0,-4.0,2644.0,-435.0,976.0,0
25.0,-112.0,-27.0,2442.0,-313.0,966.0,0
37.0,-79.0,-52.0,2115.0,-187.0,918.0,0
47.0,-53.0,-63.0,1708.0,-66.0,842.0,0
53.0,-34.0,-73.0,1268.0,37.0,755.0,0
57.0,-15.0,-75.0,845.0,111.0,667.0,0
62.0,-4.0,-77.0,488.0,140.0,586.0,0
57.0,6.0,-82.0,269.0,129.0,493.0,0
60.0,21.0,-89.0,93.0,82.0,402.0,0
64.0,41.0,-92.0,29.0,4.0,321.0,0
71.0,55.0,-101.0,43.0,-74.0,231.0,0
66.0,77.0,-109.0,86.0,-169.0,124.0,0
57.0,94.0,-108.0,131.0,-262.0,0.0,0
56.0,103.0,-112.0,152.0,-354.0,-104.0,0
43.0,112.0,-112.0,129.0,-435.0,-240.0,0
29.0,108.0,-105.0,60.0,-510.0,-354.0,0
15.0,93.0,-105.0,-46.0,-573.0,-416.0,0
9.0,72.0,-102.0,-174.0,-614.0,-432.0,0
10.0,44.0,-95.0,-295.0,-644.0,-436.0,0
9.0,19.0,-92.0,-391.0,-668.0,-456.0,0
6.0,-6.0,-85.0,-453.0,-677.0,-497.0,0
11.0,-29.0,-88.0,-471.0,-664.0,-553.0,0
12.0,-49.0,-84.0,-443.0,-623.0,-617.0,0
21.0,-69.0,-85.0,-358.0,-549.0,-683.0,0
19.0,-97.0,-84.0,-206.0,-436.0,-743.0,0
11.0,-115.0,-79.0,12.0,-291.0,-785.0,0
-11.0,-133.0,-58.0,278.0,-112.0,-799.0,0
-35.0,-151.0,-41.0,553.0,112.0,-772.0,0
-54.0,-171.0,-41.0,799.0,371.0,-692.0,0
-86.0,-197.0,-44.0,974.0,595.0,-546.0,0
-113.0,-228.0,-60.0,1043.0,708.0,-336.0,0
-109.0,-265.0,-66.0,998.0,681.0,-66.0,0
-65.0,-330.0,-71.0,802.0,547.0,267.0,0
0.0,-423.0,-97.0,333.0,379.0,647.0,0
57.0,-523.0,-198.0,-599.0,278.0,1042.0,0
72.0,-609.0,-326.0,-2080.0,438.0,1460.0,0
102.0,-701.0,-365.0,-3905.0,922.0,1967.0,0
129.0,-812.0,-298.0,-5529.0,1463.0,2442.0,0
130.0,-918.0,-173.0,-6406.0,1686.0,2668.0,0
65.0,-936.0,-55.0,-6127.0,1426.0,2561.0,0
-11.0,-895.0,18.0,-4695.0,781.0,2149.0,0
-31.0,-823.0,58.0,-2546.0,32.0,1585.0,0
-14.0,-736.0,64.0,-275.0,-540.0,1074.0,0
12.0,-648.0,59.0,1630.0,-795.0,699.0,0
17.0,-568.0,42.0,2965.0,-766.0,391.0,0
0.0,-491.0,22.0,3773.0,-572.0,81.0,0
-30.0,-417.0,-3.0,4179.0,-330.0,-232.0,0
-59.0,-326.0,-16.0,4283.0,-108.0,-530.0,0
-77.0,-240.0,-19.0,4195.0,65.0,-801.0,0
-87.0,-160.0,-25.0,3969.0,152.0,-995.0,0
-79.0,-107.0,-42.0,3600.0,161.0,-1064.0,0
-66.0,-86.0,-59.0,3025.0,161.0,-1040.0,0
-63.0,-86.0,-63.0,2221.0,207.0,-979.0,0
-64.0,-104.0,-57.0,1226.0,307.0,-869.0,0
-54.0,-137.0,-29.0,146.0,435.0,-703.0,0
-34.0,-179.0,4.0,-893.0,540.0,-538.0,0
-22.0,-228.0,39.0,-1814.0,592.0,-423.0,0
-9.0,-277.0,67.0,-2579.0,590.0,-341.0,0
7.0,-328.0,95.0,-3184.0,541.0,-266.0,0
25.0,-376.0,107.0,-3615.0,450.0,-177.0,0
53.0,-424.0,120.0,-3851.0,333.0,-76.0,0
76.0,-462.0,115.0,-3876.0,211.0,20.0,0
89.0,-482.0,105.0,-3683.0,108.0,82.0,0
98.0,-487.0,93.0,-3275.0,32.0,101.0,0
95.0,-480.0,81.0,-2702.0,-17.0,84.0,0
93.0,-464.0,69.0,-2025.0,-52.0,31.0,0
82.0,-436.0,67.0,-1273.0,-89.0,-53.0,0
75.0,-405.0,61.0,-476.0,-137.0,-157.0,0
64.0,-383.0,56.0,302.0,-198.0,-257.0,0
60.0,-356.0,48.0,1038.0,-272.0,-364.0,0
47.0,-325.0,38.0,1702.0,-360.0,-489.0,0
41.0,-296.0,22.0,2256.0,-461.0,-625.0,0
33.0,-261.0,9.0,2667.0,-574.0,-762.0,0
25.0,-227.0,-4.0,2932.0,-676.0,-883.0,0
26.0,-191.0,-14.0,3039.0,-749.0,-991.0,0
15.0,-148.0,-17.0,3057.0,-779.0,-1072.0,0
10.0,-108.0,-20.0,2968.0,-763.0,-1094.0,0
11.0,-65.0,-23.0,2812.0,-709.0,-1074.0,0
7.0,-27.0,-21.0,2632.0,-602.0,-1044.0,0
7.0,9.0,-23.0,2448.0,-454.0,-1018.0,0
9.0,46.0,-24.0,2263.0,-275.0,-990.0,0
15.0,71.0,-26.0,2073.0,-84.0,-958.0,0
18.0,92.0,-25.0,1858.0,102.0,-920.0,0
17.0,109.0,-32.0,1604.0,264.0,-858.0,0
18.0,116.0,-39.0,1300.0,385.0,-772.0,0
10.0,119.0,-46.0,951.0,460.0,-648.0,0
22.0,106.0,-51.0,573.0,488.0,-499.0,0
17.0,89.0,-61.0,189.0,479.0,-330.0,0
13.0,66.0,-64.0,-168.0,437.0,-150.0,0
6.0,46.0,-73.0,-460.0,365.0,22.0,0
-6.0,19.0,-77.0,-655.0,257.0,175.0,0
-11.0,-1.0,-79.0,-752.0,106.0,303.0,0
-16.0,-22.0,-81.0,-764.0,-84.0,409.0,0
-25.0,-40.0,-80.0,-712.0,-292.0,485.0,0
-23.0,-58.0,-76.0,-597.0,-495.0,549.0,0
-34.0,-83.0,-86.0,-421.0,-676.0,591.0,0
-51.0,-105.0,-90.0,-187.0,-812.0,597.0,0
-67.0,-128.0,-93.0,93.0,-915.0,583.0,0
-71.0,-147.0,-82.0,378.0,-988.0,574.0,0
-35.0,-169.0,-75.0,625.0,-1009.0,564.0,0
33.0,-194.0,-82.0,832.0,-902.0,519.0,0
105.0,-216.0,-105.0,990.0,-602.0,408.0,0
144.0,-233.0,-122.0,1066.0,-147.0,225.0,0
137.0,-234.0,-117.0,992.0,276.0,-11.0,0
106.0,-247.0,-99.0,725.0,474.0,-279.0,0
55.0,-269.0,-71.0,194.0,456.0,-582.0,0
-1.0,-333.0,-93.0,-686.0,449.0,-926.0,0
-19.0,-410.0,-168.0,-1924.0,719.0,-1297.0,0
1.0,-483.0,-233.0,-3340.0,1252.0,-1616.0,0
27.0,-547.0,-249.0,-4601.0,1791.0,-1836.0,0
10.0,-592.0,-227.0,-5469.0,2150.0,-1977.0,0
-39.0,-643.0,-166.0,-5807.0,2232.0,-2072.0,0
-92.0,-711.0,-102.0,-5606.0,2007.0,-2121.0,0
-105.0,-770.0,-35.0,-4991.0,1541.0,-2074.0,0
-60.0,-811.0,22.0,-4050.0,1005.0,-1877.0,0
-10.0,-830.0,64.0,-2848.0,622.0,-1573.0,0
4.0,-817.0,80.0,-1448.0,482.0,-1227.0,0
-13.0,-768.0,100.0,19.0,502.0,-837.0,0
-23.0,-699.0,104.0,1409.0,545.0,-384.0,0
-28.0,-620.0,106.0,2593.0,517.0,91.0,0
-38.0,-514.0,111.0,3464.0,363.0,503.0,0
-32.0,-436.0,99.0,3976.0,74.0,805.0,0
-5.0,-356.0,76.0,4216.0,-247.0,1008.0,0
17.0,-295.0,58.0,4288.0,-538.0,1162.0,0
41.0,-242.0,36.0,4171.0,-790.0,1294.0,0
44.0,-212.0,6.0,3843.0,-981.0,1384.0,0
42.0,-188.0,-15.0,3254.0,-1090.0,1421.0,0
34.0,-171.0,-28.0,2398.0,-1111.0,1419.0,0
30.0,-176.0,-27.0,1340.0,-1062.0,1383.0,0
31.0,-196.0,-16.0,205.0,-954.0,1307.0,0
35.0,-239.0,-1.0,-892.0,-785.0,1183.0,0
48.0,-294.0,27.0,-1850.0,-556.0,994.0,0
56.0,-341.0,71.0,-2585.0,-283.0,747.0,0
63.0,-382.0,111.0,-3043.0,-6.0,492.0,0
67.0,-407.0,145.0,-3186.0,216.0,286.0,0
65.0,-418.0,180.0,-3023.0,340.0,157.0,0
54.0,-421.0,200.0,-2592.0,354.0,124.0,0
38.0,-405.0,207.0,-1949.0,290.0,178.0,0
21.0,-386.0,213.0,-1155.0,178.0,293.0,0
2.0,-363.0,199.0,-277.0,47.0,446.0,0
-13.0,-334.0,188.0,605.0,-72.0,616.0,0
-22.0,-303.0,160.0,1427.0,-181.0,782.0,0
-27.0,-265.0,136.0,2140.0,-283.0,920.0,0
-28.0,-226.0,107.0,2714.0,-376.0,1056.0,0
-25.0,-184.0,68.0,3054.0,-460.0,1183.0,0
-19.0,-146.0,35.0,3318.0,-523.0,1297.0,0
-4.0,-110.0,0.0,3403.0,-564.0,1405.0,0
0.0,-74.0,-41.0,3309.0,-585.0,1483.0,0
15.0,-46.0,-73.0,3059.0,-587.0,1525.0,0
18.0,-12.0,-109.0,2674.0,-556.0,1533.0,0
33.0,14.0,-134.0,2188.0,-477.0,1494.0,0
43.0,35.0,-146.0,1628.0,-361.0,1426.0,0
60.0,55.0,-156.0,1035.0,-236.0,1299.0,0
58.0,67.0,-160.0,456.0,-127.0,1124.0,0
58.0,78.0,-154.0,-88.0,-48.0,908.0,0
49.0,77.0,-150.0,-589.0,-27.0,664.0,0
42.0,75.0,-139.0,-1062.0,-82.0,374.0,0
43.0,62.0,-127.0,-1496.0,-193.0,84.0,0
32.0,49.0,-114.0,-1882.0,-333.0,-181.0,0
24.0,31.0,-98.0,-2208.0,-473.0,-397.0,0
13.0,19.0,-78.0,-2439.0,-592.0,-557.0,0
6.0,6.0,-60.0,-2547.0,-666.0,-665.0,0
11.0,-11.0,-48.0,-2523.0,-684.0,-723.0,0
13.0,-32.0,-37.0,-2357.0,-657.0,-760.0,0
18.0,-50.0,-19.0,-2061.0,-593.0,-797.0,0
26.0,-69.0,-15.0,-1663.0,-485.0,-833.0,0
30.0,-88.0,-17.0,-1179.0,-324.0,-872.0,0
32.0,-125.0,-30.0,-635.0,-126.0,-917.0,0
34.0,-133.0,-53.0,-51.0,78.0,-966.0,0
22.0,-146.0,-56.0,547.0,256.0,-1010.0,0
2.0,-161.0,-35.0,1114.0,422.0,-1025.0,0
-12.0,-176.0,-16.0,1617.0,601.0,-981.0,0
-48.0,-199.0,0.0,2043.0,786.0,-856.0,0
-87.0,-239.0,-12.0,2364.0,901.0,-648.0,0
-129.0,-265.0,-39.0,2494.0,852.0,-375.0,0
-132.0,-291.0,-78.0,2353.0,671.0,-44.0,0
-92.0,-301.0,-109.0,1935.0,490.0,325.0,0
-22.0,-318.0,-113.0,1213.0,430.0,647.0,0
65.0,-390.0,-128.0,-29.0,463.0,849.0,0
129.0,-531.0,-290.0,-1932.0,527.0,938.0,0
110.0,-617.0,-414.0,-4410.0,785.0,1146.0,0
84.0,-727.0,-414.0,-6943.0,1286.0,1686.0,0
30.0,-829.0,-270.0,-8848.0,1693.0,2410.0,0
-43.0,-870.0,-122.0,-9346.0,1625.0,2883.0,0
-128.0,-855.0,-8.0,-8226.0,1050.0,2764.0,0
-196.0,-832.0,50.0,-5875.0,222.0,2104.0,0
-197.0,-805.0,68.0,-2989.0,-573.0,1304.0,0
-120.0,-772.0,73.0,-262.0,-1130.0,787.0,0
-54.0,-727.0,83.0,1871.0,-1354.0,522.0,0
-26.0,-662.0,72.0,3332.0,-1265.0,363.0,0
-23.0,-577.0,64.0,4224.0,-969.0,236.0,0
-36.0,-478.0,58.0,4713.0,-622.0,80.0,0
-59.0,-384.0,60.0,4982.0,-327.0,-139.0,0
-73.0,-292.0,62.0,5136.0,-137.0,-389.0,0
-77.0,-206.0,56.0,5165.0,-52.0,-633.0,0
-74.0,-126.0,41.0,4960.0,-34.0,-879.0,0
-66.0,-56.0,0.0,4337.0,-51.0,-1117.0,0
-64.0,-16.0,-39.0,3179.0,-62.0,-1283.0,0
-64.0,-12.0,-57.0,1563.0,-26.0,-1252.0,0
-60.0,-40.0,-43.0,-221.0,78.0,-1030.0,0
-22.0,-115.0,-6.0,-1891.0,203.0,-705.0,0
24.0,-218.0,35.0,-3262.0,258.0,-444.0,0
50.0,-304.0,79.0,-4247.0,239.0,-318.0,0
74.0,-378.0,113.0,-4839.0,194.0,-262.0,0
97.0,-437.0,132.0,-5069.0,141.0,-203.0,0
120.0,-484.0,143.0,-4952.0,61.0,-128.0,0
137.0,-514.0,145.0,-4506.0,-57.0,-63.0,0
146.0,-521.0,131.0,-3785.0,-183.0,-36.0,0
142.0,-508.0,123.0,-2895.0,-276.0,-46.0,0
131.0,-486.0,114.0,-1906.0,-324.0,-77.0,0
117.0,-453.0,103.0,-874.0,-337.0,-118.0,0
97.0,-422.0,92.0,173.0,-339.0,-184.0,0
84.0,-393.0,74.0,1168.0,-367.0,-281.0,0
66.0,-359.0,60.0,2053.0,-430.0,-407.0,0
55.0,-311.0,20.0,2781.0,-524.0,-567.0,0
50.0,-272.0,-13.0,3306.0,-637.0,-764.0,0
41.0,-231.0,-42.0,3553.0,-739.0,-968.0,0
27.0,-186.0,-58.0,3639.0,-785.0,-1125.0,0
9.0,-132.0,-73.0,3532.0,-742.0,-1207.0,0
3.0,-84.0,-82.0,3302.0,-643.0,-1223.0,0
-3.0,-40.0,-70.0,2990.0,-451.0,-1211.0,0
-10.0,5.0,-82.0,2639.0,-220.0,-1186.0,0
-9.0,50.0,-76.0,2285.0,8.0,-1147.0,0
-11.0,88.0,-70.0,1956.0,200.0,-1099.0,0
-9.0,122.0,-63.0,1631.0,355.0,-1018.0,0
-11.0,141.0,-64.0,1298.0,472.0,-895.0,0
-10.0,149.0,-56.0,947.0,553.0,-732.0,0
-7.0,148.0,-65.0,588.0,609.0,-548.0,0
0.0,131.0,-77.0,221.0,646.0,-365.0,0
0.0,108.0,-83.0,-144.0,664.0,-200.0,0
-8.0,85.0,-89.0,-472.0,658.0,-60.0,0
-5.0,54.0,-95.0,-729.0,618.0,58.0,0
-11.0,22.0,-101.0,-898.0,514.0,144.0,0
-18.0,0.0,-100.0,-968.0,348.0,205.0,0
-31.0,-20.0,-95.0,-936.0,141.0,278.0,0
-37.0,-45.0,-82.0,-796.0,-78.0,364.0,0
-47.0,-68.0,-73.0,-558.0,-289.0,452.0,0
-54.0,-92.0,-70.0,-251.0,-472.0,514.0,0
-65.0,-121.0,-72.0,103.0,-622.0,538.0,0
-79.0,-133.0,-78.0,481.0,-734.0,525.0,0
-60.0,-146.0,-82.0,830.0,-806.0,490.0,0
14.0,-154.0,-71.0,1092.0,-808.0,446.0,0
108.0,-174.0,-51.0,1266.0,-680.0,353.0,0
154.0,-183.0,-39.0,1352.0,-439.0,168.0,0
142.0,-178.0,-41.0,1321.0,-216.0,-99.0,0
96.0,-165.0,-68.0,1086.0,-113.0,-384.0,0
35.0,-158.0,-109.0,586.0,-33.0,-627.0,0
-1.0,-194.0,-147.0,-199.0,180.0,-826.0,0
-13.0,-283.0,-193.0,-1290.0,535.0,-1067.0,0
1.0,-390.0,-228.0,-2626.0,940.0,-1390.0,0
24.0,-511.0,-255.0,-4022.0,1249.0,-1754.0,0
18.0,-625.0,-262.0,-5306.0,1374.0,-2112.0,0
-11.0,-719.0,-261.0,-6361.0,1426.0,-2438.0,0
-69.0,-803.0,-197.0,-7041.0,1503.0,-2649.0,0
-106.0,-850.0,-122.0,-7198.0,1499.0,-2533.0,0
-79.0,-895.0,-22.0,-6710.0,1331.0,-1935.0,0
-17.0,-947.0,42.0,-5500.0,985.0,-1101.0,0
0.0,-970.0,67.0,-3746.0,571.0,-400.0,0
2.0,-945.0,69.0,-1808.0,243.0,61.0,0
-2.0,-857.0,70.0,49.0,65.0,312.0,0
-16.0,-745.0,76.0,1696.0,1.0,449.0,0
-44.0,-583.0,81.0,3047.0,-28.0,554.0,0
-53.0,-450.0,81.0,4024.0,-102.0,640.0,0
-42.0,-309.0,54.0,4575.0,-235.0,653.0,0
-32.0,-193.0,28.0,4698.0,-361.0,592.0,0
-9.0,-106.0,-16.0,4399.0,-462.0,550.0,0
6.0,-56.0,-49.0,3688.0,-550.0,610.0,0
20.0,-60.0,-69.0,2647.0,-641.0,745.0,0
21.0,-98.0,-75.0,1430.0,-745.0,870.0,0
26.0,-160.0,-72.0,200.0,-832.0,946.0,0
30.0,-234.0,-52.0,-941.0,-853.0,961.0,0
36.0,-309.0,-21.0,-1919.0,-787.0,914.0,0
42.0,-377.0,17.0,-2670.0,-653.0,810.0,0
51.0,-436.0,58.0,-3134.0,-502.0,679.0,0
60.0,-481.0,94.0,-3281.0,-369.0,564.0,0
66.0,-514.0,122.0,-3107.0,-277.0,504.0,0
64.0,-532.0,147.0,-2657.0,-235.0,499.0,0
64.0,-538.0,151.0,-1992.0,-240.0,539.0,0
58.0,-527.0,158.0,-1191.0,-274.0,604.0,0
42.0,-499.0,156.0,-324.0,-299.0,697.0,0
29.0,-456.0,147.0,550.0,-290.0,807.0,0
17.0,-400.0,132.0,1370.0,-235.0,894.0,0
11.0,-339.0,115.0,2072.0,-145.0,943.0,0
1.0,-274.0,88.0,2622.0,-35.0,959.0,0
2.0,-209.0,58.0,2997.0,73.0,961.0,0
8.0,-150.0,23.0,3174.0,163.0,975.0,0
15.0,-92.0,-15.0,3156.0,233.0,968.0,0
35.0,-40.0,-46.0,2957.0,272.0,931.0,0
44.0,4.0,-84.0,2613.0,286.0,871.0,0
54.0,41.0,-113.0,2157.0,289.0,786.0,0
62.0,66.0,-133.0,1741.0,285.0,681.0,0
60.0,87.0,-151.0,1204.0,265.0,554.0,0
53.0,106.0,-161.0,691.0,234.0,410.0,0
38.0,111.0,-161.0,242.0,199.0,260.0,0
26.0,112.0,-159.0,-117.0,140.0,113.0,0
16.0,110.0,-154.0,-377.0,61.0,-27.0,0
1.0,105.0,-148.0,-551.0,-36.0,-150.0,0
1.0,89.0,-134.0,-660.0,-151.0,-237.0,0
-10.0,77.0,-122.0,-717.0,-280.0,-342.0,0
-21.0,65.0,-108.0,-729.0,-404.0,-440.0,0
-29.0,56.0,-97.0,-709.0,-508.0,-516.0,0
-31.0,37.0,-82.0,-650.0,-588.0,-570.0,0
-33.0,21.0,-76.0,-552.0,-642.0,-612.0,0
-28.0,1.0,-71.0,-421.0,-668.0,-663.0,0
-21.0,-17.0,-70.0,-271.0,-661.0,-731.0,0
-17.0,-31.0,-75.0,-103.0,-621.0,-791.0,0
-4.0,-53.0,-77.0,88.0,-546.0,-827.0,0
-1.0,-69.0,-79.0,298.0,-442.0,-846.0,0
-8.0,-83.0,-73.0,524.0,-321.0,-856.0,0
-16.0,-114.0,-61.0,757.0,-192.0,-851.0,0
-35.0,-136.0,-46.0,995.0,-48.0,-808.0,0
-50.0,-168.0,-35.0,1222.0,99.0,-708.0,0
-66.0,-204.0,-32.0,1395.0,225.0,-542.0,0
-73.0,-240.0,-25.0,1465.0,308.0,-325.0,0
-68.0,-272.0,-18.0,1409.0,369.0,-79.0,0
-27.0,-320.0,0.0,1207.0,449.0,185.0,0
39.0,-399.0,-10.0,774.0,575.0,467.0,0
113.0,-501.0,-134.0,-142.0,715.0,748.0,0
147.0,-579.0,-287.0,-1724.0,868.0,1076.0,0
156.0,-659.0,-372.0,-3674.0,1160.0,1555.0,0
157.0,-760.0,-337.0,-5469.0,1560.0,2136.0,0
106.0,-863.0,-229.0,-6543.0,1778.0,2553.0,0
26.0,-897.0,-76.0,-6495.0,1599.0,2689.0,0
-46.0,-878.0,22.0,-5217.0,996.0,2481.0,0
-73.0,-829.0,64.0,-3095.0,191.0,1957.0,0
-69.0,-756.0,64.0,-769.0,-487.0,1315.0,0
-34.0,-665.0,42.0,1201.0,-848.0,763.0,0
-5.0,-572.0,23.0,2583.0,-878.0,343.0,0
5.0,-473.0,3.0,3430.0,-654.0,-23.0,0
-17.0,-370.0,-5.0,3926.0,-307.0,-370.0,0
-39.0,-258.0,-16.0,4202.0,51.0,-685.0,0
-61.0,-164.0,-21.0,4304.0,328.0,-942.0,0
-78.0,-86.0,-30.0,4208.0,459.0,-1107.0,0
-71.0,-38.0,-46.0,3813.0,461.0,-1151.0,0
-61.0,-9.0,-64.0,3025.0,432.0,-1104.0,0
-33.0,-13.0,-66.0,1848.0,455.0,-1026.0,0
-25.0,-41.0,-55.0,394.0,554.0,-945.0,0
-10.0,-101.0,-23.0,-1162.0,714.0,-851.0,0
1.0,-188.0,15.0,-2679.0,894.0,-744.0,0
4.0,-286.0,54.0,-4035.0,1026.0,-628.0,0
10.0,-391.0,91.0,-5161.0,1052.0,-456.0,0
26.0,-491.0,116.0,-5952.0,931.0,-222.0,0
48.0,-588.0,133.0,-6307.0,684.0,23.0,0
63.0,-646.0,138.0,-6182.0,395.0,208.0,0
71.0,-669.0,131.0,-5598.0,152.0,319.0,0
75.0,-662.0,112.0,-4632.0,0.0,331.0,0
78.0,-635.0,90.0,-3425.0,-69.0,236.0,0
70.0,-600.0,70.0,-2122.0,-92.0,58.0,0
63.0,-549.0,54.0,-818.0,-109.0,-154.0,0
54.0,-499.0,35.0,409.0,-147.0,-360.0,0
46.0,-446.0,24.0,1505.0,-212.0,-534.0,0
37.0,-391.0,14.0,2416.0,-301.0,-676.0,0
27.0,-333.0,1.0,3133.0,-399.0,-796.0,0
25.0,-273.0,-11.0,3647.0,-461.0,-891.0,0
24.0,-218.0,-22.0,3964.0,-481.0,-974.0,0
22.0,-168.0,-32.0,4082.0,-464.0,-1049.0,0
11.0,-116.0,-42.0,4037.0,-413.0,-1105.0,0
1.0,-51.0,-46.0,3868.0,-329.0,-1126.0,0
-3.0,-7.0,-46.0,3609.0,-217.0,-1115.0,0
8.0,28.0,-45.0,3284.0,-88.0,-1079.0,0
0.0,71.0,-53.0,2908.0,62.0,-1024.0,0
6.0,103.0,-52.0,2505.0,226.0,-972.0,0
14.0,134.0,-53.0,2073.0,388.0,-927.0,0
19.0,159.0,-58.0,1615.0,522.0,-871.0,0
15.0,177.0,-60.0,1121.0,628.0,-780.0,0
16.0,178.0,-62.0,685.0,703.0,-639.0,0
14.0,164.0,-66.0,104.0,745.0,-441.0,0
13.0,136.0,-64.0,-490.0,753.0,-221.0,0
16.0,98.0,-66.0,-1029.0,732.0,-9.0,0
19.0,56.0,-63.0,-1450.0,663.0,169.0,0
19.0,16.0,-61.0,-1714.0,543.0,307.0,0
15.0,-15.0,-53.0,-1781.0,379.0,406.0,0
4.0,-39.0,-44.0,-1658.0,183.0,468.0,0
0.0,-63.0,-39.0,-1377.0,-41.0,541.0,0
-12.0,-85.0,-34.0,-984.0,-280.0,605.0,0
-19.0,-111.0,-37.0,-529.0,-511.0,654.0,0
-29.0,-133.0,-46.0,-39.0,-709.0,676.0,0
-46.0,-153.0,-59.0,456.0,-862.0,664.0,0
-50.0,-169.0,-62.0,917.0,-964.0,622.0,0
-29.0,-182.0,-73.0,1301.0,-1001.0,563.0,0
24.0,-201.0,-98.0,1589.0,-931.0,480.0,0
103.0,-234.0,-117.0,1778.0,-690.0,355.0,0
168.0,-262.0,-130.0,1854.0,-265.0,195.0,0
197.0,-277.0,-120.0,1811.0,239.0,-27.0,0
171.0,-299.0,-102.0,1596.0,617.0,-317.0,0
79.0,-327.0,-80.0,1094.0,739.0,-664.0,0
-20.0,-389.0,-111.0,195.0,756.0,-1038.0,0
-39.0,-459.0,-167.0,-1123.0,988.0,-1423.0,0
3.0,-494.0,-220.0,-2589.0,1452.0,-1769.0,0
37.0,-534.0,-252.0,-3814.0,1959.0,-1999.0,0
31.0,-588.0,-259.0,-4651.0,2328.0,-2088.0,0
-34.0,-651.0,-229.0,-5094.0,2401.0,-2091.0,0
-119.0,-719.0,-169.0,-5132.0,2168.0,-2060.0,0
-161.0,-773.0,-95.0,-4769.0,1724.0,-1984.0,0
-110.0,-800.0,-12.0,-4003.0,1183.0,-1801.0,0
-50.0,-804.0,50.0,-2819.0,691.0,-1568.0,0
-35.0,-774.0,91.0,-1300.0,386.0,-1352.0,0
-46.0,-714.0,113.0,350.0,288.0,-1066.0,0
-58.0,-629.0,127.0,1922.0,290.0,-656.0,0
-65.0,-542.0,137.0,3261.0,258.0,-175.0,0
-78.0,-455.0,144.0,4261.0,92.0,268.0,0
-77.0,-382.0,125.0,4875.0,-206.0,575.0,0
-64.0,-311.0,93.0,5194.0,-539.0,747.0,0
-54.0,-248.0,47.0,5242.0,-868.0,871.0,0
-37.0,-199.0,-10.0,4926.0,-1181.0,1007.0,0
-30.0,-152.0,-70.0,4188.0,-1435.0,1148.0,0
-18.0,-129.0,-111.0,3071.0,-1592.0,1260.0,0
-14.0,-127.0,-126.0,1700.0,-1643.0,1297.0,0
-10.0,-141.0,-129.0,230.0,-1592.0,1257.0,0
-8.0,-190.0,-106.0,-1195.0,-1450.0,1169.0,0
-1.0,-251.0,-66.0,-2425.0,-1233.0,1041.0,0
4.0,-324.0,-8.0,-3364.0,-951.0,894.0,0
18.0,-387.0,60.0,-3942.0,-632.0,762.0,0
31.0,-440.0,105.0,-4138.0,-327.0,655.0,0
39.0,-482.0,156.0,-3972.0,-88.0,575.0,0
44.0,-504.0,192.0,-3496.0,51.0,537.0,0
44.0,-514.0,209.0,-2780.0,86.0,540.0,0
40.0,-510.0,213.0,-1909.0,43.0,588.0,0
35.0,-488.0,198.0,-961.0,-47.0,669.0,0
36.0,-457.0,187.0,-20.0,-159.0,766.0,0
26.0,-415.0,163.0,877.0,-281.0,867.0,0
10.0,-371.0,147.0,1697.0,-397.0,978.0,0
0.0,-323.0,126.0,2394.0,-506.0,1103.0,0
-7.0,-279.0,100.0,2945.0,-610.0,1232.0,0
-13.0,-238.0,69.0,3325.0,-715.0,1352.0,0
-15.0,-194.0,39.0,3520.0,-829.0,1446.0,0
-19.0,-154.0,10.0,3531.0,-952.0,1517.0,0
-9.0,-116.0,-14.0,3404.0,-1081.0,1575.0,0
0.0,-78.0,-50.0,3168.0,-1200.0,1606.0,0
17.0,-46.0,-80.0,2834.0,-1274.0,1608.0,0
40.0,-14.0,-113.0,2425.0,-1279.0,1574.0,0
64.0,16.0,-127.0,1964.0,-1198.0,1497.0,0
82.0,41.0,-140.0,1471.0,-1037.0,1385.0,0
96.0,67.0,-145.0,972.0,-818.0,1241.0,0
106.0,89.0,-145.0,487.0,-582.0,1067.0,0
119.0,103.0,-141.0,23.0,-362.0,863.0,0
116.0,117.0,-134.0,-418.0,-185.0,619.0,0
104.0,120.0,-125.0,-808.0,-80.0,359.0,0
98.0,118.0,-117.0,-1151.0,-42.0,105.0,0
91.0,102.0,-113.0,-1439.0,-65.0,-118.0,0
83.0,84.0,-106.0,-1682.0,-125.0,-300.0,0
77.0,64.0,-99.0,-1875.0,-205.0,-443.0,0
72.0,44.0,-89.0,-2002.0,-280.0,-553.0,0
66.0,24.0,-84.0,-2044.0,-343.0,-648.0,0
60.0,3.0,-77.0,-1980.0,-384.0,-729.0,0
47.0,-9.0,-74.0,-1856.0,-384.0,-776.0,0
44.0,-26.0,-75.0,-1613.0,-332.0,-799.0,0
45.0,-45.0,-73.0,-1292.0,-231.0,-823.0,0
49.0,-64.0,-79.0,-911.0,-125.0,-857.0,0
46.0,-84.0,-98.0,-484.0,18.0,-893.0,0
32.0,-107.0,-106.0,-29.0,140.0,-929.0,0
7.0,-133.0,-88.0,422.0,219.0,-955.0,0
-20.0,-151.0,-58.0,842.0,275.0,-951.0,0
-59.0,-203.0,-16.0,1228.0,346.0,-881.0,0
-98.0,-255.0,-1.0,1553.0,431.0,-702.0,0
-139.0,-293.0,-25.0,1737.0,454.0,-414.0,0
-161.0,-351.0,-21.0,1680.0,379.0,-61.0,0
-130.0,-391.0,-5.0,1406.0,316.0,343.0,0
-45.0,-447.0,43.0,968.0,430.0,741.0,0
50.0,-519.0,-83.0,253.0,749.0,960.0,0
106.0,-591.0,-260.0,-1132.0,1257.0,956.0,0
97.0,-660.0,-421.0,-3311.0,1851.0,1056.0,0
85.0,-783.0,-469.0,-5910.0,2473.0,1506.0,0
65.0,-885.0,-355.0,-8221.0,2828.0,2121.0,0
-4.0,-886.0,-133.0,-9203.0,2569.0,2470.0,0
-107.0,-867.0,19.0,-8100.0,1701.0,2342.0,0
-145.0,-876.0,60.0,-5253.0,615.0,1875.0,0
-83.0,-878.0,62.0,-1797.0,-339.0,1359.0,0
-15.0,-832.0,51.0,1268.0,-987.0,937.0,0
23.0,-755.0,47.0,3458.0,-1254.0,602.0,0
53.0,-637.0,39.0,4705.0,-1142.0,355.0,0
54.0,-506.0,48.0,5219.0,-762.0,103.0,0
22.0,-386.0,61.0,5403.0,-333.0,-221.0,0
-5.0,-287.0,71.0,5534.0,-84.0,-544.0,0
-29.0,-203.0,67.0,5623.0,-14.0,-841.0,0
-45.0,-133.0,56.0,5564.0,4.0,-1128.0,0
-56.0,-72.0,25.0,5185.0,58.0,-1374.0,0
-69.0,-24.0,-3.0,4287.0,179.0,-1491.0,0
-78.0,-8.0,-18.0,2816.0,394.0,-1389.0,0
-62.0,-26.0,-1.0,1001.0,705.0,-1100.0,0
-23.0,-89.0,40.0,-805.0,1024.0,-765.0,0
0.0,-179.0,80.0,-2374.0,1221.0,-544.0,0
-13.0,-267.0,126.0,-3558.0,1264.0,-431.0,0
-18.0,-343.0,153.0,-4291.0,1177.0,-356.0,0
-10.0,-409.0,173.0,-4570.0,997.0,-257.0,0
18.0,-460.0,175.0,-4443.0,776.0,-146.0,0
48.0,-498.0,166.0,-3985.0,566.0,-52.0,0
65.0,-509.0,154.0,-3282.0,397.0,-10.0,0
76.0,-497.0,137.0,-2407.0,281.0,-44.0,0
82.0,-461.0,122.0,-1462.0,203.0,-131.0,0
87.0,-417.0,99.0,-492.0,152.0,-230.0,0
93.0,-377.0,75.0,475.0,127.0,-330.0,0
95.0,-337.0,42.0,1388.0,113.0,-440.0,0
95.0,-305.0,15.0,2176.0,99.0,-587.0,0
88.0,-265.0,-13.0,2777.0,71.0,-772.0,0
75.0,-229.0,-39.0,3144.0,18.0,-971.0,0
61.0,-183.0,-60.0,3285.0,-60.0,-1146.0,0
40.0,-139.0,-67.0,3239.0,-142.0,-1279.0,0
25.0,-94.0,-79.0,3042.0,-199.0,-1371.0,0
7.0,-53.0,-82.0,2726.0,-210.0,-1407.0,0
0.0,-13.0,-86.0,2337.0,-171.0,-1402.0,0
-7.0,29.0,-79.0,1917.0,-95.0,-1365.0,0
-20.0,62.0,-83.0,1505.0,-1.0,-1298.0,0
-27.0,83.0,-75.0,1124.0,88.0,-1201.0,0
-35.0,97.0,-72.0,775.0,166.0,-1082.0,0
-47.0,105.0,-69.0,438.0,235.0,-931.0,0
-44.0,106.0,-66.0,108.0,292.0,-751.0,0
-38.0,95.0,-63.0,-207.0,340.0,-571.0,0
-34.0,72.0,-66.0,-497.0,374.0,-410.0,0
-32.0,54.0,-67.0,-759.0,393.0,-273.0,0
-29.0,28.0,-67.0,-972.0,399.0,-153.0,0
-25.0,0.0,-68.0,-1117.0,396.0,-39.0,0
-19.0,-29.0,-69.0,-1167.0,382.0,55.0,0
-20.0,-54.0,-70.0,-1112.0,349.0,122.0,0
-19.0,-69.0,-65.0,-946.0,297.0,178.0,0
-23.0,-80.0,-65.0,-692.0,232.0,227.0,0
-25.0,-92.0,-62.0,-385.0,167.0,272.0,0
-25.0,-97.0,-57.0,-56.0,99.0,305.0,0
-24.0,-101.0,-46.0,288.0,33.0,312.0,0
-32.0,-113.0,-42.0,651.0,-23.0,297.0,0
-52.0,-118.0,-41.0,1020.0,-74.0,272.0,0
-60.0,-128.0,-43.0,1310.0,-130.0,246.0,0
-19.0,-143.0,-42.0,1617.0,-175.0,221.0,0
63.0,-162.0,-31.0,1816.0,-165.0,170.0,0
157.0,-187.0,-13.0,1912.0,-99.0,38.0,0
205.0,-196.0,2.0,1924.0,21.0,-177.0,0
192.0,-192.0,7.0,1822.0,83.0,-431.0,0
107.0,-179.0,-25.0,1511.0,19.0,-617.0,0
16.0,-194.0,-84.0,840.0,-74.0,-788.0,0
-26.0,-244.0,-153.0,-349.0,-50.0,-955.0,0
-6.0,-326.0,-194.0,-1931.0,92.0,-1245.0,0
46.0,-443.0,-252.0,-3501.0,237.0,-1665.0,0
70.0,-560.0,-316.0,-4828.0,442.0,-2115.0,0
40.0,-654.0,-354.0,-5897.0,835.0,-2436.0,0
-37.0,-733.0,-316.0,-6760.0,1368.0,-2531.0,0
-133.0,-796.0,-207.0,-7292.0,1823.0,-2399.0,0
-137.0,-855.0,-82.0,-7246.0,1963.0,-2025.0,0
-81.0,-909.0,30.0,-6443.0,1702.0,-1486.0,0
-53.0,-956.0,92.0,-4870.0,1227.0,-977.0,0
-18.0,-966.0,111.0,-2858.0,809.0,-519.0,0
16.0,-916.0,119.0,-773.0,579.0,-120.0,0
15.0,-807.0,119.0,1194.0,516.0,184.0,0
-1.0,-665.0,130.0,2913.0,489.0,386.0,0
-35.0,-506.0,129.0,4220.0,328.0,502.0,0
-40.0,-358.0,86.0,5022.0,77.0,528.0,0
-24.0,-213.0,35.0,5282.0,-97.0,473.0,0
-3.0,-80.0,-10.0,4991.0,-215.0,450.0,0
26.0,13.0,-55.0,4179.0,-339.0,563.0,0
59.0,51.0,-77.0,2948.0,-480.0,781.0,0
65.0,12.0,-86.0,1494.0,-627.0,972.0,0
53.0,-56.0,-74.0,5.0,-760.0,1064.0,0
33.0,-146.0,-33.0,-1376.0,-823.0,1111.0,0
39.0,-243.0,-6.0,-2548.0,-783.0,1119.0,0
43.0,-335.0,29.0,-3437.0,-663.0,1060.0,0
51.0,-425.0,64.0,-3998.0,-528.0,945.0,0
59.0,-495.0,94.0,-4228.0,-420.0,795.0,0
60.0,-551.0,115.0,-4124.0,-362.0,673.0,0
66.0,-583.0,129.0,-3706.0,-354.0,622.0,0
64.0,-606.0,126.0,-3035.0,-399.0,639.0,0
60.0,-602.0,126.0,-2203.0,-486.0,697.0,0
38.0,-584.0,123.0,-1288.0,-592.0,787.0,0
15.0,-547.0,120.0,-355.0,-692.0,892.0,0
-7.0,-507.0,111.0,532.0,-758.0,981.0,0
-25.0,-451.0,104.0,1311.0,-765.0,1024.0,0
-31.0,-395.0,87.0,1946.0,-705.0,1003.0,0
-32.0,-333.0,73.0,2417.0,-582.0,929.0,0
-26.0,-264.0,52.0,2718.0,-414.0,837.0,0
-12.0,-204.0,33.0,2862.0,-221.0,750.0,0
4.0,-142.0,10.0,2853.0,-26.0,669.0,0
23.0,-89.0,-14.0,2730.0,158.0,598.0,0
37.0,-43.0,-32.0,2527.0,322.0,532.0,0
51.0,-5.0,-51.0,2274.0,456.0,465.0,0
59.0,30.0,-64.0,1995.0,552.0,398.0,0
60.0,62.0,-77.0,1698.0,614.0,320.0,0
64.0,85.0,-93.0,1396.0,634.0,219.0,0
69.0,99.0,-106.0,1093.0,612.0,103.0,0
68.0,116.0,-124.0,796.0,566.0,-41.0,0
58.0,128.0,-133.0,506.0,500.0,-191.0,0
50.0,132.0,-149.0,220.0,416.0,-311.0,0
29.0,134.0,-148.0,-67.0,308.0,-399.0,0
14.0,128.0,-148.0,-348.0,174.0,-458.0,0
-2.0,114.0,-137.0,-604.0,8.0,-486.0,0
-16.0,91.0,-128.0,-809.0,-181.0,-472.0,0
-27.0,64.0,-110.0,-939.0,-383.0,-428.0,0
-35.0,34.0,-100.0,-977.0,-586.0,-378.0,0
-33.0,6.0,-95.0,-932.0,-770.0,-348.0,0
-32.0,-18.0,-83.0,-820.0,-914.0,-348.0,0
-19.0,-36.0,-70.0,-657.0,-1001.0,-373.0,0
-6.0,-53.0,-63.0,-467.0,-1019.0,-421.0,0
10.0,-52.0,-55.0,-267.0,-951.0,-487.0,0
30.0,-52.0,-44.0,-63.0,-802.0,-561.0,0
41.0,-52.0,-34.0,138.0,-581.0,-634.0,0
45.0,-60.0,-39.0,335.0,-313.0,-703.0,0
45.0,-70.0,-43.0,508.0,-37.0,-752.0,0
31.0,-92.0,-47.0,756.0,215.0,-784.0,0
7.0,-114.0,-29.0,1036.0,427.0,-776.0,0
-20.0,-147.0,-3.0,1322.0,580.0,-701.0,0
-55.0,-184.0,29.0,1565.0,765.0,-547.0,0
-123.0,-201.0,28.0,1671.0,888.0,-332.0,0
-155.0,-219.0,-38.0,1518.0,849.0,-107.0,0
-136.0,-259.0,-105.0,970.0,593.0,306.0,0
-57.0,-347.0,-197.0,-39.0,126.0,864.0,0
30.0,-475.0,-375.0,-1507.0,-433.0,1445.0,0
52.0,-623.0,-584.0,-3336.0,-699.0,1972.0,0
30.0,-780.0,-675.0,-5449.0,-254.0,2538.0,0
29.0,-957.0,-514.0,-7571.0,779.0,3173.0,0
54.0,-1127.0,-224.0,-8857.0,1689.0,3606.0,0
50.0,-1168.0,9.0,-8436.0,1764.0,3466.0,0
3.0,-1110.0,81.0,-6241.0,952.0,2649.0,0
-40.0,-1006.0,99.0,-3155.0,-128.0,1483.0,0
-13.0,-892.0,119.0,-139.0,-770.0,569.0,0
57.0,-784.0,134.0,2273.0,-775.0,75.0,0
66.0,-675.0,127.0,3929.0,-373.0,-267.0,0
35.0,-569.0,107.0,4923.0,105.0,-568.0,0
-9.0,-447.0,80.0,5443.0,445.0,-825.0,0
-44.0,-317.0,67.0,5661.0,611.0,-1061.0,0
-82.0,-188.0,69.0,5740.0,612.0,-1268.0,0
-105.0,-89.0,43.0,5760.0,442.0,-1371.0,0
-109.0,-24.0,0.0,5570.0,166.0,-1355.0,0
-97.0,3.0,-53.0,4960.0,-109.0,-1243.0,0
-81.0,15.0,-64.0,3856.0,-297.0,-1009.0,0
-60.0,2.0,-51.0,2405.0,-343.0,-651.0,0
-25.0,-37.0,-21.0,857.0,-256.0,-275.0,0
-2.0,-96.0,17.0,-604.0,-119.0,3.0,0
4.0,-168.0,55.0,-1870.0,6.0,145.0,0
0.0,-244.0,95.0,-2914.0,100.0,195.0,0
1.0,-308.0,125.0,-3712.0,150.0,199.0,0
13.0,-378.0,145.0,-4233.0,138.0,196.0,0
29.0,-442.0,149.0,-4450.0,73.0,197.0,0
35.0,-487.0,150.0,-4362.0,-10.0,191.0,0
47.0,-519.0,136.0,-4000.0,-78.0,159.0,0
54.0,-530.0,120.0,-3428.0,-129.0,86.0,0
57.0,-523.0,101.0,-2717.0,-177.0,-24.0,0
63.0,-508.0,83.0,-1942.0,-234.0,-162.0,0
71.0,-481.0,67.0,-1147.0,-296.0,-317.0,0
72.0,-450.0,48.0,-342.0,-351.0,-476.0,0
71.0,-424.0,43.0,442.0,-386.0,-632.0,0
65.0,-391.0,30.0,1166.0,-419.0,-779.0,0
55.0,-357.0,20.0,1787.0,-464.0,-921.0,0
50.0,-318.0,18.0,2270.0,-529.0,-1047.0,0
47.0,-278.0,12.0,2613.0,-621.0,-1143.0,0
35.0,-231.0,3.0,2816.0,-725.0,-1212.0,0
34.0,-185.0,1.0,2900.0,-820.0,-1254.0,0
26.0,-134.0,-2.0,2913.0,-884.0,-1261.0,0
26.0,-87.0,-6.0,2881.0,-901.0,-1222.0,0
22.0,-44.0,-9.0,2811.0,-864.0,-1142.0,0
27.0,-7.0,-17.0,2727.0,-769.0,-1044.0,0
32.0,22.0,-35.0,2630.0,-619.0,-944.0,0
25.0,52.0,-30.0,2506.0,-426.0,-854.0,0
24.0,69.0,-38.0,2345.0,-216.0,-767.0,0
18.0,90.0,-47.0,2135.0,-12.0,-683.0,0
17.0,98.0,-46.0,1868.0,160.0,-590.0,0
15.0,105.0,-51.0,1549.0,285.0,-486.0,0
18.0,105.0,-63.0,1193.0,360.0,-374.0,0
20.0,100.0,-68.0,831.0,388.0,-261.0,0
10.0,96.0,-77.0,493.0,376.0,-151.0,0
3.0,86.0,-86.0,207.0,317.0,-39.0,0
-8.0,75.0,-94.0,-14.0,212.0,64.0,0
-21.0,64.0,-101.0,-175.0,62.0,163.0,0
-35.0,42.0,-101.0,-281.0,-114.0,271.0,0
-28.0,16.0,-100.0,-349.0,-300.0,370.0,0
-26.0,-10.0,-96.0,-385.0,-475.0,439.0,0
-19.0,-39.0,-89.0,-393.0,-633.0,459.0,0
-21.0,-67.0,-89.0,-334.0,-759.0,431.0,0
-41.0,-97.0,-79.0,-211.0,-845.0,371.0,0
-54.0,-127.0,-66.0,-20.0,-904.0,312.0,0
-52.0,-150.0,-41.0,221.0,-971.0,264.0,0
0.0,-185.0,-17.0,495.0,-1016.0,215.0,0
62.0,-222.0,3.0,784.0,-932.0,153.0,0
118.0,-255.0,15.0,1046.0,-645.0,32.0,0
156.0,-272.0,9.0,1172.0,-216.0,-138.0,0
164.0,-276.0,6.0,1012.0,199.0,-355.0,0
132.0,-280.0,17.0,506.0,458.0,-608.0,0
48.0,-300.0,-13.0,-303.0,597.0,-888.0,0
0.0,-349.0,-109.0,-1356.0,844.0,-1145.0,0
8.0,-439.0,-224.0,-2633.0,1218.0,-1347.0,0
31.0,-550.0,-290.0,-4011.0,1615.0,-1512.0,0
32.0,-639.0,-296.0,-5211.0,2001.0,-1660.0,0
2.0,-689.0,-258.0,-5912.0,2285.0,-1782.0,0
-41.0,-717.0,-184.0,-5956.0,2321.0,-1849.0,0
-87.0,-740.0,-87.0,-5400.0,2019.0,-1841.0,0
-95.0,-755.0,22.0,-4375.0,1465.0,-1718.0,0
-64.0,-766.0,87.0,-3031.0,851.0,-1497.0,0
-18.0,-760.0,117.0,-1558.0,382.0,-1281.0,0
1.0,-724.0,132.0,-101.0,174.0,-1088.0,0
2.0,-662.0,133.0,1262.0,211.0,-841.0,0
3.0,-588.0,138.0,2474.0,379.0,-505.0,0
3.0,-501.0,143.0,3501.0,556.0,-103.0,0
-18.0,-403.0,158.0,4302.0,593.0,309.0,0
-46.0,-317.0,161.0,4796.0,353.0,652.0,0
-45.0,-233.0,124.0,4992.0,-71.0,875.0,0
-21.0,-152.0,75.0,4951.0,-483.0,1011.0,0
2.0,-92.0,16.0,4609.0,-828.0,1127.0,0
42.0,-55.0,-42.0,3859.0,-1062.0,1243.0,0
73.0,-35.0,-80.0,2676.0,-1159.0,1330.0,0
89.0,-35.0,-83.0,1178.0,-1138.0,1360.0,0
78.0,-64.0,-64.0,-438.0,-1014.0,1347.0,0
58.0,-118.0,-24.0,-1982.0,-812.0,1319.0,0
36.0,-193.0,25.0,-3309.0,-549.0,1269.0,0
29.0,-285.0,72.0,-4335.0,-245.0,1174.0,0
34.0,-376.0,134.0,-4995.0,63.0,1005.0,0
46.0,-462.0,163.0,-5268.0,339.0,765.0,0
57.0,-523.0,186.0,-5185.0,560.0,504.0,0
61.0,-568.0,201.0,-4788.0,706.0,272.0,0
53.0,-581.0,203.0,-4133.0,755.0,125.0,0
37.0,-581.0,196.0,-3281.0,698.0,103.0,0
23.0,-569.0,182.0,-2301.0,556.0,181.0,0
4.0,-544.0,165.0,-1267.0,344.0,325.0,0
-13.0,-510.0,150.0,-227.0,97.0,471.0,0
-43.0,-458.0,130.0,778.0,-146.0,594.0,0
-62.0,-419.0,107.0,1699.0,-359.0,710.0,0
-57.0,-375.0,78.0,2486.0,-509.0,830.0,0
-46.0,-329.0,56.0,3091.0,-577.0,930.0,0
-21.0,-282.0,27.0,3493.0,-570.0,992.0,0
2.0,-229.0,1.0,3698.0,-511.0,1009.0,0
20.0,-181.0,-24.0,3740.0,-427.0,991.0,0
27.0,-127.0,-47.0,3665.0,-343.0,964.0,0
36.0,-82.0,-64.0,3496.0,-277.0,944.0,0
32.0,-44.0,-81.0,3261.0,-235.0,917.0,0
33.0,1.0,-91.0,2967.0,-199.0,877.0,0
24.0,36.0,-99.0,2629.0,-168.0,822.0,0
24.0,72.0,-106.0,2251.0,-138.0,748.0,0
26.0,108.0,-107.0,1838.0,-114.0,657.0,0
18.0,137.0,-102.0,1405.0,-109.0,551.0,0
18.0,165.0,-108.0,947.0,-133.0,422.0,0
11.0,175.0,-109.0,469.0,-195.0,272.0,0
8.0,181.0,-119.0,-65.0,-291.0,111.0,0
3.0,173.0,-128.0,-644.0,-422.0,-28.0,0
0.0,155.0,-137.0,-1257.0,-578.0,-130.0,0
0.0,132.0,-136.0,-1875.0,-736.0,-196.0,0
-4.0,110.0,-133.0,-2459.0,-875.0,-238.0,0
-5.0,75.0,-113.0,-2945.0,-972.0,-271.0,0
-6.0,41.0,-83.0,-3265.0,-1005.0,-318.0,0
1.0,2.0,-63.0,-3355.0,-946.0,-364.0,0
3.0,-28.0,-48.0,-3214.0,-795.0,-414.0,0
12.0,-58.0,-34.0,-2879.0,-578.0,-488.0,0
16.0,-80.0,-26.0,-2387.0,-314.0,-581.0,0
17.0,-106.0,-31.0,-1776.0,-38.0,-663.0,0
13.0,-123.0,-35.0,-1097.0,216.0,-707.0,0
9.0,-146.0,-30.0,-403.0,421.0,-694.0,0
0.0,-164.0,-10.0,247.0,570.0,-621.0,0
-9.0,-196.0,13.0,710.0,676.0,-496.0,0
-19.0,-236.0,28.0,1208.0,742.0,-311.0,0
-32.0,-291.0,8.0,1587.0,741.0,-78.0,0
-47.0,-302.0,-43.0,1787.0,652.0,183.0,0
-51.0,-300.0,-97.0,1760.0,433.0,426.0,0
-29.0,-280.0,-124.0,1519.0,196.0,639.0,0
24.0,-290.0,-129.0,1029.0,67.0,819.0,0
123.0,-370.0,-156.0,223.0,61.0,922.0,0
201.0,-482.0,-266.0,-1066.0,145.0,1004.0,0
211.0,-551.0,-351.0,-2919.0,449.0,1176.0,0
215.0,-621.0,-314.0,-5018.0,1066.0,1624.0,0
194.0,-702.0,-176.0,-6789.0,1709.0,2210.0,0
115.0,-746.0,-32.0,-7635.0,2003.0,2589.0,0
4.0,-765.0,69.0,-7275.0,1832.0,2558.0,0
-92.0,-770.0,105.0,-5877.0,1313.0,2130.0,0
-144.0,-771.0,94.0,-3932.0,658.0,1536.0,0
-140.0,-764.0,87.0,-1941.0,32.0,1023.0,0
-90.0,-732.0,85.0,-216.0,-435.0,692.0,0
-73.0,-678.0,86.0,1160.0,-662.0,413.0,0
-77.0,-613.0,86.0,2211.0,-648.0,131.0,0
-86.0,-538.0,92.0,2992.0,-480.0,-133.0,0
-103.0,-452.0,100.0,3570.0,-270.0,-417.0,0
-133.0,-380.0,100.0,4010.0,-105.0,-675.0,0
-172.0,-325.0,69.0,4330.0,-28.0,-884.0,0
-191.0,-262.0,44.0,4407.0,23.0,-1069.0,0
-209.0,-190.0,24.0,4105.0,88.0,-1239.0,0
-223.0,-128.0,16.0,3386.0,149.0,-1314.0,0
-209.0,-101.0,22.0,2366.0,156.0,-1208.0,0
-180.0,-108.0,31.0,1202.0,95.0,-948.0,0
-102.0,-149.0,52.0,-15.0,-21.0,-653.0,0
-43.0,-207.0,75.0,-1209.0,-198.0,-479.0,0
-3.0,-270.0,105.0,-2291.0,-367.0,-416.0,0
29.0,-323.0,132.0,-3168.0,-479.0,-363.0,0
79.0,-378.0,147.0,-3776.0,-540.0,-259.0,0
124.0,-428.0,158.0,-4119.0,-582.0,-130.0,0
156.0,-466.0,158.0,-4186.0,-613.0,-5.0,0
182.0,-487.0,162.0,-3954.0,-627.0,99.0,0
195.0,-492.0,163.0,-3472.0,-621.0,171.0,0
193.0,-484.0,164.0,-2778.0,-603.0,196.0,0
184.0,-464.0,164.0,-1905.0,-610.0,181.0,0
174.0,-439.0,148.0,-917.0,-645.0,112.0,0
157.0,-411.0,125.0,85.0,-694.0,-12.0,0
149.0,-387.0,87.0,1006.0,-748.0,-171.0,0
138.0,-362.0,51.0,1785.0,-809.0,-366.0,0
125.0,-330.0,3.0,2383.0,-865.0,-600.0,0
113.0,-296.0,-30.0,2771.0,-912.0,-855.0,0
91.0,-254.0,-58.0,2958.0,-934.0,-1109.0,0
69.0,-203.0,-76.0,2993.0,-917.0,-1321.0,0
47.0,-150.0,-90.0,2917.0,-849.0,-1460.0,0
15.0,-103.0,-90.0,2790.0,-735.0,-1517.0,0
-2.0,-54.0,-95.0,2635.0,-585.0,-1488.0,0
-15.0,5.0,-89.0,2440.0,-400.0,-1375.0,0
-21.0,42.0,-83.0,2213.0,-187.0,-1215.0,0
-26.0,80.0,-77.0,1968.0,23.0,-1031.0,0
-30.0,106.0,-71.0,1693.0,204.0,-846.0,0
-25.0,129.0,-85.0,1371.0,337.0,-655.0,0
-32.0,131.0,-73.0,997.0,422.0,-463.0,0
-34.0,132.0,-68.0,593.0,464.0,-273.0,0
-34.0,119.0,-71.0,192.0,469.0,-79.0,0
-38.0,99.0,-79.0,-175.0,442.0,108.0,0
-37.0,68.0,-91.0,-493.0,390.0,280.0,0
-31.0,37.0,-99.0,-757.0,305.0,420.0,0
-30.0,4.0,-101.0,-949.0,192.0,509.0,0
-33.0,-19.0,-92.0,-1042.0,61.0,563.0,0
-37.0,-48.0,-82.0,-1021.0,-74.0,607.0,0
-39.0,-70.0,-77.0,-879.0,-198.0,638.0,0
-57.0,-97.0,-73.0,-627.0,-316.0,646.0,0
-69.0,-117.0,-73.0,-296.0,-450.0,623.0,0
-67.0,-136.0,-72.0,75.0,-600.0,571.0,0
-40.0,-144.0,-65.0,460.0,-727.0,505.0,0
28.0,-162.0,-58.0,838.0,-771.0,433.0,0
100.0,-184.0,-42.0,1118.0,-689.0,330.0,0
142.0,-195.0,-15.0,1412.0,-506.0,168.0,0
156.0,-207.0,1.0,1610.0,-315.0,-56.0,0
128.0,-216.0,-2.0,1646.0,-224.0,-327.0,0
75.0,-212.0,-34.0,1431.0,-177.0,-613.0,0
34.0,-231.0,-83.0,910.0,-106.0,-882.0,0
11.0,-277.0,-144.0,52.0,92.0,-1151.0,0
7.0,-342.0,-200.0,-1137.0,411.0,-1386.0,0
28.0,-407.0,-237.0,-2493.0,735.0,-1685.0,0
22.0,-489.0,-276.0,-3782.0,957.0,-1947.0,0
-15.0,-567.0,-291.0,-4841.0,1123.0,-2172.0,0
-78.0,-623.0,-266.0,-5617.0,1324.0,-2325.0,0
-125.0,-659.0,-180.0,-6076.0,1492.0,-2270.0,0
-77.0,-698.0,-72.0,-6083.0,1494.0,-1884.0,0
-8.0,-737.0,19.0,-5501.0,1285.0,-1319.0,0
9.0,-765.0,70.0,-4383.0,966.0,-787.0,0
8.0,-780.0,108.0,-2947.0,657.0,-311.0,0
13.0,-763.0,126.0,-1398.0,391.0,123.0,0
7.0,-693.0,127.0,143.0,185.0,484.0,0
-13.0,-596.0,127.0,1600.0,34.0,751.0,0
-54.0,-483.0,122.0,2835.0,-154.0,941.0,0
-78.0,-371.0,83.0,3687.0,-423.0,1044.0,0
-79.0,-271.0,15.0,4056.0,-682.0,1043.0,0
-67.0,-179.0,-48.0,3892.0,-826.0,958.0,0
-52.0,-104.0,-87.0,3234.0,-870.0,888.0,0
-39.0,-73.0,-109.0,2212.0,-851.0,852.0,0
-37.0,-87.0,-119.0,986.0,-824.0,795.0,0
-44.0,-137.0,-100.0,-305.0,-819.0,722.0,0
-59.0,-227.0,-68.0,-1526.0,-820.0,672.0,0
-53.0,-313.0,-39.0,-2574.0,-788.0,635.0,0
-32.0,-403.0,-1.0,-3388.0,-710.0,585.0,0
-4.0,-490.0,36.0,-3913.0,-594.0,519.0,0
17.0,-563.0,70.0,-4111.0,-465.0,446.0,0
31.0,-621.0,102.0,-3986.0,-375.0,402.0,0
41.0,-658.0,119.0,-3558.0,-370.0,418.0,0
48.0,-683.0,127.0,-2901.0,-459.0,503.0,0
45.0,-679.0,127.0,-2102.0,-619.0,633.0,0
37.0,-655.0,125.0,-1234.0,-800.0,777.0,0
29.0,-612.0,114.0,-346.0,-945.0,909.0,0
15.0,-549.0,115.0,506.0,-1002.0,998.0,0
0.0,-476.0,113.0,1271.0,-965.0,1026.0,0
-12.0,-401.0,114.0,1919.0,-871.0,1002.0,0
-28.0,-329.0,103.0,2435.0,-761.0,956.0,0
-38.0,-260.0,81.0,2809.0,-672.0,928.0,0
-34.0,-199.0,58.0,3023.0,-619.0,928.0,0
-19.0,-143.0,25.0,3063.0,-582.0,944.0,0
-1.0,-96.0,-11.0,2919.0,-549.0,951.0,0
19.0,-59.0,-40.0,2614.0,-505.0,940.0,0
38.0,-24.0,-67.0,2175.0,-441.0,896.0,0
51.0,-1.0,-86.0,1642.0,-369.0,829.0,0
70.0,8.0,-105.0,1075.0,-297.0,742.0,0
77.0,18.0,-112.0,533.0,-232.0,629.0,0
87.0,24.0,-112.0,78.0,-187.0,505.0,0
92.0,27.0,-110.0,-236.0,-155.0,378.0,0
93.0,39.0,-103.0,-399.0,-136.0,249.0,0
91.0,42.0,-101.0,-426.0,-133.0,135.0,0
82.0,50.0,-101.0,-357.0,-142.0,24.0,0
72.0,60.0,-94.0,-227.0,-177.0,-83.0,0
62.0,70.0,-93.0,-76.0,-254.0,-177.0,0
55.0,78.0,-96.0,32.0,-357.0,-278.0,0
41.0,84.0,-96.0,83.0,-478.0,-377.0,0
39.0,82.0,-100.0,74.0,-595.0,-455.0,0
26.0,76.0,-102.0,21.0,-679.0,-509.0,0
21.0,64.0,-102.0,-41.0,-726.0,-528.0,0
26.0,43.0,-103.0,-92.0,-747.0,-539.0,0
33.0,25.0,-99.0,-125.0,-742.0,-563.0,0
37.0,3.0,-88.0,-134.0,-705.0,-600.0,0
41.0,-19.0,-83.0,-114.0,-640.0,-641.0,0
45.0,-40.0,-79.0,-56.0,-556.0,-686.0,0
36.0,-61.0,-87.0,46.0,-464.0,-731.0,0
21.0,-78.0,-91.0,161.0,-375.0,-769.0,0
-1.0,-96.0,-87.0,332.0,-289.0,-788.0,0
-25.0,-110.0,-72.0,512.0,-173.0,-775.0,0
-55.0,-130.0,-55.0,679.0,-42.0,-706.0,0
-97.0,-153.0,-50.0,821.0,145.0,-567.0,0
-158.0,-181.0,-58.0,887.0,283.0,-351.0,0
-197.0,-234.0,-62.0,824.0,304.0,-35.0,0
-173.0,-286.0,-64.0,620.0,195.0,298.0,0
-100.0,-350.0,-71.0,253.0,0.0,784.0,0
-2.0,-442.0,-101.0,-381.0,-193.0,1275.0,0
44.0,-546.0,-245.0,-1445.0,-245.0,1663.0,0
74.0,-632.0,-365.0,-3019.0,67.0,1972.0,0
86.0,-761.0,-423.0,-4855.0,715.0,2275.0,0
102.0,-912.0,-370.0,-6551.0,1333.0,2546.0,0
90.0,-1003.0,-212.0,-7512.0,1536.0,2688.0,0
18.0,-994.0,-79.0,-7115.0,1146.0,2490.0,0
-23.0,-934.0,10.0,-5354.0,371.0,1955.0,0
-20.0,-868.0,49.0,-2780.0,-399.0,1284.0,0
21.0,-793.0,60.0,-157.0,-863.0,720.0,0
62.0,-711.0,51.0,1978.0,-952.0,331.0,0
61.0,-614.0,28.0,3444.0,-772.0,20.0,0
27.0,-508.0,11.0,4298.0,-475.0,-287.0,0
-11.0,-397.0,7.0,4708.0,-192.0,-594.0,0
-41.0,-296.0,13.0,4873.0,-9.0,-878.0,0
-65.0,-213.0,15.0,4939.0,30.0,-1084.0,0
-68.0,-152.0,7.0,4905.0,-36.0,-1151.0,0
-57.0,-115.0,-10.0,4659.0,-114.0,-1119.0,0
-44.0,-96.0,-34.0,4089.0,-117.0,-1050.0,0
-32.0,-84.0,-40.0,3134.0,3.0,-923.0,0
-21.0,-92.0,-40.0,1898.0,229.0,-740.0,0
-12.0,-122.0,-26.0,566.0,491.0,-545.0,0
-10.0,-163.0,-1.0,-704.0,708.0,-379.0,0
-10.0,-210.0,14.0,-1822.0,842.0,-244.0,0
-11.0,-263.0,47.0,-2749.0,895.0,-132.0,0
0.0,-321.0,71.0,-3456.0,878.0,-28.0,0
15.0,-379.0,89.0,-3905.0,799.0,70.0,0
37.0,-432.0,104.0,-4068.0,680.0,162.0,0
59.0,-467.0,114.0,-3944.0,532.0,224.0,0
71.0,-486.0,114.0,-3557.0,379.0,250.0,0
80.0,-501.0,103.0,-2971.0,231.0,219.0,0
80.0,-493.0,85.0,-2264.0,90.0,137.0,0
83.0,-477.0,66.0,-1512.0,-38.0,17.0,0
85.0,-459.0,49.0,-768.0,-147.0,-130.0,0
82.0,-437.0,40.0,-43.0,-226.0,-303.0,0
75.0,-404.0,22.0,662.0,-281.0,-480.0,0
64.0,-376.0,17.0,1335.0,-323.0,-643.0,0
53.0,-336.0,18.0,1964.0,-362.0,-795.0,0
35.0,-299.0,12.0,2536.0,-408.0,-942.0,0
22.0,-257.0,5.0,3008.0,-459.0,-1068.0,0
13.0,-216.0,-10.0,3354.0,-518.0,-1147.0,0
-2.0,-167.0,-16.0,3579.0,-573.0,-1182.0,0
-6.0,-119.0,-28.0,3696.0,-602.0,-1182.0,0
-8.0,-65.0,-41.0,3712.0,-587.0,-1146.0,0
-11.0,-15.0,-49.0,3615.0,-509.0,-1077.0,0
-6.0,32.0,-55.0,3421.0,-357.0,-1000.0,0
-5.0,86.0,-58.0,3155.0,-158.0,-928.0,0
-1.0,119.0,-66.0,2831.0,55.0,-855.0,0
2.0,148.0,-69.0,2437.0,262.0,-758.0,0
10.0,173.0,-69.0,1956.0,456.0,-638.0,0
16.0,180.0,-75.0,1402.0,617.0,-511.0,0
22.0,180.0,-79.0,796.0,740.0,-370.0,0
23.0,163.0,-87.0,166.0,824.0,-217.0,0
23.0,130.0,-91.0,-439.0,858.0,-56.0,0
5.0,99.0,-96.0,-952.0,832.0,108.0,0
-2.0,67.0,-89.0,-1256.0,733.0,245.0,0
-14.0,36.0,-91.0,-1475.0,561.0,349.0,0
-21.0,12.0,-88.0,-1522.0,342.0,424.0,0
-28.0,-12.0,-73.0,-1422.0,152.0,488.0,0
-26.0,-38.0,-69.0,-1210.0,-78.0,535.0,0
-27.0,-58.0,-65.0,-929.0,-275.0,557.0,0
-36.0,-81.0,-68.0,-596.0,-439.0,557.0,0
-53.0,-107.0,-78.0,-222.0,-569.0,528.0,0
-66.0,-126.0,-77.0,173.0,-683.0,496.0,0
-60.0,-141.0,-57.0,530.0,-781.0,483.0,0
-3.0,-170.0,-59.0,843.0,-825.0,483.0,0
58.0,-207.0,-57.0,1130.0,-721.0,461.0,0
121.0,-251.0,-50.0,1376.0,-439.0,381.0,0
164.0,-290.0,-51.0,1498.0,-66.0,204.0,0
174.0,-322.0,-45.0,1395.0,231.0,-86.0,0
125.0,-355.0,-27.0,1004.0,355.0,-477.0,0
24.0,-394.0,-39.0,304.0,437.0,-914.0,0
-55.0,-414.0,-83.0,-680.0,739.0,-1322.0,0
-44.0,-425.0,-178.0,-1800.0,1238.0,-1626.0,0
-6.0,-476.0,-256.0,-2917.0,1638.0,-1770.0,0
10.0,-538.0,-304.0,-3966.0,1831.0,-1775.0,0
-7.0,-601.0,-288.0,-4856.0,1788.0,-1727.0,0
-43.0,-667.0,-227.0,-5442.0,1547.0,-1722.0,0
-67.0,-718.0,-120.0,-5582.0,1215.0,-1769.0,0
-45.0,-760.0,-20.0,-5142.0,881.0,-1771.0,0
-8.0,-792.0,56.0,-4110.0,651.0,-1676.0,0
13.0,-797.0,93.0,-2649.0,588.0,-1489.0,0
17.0,-780.0,113.0,-1017.0,647.0,-1202.0,0
7.0,-723.0,115.0,553.0,726.0,-790.0,0
1.0,-641.0,121.0,1920.0,741.0,-269.0,0
-8.0,-559.0,116.0,2991.0,632.0,259.0,0
-4.0,-491.0,97.0,3714.0,415.0,647.0,0
11.0,-413.0,82.0,4152.0,191.0,870.0,0
31.0,-337.0,69.0,4401.0,-30.0,1021.0,0
48.0,-280.0,54.0,4453.0,-269.0,1161.0,0
56.0,-237.0,26.0,4271.0,-509.0,1273.0,0
46.0,-199.0,6.0,3801.0,-707.0,1336.0,0
27.0,-167.0,-15.0,3040.0,-838.0,1346.0,0
0.0,-152.0,-31.0,2012.0,-886.0,1320.0,0
-7.0,-166.0,-33.0,806.0,-858.0,1258.0,0
-6.0,-196.0,-15.0,-437.0,-753.0,1140.0,0
5.0,-248.0,17.0,-1567.0,-582.0,962.0,0
19.0,-299.0,46.0,-2478.0,-366.0,748.0,0
17.0,-351.0,98.0,-3113.0,-136.0,537.0,0
12.0,-383.0,137.0,-3439.0,61.0,365.0,0
4.0,-407.0,175.0,-3447.0,188.0,262.0,0
-4.0,-419.0,196.0,-3160.0,229.0,236.0,0
-17.0,-418.0,211.0,-2625.0,199.0,276.0,0
-26.0,-410.0,209.0,-1904.0,110.0,355.0,0
-38.0,-391.0,199.0,-1074.0,-12.0,453.0,0
-50.0,-373.0,175.0,-215.0,-143.0,550.0,0
-54.0,-345.0,155.0,589.0,-268.0,668.0,0
-61.0,-314.0,131.0,1304.0,-394.0,803.0,0
-57.0,-280.0,105.0,1901.0,-513.0,941.0,0
-48.0,-246.0,70.0,2365.0,-626.0,1066.0,0
-34.0,-201.0,40.0,2676.0,-711.0,1178.0,0
-20.0,-163.0,12.0,2845.0,-777.0,1257.0,0
3.0,-125.0,-18.0,2889.0,-817.0,1312.0,0
29.0,-88.0,-47.0,2829.0,-815.0,1339.0,0
49.0,-49.0,-75.0,2678.0,-769.0,1333.0,0
63.0,-11.0,-95.0,2449.0,-675.0,1287.0,0
73.0,24.0,-113.0,2150.0,-539.0,1200.0,0
78.0,61.0,-132.0,1793.0,-386.0,1080.0,0
77.0,89.0,-152.0,1370.0,-234.0,922.0,0
78.0,108.0,-160.0,878.0,-84.0,743.0,0
74.0,127.0,-165.0,328.0,36.0,556.0,0
71.0,134.0,-162.0,-260.0,108.0,373.0,0
74.0,122.0,-171.0,-886.0,124.0,195.0,0
68.0,103.0,-153.0,-1540.0,84.0,21.0,0
64.0,71.0,-139.0,-2181.0,-26.0,-148.0,0
55.0,45.0,-114.0,-2753.0,-187.0,-310.0,0
40.0,14.0,-86.0,-3180.0,-364.0,-429.0,0
29.0,-11.0,-61.0,-3421.0,-536.0,-493.0,0
39.0,-46.0,-38.0,-3458.0,-667.0,-525.0,0
43.0,-70.0,-16.0,-3284.0,-747.0,-564.0,0
55.0,-99.0,-4.0,-2911.0,-761.0,-619.0,0
54.0,-129.0,1.0,-2490.0,-710.0,-683.0,0
49.0,-156.0,-11.0,-1845.0,-614.0,-752.0,0
40.0,-178.0,-21.0,-1097.0,-504.0,-828.0,0
22.0,-195.0,-11.0,-290.0,-416.0,-893.0,0
-10.0,-208.0,9.0,504.0,-294.0,-906.0,0
-29.0,-228.0,19.0,1241.0,-145.0,-846.0,0
-65.0,-254.0,5.0,1885.0,14.0,-712.0,0
-111.0,-275.0,-38.0,2369.0,137.0,-552.0,0
-149.0,-304.0,-71.0,2643.0,199.0,-286.0,0
-158.0,-345.0,-87.0,2710.0,247.0,51.0,0
-119.0,-378.0,-88.0,2577.0,334.0,422.0,0
-16.0,-427.0,-82.0,2144.0,454.0,753.0,0
60.0,-460.0,-143.0,1208.0,585.0,976.0,0
117.0,-511.0,-272.0,-356.0,854.0,1083.0,0
133.0,-569.0,-357.0,-2473.0,1364.0,1213.0,0
129.0,-653.0,-368.0,-4753.0,1963.0,1515.0,0
82.0,-718.0,-297.0,-6662.0,2290.0,1898.0,0
-7.0,-738.0,-193.0,-7608.0,2040.0,2118.0,0
-80.0,-740.0,-85.0,-7288.0,1310.0,2065.0,0
-101.0,-743.0,-22.0,-5832.0,402.0,1746.0,0
-69.0,-746.0,17.0,-3720.0,-374.0,1299.0,0
-18.0,-732.0,26.0,-1532.0,-824.0,886.0,0
18.0,-702.0,24.0,326.0,-887.0,533.0,0
23.0,-639.0,23.0,1731.0,-639.0,232.0,0
7.0,-557.0,36.0,2721.0,-221.0,-23.0,0
-21.0,-460.0,53.0,3404.0,201.0,-255.0,0
-52.0,-377.0,65.0,3936.0,490.0,-469.0,0
-63.0,-311.0,73.0,4388.0,602.0,-657.0,0
-64.0,-251.0,66.0,4714.0,604.0,-869.0,0
-63.0,-187.0,52.0,4795.0,591.0,-1145.0,0
-71.0,-138.0,37.0,4510.0,610.0,-1394.0,0
-79.0,-105.0,15.0,3786.0,652.0,-1475.0,0
-83.0,-89.0,8.0,2710.0,713.0,-1357.0,0
-80.0,-95.0,-2.0,1452.0,775.0,-1144.0,0
-75.0,-124.0,-3.0,148.0,819.0,-936.0,0
-60.0,-177.0,10.0,-1106.0,824.0,-763.0,0
-42.0,-240.0,43.0,-2237.0,797.0,-638.0,0
-19.0,-303.0,62.0,-3205.0,748.0,-553.0,0
5.0,-355.0,84.0,-3941.0,674.0,-488.0,0
33.0,-405.0,98.0,-4382.0,563.0,-415.0,0
56.0,-446.0,103.0,-4498.0,411.0,-332.0,0
75.0,-465.0,103.0,-4295.0,232.0,-256.0,0
93.0,-467.0,101.0,-3846.0,63.0,-202.0,0
105.0,-463.0,97.0,-3205.0,-80.0,-187.0,0
108.0,-446.0,96.0,-2416.0,-177.0,-212.0,0
110.0,-420.0,95.0,-1532.0,-228.0,-256.0,0
113.0,-396.0,98.0,-605.0,-257.0,-312.0,0
110.0,-371.0,85.0,316.0,-282.0,-381.0,0
103.0,-349.0,58.0,1175.0,-315.0,-480.0,0
107.0,-305.0,41.0,1922.0,-348.0,-620.0,0
84.0,-278.0,21.0,2505.0,-380.0,-788.0,0
75.0,-242.0,-13.0,2880.0,-408.0,-965.0,0
61.0,-199.0,-33.0,3044.0,-427.0,-1131.0,0
41.0,-153.0,-51.0,3028.0,-427.0,-1255.0,0
26.0,-107.0,-63.0,2896.0,-409.0,-1327.0,0
14.0,-65.0,-69.0,2693.0,-366.0,-1352.0,0
3.0,-25.0,-78.0,2408.0,-275.0,-1318.0,0
0.0,11.0,-85.0,2058.0,-120.0,-1241.0,0
-9.0,39.0,-80.0,1675.0,68.0,-1151.0,0
-18.0,66.0,-76.0,1294.0,257.0,-1072.0,0
-25.0,92.0,-76.0,929.0,420.0,-992.0,0
-35.0,109.0,-61.0,585.0,549.0,-890.0,0
-53.0,107.0,-43.0,281.0,652.0,-751.0,0
-52.0,116.0,-44.0,25.0,725.0,-570.0,0
-55.0,106.0,-38.0,-168.0,749.0,-350.0,0
-53.0,96.0,-38.0,-282.0,725.0,-121.0,0
-53.0,74.0,-46.0,-315.0,656.0,82.0,0
-53.0,58.0,-63.0,-289.0,541.0,250.0,0
-48.0,39.0,-76.0,-237.0,386.0,392.0,0
-39.0,17.0,-88.0,-189.0,203.0,507.0,0
-37.0,-1.0,-91.0,-154.0,11.0,576.0,0
-36.0,-17.0,-98.0,-128.0,-162.0,612.0,0
-31.0,-30.0,-86.0,-104.0,-297.0,626.0,0
-31.0,-48.0,-78.0,-71.0,-382.0,628.0,0
-33.0,-66.0,-69.0,-27.0,-416.0,617.0,0
-46.0,-83.0,-64.0,58.0,-415.0,585.0,0
-63.0,-100.0,-56.0,185.0,-404.0,535.0,0
-64.0,-116.0,-49.0,353.0,-395.0,458.0,0
-26.0,-127.0,-40.0,532.0,-376.0,372.0,0
56.0,-149.0,-54.0,698.0,-298.0,289.0,0
131.0,-177.0,-47.0,807.0,-112.0,193.0,0
176.0,-191.0,-39.0,813.0,123.0,6.0,0
180.0,-207.0,-35.0,712.0,233.0,-262.0,0
131.0,-218.0,-37.0,515.0,120.0,-584.0,0
70.0,-261.0,-72.0,199.0,-114.0,-896.0,0
40.0,-337.0,-137.0,-302.0,-253.0,-1173.0,0
55.0,-434.0,-213.0,-1058.0,-133.0,-1452.0,0
95.0,-521.0,-304.0,-2078.0,277.0,-1740.0,0
129.0,-609.0,-403.0,-3311.0,876.0,-1970.0,0
113.0,-687.0,-457.0,-4606.0,1525.0,-2112.0,0
10.0,-765.0,-434.0,-5736.0,2087.0,-2211.0,0
-116.0,-817.0,-311.0,-6489.0,2456.0,-2264.0,0
-203.0,-856.0,-173.0,-6597.0,2469.0,-2115.0,0
-203.0,-901.0,-21.0,-5905.0,2053.0,-1600.0,0
-142.0,-938.0,93.0,-4482.0,1311.0,-921.0,0
-114.0,-917.0,150.0,-2594.0,540.0,-415.0,0
-86.0,-841.0,174.0,-514.0,12.0,-109.0,0
-60.0,-737.0,156.0,1539.0,-239.0,120.0,0
-51.0,-625.0,134.0,3385.0,-299.0,321.0,0
-59.0,-489.0,110.0,4866.0,-311.0,510.0,0
-65.0,-350.0,87.0,5823.0,-388.0,667.0,0
-59.0,-206.0,55.0,6159.0,-530.0,713.0,0
-49.0,-71.0,-3.0,5881.0,-655.0,632.0,0
-28.0,16.0,-70.0,5051.0,-753.0,572.0,0
3.0,45.0,-116.0,3754.0,-846.0,644.0,0
34.0,30.0,-136.0,2151.0,-934.0,760.0,0
47.0,-21.0,-127.0,449.0,-1012.0,828.0,0
36.0,-93.0,-103.0,-1138.0,-1063.0,846.0,0
17.0,-198.0,-43.0,-2481.0,-1060.0,864.0,0
19.0,-292.0,0.0,-3509.0,-999.0,895.0,0
29.0,-381.0,45.0,-4188.0,-900.0,879.0,0
43.0,-464.0,83.0,-4518.0,-783.0,808.0,0
60.0,-538.0,103.0,-4512.0,-654.0,718.0,0
79.0,-599.0,116.0,-4218.0,-527.0,656.0,0
87.0,-643.0,118.0,-3697.0,-418.0,644.0,0
88.0,-664.0,115.0,-2997.0,-355.0,674.0,0
69.0,-660.0,105.0,-2176.0,-345.0,723.0,0
49.0,-642.0,97.0,-1294.0,-377.0,792.0,0
21.0,-604.0,96.0,-389.0,-441.0,876.0,0
3.0,-563.0,92.0,508.0,-513.0,963.0,0
-13.0,-499.0,100.0,1341.0,-572.0,1010.0,0
-34.0,-431.0,96.0,2066.0,-606.0,1010.0,0
-44.0,-358.0,95.0,2631.0,-617.0,976.0,0
-49.0,-280.0,80.0,2997.0,-612.0,933.0,0
-44.0,-209.0,63.0,3152.0,-596.0,895.0,0
-35.0,-144.0,28.0,3109.0,-560.0,882.0,0
-21.0,-95.0,-4.0,2890.0,-501.0,882.0,0
-13.0,-56.0,-37.0,2522.0,-416.0,871.0,0
0.0,-30.0,-59.0,2059.0,-315.0,841.0,0
8.0,-17.0,-77.0,1559.0,-220.0,805.0,0
17.0,-10.0,-88.0,1067.0,-142.0,756.0,0
22.0,1.0,-86.0,636.0,-92.0,684.0,0
35.0,3.0,-87.0,310.0,-84.0,593.0,0
48.0,13.0,-81.0,122.0,-114.0,491.0,0
51.0,18.0,-83.0,72.0,-165.0,393.0,0
61.0,30.0,-82.0,116.0,-208.0,266.0,0
58.0,50.0,-84.0,228.0,-249.0,123.0,0
61.0,65.0,-82.0,367.0,-293.0,-6.0,0
56.0,76.0,-91.0,491.0,-342.0,-115.0,0
53.0,91.0,-94.0,569.0,-403.0,-208.0,0
49.0,97.0,-98.0,577.0,-477.0,-297.0,0
43.0,95.0,-102.0,511.0,-558.0,-378.0,0
37.0,86.0,-105.0,386.0,-639.0,-434.0,0
27.0,76.0,-105.0,222.0,-698.0,-467.0,0
25.0,56.0,-108.0,47.0,-727.0,-474.0,0
29.0,30.0,-104.0,-116.0,-726.0,-479.0,0
33.0,11.0,-102.0,-253.0,-699.0,-497.0,0
41.0,-14.0,-105.0,-360.0,-636.0,-529.0,0
38.0,-40.0,-115.0,-413.0,-532.0,-571.0,0
33.0,-65.0,-120.0,-388.0,-408.0,-608.0,0
20.0,-89.0,-107.0,-272.0,-283.0,-630.0,0
-2.0,-113.0,-82.0,-124.0,-152.0,-633.0,0
-17.0,-136.0,-63.0,105.0,13.0,-604.0,0
-40.0,-166.0,-49.0,350.0,213.0,-522.0,0
-65.0,-198.0,-42.0,567.0,401.0,-370.0,0
-92.0,-233.0,-43.0,713.0,507.0,-159.0,0
-100.0,-273.0,-38.0,782.0,553.0,89.0,0
-48.0,-337.0,-23.0,779.0,507.0,356.0,0
26.0,-421.0,-44.0,605.0,403.0,611.0,0
74.0,-519.0,-195.0,2.0,325.0,793.0,0
107.0,-596.0,-353.0,-1325.0,505.0,1077.0,0
127.0,-661.0,-397.0,-3205.0,1063.0,1556.0,0
161.0,-756.0,-321.0,-5078.0,1736.0,2128.0,0
152.0,-853.0,-198.0,-6293.0,2097.0,2517.0,0
75.0,-895.0,-51.0,-6392.0,1967.0,2573.0,0
-20.0,-883.0,39.0,-5223.0,1404.0,2303.0,0
-65.0,-840.0,74.0,-3182.0,603.0,1821.0,0
-49.0,-775.0,73.0,-868.0,-162.0,1297.0,0
-11.0,-700.0,60.0,1200.0,-667.0,854.0,0
15.0,-622.0,42.0,2753.0,-860.0,502.0,0
20.0,-545.0,17.0,3759.0,-799.0,191.0,0
2.0,-457.0,6.0,4327.0,-589.0,-115.0,0
-29.0,-357.0,0.0,4598.0,-317.0,-431.0,0
-68.0,-258.0,0.0,4701.0,-70.0,-748.0,0
-93.0,-171.0,-16.0,4710.0,66.0,-975.0,0
-95.0,-105.0,-42.0,4573.0,92.0,-1082.0,0
-87.0,-59.0,-65.0,4155.0,94.0,-1124.0,0
-74.0,-40.0,-80.0,3362.0,156.0,-1136.0,0
-62.0,-44.0,-72.0,2215.0,295.0,-1070.0,0
-34.0,-69.0,-48.0,860.0,471.0,-908.0,0
-7.0,-114.0,-12.0,-505.0,630.0,-728.0,0
3.0,-165.0,27.0,-1739.0,743.0,-604.0,0
11.0,-223.0,67.0,-2765.0,801.0,-509.0,0
21.0,-294.0,101.0,-3557.0,818.0,-412.0,0
30.0,-368.0,126.0,-4119.0,808.0,-301.0,0
45.0,-440.0,145.0,-4451.0,764.0,-186.0,0
64.0,-507.0,151.0,-4535.0,691.0,-80.0,0
75.0,-546.0,142.0,-4372.0,596.0,-1.0,0
85.0,-566.0,123.0,-3977.0,492.0,28.0,0
85.0,-564.0,98.0,-3403.0,387.0,9.0,0
82.0,-551.0,67.0,-2724.0,287.0,-36.0,0
83.0,-528.0,50.0,-1995.0,192.0,-96.0,0
81.0,-504.0,33.0,-1248.0,104.0,-168.0,0
73.0,-476.0,22.0,-503.0,32.0,-268.0,0
61.0,-447.0,14.0,230.0,-22.0,-387.0,0
49.0,-414.0,18.0,932.0,-68.0,-516.0,0
25.0,-382.0,23.0,1589.0,-129.0,-639.0,0
8.0,-341.0,24.0,2171.0,-204.0,-756.0,0
-10.0,-298.0,13.0,2649.0,-290.0,-870.0,0
-18.0,-256.0,3.0,2994.0,-382.0,-990.0,0
-26.0,-213.0,-6.0,3191.0,-463.0,-1105.0,0
-31.0,-172.0,-17.0,3258.0,-527.0,-1187.0,0
-34.0,-129.0,-28.0,3231.0,-570.0,-1223.0,0
-33.0,-92.0,-37.0,3134.0,-578.0,-1207.0,0
-35.0,-55.0,-52.0,2984.0,-540.0,-1143.0,0
-28.0,-8.0,-56.0,2799.0,-461.0,-1052.0,0
-19.0,27.0,-60.0,2590.0,-357.0,-954.0,0
-20.0,60.0,-63.0,2361.0,-236.0,-869.0,0
-12.0,91.0,-60.0,2118.0,-113.0,-797.0,0
-13.0,120.0,-62.0,1858.0,-8.0,-706.0,0
-8.0,138.0,-66.0,1566.0,83.0,-578.0,0
-2.0,156.0,-65.0,1233.0,168.0,-420.0,0
3.0,158.0,-57.0,854.0,249.0,-235.0,0
8.0,165.0,-72.0,440.0,320.0,-26.0,0
14.0,153.0,-77.0,0.0,363.0,205.0,0
8.0,134.0,-86.0,-438.0,366.0,427.0,0
1.0,110.0,-91.0,-834.0,307.0,620.0,0
-2.0,76.0,-84.0,-1150.0,173.0,777.0,0
-11.0,43.0,-81.0,-1360.0,-26.0,886.0,0
-5.0,10.0,-78.0,-1458.0,-260.0,934.0,0
-7.0,-19.0,-62.0,-1448.0,-487.0,918.0,0
-17.0,-53.0,-56.0,-1332.0,-678.0,867.0,0
-24.0,-86.0,-62.0,-1129.0,-815.0,795.0,0
-36.0,-117.0,-60.0,-865.0,-891.0,709.0,0
-46.0,-142.0,-46.0,-558.0,-913.0,620.0,0
-18.0,-173.0,-24.0,-289.0,-876.0,533.0,0
34.0,-211.0,-17.0,76.0,-733.0,431.0,0
83.0,-255.0,-3.0,480.0,-430.0,299.0,0
134.0,-297.0,-1.0,884.0,-90.0,122.0,0
161.0,-328.0,-1.0,1194.0,351.0,-117.0,0
160.0,-351.0,-11.0,1314.0,632.0,-430.0,0
116.0,-368.0,-12.0,1193.0,638.0,-737.0,0
48.0,-392.0,-49.0,802.0,509.0,-1149.0,0
37.0,-409.0,-123.0,111.0,552.0,-1541.0,0
56.0,-422.0,-220.0,-829.0,805.0,-1864.0,0
58.0,-444.0,-297.0,-1901.0,1144.0,-2023.0,0
44.0,-473.0,-321.0,-2927.0,1517.0,-1961.0,0
1.0,-502.0,-286.0,-3741.0,1794.0,-1774.0,0
-65.0,-537.0,-204.0,-4238.0,1834.0,-1609.0,0
-97.0,-586.0,-102.0,-4366.0,1618.0,-1539.0,0
-82.0,-640.0,-12.0,-4139.0,1264.0,-1509.0,0
-50.0,-687.0,61.0,-3600.0,956.0,-1438.0,0
-32.0,-706.0,102.0,-2780.0,816.0,-1308.0,0
-35.0,-698.0,130.0,-1737.0,852.0,-1082.0,0
-51.0,-657.0,139.0,-562.0,966.0,-710.0,0
-60.0,-597.0,145.0,609.0,1000.0,-186.0,0
-78.0,-549.0,133.0,1615.0,824.0,349.0,0
-81.0,-502.0,93.0,2345.0,484.0,709.0,0
-59.0,-441.0,63.0,2858.0,167.0,892.0,0
-31.0,-381.0,44.0,3187.0,-106.0,1022.0,0
-5.0,-328.0,27.0,3350.0,-380.0,1144.0,0
5.0,-293.0,8.0,3332.0,-633.0,1221.0,0
6.0,-264.0,2.0,3122.0,-848.0,1228.0,0
0.0,-233.0,1.0,2715.0,-1006.0,1172.0,0
3.0,-211.0,1.0,2127.0,-1102.0,1085.0,0
-1.0,-208.0,17.0,1394.0,-1122.0,976.0,0
7.0,-221.0,29.0,560.0,-1058.0,834.0,0
25.0,-245.0,42.0,-299.0,-908.0,657.0,0
42.0,-277.0,67.0,-1097.0,-698.0,480.0,0
46.0,-313.0,89.0,-1751.0,-462.0,332.0,0
52.0,-343.0,113.0,-2212.0,-219.0,229.0,0
44.0,-372.0,135.0,-2465.0,9.0,177.0,0
30.0,-388.0,162.0,-2509.0,188.0,161.0,0
12.0,-399.0,175.0,-2355.0,281.0,168.0,0
0.0,-399.0,183.0,-2024.0,287.0,201.0,0
-19.0,-390.0,185.0,-1562.0,218.0,263.0,0
-31.0,-378.0,180.0,-1010.0,95.0,353.0,0
-43.0,-363.0,175.0,-414.0,-58.0,460.0,0
-54.0,-347.0,160.0,176.0,-222.0,582.0,0
-60.0,-322.0,148.0,694.0,-376.0,712.0,0
-65.0,-299.0,132.0,1118.0,-520.0,857.0,0
-61.0,-274.0,110.0,1434.0,-650.0,1012.0,0
-47.0,-252.0,84.0,1637.0,-770.0,1134.0,0
-38.0,-222.0,53.0,1727.0,-867.0,1220.0,0
-18.0,-197.0,27.0,1723.0,-931.0,1273.0,0
0.0,-171.0,0.0,1649.0,-956.0,1284.0,0
16.0,-140.0,-27.0,1530.0,-946.0,1271.0,0
35.0,-111.0,-41.0,1390.0,-911.0,1235.0,0
52.0,-79.0,-64.0,1233.0,-851.0,1175.0,0
67.0,-41.0,-73.0,1064.0,-770.0,1083.0,0
74.0,-7.0,-88.0,883.0,-670.0,955.0,0
83.0,26.0,-106.0,678.0,-554.0,810.0,0
90.0,56.0,-119.0,448.0,-433.0,651.0,0
89.0,86.0,-128.0,169.0,-322.0,496.0,0
81.0,105.0,-132.0,-155.0,-234.0,345.0,0
65.0,120.0,-137.0,-540.0,-171.0,214.0,0
58.0,122.0,-133.0,-975.0,-144.0,107.0,0
55.0,109.0,-127.0,-1415.0,-174.0,20.0,0
45.0,91.0,-111.0,-1812.0,-267.0,-57.0,0
42.0,65.0,-94.0,-2115.0,-412.0,-128.0,0
36.0,40.0,-78.0,-2299.0,-578.0,-210.0,0
31.0,21.0,-64.0,-2351.0,-719.0,-288.0,0
28.0,-1.0,-62.0,-2267.0,-803.0,-341.0,0
37.0,-19.0,-48.0,-2046.0,-823.0,-394.0,0
37.0,-37.0,-50.0,-1785.0,-771.0,-463.0,0
41.0,-56.0,-37.0,-1376.0,-653.0,-558.0,0
41.0,-73.0,-41.0,-898.0,-480.0,-678.0,0
41.0,-93.0,-61.0,-357.0,-327.0,-805.0,0
32.0,-109.0,-68.0,242.0,-156.0,-920.0,0
11.0,-122.0,-60.0,831.0,-19.0,-1001.0,0
-14.0,-136.0,-39.0,1349.0,110.0,-1018.0,0
-41.0,-158.0,-1.0,1786.0,251.0,-963.0,0
-86.0,-205.0,-4.0,2116.0,380.0,-804.0,0
-151.0,-241.0,-39.0,2239.0,417.0,-555.0,0
-203.0,-263.0,-97.0,2049.0,293.0,-242.0,0
-206.0,-283.0,-136.0,1537.0,77.0,134.0,0
-149.0,-310.0,-157.0,704.0,-82.0,572.0,0
-34.0,-387.0,-194.0,-522.0,-120.0,994.0,0
81.0,-512.0,-373.0,-2210.0,-76.0,1302.0,0
116.0,-581.0,-506.0,-4369.0,197.0,1557.0,0
128.0,-712.0,-519.0,-6699.0,903.0,1959.0,0
128.0,-858.0,-376.0,-8750.0,1712.0,2484.0,0
100.0,-959.0,-162.0,-9714.0,2006.0,2897.0,0
27.0,-1002.0,-14.0,-8944.0,1540.0,2871.0,0
-43.0,-1009.0,52.0,-6678.0,748.0,2370.0,0
-46.0,-980.0,71.0,-3665.0,79.0,1654.0,0
12.0,-913.0,79.0,-693.0,-347.0,997.0,0
51.0,-806.0,73.0,1753.0,-524.0,489.0,0
57.0,-676.0,62.0,3491.0,-440.0,93.0,0
46.0,-536.0,49.0,4581.0,-135.0,-257.0,0
9.0,-394.0,50.0,5218.0,251.0,-606.0,0
-40.0,-276.0,48.0,5615.0,524.0,-918.0,0
-74.0,-187.0,36.0,5903.0,563.0,-1109.0,0
-86.0,-126.0,13.0,6001.0,416.0,-1219.0,0
-102.0,-71.0,-16.0,5752.0,228.0,-1357.0,0
-113.0,-28.0,-52.0,5038.0,119.0,-1462.0,0
-101.0,-4.0,-64.0,3829.0,141.0,-1405.0,0
-85.0,-2.0,-74.0,2252.0,304.0,-1221.0,0
-73.0,-31.0,-79.0,517.0,545.0,-1014.0,0
-66.0,-86.0,-64.0,-1198.0,761.0,-852.0,0
-64.0,-163.0,-31.0,-2756.0,887.0,-769.0,0
-63.0,-235.0,6.0,-4075.0,922.0,-721.0,0
-54.0,-304.0,39.0,-5090.0,888.0,-658.0,0
-35.0,-378.0,67.0,-5760.0,794.0,-542.0,0
-13.0,-441.0,91.0,-6057.0,643.0,-365.0,0
16.0,-495.0,97.0,-5973.0,440.0,-152.0,0
45.0,-532.0,105.0,-5514.0,205.0,43.0,0
66.0,-556.0,103.0,-4745.0,-32.0,169.0,0
78.0,-563.0,102.0,-3789.0,-248.0,216.0,0
91.0,-548.0,97.0,-2739.0,-423.0,185.0,0
101.0,-521.0,88.0,-1635.0,-539.0,83.0,0
105.0,-495.0,78.0,-553.0,-598.0,-68.0,0
104.0,-462.0,61.0,456.0,-631.0,-230.0,0
100.0,-423.0,42.0,1364.0,-675.0,-392.0,0
91.0,-383.0,16.0,2127.0,-730.0,-549.0,0
91.0,-343.0,-11.0,2714.0,-786.0,-701.0,0
89.0,-302.0,-36.0,3096.0,-827.0,-853.0,0
81.0,-253.0,-51.0,3270.0,-831.0,-1009.0,0
68.0,-198.0,-66.0,3265.0,-785.0,-1144.0,0
56.0,-141.0,-76.0,3124.0,-682.0,-1231.0,0
34.0,-84.0,-79.0,2897.0,-524.0,-1248.0,0
17.0,-17.0,-79.0,2614.0,-327.0,-1196.0,0
10.0,28.0,-69.0,2296.0,-97.0,-1089.0,0
7.0,64.0,-66.0,1969.0,141.0,-958.0,0
6.0,94.0,-57.0,1646.0,373.0,-818.0,0
13.0,116.0,-52.0,1334.0,579.0,-689.0,0
14.0,128.0,-46.0,1026.0,743.0,-560.0,0
16.0,127.0,-44.0,737.0,853.0,-423.0,0
23.0,121.0,-42.0,485.0,883.0,-283.0,0
21.0,110.0,-50.0,273.0,837.0,-138.0,0
17.0,92.0,-58.0,116.0,734.0,4.0,0
15.0,74.0,-74.0,20.0,595.0,130.0,0
1.0,51.0,-82.0,-20.0,438.0,231.0,0
-10.0,29.0,-94.0,-23.0,278.0,303.0,0
-28.0,4.0,-98.0,-6.0,131.0,355.0,0
-43.0,-16.0,-104.0,26.0,2.0,390.0,0
-67.0,-36.0,-105.0,84.0,-109.0,407.0,0
-89.0,-58.0,-119.0,176.0,-217.0,407.0,0
-101.0,-77.0,-129.0,295.0,-321.0,395.0,0
-85.0,-86.0,-116.0,407.0,-393.0,377.0,0
-44.0,-99.0,-95.0,507.0,-408.0,355.0,0
11.0,-122.0,-75.0,601.0,-339.0,311.0,0
32.0,-141.0,-47.0,735.0,-185.0,198.0,0
43.0,-168.0,-43.0,856.0,-29.0,21.0,0
46.0,-191.0,-59.0,895.0,63.0,-195.0,0
20.0,-216.0,-94.0,785.0,91.0,-421.0,0
-25.0,-253.0,-117.0,495.0,121.0,-625.0,0
-69.0,-296.0,-135.0,52.0,227.0,-811.0,0
-101.0,-344.0,-170.0,-526.0,446.0,-946.0,0
-85.0,-404.0,-220.0,-1304.0,743.0,-1096.0,0
-41.0,-476.0,-284.0,-2333.0,1011.0,-1230.0,0
15.0,-557.0,-326.0,-3570.0,1151.0,-1361.0,0
48.0,-651.0,-319.0,-4834.0,1160.0,-1459.0,0
34.0,-737.0,-259.0,-5852.0,1104.0,-1494.0,0
-6.0,-786.0,-154.0,-6335.0,990.0,-1405.0,0
-11.0,-815.0,-46.0,-6037.0,808.0,-1108.0,0
-5.0,-827.0,40.0,-4926.0,556.0,-713.0,0
-6.0,-820.0,86.0,-3289.0,247.0,-395.0,0
-5.0,-774.0,111.0,-1517.0,-55.0,-202.0,0
7.0,-703.0,104.0,168.0,-289.0,-111.0,0
27.0,-606.0,81.0,1654.0,-416.0,-67.0,0
43.0,-508.0,54.0,2893.0,-423.0,-26.0,0
44.0,-403.0,32.0,3856.0,-331.0,35.0,0
47.0,-283.0,11.0,4509.0,-180.0,129.0,0
46.0,-180.0,-12.0,4809.0,-28.0,267.0,0
50.0,-102.0,-43.0,4648.0,65.0,418.0,0
54.0,-62.0,-72.0,4005.0,66.0,537.0,0
61.0,-47.0,-97.0,2974.0,-8.0,615.0,0
65.0,-76.0,-109.0,1721.0,-107.0,692.0,0
64.0,-147.0,-94.0,385.0,-181.0,770.0,0
36.0,-223.0,-61.0,-879.0,-216.0,839.0,0
1.0,-299.0,-16.0,-1969.0,-213.0,844.0,0
-21.0,-372.0,25.0,-2814.0,-213.0,801.0,0
-20.0,-440.0,61.0,-3383.0,-244.0,739.0,0
-30.0,-512.0,78.0,-3668.0,-287.0,654.0,0
-27.0,-575.0,91.0,-3696.0,-323.0,538.0,0
-13.0,-622.0,89.0,-3497.0,-324.0,411.0,0
-7.0,-648.0,91.0,-3085.0,-285.0,314.0,0
-8.0,-655.0,96.0,-2464.0,-226.0,288.0,0
-18.0,-639.0,104.0,-1659.0,-198.0,338.0,0
-25.0,-606.0,117.0,-727.0,-228.0,439.0,0
-37.0,-555.0,122.0,251.0,-308.0,561.0,0
-38.0,-492.0,127.0,1193.0,-405.0,673.0,0
-49.0,-412.0,119.0,2026.0,-495.0,755.0,0
-58.0,-330.0,103.0,2692.0,-575.0,818.0,0
-54.0,-253.0,76.0,3137.0,-625.0,870.0,0
-47.0,-176.0,39.0,3343.0,-634.0,919.0,0
-31.0,-104.0,1.0,3325.0,-594.0,962.0,0
-10.0,-47.0,-43.0,3111.0,-498.0,997.0,0
6.0,3.0,-77.0,2725.0,-358.0,1009.0,0
29.0,37.0,-101.0,2200.0,-207.0,1005.0,0
48.0,59.0,-112.0,1592.0,-77.0,983.0,0
54.0,69.0,-120.0,967.0,3.0,939.0,0
61.0,73.0,-121.0,388.0,20.0,867.0,0
64.0,81.0,-115.0,-77.0,-23.0,775.0,0
62.0,80.0,-111.0,-397.0,-118.0,671.0,0
59.0,82.0,-114.0,-569.0,-240.0,560.0,0
52.0,81.0,-116.0,-634.0,-364.0,435.0,0
50.0,78.0,-114.0,-635.0,-470.0,302.0,0
48.0,72.0,-113.0,-607.0,-552.0,161.0,0
36.0,65.0,-110.0,-581.0,-608.0,22.0,0
24.0,50.0,-108.0,-568.0,-632.0,-93.0,0
16.0,32.0,-98.0,-575.0,-624.0,-187.0,0
18.0,19.0,-81.0,-578.0,-607.0,-281.0,0
23.0,2.0,-79.0,-555.0,-592.0,-382.0,0
26.0,-10.0,-78.0,-505.0,-575.0,-482.0,0
35.0,-26.0,-75.0,-430.0,-554.0,-564.0,0
37.0,-40.0,-78.0,-336.0,-524.0,-633.0,0
47.0,-61.0,-79.0,-226.0,-473.0,-694.0,0
50.0,-79.0,-95.0,-93.0,-398.0,-748.0,0
53.0,-100.0,-106.0,52.0,-309.0,-795.0,0
40.0,-114.0,-110.0,214.0,-213.0,-824.0,0
25.0,-127.0,-96.0,387.0,-104.0,-819.0,0
5.0,-142.0,-81.0,555.0,36.0,-767.0,0
-25.0,-158.0,-80.0,701.0,198.0,-646.0,0
-61.0,-183.0,-101.0,784.0,326.0,-448.0,0
-98.0,-211.0,-112.0,800.0,364.0,-164.0,0
-109.0,-254.0,-123.0,703.0,295.0,196.0,0
-79.0,-298.0,-123.0,493.0,196.0,602.0,0
-11.0,-364.0,-128.0,157.0,100.0,1004.0,0
63.0,-439.0,-137.0,-425.0,81.0,1358.0,0
110.0,-531.0,-242.0,-1367.0,195.0,1577.0,0
100.0,-653.0,-342.0,-2753.0,579.0,1790.0,0
64.0,-778.0,-349.0,-4455.0,1278.0,2086.0,0
44.0,-873.0,-259.0,-5958.0,1957.0,2462.0,0
-17.0,-893.0,-135.0,-6588.0,2110.0,2639.0,0
-82.0,-858.0,-51.0,-5950.0,1618.0,2416.0,0
-116.0,-811.0,-2.0,-4215.0,795.0,1848.0,0
-104.0,-766.0,21.0,-1945.0,37.0,1192.0,0
-63.0,-717.0,28.0,241.0,-398.0,705.0,0
-20.0,-669.0,22.0,1972.0,-490.0,399.0,0
-8.0,-608.0,6.0,3161.0,-358.0,140.0,0
-18.0,-532.0,-10.0,3884.0,-139.0,-141.0,0
-37.0,-443.0,-19.0,4262.0,73.0,-437.0,0
-52.0,-350.0,-23.0,4422.0,226.0,-718.0,0
-65.0,-263.0,-25.0,4477.0,282.0,-931.0,0
-62.0,-192.0,-27.0,4437.0,254.0,-1042.0,0
-56.0,-145.0,-39.0,4247.0,195.0,-1069.0,0
-49.0,-128.0,-58.0,3801.0,173.0,-1029.0,0
-51.0,-136.0,-66.0,3051.0,209.0,-911.0,0
-50.0,-155.0,-62.0,2043.0,290.0,-713.0,0
-38.0,-191.0,-42.0,903.0,388.0,-469.0,0
-26.0,-228.0,-15.0,-224.0,480.0,-234.0,0
-15.0,-268.0,23.0,-1227.0,552.0,-59.0,0
-2.0,-311.0,58.0,-2028.0,601.0,42.0,0
5.0,-355.0,90.0,-2599.0,635.0,85.0,0
11.0,-389.0,115.0,-2933.0,650.0,93.0,0
31.0,-428.0,122.0,-3031.0,627.0,73.0,0
40.0,-452.0,126.0,-2905.0,557.0,25.0,0
51.0,-468.0,120.0,-2584.0,459.0,-51.0,0
53.0,-472.0,111.0,-2115.0,350.0,-155.0,0
58.0,-469.0,102.0,-1569.0,245.0,-269.0,0
63.0,-453.0,92.0,-1007.0,146.0,-387.0,0
63.0,-438.0,80.0,-464.0,54.0,-514.0,0
65.0,-419.0,65.0,35.0,-33.0,-656.0,0
62.0,-394.0,51.0,464.0,-118.0,-801.0,0
55.0,-361.0,43.0,844.0,-199.0,-945.0,0
54.0,-329.0,33.0,1173.0,-274.0,-1086.0,0
55.0,-294.0,32.0,1469.0,-335.0,-1214.0,0
49.0,-253.0,19.0,1715.0,-378.0,-1332.0,0
49.0,-215.0,2.0,1892.0,-393.0,-1424.0,0
48.0,-174.0,-7.0,1994.0,-375.0,-1477.0,0
44.0,-137.0,-14.0,2048.0,-328.0,-1490.0,0
33.0,-86.0,-21.0,2086.0,-246.0,-1465.0,0
29.0,-45.0,-27.0,2124.0,-140.0,-1413.0,0
17.0,-2.0,-30.0,2154.0,-14.0,-1327.0,0
12.0,33.0,-41.0,2163.0,122.0,-1204.0,0
11.0,67.0,-53.0,2128.0,255.0,-1052.0,0
10.0,100.0,-58.0,2010.0,370.0,-889.0,0
15.0,117.0,-69.0,1788.0,443.0,-715.0,0
9.0,127.0,-72.0,1476.0,459.0,-529.0,0
18.0,129.0,-103.0,1105.0,426.0,-340.0,0
15.0,127.0,-116.0,712.0,357.0,-161.0,0
16.0,113.0,-128.0,341.0,267.0,4.0,0
4.0,98.0,-141.0,23.0,165.0,139.0,0
-13.0,79.0,-148.0,-231.0,51.0,254.0,0
-35.0,62.0,-137.0,-414.0,-85.0,353.0,0
-51.0,43.0,-134.0,-531.0,-234.0,437.0,0
-62.0,25.0,-121.0,-585.0,-385.0,497.0,0
-64.0,3.0,-108.0,-587.0,-523.0,548.0,0
-62.0,-16.0,-86.0,-542.0,-627.0,573.0,0
-55.0,-44.0,-69.0,-455.0,-675.0,564.0,0
-59.0,-58.0,-56.0,-328.0,-654.0,510.0,0
-58.0,-75.0,-51.0,-158.0,-580.0,427.0,0
-67.0,-91.0,-57.0,54.0,-484.0,324.0,0
-69.0,-108.0,-48.0,289.0,-393.0,214.0,0
-62.0,-117.0,-24.0,479.0,-327.0,128.0,0
-7.0,-132.0,-4.0,704.0,-264.0,66.0,0
70.0,-163.0,8.0,920.0,-137.0,4.0,0
130.0,-196.0,14.0,1131.0,33.0,-91.0,0
166.0,-221.0,8.0,1299.0,263.0,-246.0,0
162.0,-242.0,-7.0,1331.0,375.0,-477.0,0
104.0,-269.0,-29.0,1193.0,296.0,-706.0,0
26.0,-329.0,-74.0,827.0,160.0,-993.0,0
-8.0,-422.0,-159.0,69.0,246.0,-1249.0,0
18.0,-489.0,-268.0,-1144.0,674.0,-1476.0,0
69.0,-532.0,-355.0,-2572.0,1256.0,-1658.0,0
90.0,-577.0,-408.0,-3936.0,1771.0,-1761.0,0
71.0,-591.0,-378.0,-5045.0,2093.0,-1776.0,0
1.0,-611.0,-276.0,-5712.0,2160.0,-1720.0,0
-72.0,-656.0,-159.0,-5793.0,1952.0,-1612.0,0
-92.0,-712.0,-46.0,-5271.0,1516.0,-1459.0,0
-71.0,-760.0,53.0,-4222.0,1004.0,-1267.0,0
-46.0,-793.0,121.0,-2776.0,563.0,-1057.0,0
-24.0,-794.0,158.0,-1125.0,275.0,-815.0,0
-9.0,-751.0,171.0,529.0,140.0,-497.0,0
1.0,-662.0,171.0,2055.0,89.0,-79.0,0
-10.0,-562.0,183.0,3352.0,21.0,413.0,0
-34.0,-467.0,159.0,4263.0,-201.0,832.0,0
-35.0,-373.0,111.0,4809.0,-469.0,1030.0,0
-19.0,-296.0,59.0,5139.0,-658.0,1083.0,0
-1.0,-240.0,6.0,5221.0,-810.0,1129.0,0
17.0,-193.0,-36.0,4987.0,-941.0,1180.0,0
38.0,-157.0,-62.0,4390.0,-1024.0,1189.0,0
37.0,-123.0,-73.0,3444.0,-1028.0,1134.0,0
21.0,-113.0,-80.0,2218.0,-940.0,1057.0,0
3.0,-130.0,-67.0,818.0,-765.0,972.0,0
5.0,-176.0,-36.0,-601.0,-515.0,855.0,0
10.0,-235.0,9.0,-1859.0,-222.0,693.0,0
16.0,-293.0,62.0,-2846.0,63.0,506.0,0
30.0,-347.0,116.0,-3511.0,282.0,360.0,0
49.0,-396.0,161.0,-3845.0,395.0,296.0,0
50.0,-432.0,186.0,-3859.0,408.0,317.0,0
48.0,-446.0,195.0,-3589.0,347.0,401.0,0
38.0,-464.0,196.0,-3101.0,248.0,520.0,0
19.0,-458.0,191.0,-2459.0,132.0,649.0,0
0.0,-446.0,182.0,-1715.0,10.0,778.0,0
-19.0,-429.0,169.0,-925.0,-112.0,916.0,0
-30.0,-401.0,159.0,-140.0,-238.0,1043.0,0
-43.0,-374.0,143.0,593.0,-369.0,1140.0,0
-60.0,-340.0,127.0,1236.0,-506.0,1216.0,0
-60.0,-310.0,104.0,1763.0,-639.0,1265.0,0
-61.0,-271.0,81.0,2159.0,-759.0,1282.0,0
-58.0,-234.0,58.0,2406.0,-849.0,1276.0,0
-47.0,-196.0,31.0,2510.0,-904.0,1249.0,0
-34.0,-161.0,0.0,2478.0,-915.0,1199.0,0
-14.0,-127.0,-27.0,2326.0,-881.0,1125.0,0
1.0,-95.0,-52.0,2079.0,-805.0,1046.0,0
28.0,-66.0,-74.0,1767.0,-686.0,966.0,0
42.0,-40.0,-98.0,1401.0,-526.0,858.0,0
63.0,-8.0,-103.0,1017.0,-338.0,717.0,0
62.0,15.0,-118.0,644.0,-146.0,550.0,0
67.0,37.0,-120.0,302.0,22.0,378.0,0
70.0,51.0,-120.0,-2.0,130.0,212.0,0
65.0,63.0,-120.0,-281.0,159.0,44.0,0
51.0,71.0,-114.0,-550.0,118.0,-122.0,0
35.0,78.0,-113.0,-803.0,11.0,-257.0,0
35.0,72.0,-103.0,-1043.0,-128.0,-352.0,0
29.0,69.0,-97.0,-1263.0,-262.0,-414.0,0
33.0,54.0,-88.0,-1448.0,-384.0,-452.0,0
33.0,37.0,-78.0,-1581.0,-487.0,-468.0,0
41.0,16.0,-67.0,-1647.0,-560.0,-474.0,0
44.0,-2.0,-58.0,-1624.0,-601.0,-492.0,0
48.0,-28.0,-54.0,-1502.0,-601.0,-518.0,0
54.0,-54.0,-54.0,-1291.0,-553.0,-553.0,0
55.0,-77.0,-63.0,-996.0,-461.0,-596.0,0
48.0,-99.0,-71.0,-619.0,-345.0,-646.0,0
35.0,-121.0,-59.0,-171.0,-217.0,-695.0,0
9.0,-133.0,-32.0,302.0,-83.0,-719.0,0
-17.0,-157.0,-9.0,681.0,66.0,-683.0,0
-36.0,-184.0,-8.0,1145.0,215.0,-581.0,0
-76.0,-214.0,-43.0,1538.0,315.0,-417.0,0
-132.0,-238.0,-84.0,1768.0,319.0,-180.0,0
-160.0,-272.0,-110.0,1795.0,266.0,134.0,0
-130.0,-308.0,-111.0,1632.0,189.0,501.0,0
-37.0,-342.0,-105.0,1238.0,159.0,832.0,0
92.0,-424.0,-146.0,429.0,183.0,1033.0,0
141.0,-510.0,-279.0,-987.0,344.0,1098.0,0
157.0,-579.0,-371.0,-3009.0,858.0,1214.0,0
148.0,-688.0,-368.0,-5259.0,1640.0,1531.0,0
129.0,-792.0,-259.0,-7208.0,2313.0,2029.0,0
58.0,-832.0,-132.0,-8196.0,2441.0,2380.0,0
-47.0,-831.0,-29.0,-7798.0,1943.0,2320.0,0
-110.0,-819.0,26.0,-6170.0,1082.0,1897.0,0
-89.0,-799.0,49.0,-3817.0,184.0,1358.0,0
-33.0,-769.0,41.0,-1328.0,-520.0,914.0,0
13.0,-719.0,28.0,780.0,-881.0,604.0,0
28.0,-659.0,16.0,2276.0,-865.0,346.0,0
16.0,-577.0,19.0,3211.0,-584.0,96.0,0
-3.0,-485.0,36.0,3771.0,-208.0,-174.0,0
-27.0,-392.0,47.0,4143.0,118.0,-487.0,0
-51.0,-310.0,52.0,4407.0,301.0,-831.0,0
-76.0,-220.0,41.0,4553.0,365.0,-1124.0,0
-97.0,-151.0,29.0,4485.0,415.0,-1296.0,0
-117.0,-106.0,2.0,4108.0,527.0,-1308.0,0
-115.0,-85.0,-25.0,3368.0,692.0,-1153.0,0
-103.0,-82.0,-37.0,2303.0,864.0,-908.0,0
-85.0,-99.0,-41.0,1040.0,989.0,-671.0,0
-63.0,-142.0,-43.0,-264.0,1024.0,-493.0,0
-47.0,-197.0,-21.0,-1485.0,955.0,-382.0,0
-39.0,-256.0,3.0,-2545.0,813.0,-318.0,0
-22.0,-316.0,29.0,-3364.0,653.0,-261.0,0
1.0,-367.0,51.0,-3895.0,505.0,-193.0,0
28.0,-416.0,68.0,-4111.0,376.0,-118.0,0
54.0,-457.0,86.0,-4018.0,271.0,-51.0,0
65.0,-480.0,95.0,-3650.0,189.0,-10.0,0
73.0,-487.0,99.0,-3080.0,118.0,-1.0,0
71.0,-480.0,107.0,-2387.0,53.0,-24.0,0
77.0,-460.0,112.0,-1634.0,-10.0,-77.0,0
80.0,-435.0,111.0,-847.0,-74.0,-149.0,0
80.0,-407.0,108.0,-60.0,-136.0,-243.0,0
85.0,-380.0,94.0,693.0,-194.0,-363.0,0
85.0,-355.0,75.0,1374.0,-259.0,-507.0,0
82.0,-329.0,50.0,1945.0,-342.0,-677.0,0
73.0,-297.0,18.0,2373.0,-432.0,-864.0,0
64.0,-260.0,-5.0,2636.0,-518.0,-1042.0,0
55.0,-226.0,-40.0,2736.0,-573.0,-1180.0,0
43.0,-190.0,-63.0,2699.0,-581.0,-1260.0,0
32.0,-151.0,-73.0,2574.0,-541.0,-1282.0,0
22.0,-117.0,-86.0,2407.0,-463.0,-1274.0,0
15.0,-76.0,-88.0,2227.0,-356.0,-1229.0,0
2.0,-38.0,-84.0,2063.0,-222.0,-1157.0,0
-6.0,-1.0,-79.0,1932.0,-78.0,-1071.0,0
-15.0,36.0,-69.0,1834.0,58.0,-985.0,0
-11.0,64.0,-63.0,1752.0,177.0,-902.0,0
-16.0,97.0,-57.0,1654.0,281.0,-798.0,0
-21.0,128.0,-61.0,1500.0,370.0,-660.0,0
-24.0,143.0,-62.0,1272.0,440.0,-496.0,0
-28.0,150.0,-67.0,969.0,480.0,-314.0,0
-37.0,161.0,-95.0,617.0,476.0,-136.0,0
-41.0,143.0,-87.0,261.0,429.0,28.0,0
-51.0,129.0,-100.0,-69.0,348.0,181.0,0
-44.0,101.0,-116.0,-368.0,249.0,327.0,0
-38.0,65.0,-121.0,-634.0,130.0,445.0,0
-42.0,39.0,-119.0,-847.0,-10.0,512.0,0
-46.0,8.0,-104.0,-983.0,-147.0,557.0,0
-44.0,-21.0,-83.0,-1030.0,-254.0,598.0,0
-47.0,-51.0,-73.0,-977.0,-321.0,618.0,0
-60.0,-83.0,-69.0,-827.0,-350.0,605.0,0
-79.0,-115.0,-72.0,-590.0,-365.0,558.0,0
-82.0,-131.0,-61.0,-298.0,-394.0,505.0,0
-48.0,-143.0,-34.0,27.0,-430.0,458.0,0
51.0,-169.0,-25.0,380.0,-424.0,417.0,0
143.0,-195.0,0.0,714.0,-318.0,317.0,0
176.0,-205.0,27.0,964.0,-144.0,121.0,0
144.0,-204.0,23.0,1060.0,-25.0,-163.0,0
60.0,-184.0,-13.0,969.0,-30.0,-493.0,0
-6.0,-188.0,-72.0,537.0,-95.0,-768.0,0
-18.0,-240.0,-157.0,-300.0,-127.0,-996.0,0
0.0,-322.0,-235.0,-1461.0,-75.0,-1247.0,0
50.0,-426.0,-326.0,-2715.0,114.0,-1519.0,0
84.0,-544.0,-413.0,-3983.0,445.0,-1782.0,0
72.0,-646.0,-462.0,-5259.0,883.0,-2030.0,0
-2.0,-726.0,-421.0,-6448.0,1390.0,-2201.0,0
-68.0,-792.0,-312.0,-7286.0,1863.0,-2292.0,0
-89.0,-842.0,-184.0,-7474.0,2107.0,-2087.0,0
-35.0,-906.0,-39.0,-6807.0,2046.0,-1536.0,0
-14.0,-960.0,62.0,-5308.0,1679.0,-896.0,0
-13.0,-969.0,117.0,-3291.0,1177.0,-351.0,0
-3.0,-905.0,144.0,-1137.0,715.0,75.0,0
5.0,-792.0,143.0,941.0,354.0,369.0,0
-9.0,-663.0,132.0,2782.0,93.0,559.0,0
-45.0,-524.0,110.0,4218.0,-145.0,690.0,0
-59.0,-393.0,66.0,5103.0,-410.0,742.0,0
-65.0,-270.0,16.0,5414.0,-629.0,666.0,0
-58.0,-153.0,-30.0,5211.0,-758.0,520.0,0
-56.0,-71.0,-77.0,4570.0,-831.0,444.0,0
-50.0,-40.0,-120.0,3553.0,-869.0,470.0,0
-48.0,-52.0,-135.0,2263.0,-907.0,515.0,0
-43.0,-102.0,-129.0,854.0,-957.0,538.0,0
-41.0,-170.0,-104.0,-518.0,-982.0,547.0,0
-31.0,-251.0,-68.0,-1714.0,-958.0,528.0,0
-18.0,-323.0,-31.0,-2636.0,-890.0,473.0,0
3.0,-398.0,9.0,-3238.0,-787.0,392.0,0
25.0,-458.0,50.0,-3515.0,-663.0,323.0,0
40.0,-509.0,81.0,-3482.0,-538.0,305.0,0
54.0,-559.0,102.0,-3174.0,-433.0,337.0,0
57.0,-583.0,116.0,-2662.0,-365.0,403.0,0
48.0,-593.0,122.0,-2009.0,-353.0,492.0,0
38.0,-582.0,120.0,-1275.0,-389.0,602.0,0
25.0,-550.0,121.0,-507.0,-453.0,727.0,0
9.0,-510.0,118.0,247.0,-512.0,846.0,0
0.0,-453.0,121.0,958.0,-555.0,928.0,0
-16.0,-393.0,124.0,1605.0,-574.0,956.0,0
-23.0,-333.0,113.0,2165.0,-575.0,949.0,0
-26.0,-275.0,97.0,2600.0,-562.0,933.0,0
-23.0,-214.0,76.0,2872.0,-532.0,918.0,0
-6.0,-163.0,44.0,2971.0,-485.0,927.0,0
12.0,-119.0,9.0,2883.0,-409.0,943.0,0
32.0,-78.0,-21.0,2615.0,-305.0,935.0,0
44.0,-54.0,-51.0,2208.0,-192.0,901.0,0
57.0,-28.0,-78.0,1713.0,-75.0,846.0,0
53.0,-14.0,-101.0,1175.0,34.0,749.0,0
50.0,-1.0,-112.0,654.0,110.0,620.0,0
56.0,4.0,-121.0,212.0,143.0,480.0,0
56.0,12.0,-121.0,-113.0,135.0,344.0,0
64.0,20.0,-121.0,-316.0,105.0,202.0,0
61.0,20.0,-114.0,-402.0,46.0,55.0,0
57.0,27.0,-115.0,-402.0,-21.0,-99.0,0
45.0,39.0,-106.0,-344.0,-94.0,-247.0,0
37.0,41.0,-110.0,-265.0,-174.0,-363.0,0
24.0,48.0,-104.0,-197.0,-260.0,-480.0,0
15.0,55.0,-89.0,-143.0,-356.0,-584.0,0
6.0,56.0,-87.0,-113.0,-460.0,-669.0,0
-1.0,54.0,-81.0,-107.0,-553.0,-723.0,0
0.0,47.0,-76.0,-115.0,-624.0,-753.0,0
2.0,35.0,-72.0,-128.0,-671.0,-781.0,0
9.0,20.0,-70.0,-138.0,-689.0,-808.0,0
19.0,4.0,-67.0,-128.0,-671.0,-839.0,0
30.0,-11.0,-70.0,-91.0,-616.0,-869.0,0
40.0,-31.0,-73.0,-14.0,-519.0,-899.0,0
38.0,-52.0,-87.0,102.0,-391.0,-926.0,0
29.0,-66.0,-94.0,258.0,-250.0,-946.0,0
8.0,-82.0,-91.0,449.0,-118.0,-941.0,0
-11.0,-101.0,-74.0,667.0,4.0,-899.0,0
-26.0,-123.0,-61.0,894.0,126.0,-791.0,0
-62.0,-154.0,-49.0,1096.0,239.0,-598.0,0
-124.0,-190.0,-62.0,1207.0,280.0,-304.0,0
-175.0,-226.0,-92.0,1167.0,175.0,78.0,0
-185.0,-262.0,-123.0,977.0,-54.0,528.0,0
-130.0,-302.0,-140.0,680.0,-298.0,1011.0,0
-40.0,-353.0,-142.0,240.0,-430.0,1467.0,0
53.0,-425.0,-141.0,-495.0,-395.0,1847.0,0
116.0,-508.0,-213.0,-1357.0,-114.0,2116.0,0
144.0,-585.0,-311.0,-2801.0,505.0,2352.0,0
154.0,-717.0,-327.0,-4484.0,1304.0,2661.0,0
147.0,-898.0,-209.0,-6011.0,1881.0,2956.0,0
79.0,-966.0,-103.0,-6767.0,1963.0,2949.0,0
-10.0,-955.0,3.0,-6327.0,1578.0,2524.0,0
-63.0,-903.0,72.0,-4738.0,902.0,1811.0,0
-38.0,-841.0,91.0,-2421.0,219.0,1195.0,0
22.0,-764.0,75.0,-18.0,-255.0,536.0,0
60.0,-673.0,50.0,1968.0,-412.0,36.0,0
60.0,-571.0,21.0,3338.0,-271.0,-373.0,0
22.0,-460.0,7.0,4164.0,35.0,-732.0,0
-17.0,-351.0,9.0,4626.0,348.0,-1027.0,0
-58.0,-258.0,13.0,4894.0,529.0,-1246.0,0
-80.0,-188.0,10.0,5077.0,514.0,-1338.0,0
-91.0,-127.0,1.0,5164.0,359.0,-1298.0,0
-85.0,-88.0,-22.0,5028.0,190.0,-1192.0,0
-73.0,-65.0,-48.0,4493.0,135.0,-1048.0,0
-54.0,-54.0,-54.0,3517.0,232.0,-867.0,0
-38.0,-60.0,-59.0,2204.0,435.0,-690.0,0
-27.0,-90.0,-45.0,733.0,653.0,-547.0,0
-29.0,-140.0,-29.0,-728.0,815.0,-422.0,0
-39.0,-200.0,1.0,-2058.0,898.0,-299.0,0
-46.0,-267.0,40.0,-3166.0,913.0,-181.0,0
-44.0,-331.0,80.0,-3988.0,870.0,-69.0,0
-39.0,-399.0,108.0,-4463.0,771.0,39.0,0
-30.0,-459.0,125.0,-4584.0,617.0,140.0,0
-19.0,-511.0,132.0,-4361.0,415.0,211.0,0
2.0,-543.0,133.0,-3847.0,182.0,234.0,0
8.0,-557.0,126.0,-3120.0,-62.0,201.0,0
22.0,-552.0,118.0,-2277.0,-274.0,115.0,0
29.0,-531.0,108.0,-1405.0,-421.0,-22.0,0
39.0,-502.0,99.0,-548.0,-510.0,-197.0,0
48.0,-469.0,77.0,261.0,-561.0,-382.0,0
59.0,-434.0,60.0,977.0,-591.0,-561.0,0
62.0,-401.0,40.0,1589.0,-604.0,-739.0,0
63.0,-365.0,24.0,2081.0,-598.0,-908.0,0
57.0,-316.0,17.0,2463.0,-586.0,-1057.0,0
58.0,-267.0,9.0,2750.0,-574.0,-1177.0,0
54.0,-224.0,1.0,2953.0,-569.0,-1271.0,0
48.0,-174.0,-9.0,3076.0,-568.0,-1337.0,0
44.0,-127.0,-19.0,3139.0,-561.0,-1364.0,0
37.0,-77.0,-22.0,3157.0,-533.0,-1342.0,0
33.0,-34.0,-35.0,3142.0,-472.0,-1286.0,0
24.0,8.0,-43.0,3102.0,-381.0,-1209.0,0
16.0,48.0,-60.0,3026.0,-267.0,-1113.0,0
7.0,83.0,-66.0,2894.0,-146.0,-999.0,0
16.0,111.0,-77.0,2676.0,-22.0,-864.0,0
25.0,137.0,-86.0,2363.0,106.0,-733.0,0
30.0,164.0,-94.0,1960.0,230.0,-601.0,0
39.0,180.0,-102.0,1476.0,331.0,-458.0,0
37.0,179.0,-112.0,943.0,394.0,-300.0,0
31.0,174.0,-123.0,386.0,404.0,-121.0,0
7.0,151.0,-141.0,-129.0,347.0,75.0,0
-11.0,127.0,-144.0,-564.0,215.0,258.0,0
-29.0,94.0,-153.0,-892.0,26.0,399.0,0
-28.0,64.0,-153.0,-1121.0,-185.0,508.0,0
-47.0,18.0,-140.0,-1281.0,-387.0,592.0,0
-52.0,-18.0,-127.0,-1363.0,-550.0,648.0,0
-61.0,-58.0,-111.0,-1345.0,-672.0,670.0,0
-72.0,-94.0,-92.0,-1215.0,-754.0,661.0,0
-67.0,-129.0,-70.0,-992.0,-796.0,636.0,0
-47.0,-162.0,-42.0,-701.0,-783.0,593.0,0
0.0,-202.0,-39.0,-352.0,-673.0,527.0,0
38.0,-246.0,-20.0,33.0,-414.0,424.0,0
60.0,-280.0,-1.0,410.0,-48.0,285.0,0
71.0,-310.0,12.0,721.0,289.0,103.0,0
84.0,-341.0,14.0,896.0,489.0,-131.0,0
68.0,-369.0,9.0,877.0,563.0,-404.0,0
24.0,-399.0,-12.0,603.0,661.0,-689.0,0
-35.0,-407.0,-75.0,15.0,925.0,-948.0,0
-40.0,-423.0,-162.0,-882.0,1251.0,-1125.0,0
-26.0,-461.0,-235.0,-1983.0,1438.0,-1225.0,0
-22.0,-511.0,-260.0,-3081.0,1479.0,-1285.0,0
-43.0,-546.0,-240.0,-3793.0,1405.0,-1344.0,0
-80.0,-567.0,-168.0,-4307.0,1184.0,-1386.0,0
-99.0,-595.0,-72.0,-4337.0,898.0,-1365.0,0
-87.0,-625.0,6.0,-3924.0,434.0,-1244.0,0
-53.0,-646.0,63.0,-3150.0,13.0,-1091.0,0
-20.0,-658.0,89.0,-2157.0,-227.0,-1001.0,0
-3.0,-647.0,95.0,-1091.0,-263.0,-935.0,0
2.0,-611.0,81.0,-82.0,-163.0,-841.0,0
10.0,-561.0,63.0,789.0,-13.0,-645.0,0
25.0,-493.0,47.0,1522.0,135.0,-312.0,0
26.0,-436.0,45.0,2144.0,251.0,142.0,0
10.0,-391.0,51.0,2641.0,258.0,612.0,0
9.0,-365.0,36.0,2917.0,82.0,962.0,0
23.0,-334.0,22.0,2972.0,-147.0,1112.0,0
42.0,-293.0,14.0,2875.0,-339.0,1154.0,0
70.0,-264.0,24.0,2643.0,-501.0,1166.0,0
90.0,-242.0,30.0,2299.0,-635.0,1166.0,0
99.0,-220.0,44.0,1845.0,-719.0,1141.0,0
93.0,-210.0,56.0,1279.0,-751.0,1105.0,0
70.0,-203.0,68.0,608.0,-738.0,1092.0,0
50.0,-222.0,77.0,-124.0,-679.0,1096.0,0
37.0,-247.0,97.0,-869.0,-576.0,1081.0,0
37.0,-289.0,100.0,-1569.0,-430.0,1001.0,0
37.0,-338.0,114.0,-2182.0,-239.0,841.0,0
42.0,-384.0,125.0,-2650.0,-22.0,621.0,0
38.0,-421.0,142.0,-2922.0,187.0,393.0,0
18.0,-434.0,158.0,-2957.0,349.0,217.0,0
4.0,-452.0,168.0,-2753.0,428.0,137.0,0
-22.0,-449.0,180.0,-2333.0,411.0,152.0,0
-54.0,-441.0,185.0,-1748.0,304.0,241.0,0
-75.0,-419.0,182.0,-1061.0,121.0,378.0,0
-96.0,-392.0,176.0,-319.0,-110.0,543.0,0
-111.0,-368.0,163.0,439.0,-369.0,709.0,0
-116.0,-334.0,145.0,1157.0,-620.0,862.0,0
-110.0,-300.0,124.0,1792.0,-830.0,1009.0,0
-103.0,-265.0,98.0,2312.0,-973.0,1130.0,0
-82.0,-222.0,64.0,2700.0,-1036.0,1230.0,0
-48.0,-180.0,27.0,2947.0,-1022.0,1315.0,0
-7.0,-139.0,-8.0,3050.0,-941.0,1365.0,0
19.0,-93.0,-40.0,3016.0,-802.0,1375.0,0
49.0,-50.0,-71.0,2855.0,-601.0,1356.0,0
76.0,-7.0,-97.0,2591.0,-362.0,1294.0,0
88.0,35.0,-123.0,2228.0,-108.0,1173.0,0
98.0,74.0,-137.0,1765.0,136.0,1016.0,0
105.0,103.0,-150.0,1219.0,336.0,844.0,0
104.0,125.0,-157.0,628.0,456.0,661.0,0
104.0,134.0,-164.0,21.0,484.0,485.0,0
99.0,130.0,-163.0,-593.0,416.0,319.0,0
87.0,123.0,-167.0,-1224.0,261.0,157.0,0
79.0,105.0,-151.0,-1831.0,37.0,4.0,0
66.0,75.0,-139.0,-2364.0,-230.0,-124.0,0
49.0,40.0,-116.0,-2792.0,-499.0,-217.0,0
45.0,3.0,-95.0,-3083.0,-734.0,-278.0,0
45.0,-25.0,-66.0,-3206.0,-925.0,-317.0,0
49.0,-50.0,-49.0,-3148.0,-1059.0,-352.0,0
60.0,-79.0,-34.0,-2937.0,-1117.0,-413.0,0
63.0,-104.0,-16.0,-2611.0,-1084.0,-504.0,0
63.0,-127.0,-8.0,-2177.0,-952.0,-612.0,0
60.0,-142.0,-3.0,-1629.0,-742.0,-722.0,0
50.0,-152.0,-10.0,-976.0,-495.0,-828.0,0
38.0,-164.0,-16.0,-251.0,-263.0,-933.0,0
12.0,-165.0,-3.0,499.0,-65.0,-1019.0,0
-15.0,-176.0,23.0,1218.0,104.0,-1053.0,0
-46.0,-192.0,47.0,1897.0,252.0,-1018.0,0
-79.0,-218.0,44.0,2503.0,365.0,-899.0,0
-117.0,-250.0,13.0,2871.0,407.0,-681.0,0
-162.0,-279.0,-32.0,3086.0,359.0,-364.0,0
-172.0,-303.0,-72.0,2946.0,259.0,48.0,0
-127.0,-320.0,-86.0,2463.0,181.0,498.0,0
-41.0,-342.0,-102.0,1607.0,158.0,902.0,0
59.0,-397.0,-162.0,266.0,162.0,1167.0,0
121.0,-462.0,-294.0,-1584.0,307.0,1301.0,0
116.0,-511.0,-379.0,-3762.0,775.0,1498.0,0
93.0,-596.0,-383.0,-5903.0,1489.0,1821.0,0
72.0,-703.0,-286.0,-7572.0,1989.0,2345.0,0
16.0,-762.0,-168.0,-8205.0,1838.0,2707.0,0
-38.0,-789.0,-61.0,-7587.0,1151.0,2670.0,0
-71.0,-798.0,18.0,-5952.0,307.0,2209.0,0
-62.0,-805.0,52.0,-3758.0,-381.0,1556.0,0
-9.0,-787.0,64.0,-1556.0,-732.0,972.0,0
22.0,-737.0,64.0,282.0,-716.0,525.0,0
25.0,-656.0,58.0,1677.0,-431.0,160.0,0
5.0,-559.0,61.0,2687.0,-24.0,-164.0,0
-25.0,-466.0,60.0,3442.0,360.0,-471.0,0
-52.0,-380.0,59.0,4040.0,603.0,-745.0,0
-65.0,-312.0,41.0,4517.0,658.0,-953.0,0
-63.0,-247.0,23.0,4787.0,595.0,-1118.0,0
-67.0,-191.0,4.0,4752.0,536.0,-1292.0,0
-77.0,-153.0,-15.0,4350.0,522.0,-1404.0,0
-85.0,-122.0,-16.0,3588.0,544.0,-1350.0,0
-81.0,-110.0,-17.0,2564.0,599.0,-1140.0,0
-77.0,-120.0,-18.0,1405.0,673.0,-874.0,0
-77.0,-140.0,3.0,210.0,739.0,-638.0,0
-67.0,-185.0,22.0,-934.0,753.0,-470.0,0
-59.0,-239.0,46.0,-1956.0,694.0,-351.0,0
-43.0,-296.0,69.0,-2793.0,582.0,-256.0,0
-22.0,-351.0,86.0,-3407.0,445.0,-176.0,0
5.0,-401.0,105.0,-3753.0,294.0,-105.0,0
22.0,-437.0,117.0,-3797.0,130.0,-45.0,0
35.0,-455.0,127.0,-3544.0,-45.0,-3.0,0
43.0,-454.0,126.0,-3035.0,-218.0,17.0,0
52.0,-453.0,126.0,-2349.0,-374.0,6.0,0
63.0,-440.0,123.0,-1590.0,-505.0,-33.0,0
71.0,-412.0,121.0,-793.0,-598.0,-91.0,0
75.0,-390.0,114.0,19.0,-653.0,-176.0,0
71.0,-369.0,92.0,801.0,-679.0,-301.0,0
75.0,-343.0,67.0,1509.0,-695.0,-466.0,0
75.0,-321.0,34.0,2081.0,-726.0,-656.0,0
72.0,-293.0,4.0,2476.0,-766.0,-865.0,0
64.0,-256.0,-24.0,2686.0,-797.0,-1072.0,0
58.0,-215.0,-53.0,2738.0,-796.0,-1239.0,0
45.0,-170.0,-65.0,2673.0,-759.0,-1339.0,0
38.0,-123.0,-72.0,2549.0,-677.0,-1367.0,0
31.0,-76.0,-74.0,2404.0,-552.0,-1332.0,0
22.0,-37.0,-74.0,2265.0,-402.0,-1267.0,0
12.0,5.0,-76.0,2136.0,-237.0,-1179.0,0
6.0,45.0,-71.0,1987.0,-74.0,-1059.0,0
2.0,71.0,-67.0,1818.0,75.0,-930.0,0
-5.0,99.0,-66.0,1611.0,188.0,-799.0,0
-8.0,118.0,-67.0,1356.0,274.0,-644.0,0
-18.0,125.0,-68.0,1043.0,321.0,-462.0,0
-20.0,125.0,-68.0,695.0,331.0,-265.0,0
-20.0,109.0,-80.0,341.0,307.0,-81.0,0
-17.0,93.0,-90.0,15.0,259.0,75.0,0
-17.0,69.0,-104.0,-270.0,201.0,209.0,0
-13.0,40.0,-111.0,-503.0,135.0,318.0,0
-13.0,11.0,-113.0,-675.0,54.0,386.0,0
-18.0,-11.0,-111.0,-775.0,-36.0,414.0,0
-28.0,-36.0,-105.0,-793.0,-125.0,426.0,0
-37.0,-65.0,-91.0,-738.0,-202.0,436.0,0
-43.0,-88.0,-81.0,-609.0,-270.0,436.0,0
-51.0,-103.0,-85.0,-402.0,-328.0,416.0,0
-46.0,-128.0,-59.0,-118.0,-381.0,378.0,0
-12.0,-143.0,-41.0,205.0,-416.0,329.0,0
57.0,-165.0,-42.0,527.0,-402.0,266.0,0
111.0,-184.0,-42.0,807.0,-310.0,151.0,0
146.0,-197.0,-56.0,1016.0,-167.0,-42.0,0
141.0,-204.0,-68.0,1109.0,-43.0,-291.0,0
94.0,-205.0,-84.0,1016.0,37.0,-555.0,0
41.0,-215.0,-103.0,686.0,124.0,-786.0,0
1.0,-257.0,-136.0,76.0,272.0,-995.0,0
-18.0,-324.0,-160.0,-640.0,466.0,-1256.0,0
-10.0,-396.0,-200.0,-1764.0,674.0,-1583.0,0
-2.0,-465.0,-230.0,-2942.0,883.0,-1896.0,0
6.0,-527.0,-252.0,-3959.0,1060.0,-2117.0,0
-5.0,-587.0,-238.0,-4709.0,1316.0,-2226.0,0
-34.0,-631.0,-181.0,-5178.0,1574.0,-2232.0,0
-41.0,-673.0,-84.0,-5331.0,1702.0,-2091.0,0
-18.0,-724.0,3.0,-5113.0,1596.0,-1838.0,0
-13.0,-770.0,74.0,-4506.0,1312.0,-1403.0,0
-14.0,-807.0,109.0,-3558.0,970.0,-910.0,0
-17.0,-811.0,119.0,-2394.0,659.0,-422.0,0
1.0,-768.0,108.0,-1152.0,416.0,12.0,0
4.0,-697.0,82.0,80.0,276.0,371.0,0
-16.0,-601.0,68.0,1231.0,221.0,639.0,0
-35.0,-505.0,54.0,2180.0,138.0,818.0,0
-48.0,-412.0,12.0,2800.0,-22.0,885.0,0
-42.0,-328.0,-25.0,3058.0,-151.0,839.0,0
-30.0,-253.0,-58.0,2969.0,-190.0,740.0,0
-27.0,-201.0,-65.0,2572.0,-193.0,671.0,0
-25.0,-172.0,-63.0,1927.0,-203.0,625.0,0
-22.0,-177.0,-54.0,1125.0,-254.0,585.0,0
-18.0,-203.0,-35.0,250.0,-353.0,559.0,0
-7.0,-247.0,-16.0,-620.0,-460.0,548.0,0
14.0,-309.0,2.0,-1414.0,-525.0,518.0,0
31.0,-364.0,19.0,-2058.0,-514.0,458.0,0
50.0,-414.0,46.0,-2502.0,-433.0,397.0,0
60.0,-455.0,72.0,-2712.0,-323.0,377.0,0
60.0,-480.0,98.0,-2682.0,-232.0,397.0,0
57.0,-499.0,123.0,-2432.0,-200.0,469.0,0
53.0,-505.0,130.0,-2005.0,-231.0,578.0,0
47.0,-494.0,141.0,-1451.0,-309.0,692.0,0
34.0,-471.0,143.0,-828.0,-400.0,797.0,0
23.0,-441.0,137.0,-191.0,-476.0,900.0,0
16.0,-396.0,125.0,405.0,-527.0,988.0,0
5.0,-350.0,119.0,927.0,-540.0,1044.0,0
-2.0,-306.0,100.0,1351.0,-519.0,1062.0,0
-6.0,-261.0,83.0,1648.0,-464.0,1056.0,0
-2.0,-212.0,60.0,1814.0,-386.0,1030.0,0
2.0,-161.0,31.0,1861.0,-294.0,1002.0,0
13.0,-132.0,-3.0,1805.0,-190.0,972.0,0
17.0,-113.0,-29.0,1654.0,-75.0,928.0,0
29.0,-85.0,-43.0,1427.0,38.0,862.0,0
37.0,-72.0,-67.0,1163.0,131.0,782.0,0
36.0,-42.0,-90.0,885.0,212.0,676.0,0
42.0,-34.0,-95.0,639.0,265.0,559.0,0
46.0,-17.0,-102.0,458.0,281.0,437.0,0
36.0,8.0,-108.0,353.0,266.0,304.0,0
27.0,30.0,-117.0,326.0,226.0,166.0,0
24.0,57.0,-116.0,347.0,162.0,19.0,0
14.0,75.0,-130.0,389.0,80.0,-103.0,0
10.0,88.0,-130.0,399.0,-8.0,-210.0,0
8.0,100.0,-133.0,349.0,-91.0,-323.0,0
9.0,107.0,-132.0,246.0,-180.0,-431.0,0
3.0,103.0,-127.0,93.0,-266.0,-527.0,0
-11.0,88.0,-122.0,-95.0,-328.0,-593.0,0
-11.0,69.0,-115.0,-296.0,-351.0,-612.0,0
-3.0,43.0,-108.0,-466.0,-348.0,-618.0,0
2.0,13.0,-95.0,-586.0,-330.0,-643.0,0
12.0,-8.0,-81.0,-646.0,-292.0,-682.0,0
23.0,-37.0,-69.0,-627.0,-223.0,-722.0,0
24.0,-60.0,-61.0,-522.0,-124.0,-753.0,0
28.0,-77.0,-54.0,-331.0,-9.0,-773.0,0
21.0,-99.0,-56.0,-58.0,105.0,-782.0,0
9.0,-119.0,-49.0,290.0,212.0,-777.0,0
-3.0,-137.0,-34.0,683.0,318.0,-748.0,0
-21.0,-151.0,-7.0,1096.0,441.0,-677.0,0
-40.0,-173.0,-2.0,1471.0,580.0,-559.0,0
-80.0,-195.0,-25.0,1722.0,681.0,-390.0,0
-130.0,-211.0,-61.0,1776.0,665.0,-162.0,0
-145.0,-233.0,-99.0,1627.0,495.0,170.0,0
-101.0,-269.0,-130.0,1260.0,211.0,628.0,0
3.0,-348.0,-170.0,561.0,-86.0,1128.0,0
105.0,-445.0,-256.0,-367.0,-291.0,1544.0,0
146.0,-518.0,-381.0,-1991.0,-123.0,1872.0,0
146.0,-597.0,-437.0,-3925.0,543.0,2237.0,0
131.0,-721.0,-382.0,-5823.0,1230.0,2653.0,0
72.0,-862.0,-239.0,-7197.0,1847.0,3015.0,0
10.0,-931.0,-88.0,-7485.0,1846.0,3116.0,0
-51.0,-931.0,5.0,-6477.0,1206.0,2735.0,0
-95.0,-889.0,36.0,-4491.0,255.0,2128.0,0
-94.0,-818.0,42.0,-2128.0,-576.0,1302.0,0
-50.0,-745.0,35.0,29.0,-1010.0,686.0,0
-14.0,-675.0,29.0,1672.0,-1030.0,291.0,0
-8.0,-599.0,8.0,2771.0,-767.0,-18.0,0
-24.0,-516.0,-11.0,3425.0,-375.0,-335.0,0
-48.0,-419.0,-3.0,3776.0,23.0,-671.0,0
-75.0,-319.0,4.0,3984.0,327.0,-982.0,0
-111.0,-208.0,4.0,4156.0,455.0,-1175.0,0
-120.0,-148.0,-3.0,4249.0,407.0,-1224.0,0
-114.0,-117.0,-28.0,4132.0,289.0,-1160.0,0
-95.0,-104.0,-44.0,3647.0,212.0,-1016.0,0
-59.0,-112.0,-46.0,2800.0,215.0,-805.0,0
-31.0,-129.0,-39.0,1726.0,257.0,-582.0,0
-8.0,-169.0,-31.0,573.0,301.0,-413.0,0
3.0,-210.0,-8.0,-551.0,327.0,-293.0,0
14.0,-261.0,11.0,-1589.0,327.0,-199.0,0
30.0,-314.0,43.0,-2493.0,306.0,-100.0,0
49.0,-362.0,66.0,-3189.0,261.0,12.0,0
71.0,-412.0,93.0,-3626.0,187.0,124.0,0
89.0,-441.0,95.0,-3765.0,92.0,204.0,0
97.0,-458.0,97.0,-3621.0,-2.0,218.0,0
93.0,-465.0,91.0,-3252.0,-73.0,194.0,0
89.0,-456.0,81.0,-2736.0,-115.0,144.0,0
91.0,-445.0,75.0,-2122.0,-151.0,64.0,0
82.0,-428.0,71.0,-1458.0,-191.0,-55.0,0
75.0,-405.0,65.0,-780.0,-229.0,-204.0,0
62.0,-383.0,65.0,-104.0,-263.0,-352.0,0
53.0,-357.0,64.0,565.0,-301.0,-474.0,0
40.0,-326.0,55.0,1214.0,-329.0,-593.0,0
32.0,-300.0,41.0,1814.0,-347.0,-718.0,0
24.0,-260.0,30.0,2318.0,-362.0,-842.0,0
19.0,-225.0,10.0,2691.0,-371.0,-946.0,0
19.0,-184.0,-5.0,2919.0,-365.0,-1016.0,0
23.0,-138.0,-21.0,3014.0,-338.0,-1049.0,0
22.0,-97.0,-37.0,2999.0,-280.0,-1063.0,0
27.0,-54.0,-45.0,2895.0,-189.0,-1065.0,0
28.0,-10.0,-54.0,2724.0,-61.0,-1072.0,0
21.0,33.0,-54.0,2513.0,94.0,-1069.0,0
13.0,66.0,-59.0,2269.0,252.0,-1042.0,0
9.0,100.0,-59.0,1999.0,384.0,-981.0,0
12.0,123.0,-63.0,1696.0,483.0,-885.0,0
4.0,139.0,-59.0,1356.0,547.0,-756.0,0
2.0,143.0,-55.0,992.0,572.0,-579.0,0
3.0,124.0,-54.0,617.0,552.0,-370.0,0
-1.0,105.0,-58.0,257.0,488.0,-165.0,0
-10.0,73.0,-66.0,-45.0,377.0,8.0,0
-20.0,41.0,-74.0,-274.0,221.0,147.0,0
-33.0,15.0,-79.0,-415.0,30.0,260.0,0
-48.0,0.0,-79.0,-455.0,-176.0,351.0,0
-54.0,-25.0,-81.0,-420.0,-380.0,428.0,0
-56.0,-40.0,-86.0,-330.0,-576.0,491.0,0
-61.0,-57.0,-96.0,-204.0,-751.0,521.0,0
-71.0,-82.0,-109.0,-52.0,-887.0,508.0,0
-97.0,-95.0,-108.0,108.0,-984.0,480.0,0
-98.0,-118.0,-91.0,267.0,-1060.0,469.0,0
-71.0,-140.0,-72.0,417.0,-1082.0,458.0,0
-14.0,-176.0,-64.0,569.0,-985.0,412.0,0
62.0,-222.0,-58.0,728.0,-718.0,305.0,0
115.0,-260.0,-54.0,867.0,-316.0,139.0,0
132.0,-296.0,-40.0,910.0,96.0,-94.0,0
122.0,-324.0,-46.0,767.0,352.0,-388.0,0
70.0,-396.0,-20.0,338.0,432.0,-730.0,0
4.0,-455.0,-61.0,-275.0,559.0,-1102.0,0
23.0,-479.0,-150.0,-1328.0,910.0,-1444.0,0
66.0,-515.0,-244.0,-2496.0,1295.0,-1692.0,0
104.0,-560.0,-301.0,-3578.0,1593.0,-1796.0,0
105.0,-603.0,-298.0,-4408.0,1729.0,-1789.0,0
56.0,-642.0,-248.0,-4829.0,1722.0,-1772.0,0
-7.0,-681.0,-177.0,-4796.0,1534.0,-1805.0,0
-19.0,-714.0,-93.0,-4319.0,1245.0,-1840.0,0
-1.0,-740.0,-25.0,-3450.0,975.0,-1815.0,0
7.0,-739.0,37.0,-2301.0,831.0,-1682.0,0
-1.0,-715.0,92.0,-983.0,808.0,-1432.0,0
-20.0,-670.0,123.0,391.0,809.0,-1038.0,0
-45.0,-612.0,136.0,1672.0,731.0,-528.0,0
-68.0,-549.0,128.0,2720.0,517.0,-6.0,0
-65.0,-487.0,105.0,3444.0,223.0,407.0,0
-42.0,-414.0,79.0,3897.0,-14.0,675.0,0
-19.0,-345.0,62.0,4151.0,-202.0,877.0,0
-9.0,-296.0,40.0,4199.0,-402.0,1065.0,0
-11.0,-252.0,18.0,4019.0,-615.0,1204.0,0
-26.0,-221.0,0.0,3596.0,-810.0,1252.0,0
-45.0,-194.0,-19.0,2937.0,-954.0,1233.0,0
-57.0,-181.0,-37.0,2061.0,-1022.0,1160.0,0
-55.0,-192.0,-53.0,1012.0,-997.0,1048.0,0
-33.0,-221.0,-51.0,-109.0,-900.0,886.0,0
-1.0,-264.0,-24.0,-1162.0,-747.0,675.0,0
28.0,-308.0,12.0,-2033.0,-570.0,446.0,0
43.0,-352.0,60.0,-2648.0,-386.0,257.0,0
52.0,-388.0,106.0,-2977.0,-207.0,157.0,0
53.0,-416.0,147.0,-3022.0,-61.0,135.0,0
48.0,-436.0,182.0,-2804.0,21.0,148.0,0
44.0,-443.0,201.0,-2367.0,38.0,169.0,0
32.0,-438.0,213.0,-1759.0,8.0,193.0,0
25.0,-420.0,217.0,-1037.0,-51.0,246.0,0
11.0,-398.0,202.0,-267.0,-122.0,342.0,0
5.0,-371.0,183.0,493.0,-195.0,476.0,0
-3.0,-343.0,158.0,1189.0,-261.0,629.0,0
-8.0,-303.0,132.0,1781.0,-327.0,788.0,0
-13.0,-266.0,110.0,2260.0,-399.0,925.0,0
-18.0,-226.0,81.0,2626.0,-487.0,1044.0,0
-12.0,-188.0,59.0,2880.0,-591.0,1142.0,0
-12.0,-151.0,28.0,3022.0,-697.0,1220.0,0
-6.0,-104.0,-2.0,3035.0,-781.0,1286.0,0
-5.0,-63.0,-30.0,2933.0,-828.0,1342.0,0
4.0,-24.0,-56.0,2729.0,-834.0,1376.0,0
14.0,12.0,-81.0,2440.0,-804.0,1382.0,0
44.0,46.0,-112.0,2067.0,-729.0,1353.0,0
56.0,83.0,-130.0,1613.0,-606.0,1273.0,0
55.0,107.0,-143.0,1088.0,-452.0,1151.0,0
61.0,131.0,-141.0,531.0,-298.0,1018.0,0
59.0,140.0,-137.0,-19.0,-167.0,876.0,0
62.0,144.0,-141.0,-552.0,-71.0,706.0,0
65.0,126.0,-144.0,-1073.0,-27.0,509.0,0
56.0,115.0,-140.0,-1597.0,-50.0,283.0,0
45.0,87.0,-133.0,-2100.0,-140.0,69.0,0
29.0,59.0,-118.0,-2547.0,-267.0,-108.0,0
10.0,29.0,-107.0,-2901.0,-398.0,-238.0,0
-2.0,3.0,-86.0,-3119.0,-509.0,-312.0,0
-6.0,-22.0,-79.0,-3174.0,-595.0,-353.0,0
-10.0,-50.0,-66.0,-3082.0,-658.0,-405.0,0
-12.0,-72.0,-58.0,-2863.0,-704.0,-474.0,0
-10.0,-93.0,-50.0,-2512.0,-726.0,-544.0,0
0.0,-114.0,-42.0,-2046.0,-691.0,-598.0,0
13.0,-131.0,-34.0,-1492.0,-583.0,-645.0,0
22.0,-143.0,-35.0,-894.0,-404.0,-695.0,0
35.0,-153.0,-44.0,-266.0,-189.0,-735.0,0
35.0,-161.0,-57.0,372.0,16.0,-761.0,0
22.0,-171.0,-59.0,979.0,191.0,-768.0,0
0.0,-181.0,-35.0,1534.0,329.0,-740.0,0
-24.0,-199.0,4.0,2038.0,441.0,-645.0,0
-54.0,-239.0,33.0,2502.0,521.0,-455.0,0
-89.0,-287.0,22.0,2867.0,541.0,-168.0,0
-120.0,-322.0,-3.0,2997.0,436.0,175.0,0
-121.0,-345.0,-41.0,2804.0,256.0,529.0,0
-64.0,-358.0,-67.0,2313.0,178.0,869.0,0
33.0,-388.0,-77.0,1492.0,299.0,1125.0,0
156.0,-461.0,-160.0,517.0,566.0,1176.0,0
209.0,-500.0,-270.0,-1197.0,917.0,1098.0,0
173.0,-523.0,-364.0,-3281.0,1407.0,1263.0,0
128.0,-604.0,-379.0,-5361.0,1875.0,1837.0,0
71.0,-687.0,-275.0,-6984.0,2274.0,2540.0,0
4.0,-729.0,-132.0,-7532.0,2180.0,2866.0,0
-71.0,-758.0,-9.0,-6752.0,1630.0,2694.0,0
-119.0,-779.0,70.0,-4905.0,884.0,2091.0,0
-121.0,-785.0,89.0,-2540.0,156.0,1409.0,0
-93.0,-764.0,91.0,-268.0,-387.0,919.0,0
-55.0,-704.0,89.0,1542.0,-631.0,624.0,0
-20.0,-609.0,83.0,2783.0,-574.0,367.0,0
-24.0,-505.0,96.0,3560.0,-316.0,39.0,0
-31.0,-406.0,98.0,4154.0,-86.0,-327.0,0
-43.0,-332.0,72.0,4679.0,13.0,-671.0,0
-72.0,-273.0,32.0,5011.0,95.0,-1033.0,0
-121.0,-206.0,8.0,4966.0,274.0,-1389.0,0
-168.0,-154.0,-7.0,4436.0,499.0,-1611.0,0
-201.0,-126.0,2.0,3463.0,662.0,-1558.0,0
-194.0,-111.0,26.0,2232.0,736.0,-1271.0,0
-154.0,-128.0,52.0,927.0,745.0,-932.0,0
-103.0,-165.0,71.0,-346.0,705.0,-694.0,0
-72.0,-208.0,99.0,-1505.0,615.0,-624.0,0
-61.0,-270.0,111.0,-2483.0,478.0,-607.0,0
-40.0,-335.0,125.0,-3230.0,314.0,-513.0,0
-12.0,-401.0,136.0,-3726.0,137.0,-331.0,0
13.0,-455.0,138.0,-3941.0,-53.0,-124.0,0
40.0,-492.0,147.0,-3883.0,-244.0,45.0,0
68.0,-512.0,150.0,-3554.0,-414.0,129.0,0
80.0,-512.0,149.0,-2970.0,-548.0,125.0,0
88.0,-500.0,131.0,-2211.0,-627.0,72.0,0
94.0,-484.0,121.0,-1377.0,-655.0,15.0,0
100.0,-463.0,102.0,-542.0,-644.0,-40.0,0
99.0,-445.0,77.0,233.0,-612.0,-113.0,0
98.0,-418.0,56.0,915.0,-592.0,-232.0,0
97.0,-386.0,36.0,1486.0,-604.0,-409.0,0
88.0,-355.0,10.0,1922.0,-651.0,-632.0,0
82.0,-323.0,-7.0,2199.0,-715.0,-863.0,0
71.0,-284.0,-21.0,2335.0,-766.0,-1075.0,0
62.0,-247.0,-31.0,2377.0,-777.0,-1248.0,0
52.0,-201.0,-33.0,2360.0,-729.0,-1368.0,0
44.0,-155.0,-25.0,2310.0,-632.0,-1421.0,0
33.0,-107.0,-22.0,2255.0,-496.0,-1413.0,0
34.0,-60.0,-15.0,2202.0,-336.0,-1364.0,0
30.0,-13.0,-10.0,2148.0,-165.0,-1308.0,0
24.0,33.0,-15.0,2072.0,-1.0,-1250.0,0
23.0,72.0,-17.0,1956.0,146.0,-1185.0,0
20.0,112.0,-21.0,1783.0,263.0,-1093.0,0
13.0,138.0,-31.0,1541.0,345.0,-965.0,0
10.0,159.0,-42.0,1240.0,392.0,-782.0,0
4.0,170.0,-55.0,890.0,399.0,-541.0,0
2.0,168.0,-74.0,531.0,372.0,-278.0,0
1.0,149.0,-93.0,186.0,303.0,-33.0,0
-8.0,135.0,-118.0,-125.0,183.0,172.0,0
-16.0,117.0,-139.0,-382.0,32.0,331.0,0
-28.0,86.0,-156.0,-591.0,-122.0,444.0,0
-21.0,50.0,-166.0,-769.0,-258.0,521.0,0
-16.0,5.0,-156.0,-932.0,-367.0,559.0,0
-18.0,-26.0,-132.0,-1048.0,-441.0,557.0,0
-24.0,-59.0,-114.0,-1074.0,-473.0,534.0,0
-31.0,-95.0,-92.0,-980.0,-472.0,490.0,0
-40.0,-128.0,-77.0,-766.0,-445.0,433.0,0
-52.0,-149.0,-64.0,-454.0,-411.0,361.0,0
-50.0,-161.0,-46.0,-82.0,-375.0,278.0,0
-7.0,-177.0,-39.0,300.0,-327.0,201.0,0
71.0,-193.0,-19.0,655.0,-212.0,110.0,0
133.0,-207.0,-8.0,954.0,-12.0,-43.0,0
143.0,-205.0,8.0,1172.0,182.0,-255.0,0
124.0,-200.0,7.0,1269.0,271.0,-494.0,0
57.0,-201.0,-22.0,1145.0,278.0,-723.0,0
23.0,-226.0,-63.0,679.0,316.0,-936.0,0
25.0,-298.0,-115.0,-235.0,449.0,-1178.0,0
47.0,-377.0,-173.0,-1508.0,660.0,-1509.0,0
59.0,-462.0,-215.0,-2815.0,907.0,-1880.0,0
55.0,-530.0,-247.0,-3882.0,1181.0,-2178.0,0
24.0,-583.0,-258.0,-4494.0,1521.0,-2324.0,0
-17.0,-634.0,-234.0,-4969.0,1889.0,-2288.0,0
-65.0,-662.0,-156.0,-5179.0,2122.0,-2091.0,0
-68.0,-691.0,-60.0,-5102.0,2101.0,-1733.0,0
-53.0,-725.0,25.0,-4653.0,1790.0,-1280.0,0
-52.0,-763.0,72.0,-3822.0,1317.0,-832.0,0
-53.0,-778.0,104.0,-2726.0,875.0,-420.0,0
-44.0,-773.0,115.0,-1507.0,541.0,-124.0,0
-31.0,-725.0,112.0,-290.0,330.0,185.0,0
-29.0,-646.0,98.0,857.0,250.0,424.0,0
-52.0,-551.0,81.0,1883.0,266.0,605.0,0
-83.0,-439.0,61.0,2684.0,247.0,744.0,0
-105.0,-335.0,15.0,3140.0,88.0,829.0,0
-97.0,-252.0,-33.0,3227.0,-105.0,809.0,0
-79.0,-175.0,-70.0,2989.0,-213.0,721.0,0
-64.0,-124.0,-83.0,2465.0,-236.0,657.0,0
-45.0,-101.0,-85.0,1741.0,-211.0,642.0,0
-34.0,-112.0,-64.0,908.0,-199.0,629.0,0
-25.0,-144.0,-36.0,41.0,-243.0,608.0,0
-16.0,-191.0,-5.0,-799.0,-328.0,575.0,0
-1.0,-247.0,23.0,-1562.0,-402.0,526.0,0
14.0,-303.0,50.0,-2186.0,-418.0,468.0,0
34.0,-357.0,75.0,-2618.0,-374.0,424.0,0
47.0,-401.0,101.0,-2832.0,-289.0,417.0,0
48.0,-441.0,120.0,-2825.0,-198.0,451.0,0
50.0,-471.0,133.0,-2619.0,-152.0,516.0,0
43.0,-489.0,143.0,-2261.0,-172.0,605.0,0
37.0,-493.0,141.0,-1805.0,-261.0,712.0,0
22.0,-489.0,140.0,-1309.0,-396.0,839.0,0
4.0,-470.0,128.0,-806.0,-534.0,966.0,0
-5.0,-444.0,126.0,-317.0,-645.0,1069.0,0
-21.0,-407.0,118.0,130.0,-704.0,1124.0,0
-33.0,-372.0,113.0,526.0,-703.0,1122.0,0
-39.0,-326.0,104.0,868.0,-651.0,1078.0,0
-37.0,-281.0,85.0,1148.0,-569.0,1011.0,0
-24.0,-245.0,65.0,1356.0,-468.0,943.0,0
-13.0,-201.0,42.0,1490.0,-363.0,891.0,0
1.0,-168.0,17.0,1548.0,-252.0,847.0,0
14.0,-135.0,-8.0,1530.0,-140.0,789.0,0
33.0,-113.0,-29.0,1457.0,-39.0,718.0,0
41.0,-89.0,-55.0,1338.0,46.0,638.0,0
54.0,-69.0,-72.0,1192.0,114.0,558.0,0
63.0,-45.0,-95.0,1041.0,169.0,471.0,0
77.0,-24.0,-111.0,918.0,200.0,379.0,0
78.0,0.0,-118.0,829.0,204.0,267.0,0
71.0,23.0,-134.0,763.0,172.0,132.0,0
65.0,46.0,-143.0,691.0,112.0,0.0,0
61.0,73.0,-149.0,584.0,15.0,-129.0,0
54.0,95.0,-153.0,422.0,-117.0,-251.0,0
44.0,115.0,-146.0,203.0,-264.0,-374.0,0
54.0,132.0,-148.0,-51.0,-418.0,-473.0,0
32.0,127.0,-121.0,-325.0,-553.0,-556.0,0
12.0,118.0,-116.0,-587.0,-654.0,-604.0,0
7.0,91.0,-88.0,-813.0,-705.0,-599.0,0
11.0,61.0,-74.0,-973.0,-724.0,-577.0,0
14.0,33.0,-62.0,-1047.0,-720.0,-582.0,0
25.0,3.0,-45.0,-1025.0,-684.0,-613.0,0
29.0,-25.0,-32.0,-901.0,-611.0,-657.0,0
38.0,-47.0,-26.0,-693.0,-500.0,-709.0,0
40.0,-71.0,-34.0,-408.0,-365.0,-767.0,0
35.0,-94.0,-55.0,-51.0,-223.0,-819.0,0
18.0,-115.0,-62.0,359.0,-95.0,-861.0,0
-5.0,-132.0,-48.0,789.0,20.0,-876.0,0
-31.0,-158.0,-20.0,1221.0,150.0,-843.0,0
-62.0,-184.0,-1.0,1628.0,311.0,-739.0,0
-103.0,-211.0,-13.0,1930.0,443.0,-549.0,0
-153.0,-241.0,-58.0,1995.0,474.0,-274.0,0
-170.0,-268.0,-97.0,1761.0,372.0,91.0,0
-129.0,-317.0,-113.0,1216.0,164.0,553.0,0
-28.0,-414.0,-144.0,265.0,-88.0,1066.0,0
59.0,-534.0,-284.0,-1187.0,-237.0,1510.0,0
79.0,-635.0,-423.0,-3068.0,30.0,1920.0,0
90.0,-743.0,-456.0,-5109.0,773.0,2397.0,0
101.0,-897.0,-367.0,-6823.0,1589.0,2842.0,0
72.0,-1012.0,-184.0,-7555.0,1932.0,3063.0,0
12.0,-1038.0,-13.0,-7194.0,1565.0,2864.0,0
-61.0,-1006.0,72.0,-5420.0,725.0,2212.0,0
-89.0,-933.0,98.0,-2827.0,10.0,1356.0,0
-58.0,-847.0,104.0,-190.0,-620.0,630.0,0
0.0,-749.0,90.0,1927.0,-836.0,105.0,0
17.0,-644.0,65.0,3356.0,-695.0,-229.0,0
1.0,-538.0,47.0,4208.0,-388.0,-577.0,0
-32.0,-436.0,31.0,4673.0,-91.0,-847.0,0
-60.0,-326.0,29.0,4904.0,127.0,-1048.0,0
-82.0,-221.0,34.0,5044.0,234.0,-1195.0,0
-87.0,-143.0,30.0,5123.0,220.0,-1250.0,0
-71.0,-87.0,2.0,5020.0,137.0,-1231.0,0
-62.0,-48.0,-23.0,4552.0,66.0,-1177.0,0
-46.0,-24.0,-41.0,3628.0,84.0,-1066.0,0
-29.0,-27.0,-41.0,2362.0,205.0,-888.0,0
-6.0,-55.0,-34.0,958.0,376.0,-673.0,0
4.0,-105.0,-10.0,-425.0,532.0,-464.0,0
9.0,-172.0,16.0,-1692.0,649.0,-292.0,0
6.0,-260.0,62.0,-2779.0,716.0,-166.0,0
19.0,-323.0,93.0,-3611.0,716.0,-60.0,0
34.0,-384.0,123.0,-4129.0,638.0,37.0,0
46.0,-436.0,140.0,-4303.0,505.0,116.0,0
59.0,-471.0,146.0,-4142.0,339.0,158.0,0
66.0,-496.0,145.0,-3698.0,174.0,151.0,0
73.0,-496.0,127.0,-3052.0,30.0,102.0,0
78.0,-489.0,102.0,-2303.0,-92.0,21.0,0
88.0,-466.0,85.0,-1524.0,-186.0,-91.0,0
87.0,-437.0,66.0,-741.0,-253.0,-242.0,0
86.0,-404.0,52.0,32.0,-292.0,-423.0,0
85.0,-369.0,35.0,768.0,-315.0,-619.0,0
77.0,-339.0,15.0,1434.0,-338.0,-799.0,0
66.0,-307.0,-1.0,1994.0,-371.0,-957.0,0
54.0,-271.0,-15.0,2427.0,-412.0,-1104.0,0
33.0,-231.0,-31.0,2716.0,-455.0,-1246.0,0
15.0,-183.0,-42.0,2862.0,-491.0,-1352.0,0
0.0,-136.0,-44.0,2902.0,-517.0,-1395.0,0
-5.0,-90.0,-49.0,2854.0,-525.0,-1380.0,0
-12.0,-46.0,-53.0,2750.0,-506.0,-1315.0,0
-17.0,-8.0,-59.0,2626.0,-453.0,-1215.0,0
-23.0,23.0,-59.0,2477.0,-366.0,-1099.0,0
-14.0,52.0,-62.0,2304.0,-250.0,-979.0,0
-12.0,71.0,-66.0,2101.0,-109.0,-863.0,0
-1.0,82.0,-68.0,1854.0,41.0,-748.0,0
-2.0,92.0,-73.0,1557.0,190.0,-631.0,0
-8.0,93.0,-70.0,1225.0,317.0,-515.0,0
-8.0,86.0,-70.0,880.0,397.0,-379.0,0
-4.0,77.0,-75.0,514.0,447.0,-227.0,0
-1.0,64.0,-72.0,156.0,497.0,-78.0,0
0.0,50.0,-73.0,-153.0,540.0,51.0,0
-3.0,32.0,-68.0,-380.0,556.0,160.0,0
-15.0,17.0,-66.0,-513.0,524.0,253.0,0
-14.0,4.0,-66.0,-557.0,437.0,322.0,0
-14.0,-17.0,-72.0,-523.0,306.0,372.0,0
-17.0,-40.0,-79.0,-428.0,145.0,408.0,0
-25.0,-66.0,-85.0,-286.0,-24.0,423.0,0
-33.0,-93.0,-72.0,-90.0,-194.0,426.0,0
-28.0,-120.0,-65.0,144.0,-353.0,424.0,0
9.0,-153.0,-54.0,403.0,-467.0,419.0,0
43.0,-187.0,-42.0,680.0,-488.0,387.0,0
69.0,-223.0,-31.0,946.0,-419.0,315.0,0
90.0,-256.0,-36.0,1146.0,-306.0,200.0,0
96.0,-285.0,-42.0,1190.0,-211.0,36.0,0
78.0,-313.0,-50.0,1012.0,-142.0,-180.0,0
29.0,-335.0,-41.0,578.0,-16.0,-420.0,0
-32.0,-364.0,-42.0,-119.0,271.0,-680.0,0
-64.0,-378.0,-63.0,-1005.0,697.0,-942.0,0
-70.0,-405.0,-95.0,-1942.0,1066.0,-1159.0,0
-86.0,-453.0,-104.0,-2807.0,1248.0,-1297.0,0
-100.0,-492.0,-95.0,-3479.0,1247.0,-1354.0,0
-119.0,-526.0,-71.0,-3888.0,1065.0,-1347.0,0
-131.0,-570.0,-34.0,-4030.0,733.0,-1331.0,0
-134.0,-609.0,10.0,-3991.0,304.0,-1325.0,0
-98.0,-642.0,36.0,-3720.0,-96.0,-1283.0,0
-57.0,-663.0,34.0,-3205.0,-312.0,-1202.0,0
-20.0,-659.0,24.0,-2492.0,-302.0,-1092.0,0
-1.0,-635.0,13.0,-1664.0,-121.0,-928.0,0
0.0,-580.0,12.0,-793.0,112.0,-643.0,0
-5.0,-527.0,22.0,72.0,268.0,-313.0,0
-17.0,-484.0,36.0,845.0,236.0,167.0,0
-14.0,-460.0,36.0,1422.0,0.0,567.0,0
7.0,-429.0,34.0,1803.0,-301.0,789.0,0
28.0,-390.0,49.0,2046.0,-569.0,897.0,0
59.0,-361.0,61.0,2181.0,-821.0,975.0,0
83.0,-339.0,69.0,2215.0,-1058.0,1030.0,0
96.0,-317.0,81.0,2134.0,-1249.0,1051.0,0
100.0,-291.0,91.0,1915.0,-1366.0,1047.0,0
88.0,-268.0,94.0,1562.0,-1402.0,1051.0,0
70.0,-256.0,90.0,1071.0,-1363.0,1080.0,0
61.0,-258.0,87.0,462.0,-1252.0,1115.0,0
59.0,-279.0,86.0,-224.0,-1073.0,1125.0,0
68.0,-316.0,83.0,-922.0,-845.0,1072.0,0
61.0,-355.0,99.0,-1568.0,-590.0,945.0,0
55.0,-393.0,105.0,-2092.0,-328.0,741.0,0
36.0,-420.0,125.0,-2419.0,-88.0,513.0,0
9.0,-431.0,145.0,-2500.0,95.0,340.0,0
-10.0,-434.0,160.0,-2328.0,191.0,259.0,0
-27.0,-428.0,172.0,-1931.0,193.0,283.0,0
-48.0,-420.0,163.0,-1360.0,102.0,383.0,0
-64.0,-401.0,155.0,-697.0,-41.0,523.0,0
-75.0,-371.0,133.0,-7.0,-207.0,680.0,0
-81.0,-336.0,115.0,679.0,-382.0,829.0,0
-79.0,-301.0,96.0,1319.0,-552.0,955.0,0
-72.0,-265.0,69.0,1879.0,-702.0,1064.0,0
-56.0,-226.0,42.0,2319.0,-813.0,1147.0,0
-35.0,-187.0,11.0,2615.0,-880.0,1202.0,0
-9.0,-148.0,-20.0,2760.0,-893.0,1238.0,0
8.0,-105.0,-51.0,2774.0,-857.0,1262.0,0
31.0,-67.0,-70.0,2686.0,-783.0,1270.0,0
51.0,-30.0,-95.0,2513.0,-678.0,1259.0,0
70.0,10.0,-107.0,2273.0,-547.0,1222.0,0
88.0,51.0,-121.0,1968.0,-393.0,1149.0,0
90.0,82.0,-128.0,1589.0,-222.0,1040.0,0
100.0,118.0,-129.0,1157.0,-62.0,903.0,0
93.0,141.0,-129.0,691.0,38.0,723.0,0
92.0,155.0,-131.0,209.0,61.0,522.0,0
93.0,163.0,-129.0,-278.0,7.0,315.0,0
96.0,147.0,-135.0,-772.0,-92.0,106.0,0
86.0,126.0,-126.0,-1261.0,-216.0,-99.0,0
76.0,89.0,-119.0,-1718.0,-360.0,-271.0,0
62.0,63.0,-101.0,-2099.0,-494.0,-390.0,0
51.0,32.0,-77.0,-2352.0,-587.0,-456.0,0
52.0,2.0,-53.0,-2438.0,-641.0,-494.0,0
49.0,-28.0,-41.0,-2353.0,-659.0,-548.0,0
52.0,-55.0,-32.0,-2117.0,-643.0,-619.0,0
51.0,-83.0,-29.0,-1762.0,-579.0,-704.0,0
49.0,-111.0,-18.0,-1333.0,-461.0,-802.0,0
44.0,-134.0,-21.0,-851.0,-292.0,-910.0,0
38.0,-152.0,-26.0,-304.0,-89.0,-1006.0,0
23.0,-170.0,-21.0,281.0,121.0,-1070.0,0
4.0,-190.0,8.0,860.0,310.0,-1088.0,0
-11.0,-214.0,47.0,1415.0,480.0,-1037.0,0
-39.0,-247.0,69.0,1923.0,642.0,-887.0,0
-99.0,-277.0,45.0,2272.0,743.0,-633.0,0
-166.0,-301.0,-1.0,2327.0,688.0,-298.0,0
-198.0,-320.0,-35.0,2059.0,486.0,98.0,0
-168.0,-338.0,-61.0,1479.0,263.0,542.0,0
-77.0,-423.0,-109.0,447.0,135.0,927.0,0
28.0,-548.0,-270.0,-1226.0,128.0,1140.0,0
47.0,-607.0,-454.0,-3548.0,400.0,1309.0,0
39.0,-671.0,-564.0,-6119.0,1108.0,1673.0,0
26.0,-753.0,-475.0,-8362.0,1883.0,2262.0,0
-6.0,-793.0,-261.0,-9418.0,2125.0,2829.0,0
-44.0,-828.0,-46.0,-8656.0,1636.0,2993.0,0
-82.0,-860.0,60.0,-6283.0,741.0,2567.0,0
-89.0,-880.0,69.0,-3834.0,-113.0,1802.0,0
-38.0,-864.0,60.0,-905.0,-680.0,1112.0,0
15.0,-805.0,58.0,1384.0,-912.0,633.0,0
43.0,-716.0,56.0,2951.0,-853.0,318.0,0
45.0,-608.0,58.0,3937.0,-654.0,101.0,0
42.0,-496.0,69.0,4546.0,-328.0,-112.0,0
14.0,-391.0,72.0,4992.0,-65.0,-350.0,0
-2.0,-307.0,63.0,5388.0,70.0,-537.0,0
-7.0,-232.0,46.0,5689.0,134.0,-799.0,0
-19.0,-153.0,25.0,5743.0,182.0,-1129.0,0
-43.0,-88.0,8.0,5384.0,225.0,-1416.0,0
-77.0,-55.0,-14.0,4544.0,260.0,-1481.0,0
-87.0,-41.0,-33.0,3273.0,326.0,-1261.0,0
-80.0,-44.0,-32.0,1755.0,467.0,-905.0,0
-62.0,-78.0,-21.0,226.0,641.0,-585.0,0
-41.0,-125.0,1.0,-1128.0,768.0,-390.0,0
-46.0,-184.0,32.0,-2208.0,798.0,-304.0,0
-48.0,-255.0,57.0,-2988.0,745.0,-242.0,0
-41.0,-327.0,78.0,-3480.0,648.0,-160.0,0
-27.0,-385.0,98.0,-3725.0,521.0,-64.0,0
-10.0,-434.0,122.0,-3725.0,376.0,17.0,0
4.0,-461.0,134.0,-3473.0,220.0,56.0,0
17.0,-472.0,151.0,-2989.0,62.0,55.0,0
19.0,-456.0,143.0,-2334.0,-88.0,25.0,0
31.0,-454.0,141.0,-1556.0,-216.0,-28.0,0
37.0,-435.0,128.0,-734.0,-314.0,-100.0,0
43.0,-407.0,108.0,64.0,-391.0,-194.0,0
48.0,-383.0,87.0,799.0,-453.0,-301.0,0
55.0,-355.0,62.0,1410.0,-498.0,-417.0,0
62.0,-325.0,39.0,1860.0,-532.0,-546.0,0
59.0,-297.0,15.0,2138.0,-559.0,-704.0,0
50.0,-265.0,-6.0,2251.0,-574.0,-889.0,0
40.0,-236.0,-21.0,2212.0,-569.0,-1075.0,0
38.0,-197.0,-25.0,2073.0,-541.0,-1231.0,0
36.0,-163.0,-37.0,1878.0,-492.0,-1341.0,0
30.0,-124.0,-32.0,1676.0,-423.0,-1394.0,0
34.0,-81.0,-31.0,1512.0,-334.0,-1393.0,0
37.0,-48.0,-26.0,1403.0,-221.0,-1346.0,0
34.0,-8.0,-21.0,1349.0,-110.0,-1266.0,0
35.0,25.0,-14.0,1343.0,-13.0,-1159.0,0
36.0,53.0,-24.0,1370.0,56.0,-1033.0,0
30.0,71.0,-34.0,1385.0,104.0,-887.0,0
26.0,90.0,-45.0,1358.0,140.0,-730.0,0
22.0,99.0,-56.0,1269.0,170.0,-565.0,0
14.0,104.0,-67.0,1119.0,191.0,-407.0,0
8.0,101.0,-88.0,946.0,201.0,-274.0,0
7.0,97.0,-113.0,765.0,197.0,-129.0,0
3.0,97.0,-127.0,565.0,187.0,31.0,0
-9.0,89.0,-147.0,382.0,161.0,173.0,0
-24.0,79.0,-163.0,233.0,101.0,286.0,0
-33.0,60.0,-179.0,87.0,14.0,377.0,0
-35.0,29.0,-176.0,-84.0,-92.0,451.0,0
-45.0,1.0,-171.0,-282.0,-201.0,499.0,0
-46.0,-27.0,-143.0,-463.0,-297.0,527.0,0
-49.0,-53.0,-122.0,-582.0,-359.0,537.0,0
-49.0,-84.0,-96.0,-603.0,-381.0,526.0,0
-56.0,-115.0,-75.0,-506.0,-365.0,485.0,0
-63.0,-136.0,-56.0,-303.0,-342.0,427.0,0
-31.0,-154.0,-28.0,-51.0,-327.0,364.0,0
58.0,-184.0,-11.0,214.0,-288.0,283.0,0
132.0,-205.0,22.0,464.0,-180.0,134.0,0
156.0,-219.0,63.0,674.0,-52.0,-89.0,0
117.0,-209.0,75.0,790.0,-8.0,-348.0,0
27.0,-202.0,39.0,681.0,-38.0,-573.0,0
-32.0,-229.0,-44.0,144.0,1.0,-738.0,0
-36.0,-290.0,-142.0,-933.0,178.0,-965.0,0
-1.0,-390.0,-214.0,-2284.0,404.0,-1373.0,0
26.0,-515.0,-269.0,-3577.0,585.0,-1920.0,0
10.0,-619.0,-309.0,-4648.0,794.0,-2433.0,0
-44.0,-694.0,-312.0,-5447.0,1112.0,-2732.0,0
-130.0,-732.0,-265.0,-5972.0,1483.0,-2719.0,0
-175.0,-754.0,-116.0,-6105.0,1694.0,-2352.0,0
-73.0,-788.0,15.0,-5655.0,1528.0,-1728.0,0
-13.0,-815.0,107.0,-4800.0,1045.0,-1157.0,0
7.0,-833.0,154.0,-3256.0,567.0,-681.0,0
24.0,-823.0,177.0,-1512.0,267.0,-251.0,0
60.0,-771.0,182.0,135.0,165.0,108.0,0
80.0,-679.0,175.0,1550.0,177.0,380.0,0
66.0,-548.0,179.0,2733.0,308.0,564.0,0
19.0,-387.0,171.0,3673.0,373.0,706.0,0
-11.0,-258.0,112.0,4263.0,203.0,803.0,0
-8.0,-147.0,21.0,4416.0,-76.0,869.0,0
9.0,-57.0,-42.0,4095.0,-294.0,892.0,0
33.0,3.0,-90.0,3356.0,-438.0,947.0,0
61.0,8.0,-115.0,2355.0,-506.0,1026.0,0
60.0,-22.0,-116.0,1194.0,-492.0,1015.0,0
31.0,-78.0,-96.0,-30.0,-411.0,923.0,0
13.0,-150.0,-68.0,-1213.0,-294.0,842.0,0
7.0,-221.0,-25.0,-2258.0,-175.0,762.0,0
18.0,-298.0,11.0,-3079.0,-66.0,652.0,0
30.0,-362.0,47.0,-3627.0,36.0,523.0,0
46.0,-420.0,74.0,-3887.0,127.0,409.0,0
62.0,-473.0,103.0,-3864.0,197.0,334.0,0
63.0,-513.0,119.0,-3589.0,231.0,317.0,0
57.0,-542.0,125.0,-3120.0,198.0,347.0,0
38.0,-559.0,124.0,-2535.0,80.0,429.0,0
17.0,-562.0,118.0,-1901.0,-118.0,576.0,0
-1.0,-554.0,112.0,-1269.0,-364.0,770.0,0
-22.0,-527.0,113.0,-660.0,-610.0,961.0,0
-39.0,-491.0,113.0,-61.0,-810.0,1097.0,0
-54.0,-444.0,105.0,515.0,-915.0,1152.0,0
-65.0,-389.0,100.0,1029.0,-912.0,1110.0,0
-70.0,-338.0,83.0,1451.0,-805.0,1022.0,0
-67.0,-289.0,61.0,1742.0,-626.0,930.0,0
-60.0,-248.0,31.0,1894.0,-394.0,872.0,0
-46.0,-211.0,3.0,1913.0,-137.0,848.0,0
-27.0,-183.0,-12.0,1822.0,118.0,814.0,0
-9.0,-155.0,-24.0,1651.0,337.0,763.0,0
10.0,-131.0,-30.0,1455.0,501.0,704.0,0
24.0,-108.0,-29.0,1259.0,607.0,617.0,0
36.0,-78.0,-26.0,1106.0,654.0,516.0,0
47.0,-61.0,-24.0,1034.0,630.0,438.0,0
50.0,-32.0,-35.0,1029.0,563.0,340.0,0
53.0,-2.0,-45.0,1072.0,468.0,221.0,0
54.0,34.0,-67.0,1127.0,341.0,77.0,0
55.0,71.0,-94.0,1159.0,200.0,-67.0,0
63.0,101.0,-118.0,1114.0,80.0,-186.0,0
61.0,138.0,-128.0,964.0,-2.0,-295.0,0
58.0,162.0,-134.0,718.0,-75.0,-376.0,0
64.0,172.0,-130.0,387.0,-149.0,-448.0,0
54.0,171.0,-125.0,14.0,-236.0,-528.0,0
29.0,149.0,-111.0,-364.0,-338.0,-588.0,0
13.0,110.0,-102.0,-705.0,-433.0,-591.0,0
7.0,67.0,-84.0,-982.0,-511.0,-551.0,0
9.0,18.0,-67.0,-1158.0,-583.0,-522.0,0
8.0,-18.0,-63.0,-1209.0,-652.0,-518.0,0
13.0,-51.0,-57.0,-1135.0,-702.0,-527.0,0
13.0,-76.0,-60.0,-941.0,-724.0,-547.0,0
7.0,-96.0,-71.0,-638.0,-718.0,-577.0,0
1.0,-113.0,-70.0,-248.0,-687.0,-607.0,0
-20.0,-124.0,-54.0,189.0,-621.0,-628.0,0
-42.0,-134.0,-33.0,636.0,-488.0,-621.0,0
-64.0,-154.0,-20.0,1043.0,-260.0,-560.0,0
-83.0,-176.0,-14.0,1350.0,34.0,-432.0,0
-113.0,-192.0,-32.0,1505.0,309.0,-244.0,0
-136.0,-215.0,-52.0,1471.0,475.0,-15.0,0
-127.0,-252.0,-75.0,1210.0,482.0,284.0,0
-67.0,-329.0,-104.0,583.0,323.0,676.0,0
1.0,-453.0,-198.0,-609.0,71.0,1107.0,0
26.0,-573.0,-380.0,-2394.0,32.0,1548.0,0
46.0,-716.0,-478.0,-4517.0,427.0,2086.0,0
92.0,-865.0,-448.0,-6569.0,1094.0,2648.0,0
157.0,-999.0,-261.0,-7837.0,1590.0,2935.0,0
128.0,-1068.0,-28.0,-7623.0,1576.0,2722.0,0
51.0,-1059.0,101.0,-5799.0,1078.0,2148.0,0
13.0,-1001.0,132.0,-3621.0,390.0,1462.0,0
39.0,-900.0,114.0,-753.0,-174.0,867.0,0
90.0,-781.0,77.0,1667.0,-445.0,406.0,0
108.0,-655.0,48.0,3392.0,-451.0,10.0,0
86.0,-533.0,15.0,4459.0,-291.0,-335.0,0
48.0,-421.0,-5.0,5028.0,-86.0,-594.0,0
5.0,-319.0,-7.0,5275.0,79.0,-736.0,0
-33.0,-212.0,-12.0,5321.0,169.0,-863.0,0
-66.0,-125.0,-25.0,5184.0,197.0,-951.0,0
-73.0,-69.0,-48.0,4827.0,175.0,-989.0,0
-69.0,-39.0,-75.0,4174.0,163.0,-998.0,0
-63.0,-32.0,-92.0,3171.0,224.0,-986.0,0
-62.0,-50.0,-79.0,1877.0,387.0,-911.0,0
-55.0,-84.0,-51.0,495.0,626.0,-751.0,0
-45.0,-138.0,-9.0,-775.0,873.0,-560.0,0
-47.0,-193.0,30.0,-1807.0,1053.0,-421.0,0
-58.0,-259.0,65.0,-2579.0,1149.0,-340.0,0
-62.0,-318.0,94.0,-3138.0,1162.0,-294.0,0
-66.0,-382.0,117.0,-3508.0,1093.0,-244.0,0
-60.0,-432.0,128.0,-3702.0,949.0,-170.0,0
-39.0,-477.0,141.0,-3712.0,756.0,-77.0,0
-19.0,-511.0,137.0,-3520.0,541.0,1.0,0
3.0,-528.0,140.0,-3118.0,324.0,37.0,0
19.0,-532.0,135.0,-2536.0,111.0,31.0,0
42.0,-522.0,131.0,-1823.0,-86.0,-14.0,0
62.0,-507.0,113.0,-1045.0,-266.0,-100.0,0
77.0,-476.0,97.0,-275.0,-424.0,-211.0,0
91.0,-433.0,55.0,437.0,-547.0,-335.0,0
95.0,-404.0,63.0,1075.0,-628.0,-466.0,0
104.0,-367.0,51.0,1639.0,-671.0,-598.0,0
102.0,-323.0,42.0,2138.0,-679.0,-742.0,0
98.0,-279.0,25.0,2553.0,-649.0,-903.0,0
94.0,-232.0,13.0,2848.0,-588.0,-1071.0,0
84.0,-186.0,-2.0,3017.0,-528.0,-1232.0,0
63.0,-135.0,-11.0,3069.0,-477.0,-1363.0,0
45.0,-93.0,-29.0,3025.0,-440.0,-1445.0,0
29.0,-52.0,-44.0,2904.0,-411.0,-1468.0,0
19.0,-14.0,-57.0,2722.0,-386.0,-1431.0,0
8.0,20.0,-70.0,2498.0,-350.0,-1352.0,0
1.0,50.0,-76.0,2236.0,-289.0,-1242.0,0
0.0,69.0,-80.0,1944.0,-201.0,-1122.0,0
-3.0,90.0,-81.0,1636.0,-95.0,-998.0,0
-5.0,106.0,-86.0,1317.0,15.0,-872.0,0
-6.0,111.0,-82.0,988.0,118.0,-736.0,0
-12.0,113.0,-86.0,647.0,208.0,-588.0,0
-17.0,109.0,-89.0,311.0,280.0,-427.0,0
-24.0,90.0,-88.0,-14.0,327.0,-252.0,0
-26.0,69.0,-85.0,-308.0,345.0,-66.0,0
-33.0,47.0,-72.0,-534.0,331.0,121.0,0
-31.0,15.0,-77.0,-660.0,275.0,279.0,0
-23.0,-4.0,-80.0,-716.0,190.0,400.0,0
-17.0,-25.0,-80.0,-710.0,93.0,476.0,0
-10.0,-40.0,-82.0,-636.0,0.0,509.0,0
-14.0,-55.0,-81.0,-503.0,-83.0,511.0,0
-19.0,-72.0,-89.0,-320.0,-172.0,497.0,0
-28.0,-92.0,-92.0,-109.0,-262.0,478.0,0
-32.0,-112.0,-94.0,109.0,-355.0,456.0,0
-25.0,-131.0,-84.0,336.0,-448.0,431.0,0
-1.0,-152.0,-78.0,560.0,-516.0,402.0,0
44.0,-179.0,-72.0,789.0,-487.0,352.0,0
74.0,-211.0,-60.0,1024.0,-327.0,260.0,0
80.0,-238.0,-44.0,1233.0,-92.0,117.0,0
96.0,-267.0,-30.0,1347.0,120.0,-65.0,0
82.0,-290.0,-19.0,1299.0,239.0,-265.0,0
59.0,-315.0,-15.0,1021.0,275.0,-471.0,0
19.0,-343.0,-27.0,464.0,358.0,-690.0,0
-11.0,-381.0,-46.0,-342.0,611.0,-929.0,0
-25.0,-399.0,-70.0,-1242.0,980.0,-1167.0,0
-31.0,-414.0,-80.0,-2049.0,1287.0,-1369.0,0
-53.0,-441.0,-70.0,-2644.0,1423.0,-1506.0,0
-83.0,-473.0,-42.0,-2973.0,1360.0,-1566.0,0
-101.0,-509.0,0.0,-3030.0,1103.0,-1547.0,0
-110.0,-547.0,48.0,-2896.0,684.0,-1476.0,0
-95.0,-576.0,89.0,-2629.0,203.0,-1348.0,0
-70.0,-592.0,121.0,-2191.0,-195.0,-1194.0,0
-41.0,-586.0,114.0,-1577.0,-413.0,-1062.0,0
-24.0,-563.0,82.0,-1019.0,-432.0,-949.0,0
-19.0,-531.0,52.0,-329.0,-307.0,-798.0,0
-12.0,-484.0,22.0,289.0,-109.0,-553.0,0
-3.0,-438.0,20.0,827.0,47.0,-210.0,0
-8.0,-396.0,17.0,1285.0,168.0,188.0,0
-14.0,-372.0,19.0,1618.0,150.0,570.0,0
-14.0,-352.0,17.0,1739.0,-16.0,834.0,0
9.0,-325.0,18.0,1653.0,-223.0,935.0,0
40.0,-296.0,39.0,1434.0,-398.0,999.0,0
79.0,-281.0,56.0,1134.0,-550.0,1066.0,0
102.0,-286.0,71.0,790.0,-665.0,1125.0,0
116.0,-301.0,84.0,401.0,-724.0,1143.0,0
112.0,-313.0,103.0,-19.0,-737.0,1133.0,0
97.0,-334.0,123.0,-423.0,-712.0,1121.0,0
80.0,-362.0,133.0,-787.0,-660.0,1131.0,0
72.0,-390.0,134.0,-1105.0,-583.0,1146.0,0
64.0,-420.0,138.0,-1372.0,-497.0,1118.0,0
56.0,-446.0,137.0,-1580.0,-411.0,1022.0,0
46.0,-467.0,145.0,-1705.0,-328.0,874.0,0
31.0,-476.0,149.0,-1716.0,-263.0,694.0,0
16.0,-474.0,158.0,-1576.0,-216.0,513.0,0
0.0,-464.0,162.0,-1277.0,-198.0,379.0,0
-16.0,-450.0,166.0,-838.0,-217.0,316.0,0
-31.0,-433.0,164.0,-290.0,-271.0,320.0,0
-50.0,-409.0,155.0,325.0,-357.0,366.0,0
-65.0,-380.0,145.0,952.0,-460.0,442.0,0
-83.0,-340.0,136.0,1553.0,-564.0,525.0,0
-92.0,-302.0,126.0,2101.0,-657.0,608.0,0
-99.0,-255.0,115.0,2578.0,-729.0,687.0,0
-99.0,-207.0,97.0,2962.0,-764.0,766.0,0
-92.0,-157.0,73.0,3235.0,-758.0,846.0,0
-74.0,-114.0,52.0,3393.0,-722.0,916.0,0
-64.0,-72.0,22.0,3435.0,-677.0,970.0,0
-44.0,-36.0,-19.0,3366.0,-609.0,1012.0,0
-23.0,-2.0,-49.0,3173.0,-517.0,1036.0,0
1.0,24.0,-75.0,2864.0,-388.0,1035.0,0
33.0,52.0,-94.0,2455.0,-214.0,1014.0,0
59.0,77.0,-104.0,1975.0,-18.0,977.0,0
88.0,103.0,-113.0,1466.0,181.0,921.0,0
115.0,119.0,-114.0,975.0,348.0,835.0,0
123.0,134.0,-120.0,532.0,460.0,718.0,0
127.0,147.0,-121.0,149.0,507.0,566.0,0
135.0,145.0,-129.0,-183.0,485.0,398.0,0
129.0,143.0,-136.0,-482.0,398.0,229.0,0
121.0,131.0,-144.0,-779.0,264.0,71.0,0
113.0,112.0,-153.0,-1103.0,106.0,-84.0,0
101.0,87.0,-148.0,-1458.0,-61.0,-224.0,0
87.0,63.0,-131.0,-1798.0,-212.0,-332.0,0
73.0,35.0,-103.0,-2068.0,-343.0,-392.0,0
69.0,2.0,-71.0,-2221.0,-454.0,-406.0,0
62.0,-37.0,-37.0,-2248.0,-560.0,-403.0,0
63.0,-68.0,-16.0,-2182.0,-671.0,-413.0,0
62.0,-96.0,0.0,-2057.0,-775.0,-439.0,0
63.0,-123.0,11.0,-1868.0,-848.0,-474.0,0
66.0,-151.0,1.0,-1629.0,-863.0,-514.0,0
61.0,-182.0,-2.0,-1329.0,-815.0,-567.0,0
44.0,-209.0,11.0,-946.0,-714.0,-643.0,0
9.0,-239.0,63.0,-479.0,-566.0,-714.0,0
-13.0,-273.0,125.0,60.0,-375.0,-729.0,0
-63.0,-305.0,196.0,663.0,-160.0,-653.0,0
-162.0,-329.0,205.0,1215.0,23.0,-476.0,0
-254.0,-344.0,118.0,1509.0,92.0,-170.0,0
-303.0,-380.0,-25.0,1433.0,134.0,261.0,0
-309.0,-460.0,-221.0,762.0,283.0,777.0,0
-312.0,-606.0,-448.0,-957.0,460.0,1333.0,0
-314.0,-764.0,-674.0,-3791.0,589.0,1922.0,0
-293.0,-824.0,-875.0,-7180.0,717.0,2518.0,0
-235.0,-883.0,-884.0,-10263.0,725.0,2986.0,0
-168.0,-921.0,-628.0,-11914.0,292.0,3212.0,0
-111.0,-945.0,-282.0,-10981.0,-527.0,3085.0,0
-20.0,-995.0,-72.0,-7550.0,-1130.0,2495.0,0
30.0,-998.0,-1.0,-3079.0,-1336.0,1490.0,0
35.0,-949.0,23.0,857.0,-1352.0,547.0,0
63.0,-841.0,55.0,3613.0,-1309.0,75.0,0
112.0,-714.0,63.0,5258.0,-1133.0,-59.0,0
136.0,-567.0,52.0,6136.0,-756.0,-183.0,0
118.0,-412.0,62.0,6527.0,-288.0,-452.0,0
64.0,-258.0,72.0,6888.0,66.0,-779.0,0
23.0,-120.0,97.0,7251.0,184.0,-1016.0,0
1.0,-17.0,72.0,7661.0,110.0,-1136.0,0
-10.0,58.0,8.0,7821.0,-101.0,-1167.0,0
-11.0,105.0,-56.0,7334.0,-364.0,-1087.0,0
-9.0,124.0,-118.0,6094.0,-628.0,-913.0,0
0.0,112.0,-166.0,4257.0,-781.0,-585.0,0
1.0,72.0,-185.0,2131.0,-745.0,-256.0,0
1.0,6.0,-181.0,-2.0,-573.0,-16.0,0
-3.0,-75.0,-153.0,-1928.0,-350.0,81.0,0
-21.0,-155.0,-102.0,-3490.0,-122.0,38.0,0
-38.0,-227.0,-36.0,-4582.0,120.0,-73.0,0
-49.0,-293.0,16.0,-5180.0,372.0,-160.0,0
-55.0,-359.0,65.0,-5352.0,605.0,-196.0,0
-64.0,-424.0,106.0,-5194.0,763.0,-202.0,0
-72.0,-472.0,133.0,-4801.0,816.0,-202.0,0
-79.0,-505.0,152.0,-4239.0,758.0,-196.0,0
-78.0,-520.0,155.0,-3553.0,610.0,-174.0,0
-74.0,-526.0,154.0,-2781.0,392.0,-139.0,0
-71.0,-526.0,139.0,-1962.0,125.0,-106.0,0
-70.0,-513.0,125.0,-1136.0,-167.0,-81.0,0
-67.0,-499.0,100.0,-342.0,-467.0,-71.0,0
-59.0,-473.0,72.0,383.0,-744.0,-65.0,0
-52.0,-434.0,54.0,1007.0,-975.0,-64.0,0
-52.0,-405.0,44.0,1500.0,-1159.0,-67.0,0
-49.0,-368.0,35.0,1842.0,-1296.0,-70.0,0
-41.0,-332.0,23.0,2018.0,-1384.0,-71.0,0
-30.0,-304.0,17.0,2043.0,-1435.0,-79.0,0
-19.0,-271.0,6.0,1939.0,-1447.0,-90.0,0
-5.0,-250.0,8.0,1736.0,-1423.0,-97.0,0
8.0,-230.0,8.0,1469.0,-1367.0,-98.0,0
15.0,-217.0,23.0,1194.0,-1282.0,-98.0,0
22.0,-207.0,36.0,942.0,-1190.0,-94.0,0
29.0,-197.0,61.0,750.0,-1100.0,-87.0,0
32.0,-189.0,72.0,637.0,-1025.0,-72.0,0
39.0,-183.0,91.0,607.0,-972.0,-61.0,0
43.0,-175.0,99.0,639.0,-945.0,-62.0,0
50.0,-167.0,99.0,708.0,-954.0,-71.0,0
57.0,-159.0,100.0,804.0,-985.0,-89.0,0
64.0,-148.0,88.0,921.0,-1036.0,-122.0,0
69.0,-135.0,78.0,1045.0,-1104.0,-145.0,0
81.0,-124.0,65.0,1166.0,-1172.0,-155.0,0
89.0,-110.0,50.0,1277.0,-1227.0,-161.0,0
97.0,-91.0,36.0,1359.0,-1275.0,-176.0,0
100.0,-72.0,19.0,1402.0,-1313.0,-177.0,0
102.0,-54.0,3.0,1398.0,-1342.0,-182.0,0
102.0,-33.0,-12.0,1343.0,-1368.0,-179.0,0
105.0,-17.0,-35.0,1237.0,-1389.0,-156.0,0
108.0,3.0,-61.0,1072.0,-1400.0,-125.0,0
105.0,19.0,-71.0,865.0,-1396.0,-98.0,0
104.0,32.0,-97.0,614.0,-1370.0,-73.0,0
108.0,42.0,-112.0,320.0,-1312.0,-43.0,0
110.0,46.0,-123.0,-5.0,-1215.0,-9.0,0
111.0,43.0,-127.0,-337.0,-1080.0,27.0,0
111.0,35.0,-126.0,-647.0,-905.0,57.0,0
111.0,26.0,-121.0,-914.0,-697.0,72.0,0
102.0,15.0,-104.0,-1119.0,-472.0,78.0,0
91.0,-3.0,-94.0,-1254.0,-252.0,84.0,0
73.0,-29.0,-83.0,-1307.0,-62.0,75.0,0
57.0,-62.0,-69.0,-1273.0,76.0,50.0,0
39.0,-112.0,-63.0,-1166.0,131.0,16.0,0
27.0,-163.0,-56.0,-970.0,93.0,-19.0,0
13.0,-210.0,-62.0,-684.0,-22.0,-51.0,0
16.0,-249.0,-49.0,-363.0,-194.0,-88.0,0
21.0,-261.0,-3.0,-46.0,-384.0,-118.0,0
-16.0,-255.0,51.0,289.0,-539.0,-141.0,0
-90.0,-242.0,96.0,575.0,-647.0,-155.0,0
-139.0,-240.0,87.0,655.0,-705.0,-168.0,0
-158.0,-268.0,26.0,342.0,-692.0,-223.0,0
-164.0,-316.0,-44.0,-478.0,-564.0,-393.0,0
-160.0,-403.0,-99.0,-1662.0,-327.0,-723.0,0
-150.0,-541.0,-182.0,-2995.0,6.0,-1197.0,0
-162.0,-706.0,-276.0,-4279.0,620.0,-1690.0,0
-177.0,-792.0,-306.0,-5267.0,1547.0,-2010.0,0
-199.0,-847.0,-280.0,-5764.0,2440.0,-2090.0,0
-207.0,-865.0,-185.0,-5646.0,2841.0,-2001.0,0
-170.0,-854.0,-76.0,-5003.0,2505.0,-1832.0,0
-126.0,-820.0,-3.0,-3520.0,1669.0,-1602.0,0
-84.0,-803.0,62.0,-1592.0,873.0,-1262.0,0
-14.0,-754.0,88.0,375.0,469.0,-909.0,0
25.0,-662.0,96.0,2090.0,495.0,-672.0,0
28.0,-534.0,80.0,3412.0,834.0,-594.0,0
5.0,-403.0,53.0,4321.0,1229.0,-600.0,0
-16.0,-265.0,0.0,4829.0,1409.0,-565.0,0
-3.0,-151.0,-62.0,4941.0,1291.0,-382.0,0
14.0,-45.0,-111.0,4597.0,971.0,-66.0,0
28.0,38.0,-136.0,3774.0,546.0,299.0,0
54.0,50.0,-161.0,2600.0,56.0,611.0,0
53.0,8.0,-182.0,1300.0,-357.0,738.0,0
20.0,-33.0,-178.0,55.0,-533.0,687.0,0
1.0,-86.0,-140.0,-1029.0,-505.0,622.0,0
1.0,-150.0,-106.0,-1863.0,-378.0,592.0,0
0.0,-204.0,-63.0,-2405.0,-199.0,544.0,0
-3.0,-252.0,-26.0,-2684.0,21.0,467.0,0
-15.0,-282.0,15.0,-2748.0,244.0,384.0,0
-26.0,-305.0,51.0,-2651.0,417.0,307.0,0
-32.0,-325.0,74.0,-2436.0,522.0,239.0,0
-27.0,-342.0,82.0,-2138.0,569.0,181.0,0
-19.0,-359.0,80.0,-1797.0,595.0,128.0,0
-2.0,-371.0,71.0,-1459.0,630.0,79.0,0
13.0,-381.0,53.0,-1162.0,681.0,38.0,0
22.0,-379.0,34.0,-931.0,742.0,13.0,0
28.0,-384.0,27.0,-771.0,790.0,21.0,0
31.0,-374.0,20.0,-671.0,805.0,65.0,0
30.0,-354.0,16.0,-603.0,783.0,132.0,0
27.0,-335.0,18.0,-546.0,731.0,212.0,0
23.0,-316.0,20.0,-479.0,666.0,289.0,0
22.0,-293.0,20.0,-393.0,610.0,359.0,0
17.0,-271.0,21.0,-285.0,580.0,413.0,0
15.0,-253.0,21.0,-155.0,585.0,443.0,0
12.0,-234.0,19.0,-15.0,630.0,445.0,0
14.0,-216.0,18.0,123.0,712.0,428.0,0
15.0,-194.0,18.0,248.0,817.0,394.0,0
17.0,-179.0,12.0,343.0,930.0,352.0,0
13.0,-152.0,12.0,402.0,1033.0,305.0,0
18.0,-139.0,9.0,421.0,1112.0,260.0,0
19.0,-126.0,8.0,400.0,1157.0,219.0,0
20.0,-108.0,13.0,342.0,1166.0,186.0,0
23.0,-101.0,12.0,249.0,1141.0,157.0,0
29.0,-94.0,6.0,128.0,1095.0,134.0,0
26.0,-92.0,4.0,-11.0,1033.0,112.0,0
26.0,-96.0,11.0,-159.0,963.0,96.0,0
25.0,-104.0,13.0,-303.0,895.0,85.0,0
19.0,-115.0,14.0,-436.0,832.0,77.0,0
16.0,-124.0,26.0,-556.0,774.0,72.0,0
13.0,-138.0,33.0,-659.0,728.0,63.0,0
5.0,-154.0,43.0,-733.0,701.0,49.0,0
4.0,-176.0,58.0,-770.0,697.0,35.0,0
-1.0,-194.0,70.0,-762.0,718.0,11.0,0
1.0,-220.0,75.0,-702.0,765.0,-23.0,0
2.0,-226.0,83.0,-586.0,823.0,-57.0,0
-6.0,-261.0,82.0,-422.0,887.0,-114.0,0
-15.0,-280.0,83.0,-208.0,947.0,-182.0,0
-31.0,-290.0,74.0,48.0,997.0,-253.0,0
-49.0,-298.0,65.0,334.0,1028.0,-298.0,0
-66.0,-298.0,56.0,629.0,1040.0,-342.0,0
-85.0,-293.0,48.0,918.0,1009.0,-374.0,0
-107.0,-284.0,44.0,1188.0,923.0,-384.0,0
-122.0,-272.0,30.0,1416.0,781.0,-375.0,0
-138.0,-258.0,26.0,1580.0,594.0,-350.0,0
-157.0,-242.0,18.0,1668.0,367.0,-321.0,0
-176.0,-229.0,13.0,1690.0,104.0,-265.0,0
-201.0,-215.0,6.0,1646.0,-160.0,-183.0,0
-210.0,-210.0,-3.0,1537.0,-403.0,-77.0,0
-222.0,-208.0,-21.0,1360.0,-608.0,47.0,0
-222.0,-212.0,-43.0,1115.0,-768.0,190.0,0
-201.0,-222.0,-68.0,796.0,-888.0,351.0,0
-172.0,-247.0,-102.0,394.0,-967.0,506.0,0
-121.0,-272.0,-121.0,-65.0,-998.0,630.0,0
-66.0,-305.0,-127.0,-543.0,-969.0,718.0,0
-19.0,-339.0,-123.0,-979.0,-864.0,786.0,0
22.0,-379.0,-110.0,-1312.0,-694.0,845.0,0
57.0,-420.0,-92.0,-1494.0,-498.0,891.0,0
93.0,-454.0,-82.0,-1503.0,-318.0,908.0,0
121.0,-480.0,-74.0,-1391.0,-170.0,888.0,0
145.0,-496.0,-67.0,-1123.0,-62.0,836.0,0
155.0,-506.0,-69.0,-752.0,-6.0,772.0,0
158.0,-509.0,-77.0,-325.0,-24.0,700.0,0
155.0,-503.0,-97.0,105.0,-97.0,619.0,0
154.0,-485.0,-110.0,498.0,-247.0,513.0,0
144.0,-460.0,-124.0,822.0,-422.0,380.0,0
124.0,-424.0,-123.0,1079.0,-568.0,251.0,0
108.0,-387.0,-117.0,1283.0,-667.0,173.0,0
84.0,-350.0,-108.0,1432.0,-717.0,104.0,0
57.0,-316.0,-98.0,1506.0,-728.0,47.0,0
27.0,-286.0,-81.0,1498.0,-717.0,-8.0,0
1.0,-257.0,-70.0,1399.0,-702.0,-47.0,0
-22.0,-240.0,-56.0,1218.0,-686.0,-68.0,0
-41.0,-223.0,-52.0,961.0,-669.0,-78.0,0
-62.0,-218.0,-40.0,659.0,-649.0,-81.0,0
-76.0,-216.0,-36.0,337.0,-612.0,-79.0,0
-88.0,-220.0,-30.0,20.0,-561.0,-78.0,0
-99.0,-232.0,-24.0,-267.0,-496.0,-71.0,0
-110.0,-250.0,-15.0,-502.0,-424.0,-60.0,0
-108.0,-260.0,-5.0,-675.0,-356.0,-51.0,0
-109.0,-270.0,-2.0,-775.0,-302.0,-45.0,0
-104.0,-285.0,2.0,-804.0,-264.0,-38.0,0
-101.0,-288.0,12.0,-768.0,-253.0,-32.0,0
-97.0,-291.0,16.0,-680.0,-276.0,-25.0,0
-85.0,-294.0,13.0,-556.0,-335.0,-13.0,0
-75.0,-291.0,12.0,-415.0,-430.0,1.0,0
-59.0,-288.0,10.0,-266.0,-550.0,19.0,0
-43.0,-279.0,5.0,-119.0,-687.0,43.0,0
-20.0,-275.0,-1.0,17.0,-827.0,66.0,0
-7.0,-264.0,0.0,135.0,-960.0,78.0,0
7.0,-257.0,-9.0,223.0,-1077.0,95.0,0
18.0,-246.0,-14.0,281.0,-1170.0,112.0,0
26.0,-240.0,-21.0,305.0,-1235.0,127.0,0
34.0,-236.0,-26.0,291.0,-1275.0,131.0,0
40.0,-231.0,-30.0,244.0,-1294.0,128.0,0
45.0,-224.0,-29.0,171.0,-1296.0,121.0,0
47.0,-218.0,-31.0,89.0,-1288.0,108.0,0
48.0,-217.0,-32.0,12.0,-1269.0,92.0,0
50.0,-211.0,-29.0,-54.0,-1246.0,75.0,0
50.0,-205.0,-28.0,-102.0,-1218.0,54.0,0
48.0,-194.0,-17.0,-124.0,-1191.0,26.0,0
47.0,-188.0,-18.0,-120.0,-1162.0,2.0,0
47.0,-180.0,-20.0,-99.0,-1133.0,-15.0,0
46.0,-172.0,-9.0,-63.0,-1106.0,-23.0,0
48.0,-168.0,-13.0,-23.0,-1084.0,-27.0,0
48.0,-158.0,-9.0,15.0,-1062.0,-30.0,0
50.0,-153.0,-5.0,44.0,-1039.0,-24.0,0
54.0,-144.0,-4.0,64.0,-1013.0,-14.0,0
52.0,-136.0,-1.0,74.0,-983.0,0.0,0
50.0,-132.0,1.0,78.0,-948.0,14.0,0
50.0,-128.0,5.0,75.0,-909.0,31.0,0
54.0,-128.0,12.0,66.0,-868.0,52.0,0
54.0,-131.0,11.0,50.0,-829.0,74.0,0
56.0,-132.0,18.0,18.0,-792.0,102.0,0
52.0,-140.0,19.0,-23.0,-762.0,128.0,0
49.0,-143.0,24.0,-80.0,-739.0,157.0,0
49.0,-152.0,20.0,-151.0,-720.0,187.0,0
45.0,-160.0,25.0,-231.0,-708.0,221.0,0
43.0,-175.0,35.0,-314.0,-699.0,253.0,0
38.0,-190.0,36.0,-397.0,-695.0,283.0,0
30.0,-199.0,42.0,-477.0,-693.0,315.0,0
27.0,-213.0,51.0,-546.0,-699.0,348.0,0
23.0,-224.0,54.0,-604.0,-711.0,376.0,0
93.0,-315.0,75.0,-629.0,-723.0,410.0,0
220.0,-450.0,133.0,-309.0,-615.0,634.0,0
230.0,-513.0,150.0,605.0,-377.0,1005.0,0
148.0,-486.0,121.0,1841.0,-272.0,1342.0,0
93.0,-470.0,113.0,2960.0,-524.0,1496.0,0
8.0,-383.0,107.0,3852.0,-920.0,1485.0,0
-34.0,-276.0,63.0,4408.0,-1231.0,1226.0,0
-85.0,-183.0,42.0,4443.0,-1477.0,881.0,0
-95.0,-102.0,20.0,3980.0,-1609.0,687.0,0
-76.0,-33.0,15.0,3150.0,-1613.0,645.0,0
-48.0,-30.0,31.0,2143.0,-1491.0,681.0,0
-14.0,-28.0,34.0,1074.0,-1352.0,662.0,0
17.0,-53.0,46.0,29.0,-1242.0,545.0,0
42.0,-88.0,63.0,-802.0,-1112.0,483.0,0
37.0,-139.0,77.0,-1269.0,-980.0,409.0,0
76.0,-200.0,101.0,-1562.0,-865.0,389.0,0
78.0,-256.0,115.0,-1499.0,-742.0,390.0,0
63.0,-287.0,124.0,-1150.0,-660.0,372.0,0
55.0,-301.0,123.0,-615.0,-653.0,326.0,0
45.0,-287.0,107.0,-25.0,-726.0,235.0,0
57.0,-238.0,62.0,490.0,-872.0,66.0,0
55.0,-191.0,31.0,739.0,-1043.0,-161.0,0
60.0,-161.0,18.0,683.0,-1170.0,-401.0,0
78.0,-159.0,23.0,415.0,-1208.0,-491.0,0
96.0,-187.0,43.0,38.0,-1198.0,-461.0,0
94.0,-234.0,50.0,-372.0,-1191.0,-385.0,0
84.0,-281.0,35.0,-772.0,-1234.0,-325.0,0
124.0,-309.0,-7.0,-1131.0,-1314.0,-350.0,0
118.0,-306.0,-90.0,-1524.0,-1170.0,-551.0,0
44.0,-314.0,-125.0,-2012.0,-677.0,-787.0,0
-25.0,-365.0,-135.0,-2478.0,-43.0,-787.0,0
-62.0,-410.0,-96.0,-2879.0,625.0,-634.0,0
-81.0,-464.0,-52.0,-3131.0,1126.0,-517.0,0
-105.0,-482.0,3.0,-3138.0,1368.0,-504.0,0
-102.0,-513.0,51.0,-2809.0,1441.0,-561.0,0
-105.0,-506.0,71.0,-2138.0,1418.0,-636.0,0
-109.0,-496.0,58.0,-1263.0,1275.0,-723.0,0
-112.0,-470.0,22.0,-408.0,966.0,-810.0,0
-95.0,-448.0,-24.0,279.0,625.0,-843.0,0
-71.0,-425.0,-68.0,748.0,360.0,-815.0,0
-58.0,-399.0,-93.0,1026.0,208.0,-751.0,0
-59.0,-373.0,-112.0,1163.0,147.0,-667.0,0
-61.0,-339.0,-115.0,1217.0,132.0,-554.0,0
-61.0,-307.0,-102.0,1232.0,104.0,-389.0,0
-64.0,-281.0,-92.0,1246.0,33.0,-183.0,0
-61.0,-257.0,-73.0,1254.0,-95.0,43.0,0
-63.0,-236.0,-65.0,1243.0,-273.0,279.0,0
-63.0,-223.0,-50.0,1200.0,-488.0,500.0,0
-63.0,-206.0,-41.0,1111.0,-719.0,687.0,0
-60.0,-198.0,-31.0,973.0,-954.0,839.0,0
-54.0,-192.0,-23.0,779.0,-1181.0,959.0,0
-45.0,-181.0,-13.0,547.0,-1389.0,1054.0,0
-39.0,-178.0,-7.0,292.0,-1567.0,1123.0,0
-28.0,-173.0,-3.0,33.0,-1706.0,1167.0,0
-22.0,-173.0,-5.0,-216.0,-1795.0,1184.0,0
-16.0,-171.0,-5.0,-439.0,-1829.0,1175.0,0
-14.0,-181.0,-1.0,-630.0,-1803.0,1142.0,0
-7.0,-193.0,-4.0,-785.0,-1717.0,1088.0,0
-5.0,-198.0,-2.0,-908.0,-1573.0,1016.0,0
-2.0,-213.0,0.0,-995.0,-1383.0,934.0,0
3.0,-223.0,2.0,-1045.0,-1162.0,850.0,0
5.0,-233.0,1.0,-1054.0,-928.0,769.0,0
4.0,-234.0,-3.0,-1029.0,-706.0,696.0,0
1.0,-254.0,-3.0,-969.0,-509.0,636.0,0
5.0,-257.0,2.0,-887.0,-346.0,594.0,0
1.0,-266.0,3.0,-782.0,-231.0,566.0,0
2.0,-275.0,-1.0,-656.0,-163.0,553.0,0
0.0,-273.0,-9.0,-520.0,-147.0,552.0,0
0.0,-270.0,-10.0,-381.0,-176.0,558.0,0
0.0,-266.0,-10.0,-245.0,-240.0,570.0,0
2.0,-261.0,-4.0,-120.0,-322.0,588.0,0
1.0,-254.0,-5.0,-6.0,-411.0,611.0,0
2.0,-246.0,-2.0,91.0,-501.0,636.0,0
2.0,-240.0,-3.0,157.0,-583.0,662.0,0
1.0,-231.0,5.0,182.0,-652.0,686.0,0
2.0,-221.0,6.0,173.0,-703.0,700.0,0
-1.0,-209.0,8.0,137.0,-742.0,711.0,0
-4.0,-200.0,13.0,70.0,-765.0,721.0,0
-11.0,-195.0,11.0,-37.0,-774.0,732.0,0
-17.0,-193.0,14.0,-175.0,-772.0,736.0,0
-22.0,-190.0,13.0,-333.0,-767.0,742.0,0
-30.0,-191.0,10.0,-502.0,-755.0,742.0,0
-35.0,-193.0,7.0,-676.0,-736.0,738.0,0
-41.0,-198.0,6.0,-841.0,-709.0,730.0,0
-52.0,-203.0,5.0,-994.0,-672.0,715.0,0
-58.0,-214.0,8.0,-1123.0,-631.0,697.0,0
-60.0,-223.0,3.0,-1221.0,-592.0,677.0,0
-66.0,-230.0,9.0,-1285.0,-561.0,656.0,0
-68.0,-242.0,10.0,-1315.0,-545.0,637.0,0
-72.0,-252.0,10.0,-1317.0,-545.0,623.0,0
-78.0,-261.0,10.0,-1300.0,-567.0,608.0,0
-84.0,-270.0,12.0,-1260.0,-611.0,589.0,0
-84.0,-274.0,10.0,-1200.0,-671.0,567.0,0
-82.0,-284.0,7.0,-1127.0,-726.0,550.0,0
-81.0,-288.0,2.0,-1048.0,-798.0,540.0,0
-80.0,-290.0,1.0,-967.0,-873.0,537.0,0
-74.0,-295.0,-5.0,-887.0,-952.0,536.0,0
-74.0,-295.0,-11.0,-813.0,-1028.0,543.0,0
-70.0,-294.0,-10.0,-745.0,-1098.0,554.0,0
-66.0,-294.0,-15.0,-686.0,-1161.0,570.0,0
-66.0,-292.0,-14.0,-636.0,-1223.0,587.0,0
-64.0,-290.0,-14.0,-600.0,-1282.0,603.0,0
-60.0,-288.0,-13.0,-566.0,-1336.0,620.0,0
-53.0,-289.0,-11.0,-538.0,-1391.0,635.0,0
-54.0,-283.0,-3.0,-513.0,-1441.0,646.0,0
-51.0,-282.0,-3.0,-489.0,-1485.0,655.0,0
-48.0,-277.0,1.0,-461.0,-1524.0,656.0,0
-43.0,-275.0,1.0,-434.0,-1553.0,656.0,0
-41.0,-272.0,1.0,-408.0,-1574.0,654.0,0
-34.0,-266.0,1.0,-385.0,-1589.0,648.0,0
-34.0,-263.0,2.0,-366.0,-1597.0,637.0,0
-32.0,-261.0,0.0,-349.0,-1601.0,621.0,0
-33.0,-261.0,1.0,-338.0,-1606.0,606.0,0
-31.0,-258.0,0.0,-330.0,-1608.0,583.0,0
-29.0,-255.0,0.0,-323.0,-1608.0,562.0,0
-26.0,-249.0,7.0,-319.0,-1609.0,537.0,0
-28.0,-246.0,0.0,-319.0,-1608.0,511.0,0
-29.0,-243.0,-2.0,-321.0,-1601.0,489.0,0
-28.0,-240.0,0.0,-329.0,-1591.0,469.0,0
-24.0,-239.0,4.0,-340.0,-1580.0,447.0,0
-25.0,-235.0,2.0,-357.0,-1564.0,426.0,0
-27.0,-233.0,0.0,-374.0,-1546.0,408.0,0
-31.0,-228.0,7.0,-398.0,-1524.0,389.0,0
-24.0,-227.0,3.0,-422.0,-1503.0,374.0,0
-25.0,-226.0,7.0,-447.0,-1479.0,357.0,0
-19.0,-229.0,10.0,-475.0,-1453.0,338.0,0
-20.0,-225.0,10.0,-506.0,-1424.0,321.0,0
-19.0,-225.0,7.0,-536.0,-1394.0,303.0,0
-12.0,-228.0,9.0,-568.0,-1365.0,283.0,0
-10.0,-226.0,6.0,-603.0,-1332.0,263.0,0
-5.0,-229.0,5.0,-642.0,-1300.0,239.0,0
0.0,-228.0,4.0,-684.0,-1263.0,212.0,0
0.0,-233.0,7.0,-727.0,-1226.0,188.0,0
2.0,-236.0,1.0,-766.0,-1186.0,163.0,0
5.0,-242.0,3.0,-799.0,-1143.0,137.0,0
5.0,-244.0,3.0,-824.0,-1100.0,108.0,0
9.0,-250.0,3.0,-832.0,-1055.0,79.0,0
11.0,-256.0,6.0,-822.0,-1010.0,53.0,0
11.0,-259.0,4.0,-797.0,-965.0,24.0,0
13.0,-262.0,9.0,-757.0,-917.0,0.0,0
13.0,-268.0,1.0,-701.0,-872.0,-33.0,0
10.0,-271.0,3.0,-630.0,-828.0,-69.0,0
7.0,-275.0,5.0,-554.0,-785.0,-106.0,0
10.0,-275.0,2.0,-475.0,-740.0,-144.0,0
6.0,-277.0,0.0,-394.0,-698.0,-188.0,0
7.0,-282.0,0.0,-314.0,-660.0,-233.0,0
7.0,-284.0,5.0,-237.0,-623.0,-280.0,0
2.0,-283.0,2.0,-167.0,-587.0,-326.0,0
-2.0,-284.0,3.0,-107.0,-550.0,-371.0,0
-6.0,-283.0,3.0,-57.0,-522.0,-411.0,0
-9.0,-285.0,3.0,-17.0,-505.0,-447.0,0
-14.0,-282.0,7.0,18.0,-503.0,-479.0,0
-21.0,-278.0,9.0,51.0,-516.0,-509.0,0
-22.0,-277.0,13.0,82.0,-542.0,-531.0,0
-29.0,-277.0,15.0,114.0,-581.0,-546.0,0
-35.0,-271.0,23.0,149.0,-621.0,-557.0,0
-36.0,-270.0,31.0,185.0,-659.0,-564.0,0
-38.0,-267.0,35.0,225.0,-689.0,-567.0,0
-38.0,-266.0,41.0,269.0,-716.0,-569.0,0
-41.0,-262.0,49.0,312.0,-740.0,-568.0,0
-38.0,-257.0,55.0,353.0,-767.0,-565.0,0
-39.0,-251.0,61.0,392.0,-794.0,-559.0,0
-39.0,-247.0,60.0,428.0,-819.0,-548.0,0
-36.0,-245.0,58.0,459.0,-841.0,-530.0,0
-38.0,-240.0,61.0,483.0,-860.0,-507.0,0
-44.0,-243.0,61.0,501.0,-881.0,-478.0,0
-49.0,-245.0,59.0,510.0,-906.0,-442.0,0
-57.0,-251.0,57.0,503.0,-938.0,-392.0,0
-64.0,-257.0,48.0,476.0,-976.0,-338.0,0
-70.0,-267.0,34.0,416.0,-1020.0,-275.0,0
-75.0,-278.0,21.0,312.0,-1072.0,-192.0,0
-87.0,-292.0,-4.0,159.0,-1128.0,-98.0,0
-95.0,-310.0,-29.0,-45.0,-1199.0,6.0,0
-91.0,-318.0,-46.0,-233.0,-1280.0,112.0,0
-81.0,-330.0,-65.0,-468.0,-1350.0,205.0,0
-62.0,-341.0,-63.0,-650.0,-1395.0,277.0,0
-52.0,-346.0,-57.0,-735.0,-1390.0,326.0,0
-44.0,-350.0,-44.0,-697.0,-1354.0,352.0,0
-32.0,-349.0,-28.0,-545.0,-1293.0,353.0,0
-24.0,-344.0,-16.0,-301.0,-1233.0,328.0,0
-15.0,-327.0,0.0,-6.0,-1188.0,293.0,0
-5.0,-311.0,4.0,317.0,-1164.0,239.0,0
0.0,-293.0,1.0,625.0,-1157.0,171.0,0
4.0,-265.0,-1.0,890.0,-1157.0,102.0,0
17.0,-245.0,-4.0,1094.0,-1161.0,34.0,0
23.0,-223.0,-14.0,1223.0,-1167.0,-39.0,0
23.0,-206.0,-27.0,1258.0,-1155.0,-117.0,0
24.0,-192.0,-35.0,1193.0,-1129.0,-179.0,0
21.0,-183.0,-41.0,1046.0,-1091.0,-214.0,0
15.0,-177.0,-44.0,833.0,-1044.0,-233.0,0
14.0,-181.0,-45.0,583.0,-996.0,-243.0,0
10.0,-187.0,-37.0,336.0,-952.0,-238.0,0
10.0,-194.0,-38.0,118.0,-909.0,-225.0,0
5.0,-201.0,-40.0,-51.0,-868.0,-200.0,0
-7.0,-208.0,-41.0,-168.0,-830.0,-168.0,0
-16.0,-217.0,-51.0,-239.0,-805.0,-122.0,0
-27.0,-229.0,-57.0,-266.0,-804.0,-71.0,0
-33.0,-236.0,-71.0,-265.0,-823.0,-32.0,0
-40.0,-242.0,-74.0,-236.0,-861.0,3.0,0
-44.0,-244.0,-82.0,-187.0,-900.0,43.0,0
-45.0,-251.0,-93.0,-129.0,-934.0,81.0,0
-51.0,-253.0,-103.0,-71.0,-966.0,115.0,0
-59.0,-264.0,-104.0,-25.0,-1001.0,141.0,0
-64.0,-271.0,-106.0,5.0,-1047.0,164.0,0
-67.0,-283.0,-96.0,23.0,-1107.0,182.0,0
-70.0,-290.0,-81.0,33.0,-1181.0,194.0,0
-68.0,-300.0,-64.0,41.0,-1263.0,200.0,0
-64.0,-304.0,-48.0,52.0,-1347.0,204.0,0
-57.0,-310.0,-32.0,67.0,-1433.0,200.0,0
-44.0,-314.0,-11.0,93.0,-1514.0,192.0,0
-36.0,-313.0,-2.0,135.0,-1590.0,182.0,0
-23.0,-306.0,-1.0,197.0,-1661.0,172.0,0
-9.0,-313.0,12.0,272.0,-1724.0,159.0,0
1.0,-311.0,19.0,357.0,-1778.0,148.0,0
16.0,-305.0,17.0,434.0,-1813.0,142.0,0
32.0,-304.0,10.0,501.0,-1836.0,141.0,0
44.0,-295.0,4.0,545.0,-1847.0,143.0,0
49.0,-286.0,-2.0,565.0,-1849.0,149.0,0
55.0,-280.0,-8.0,558.0,-1839.0,156.0,0
63.0,-274.0,-13.0,534.0,-1824.0,165.0,0
66.0,-267.0,-19.0,495.0,-1798.0,175.0,0
66.0,-259.0,-22.0,445.0,-1766.0,183.0,0
65.0,-250.0,-20.0,395.0,-1724.0,191.0,0
66.0,-244.0,-25.0,347.0,-1675.0,194.0,0
67.0,-235.0,-24.0,308.0,-1620.0,196.0,0
63.0,-226.0,-21.0,272.0,-1561.0,199.0,0
63.0,-222.0,-23.0,243.0,-1504.0,200.0,0
62.0,-213.0,-18.0,213.0,-1453.0,204.0,0
54.0,-206.0,-18.0,182.0,-1408.0,211.0,0
50.0,-202.0,-14.0,145.0,-1373.0,219.0,0
44.0,-195.0,-13.0,101.0,-1353.0,233.0,0
38.0,-193.0,-8.0,41.0,-1346.0,252.0,0
35.0,-193.0,-10.0,-31.0,-1353.0,270.0,0
30.0,-192.0,-7.0,-113.0,-1372.0,296.0,0
25.0,-199.0,-7.0,-204.0,-1402.0,322.0,0
23.0,-203.0,-6.0,-297.0,-1438.0,351.0,0
16.0,-210.0,-5.0,-385.0,-1476.0,379.0,0
16.0,-219.0,0.0,-462.0,-1515.0,406.0,0
11.0,-229.0,0.0,-522.0,-1553.0,429.0,0
11.0,-236.0,6.0,-563.0,-1583.0,444.0,0
13.0,-242.0,8.0,-581.0,-1608.0,457.0,0
13.0,-248.0,9.0,-575.0,-1628.0,468.0,0
13.0,-255.0,8.0,-553.0,-1638.0,471.0,0
16.0,-260.0,8.0,-516.0,-1640.0,473.0,0
22.0,-264.0,8.0,-467.0,-1633.0,471.0,0
25.0,-267.0,6.0,-406.0,-1618.0,467.0,0
30.0,-272.0,9.0,-337.0,-1595.0,461.0,0
38.0,-271.0,8.0,-265.0,-1567.0,455.0,0
45.0,-272.0,7.0,-194.0,-1531.0,447.0,0
56.0,-275.0,10.0,-122.0,-1488.0,440.0,0
56.0,-274.0,9.0,-57.0,-1442.0,433.0,0
65.0,-270.0,4.0,1.0,-1395.0,425.0,0
70.0,-263.0,1.0,49.0,-1350.0,415.0,0
77.0,-262.0,2.0,90.0,-1307.0,405.0,0
84.0,-256.0,3.0,110.0,-1264.0,401.0,0
85.0,-247.0,2.0,123.0,-1225.0,397.0,0
91.0,-245.0,0.0,124.0,-1192.0,400.0,0
87.0,-242.0,0.0,104.0,-1176.0,402.0,0
91.0,-242.0,-2.0,72.0,-1163.0,411.0,0
91.0,-243.0,0.0,28.0,-1160.0,423.0,0
89.0,-237.0,6.0,-18.0,-1166.0,430.0,0
90.0,-240.0,7.0,-66.0,-1175.0,440.0,0
81.0,-240.0,16.0,-106.0,-1182.0,450.0,0
81.0,-243.0,17.0,-136.0,-1189.0,459.0,0
86.0,-239.0,23.0,-153.0,-1193.0,464.0,0
68.0,-246.0,34.0,-159.0,-1189.0,467.0,0
62.0,-247.0,30.0,-156.0,-1183.0,465.0,0
60.0,-251.0,39.0,-144.0,-1170.0,463.0,0
55.0,-254.0,38.0,-132.0,-1152.0,457.0,0
55.0,-257.0,44.0,-122.0,-1132.0,447.0,0
52.0,-260.0,40.0,-114.0,-1108.0,435.0,0
50.0,-259.0,47.0,-109.0,-1076.0,423.0,0
50.0,-262.0,47.0,-109.0,-1041.0,408.0,0
48.0,-268.0,51.0,-112.0,-1004.0,392.0,0
49.0,-270.0,49.0,-119.0,-962.0,372.0,0
50.0,-274.0,48.0,-126.0,-920.0,350.0,0
53.0,-276.0,52.0,-131.0,-879.0,326.0,0
52.0,-280.0,50.0,-128.0,-840.0,302.0,0
50.0,-286.0,55.0,-122.0,-806.0,277.0,0
53.0,-284.0,56.0,-101.0,-779.0,252.0,0
60.0,-287.0,51.0,-70.0,-757.0,230.0,0
57.0,-285.0,59.0,-30.0,-742.0,206.0,0
62.0,-289.0,55.0,16.0,-737.0,184.0,0
59.0,-285.0,54.0,67.0,-738.0,160.0,0
61.0,-284.0,57.0,122.0,-747.0,138.0,0
60.0,-281.0,61.0,176.0,-764.0,120.0,0
57.0,-276.0,61.0,229.0,-788.0,104.0,0
57.0,-272.0,59.0,278.0,-819.0,90.0,0
55.0,-266.0,56.0,326.0,-854.0,82.0,0
49.0,-263.0,51.0,368.0,-891.0,80.0,0
45.0,-258.0,55.0,407.0,-927.0,87.0,0
40.0,-256.0,48.0,443.0,-965.0,98.0,0
38.0,-251.0,45.0,479.0,-1001.0,111.0,0
35.0,-245.0,41.0,514.0,-1034.0,124.0,0
31.0,-240.0,45.0,551.0,-1064.0,139.0,0
35.0,-236.0,47.0,592.0,-1090.0,158.0,0
39.0,-233.0,39.0,634.0,-1111.0,183.0,0
45.0,-233.0,38.0,682.0,-1127.0,209.0,0
55.0,-232.0,33.0,726.0,-1138.0,236.0,0
70.0,-234.0,27.0,753.0,-1135.0,264.0,0
83.0,-238.0,22.0,743.0,-1116.0,303.0,0
80.0,-243.0,14.0,687.0,-1093.0,348.0,0
73.0,-248.0,-2.0,584.0,-1088.0,383.0,0
60.0,-255.0,-31.0,422.0,-1103.0,410.0,0
39.0,-261.0,-58.0,183.0,-1122.0,440.0,0
16.0,-270.0,-69.0,-121.0,-1127.0,473.0,0
-4.0,-289.0,-64.0,-454.0,-1096.0,496.0,0
-14.0,-317.0,-51.0,-759.0,-1028.0,482.0,0
-16.0,-338.0,-19.0,-994.0,-921.0,409.0,0
-19.0,-366.0,18.0,-1116.0,-762.0,301.0,0
-22.0,-375.0,50.0,-1103.0,-561.0,180.0,0
-41.0,-383.0,68.0,-942.0,-343.0,50.0,0
-56.0,-381.0,78.0,-650.0,-140.0,-81.0,0
-64.0,-385.0,81.0,-284.0,20.0,-205.0,0
-71.0,-385.0,68.0,89.0,120.0,-312.0,0
-67.0,-393.0,49.0,399.0,165.0,-395.0,0
-65.0,-389.0,29.0,615.0,163.0,-456.0,0
-61.0,-380.0,16.0,748.0,124.0,-494.0,0
-62.0,-359.0,4.0,837.0,54.0,-499.0,0
-61.0,-334.0,-1.0,916.0,-44.0,-451.0,0
-53.0,-316.0,-2.0,997.0,-177.0,-367.0,0
-43.0,-293.0,0.0,1074.0,-333.0,-264.0,0
-36.0,-273.0,-2.0,1137.0,-500.0,-147.0,0
-36.0,-251.0,1.0,1187.0,-668.0,-12.0,0
-32.0,-232.0,2.0,1212.0,-831.0,130.0,0
-29.0,-214.0,-1.0,1208.0,-984.0,278.0,0
-25.0,-197.0,0.0,1168.0,-1118.0,420.0,0
-23.0,-192.0,-2.0,1095.0,-1229.0,554.0,0
-27.0,-181.0,-3.0,990.0,-1308.0,674.0,0
-25.0,-173.0,-1.0,861.0,-1351.0,774.0,0
-27.0,-169.0,1.0,750.0,-1359.0,848.0,0
-30.0,-168.0,6.0,605.0,-1343.0,893.0,0
-32.0,-165.0,12.0,459.0,-1299.0,913.0,0
-30.0,-165.0,15.0,322.0,-1227.0,905.0,0
-28.0,-163.0,22.0,197.0,-1126.0,876.0,0
-26.0,-168.0,26.0,88.0,-1028.0,831.0,0
-21.0,-175.0,36.0,-3.0,-885.0,772.0,0
-19.0,-180.0,39.0,-71.0,-734.0,703.0,0
-17.0,-185.0,50.0,-115.0,-585.0,628.0,0
-11.0,-189.0,55.0,-136.0,-448.0,570.0,0
-6.0,-195.0,58.0,-140.0,-327.0,501.0,0
0.0,-201.0,60.0,-134.0,-228.0,444.0,0
1.0,-207.0,57.0,-118.0,-152.0,399.0,0
2.0,-209.0,58.0,-97.0,-98.0,369.0,0
4.0,-217.0,54.0,-84.0,-64.0,352.0,0
9.0,-219.0,48.0,-86.0,-46.0,344.0,0
11.0,-226.0,41.0,-105.0,-42.0,348.0,0
14.0,-230.0,35.0,-139.0,-52.0,360.0,0
16.0,-230.0,31.0,-185.0,-72.0,377.0,0
16.0,-240.0,24.0,-228.0,-106.0,402.0,0
13.0,-245.0,27.0,-265.0,-153.0,432.0,0
12.0,-251.0,21.0,-288.0,-211.0,465.0,0
7.0,-257.0,19.0,-296.0,-274.0,500.0,0
4.0,-268.0,26.0,-282.0,-343.0,534.0,0
2.0,-270.0,27.0,-239.0,-409.0,567.0,0
-2.0,-271.0,33.0,-166.0,-465.0,590.0,0
-8.0,-266.0,30.0,-67.0,-509.0,605.0,0
-14.0,-264.0,40.0,47.0,-534.0,608.0,0
-17.0,-259.0,42.0,168.0,-538.0,603.0,0
-24.0,-254.0,45.0,279.0,-524.0,592.0,0
-23.0,-245.0,45.0,370.0,-492.0,570.0,0
-34.0,-235.0,44.0,430.0,-452.0,548.0,0
-40.0,-229.0,47.0,458.0,-412.0,527.0,0
-42.0,-223.0,51.0,452.0,-380.0,506.0,0
-41.0,-216.0,50.0,419.0,-357.0,484.0,0
-38.0,-212.0,55.0,365.0,-342.0,464.0,0
-39.0,-209.0,54.0,294.0,-336.0,447.0,0
-37.0,-208.0,61.0,213.0,-332.0,431.0,0
-33.0,-205.0,58.0,126.0,-330.0,415.0,0
-28.0,-205.0,58.0,39.0,-327.0,401.0,0
-21.0,-204.0,57.0,-45.0,-320.0,389.0,0
-15.0,-205.0,62.0,-124.0,-308.0,378.0,0
-6.0,-207.0,63.0,-198.0,-295.0,369.0,0
0.0,-201.0,65.0,-265.0,-280.0,363.0,0
-1.0,-207.0,63.0,-327.0,-259.0,355.0,0
-1.0,-210.0,65.0,-378.0,-242.0,355.0,0
1.0,-209.0,67.0,-420.0,-230.0,354.0,0
0.0,-217.0,63.0,-450.0,-224.0,358.0,0
-1.0,-215.0,63.0,-474.0,-223.0,365.0,0
-1.0,-219.0,61.0,-497.0,-230.0,372.0,0
-1.0,-224.0,58.0,-521.0,-238.0,384.0,0
0.0,-230.0,56.0,-548.0,-245.0,395.0,0
0.0,-230.0,53.0,-575.0,-251.0,406.0,0
-1.0,-232.0,49.0,-601.0,-255.0,416.0,0
-7.0,-234.0,52.0,-625.0,-259.0,425.0,0
-7.0,-241.0,49.0,-643.0,-258.0,432.0,0
-15.0,-236.0,49.0,-654.0,-255.0,436.0,0
-13.0,-237.0,50.0,-654.0,-250.0,438.0,0
-17.0,-238.0,49.0,-644.0,-246.0,436.0,0
-20.0,-236.0,52.0,-618.0,-243.0,431.0,0
-18.0,-231.0,57.0,-587.0,-239.0,421.0,0
-21.0,-230.0,54.0,-550.0,-234.0,411.0,0
-22.0,-229.0,55.0,-513.0,-228.0,399.0,0
-22.0,-225.0,52.0,-475.0,-221.0,384.0,0
-24.0,-228.0,51.0,-445.0,-210.0,364.0,0
-22.0,-225.0,50.0,-422.0,-195.0,340.0,0
-19.0,-224.0,51.0,-408.0,-179.0,314.0,0
-17.0,-221.0,47.0,-402.0,-162.0,288.0,0
-11.0,-223.0,41.0,-407.0,-142.0,260.0,0
-15.0,-221.0,44.0,-422.0,-122.0,232.0,0
-11.0,-222.0,45.0,-444.0,-98.0,205.0,0
-4.0,-223.0,39.0,-472.0,-73.0,179.0,0
-5.0,-222.0,37.0,-505.0,-47.0,150.0,0
-4.0,-225.0,39.0,-542.0,-22.0,124.0,0
-1.0,-227.0,37.0,-581.0,1.0,100.0,0
2.0,-232.0,33.0,-621.0,20.0,79.0,0
0.0,-231.0,32.0,-661.0,34.0,59.0,0
1.0,-235.0,32.0,-699.0,43.0,42.0,0
5.0,-239.0,37.0,-724.0,51.0,27.0,0
5.0,-238.0,34.0,-747.0,54.0,11.0,0
1.0,-243.0,32.0,-761.0,54.0,-3.0,0
2.0,-244.0,34.0,-765.0,54.0,-14.0,0
3.0,-242.0,34.0,-761.0,54.0,-23.0,0
-2.0,-244.0,41.0,-749.0,54.0,-31.0,0
-7.0,-243.0,43.0,-733.0,53.0,-41.0,0
-12.0,-251.0,51.0,-710.0,51.0,-52.0,0
-10.0,-242.0,47.0,-686.0,49.0,-61.0,0
-14.0,-244.0,49.0,-662.0,46.0,-71.0,0
-14.0,-242.0,52.0,-639.0,44.0,-81.0,0
-13.0,-243.0,50.0,-616.0,43.0,-89.0,0
-17.0,-243.0,56.0,-597.0,38.0,-97.0,0
-16.0,-237.0,53.0,-578.0,34.0,-107.0,0
-16.0,-236.0,57.0,-559.0,30.0,-113.0,0
-16.0,-230.0,57.0,-543.0,27.0,-119.0,0
-13.0,-228.0,54.0,-526.0,23.0,-128.0,0
-10.0,-230.0,62.0,-508.0,22.0,-139.0,0
-7.0,-226.0,62.0,-490.0,23.0,-149.0,0
-5.0,-226.0,62.0,-472.0,28.0,-159.0,0
-4.0,-225.0,66.0,-451.0,35.0,-166.0,0
1.0,-225.0,66.0,-435.0,45.0,-174.0,0
1.0,-224.0,64.0,-419.0,58.0,-184.0,0
1.0,-227.0,67.0,-401.0,72.0,-190.0,0
8.0,-226.0,67.0,-386.0,87.0,-196.0,0
1.0,-229.0,64.0,-374.0,101.0,-200.0,0
3.0,-234.0,61.0,-365.0,112.0,-205.0,0
3.0,-236.0,57.0,-361.0,119.0,-210.0,0
2.0,-238.0,55.0,-358.0,125.0,-215.0,0
2.0,-239.0,58.0,-356.0,127.0,-224.0,0
4.0,-243.0,56.0,-349.0,127.0,-231.0,0
6.0,-243.0,53.0,-334.0,134.0,-232.0,0
5.0,-242.0,55.0,-314.0,138.0,-231.0,0
6.0,-242.0,49.0,-288.0,145.0,-232.0,0
13.0,-244.0,52.0,-263.0,154.0,-231.0,0
14.0,-239.0,54.0,-239.0,164.0,-230.0,0
20.0,-237.0,48.0,-220.0,175.0,-229.0,0
20.0,-236.0,49.0,-209.0,190.0,-226.0,0
18.0,-236.0,47.0,-208.0,204.0,-224.0,0
22.0,-236.0,44.0,-211.0,216.0,-219.0,0
20.0,-236.0,43.0,-218.0,222.0,-217.0,0
18.0,-240.0,43.0,-222.0,218.0,-211.0,0
20.0,-240.0,46.0,-220.0,216.0,-206.0,0
23.0,-246.0,46.0,-214.0,215.0,-202.0,0
19.0,-246.0,45.0,-202.0,217.0,-208.0,0
17.0,-244.0,44.0,-190.0,230.0,-215.0,0
19.0,-245.0,46.0,-181.0,248.0,-223.0,0
14.0,-246.0,45.0,-176.0,266.0,-227.0,0
7.0,-244.0,44.0,-179.0,280.0,-228.0,0
1.0,-246.0,43.0,-201.0,292.0,-230.0,0
1.0,-244.0,47.0,-229.0,298.0,-231.0,0
-6.0,-246.0,48.0,-271.0,299.0,-230.0,0
-19.0,-250.0,47.0,-316.0,298.0,-223.0,0
-33.0,-254.0,41.0,-362.0,293.0,-212.0,0
-47.0,-261.0,43.0,-397.0,279.0,-196.0,0
-66.0,-268.0,43.0,-423.0,254.0,-173.0,0
-78.0,-274.0,34.0,-444.0,222.0,-146.0,0
-95.0,-287.0,32.0,-474.0,185.0,-113.0,0
-108.0,-297.0,21.0,-525.0,139.0,-72.0,0
-127.0,-309.0,15.0,-605.0,89.0,-19.0,0
-143.0,-325.0,9.0,-718.0,30.0,44.0,0
-163.0,-341.0,2.0,-847.0,-47.0,116.0,0
-172.0,-358.0,-1.0,-971.0,-142.0,195.0,0
-176.0,-374.0,-1.0,-1071.0,-250.0,277.0,0
-158.0,-387.0,-2.0,-1131.0,-365.0,351.0,0
-133.0,-394.0,1.0,-1143.0,-469.0,407.0,0
-114.0,-394.0,11.0,-1103.0,-546.0,445.0,0
-88.0,-399.0,19.0,-1011.0,-602.0,465.0,0
-69.0,-404.0,27.0,-864.0,-643.0,469.0,0
-53.0,-406.0,34.0,-663.0,-676.0,456.0,0
-41.0,-407.0,36.0,-416.0,-710.0,427.0,0
-34.0,-399.0,32.0,-125.0,-746.0,381.0,0
-29.0,-387.0,22.0,197.0,-788.0,311.0,0
-22.0,-373.0,8.0,524.0,-828.0,220.0,0
-11.0,-353.0,-11.0,814.0,-855.0,124.0,0
-7.0,-329.0,-30.0,1040.0,-858.0,38.0,0
-2.0,-310.0,-51.0,1172.0,-830.0,-43.0,0
-2.0,-283.0,-62.0,1193.0,-783.0,-124.0,0
0.0,-258.0,-68.0,1112.0,-720.0,-196.0,0
-6.0,-239.0,-75.0,951.0,-641.0,-248.0,0
-9.0,-225.0,-70.0,737.0,-546.0,-274.0,0
-14.0,-220.0,-61.0,500.0,-447.0,-281.0,0
-15.0,-214.0,-57.0,276.0,-362.0,-275.0,0
-17.0,-221.0,-54.0,120.0,-303.0,-261.0,0
-17.0,-221.0,-47.0,-33.0,-276.0,-240.0,0
-13.0,-226.0,-48.0,-129.0,-277.0,-210.0,0
-7.0,-225.0,-56.0,-167.0,-295.0,-175.0,0
-3.0,-228.0,-68.0,-155.0,-319.0,-136.0,0
2.0,-231.0,-82.0,-104.0,-355.0,-101.0,0
0.0,-232.0,-95.0,-34.0,-393.0,-75.0,0
0.0,-230.0,-114.0,42.0,-433.0,-61.0,0
-4.0,-232.0,-120.0,104.0,-467.0,-52.0,0
-12.0,-231.0,-127.0,140.0,-499.0,-45.0,0
-15.0,-234.0,-130.0,135.0,-527.0,-36.0,0
-18.0,-238.0,-122.0,85.0,-552.0,-27.0,0
-21.0,-243.0,-112.0,-2.0,-573.0,-24.0,0
-20.0,-249.0,-90.0,-109.0,-593.0,-27.0,0
-19.0,-254.0,-73.0,-216.0,-607.0,-35.0,0
-17.0,-259.0,-51.0,-307.0,-619.0,-47.0,0
-12.0,-265.0,-29.0,-376.0,-632.0,-63.0,0
-7.0,-269.0,-6.0,-403.0,-647.0,-85.0,0
0.0,-276.0,14.0,-384.0,-665.0,-116.0,0
6.0,-282.0,34.0,-321.0,-683.0,-152.0,0
11.0,-281.0,46.0,-219.0,-695.0,-189.0,0
11.0,-295.0,53.0,-92.0,-698.0,-225.0,0
23.0,-282.0,52.0,43.0,-689.0,-262.0,0
28.0,-280.0,46.0,176.0,-660.0,-294.0,0
35.0,-277.0,38.0,293.0,-619.0,-326.0,0
41.0,-273.0,23.0,387.0,-566.0,-358.0,0
47.0,-268.0,12.0,452.0,-503.0,-382.0,0
52.0,-258.0,4.0,485.0,-441.0,-402.0,0
55.0,-251.0,-2.0,492.0,-375.0,-417.0,0
60.0,-246.0,-11.0,482.0,-308.0,-425.0,0
61.0,-235.0,-19.0,462.0,-243.0,-426.0,0
62.0,-224.0,-22.0,435.0,-184.0,-418.0,0
59.0,-218.0,-30.0,408.0,-129.0,-403.0,0
59.0,-213.0,-34.0,377.0,-81.0,-383.0,0
56.0,-209.0,-34.0,339.0,-36.0,-362.0,0
52.0,-207.0,-36.0,298.0,1.0,-341.0,0
47.0,-208.0,-37.0,257.0,30.0,-318.0,0
43.0,-209.0,-36.0,212.0,45.0,-297.0,0
38.0,-209.0,-32.0,170.0,45.0,-280.0,0
37.0,-207.0,-26.0,130.0,29.0,-265.0,0
31.0,-206.0,-17.0,101.0,0.0,-254.0,0
26.0,-206.0,-16.0,84.0,-41.0,-241.0,0
23.0,-205.0,-8.0,79.0,-92.0,-228.0,0
19.0,-208.0,-1.0,85.0,-149.0,-214.0,0
15.0,-210.0,3.0,94.0,-210.0,-197.0,0
14.0,-212.0,8.0,102.0,-270.0,-182.0,0
7.0,-214.0,8.0,106.0,-322.0,-170.0,0
4.0,-216.0,18.0,106.0,-367.0,-160.0,0
1.0,-216.0,17.0,98.0,-402.0,-155.0,0
3.0,-218.0,26.0,88.0,-424.0,-150.0,0
3.0,-215.0,24.0,73.0,-439.0,-146.0,0
1.0,-218.0,30.0,52.0,-446.0,-142.0,0
3.0,-217.0,39.0,24.0,-445.0,-141.0,0
5.0,-222.0,41.0,-13.0,-438.0,-134.0,0
4.0,-225.0,44.0,-59.0,-423.0,-128.0,0
11.0,-227.0,46.0,-114.0,-403.0,-125.0,0
12.0,-231.0,49.0,-176.0,-380.0,-123.0,0
20.0,-233.0,48.0,-239.0,-352.0,-121.0,0
27.0,-235.0,47.0,-298.0,-323.0,-113.0,0
27.0,-240.0,42.0,-347.0,-296.0,-101.0,0
30.0,-241.0,37.0,-387.0,-271.0,-85.0,0
33.0,-245.0,34.0,-419.0,-251.0,-66.0,0
39.0,-247.0,30.0,-443.0,-240.0,-44.0,0
43.0,-250.0,31.0,-452.0,-236.0,-19.0,0
43.0,-254.0,30.0,-448.0,-241.0,7.0,0
48.0,-254.0,30.0,-426.0,-259.0,39.0,0
45.0,-256.0,32.0,-385.0,-294.0,75.0,0
49.0,-256.0,35.0,-330.0,-345.0,112.0,0
45.0,-256.0,44.0,-269.0,-407.0,143.0,0
41.0,-261.0,41.0,-212.0,-477.0,175.0,0
46.0,-262.0,42.0,-167.0,-553.0,203.0,0
41.0,-266.0,45.0,-134.0,-634.0,227.0,0
40.0,-275.0,42.0,-114.0,-710.0,246.0,0
40.0,-281.0,42.0,-109.0,-777.0,258.0,0
40.0,-289.0,47.0,-106.0,-833.0,263.0,0
45.0,-303.0,59.0,-105.0,-873.0,258.0,0
50.0,-303.0,56.0,-88.0,-890.0,241.0,0
57.0,-307.0,64.0,-50.0,-885.0,214.0,0
62.0,-312.0,70.0,25.0,-857.0,174.0,0
66.0,-315.0,78.0,137.0,-805.0,123.0,0
72.0,-309.0,85.0,287.0,-737.0,65.0,0
77.0,-299.0,95.0,473.0,-653.0,1.0,0
86.0,-296.0,96.0,675.0,-564.0,-62.0,0
93.0,-285.0,93.0,876.0,-471.0,-120.0,0
96.0,-274.0,88.0,1022.0,-380.0,-174.0,0
104.0,-264.0,80.0,1170.0,-291.0,-217.0,0
106.0,-253.0,73.0,1278.0,-212.0,-249.0,0
114.0,-247.0,67.0,1333.0,-143.0,-272.0,0
121.0,-236.0,54.0,1338.0,-96.0,-287.0,0
126.0,-229.0,49.0,1286.0,-49.0,-290.0,0
128.0,-226.0,36.0,1187.0,-17.0,-281.0,0
127.0,-227.0,34.0,1028.0,-2.0,-258.0,0
124.0,-235.0,32.0,813.0,-7.0,-232.0,0
105.0,-248.0,22.0,545.0,-40.0,-191.0,0
79.0,-257.0,9.0,226.0,-112.0,-149.0,0
49.0,-280.0,1.0,-119.0,-216.0,-112.0,0
8.0,-297.0,-9.0,-467.0,-338.0,-74.0,0
-20.0,-321.0,-8.0,-775.0,-460.0,-42.0,0
-44.0,-351.0,-6.0,-1010.0,-552.0,-22.0,0
-67.0,-384.0,1.0,-1150.0,-588.0,-20.0,0
-92.0,-415.0,10.0,-1180.0,-561.0,-46.0,0
-118.0,-444.0,19.0,-1099.0,-476.0,-100.0,0
-136.0,-452.0,25.0,-887.0,-358.0,-170.0,0
-158.0,-451.0,29.0,-539.0,-232.0,-232.0,0
-172.0,-444.0,20.0,-75.0,-130.0,-267.0,0
-177.0,-432.0,5.0,456.0,-72.0,-269.0,0
-174.0,-408.0,-19.0,988.0,-67.0,-245.0,0
-164.0,-377.0,-37.0,1456.0,-113.0,-197.0,0
-140.0,-345.0,-57.0,1824.0,-207.0,-138.0,0
-123.0,-311.0,-79.0,2085.0,-338.0,-84.0,0
-106.0,-275.0,-87.0,2221.0,-488.0,-41.0,0
-87.0,-247.0,-97.0,2230.0,-634.0,10.0,0
-78.0,-220.0,-98.0,2127.0,-765.0,71.0,0
-65.0,-202.0,-83.0,1945.0,-883.0,155.0,0
-53.0,-184.0,-70.0,1724.0,-1000.0,251.0,0
-44.0,-174.0,-53.0,1487.0,-1127.0,345.0,0
-34.0,-169.0,-37.0,1250.0,-1257.0,428.0,0
-23.0,-170.0,-18.0,1012.0,-1380.0,500.0,0
-11.0,-184.0,-2.0,775.0,-1480.0,565.0,0
0.0,-174.0,3.0,535.0,-1547.0,615.0,0
9.0,-179.0,12.0,301.0,-1570.0,640.0,0
21.0,-191.0,19.0,90.0,-1544.0,634.0,0
30.0,-200.0,27.0,-84.0,-1474.0,604.0,0
38.0,-212.0,30.0,-233.0,-1344.0,574.0,0
44.0,-225.0,35.0,-361.0,-1163.0,533.0,0
50.0,-233.0,41.0,-472.0,-947.0,488.0,0
53.0,-243.0,53.0,-550.0,-729.0,444.0,0
52.0,-251.0,60.0,-587.0,-528.0,408.0,0
52.0,-256.0,67.0,-587.0,-356.0,384.0,0
44.0,-266.0,73.0,-548.0,-227.0,376.0,0
41.0,-264.0,76.0,-475.0,-149.0,381.0,0
38.0,-266.0,70.0,-391.0,-118.0,397.0,0
31.0,-268.0,69.0,-310.0,-126.0,426.0,0
23.0,-270.0,65.0,-237.0,-170.0,466.0,0
11.0,-270.0,56.0,-176.0,-239.0,514.0,0
4.0,-269.0,47.0,-131.0,-328.0,569.0,0
-4.0,-270.0,34.0,-101.0,-426.0,618.0,0
-13.0,-272.0,26.0,-79.0,-524.0,657.0,0
-25.0,-270.0,25.0,-59.0,-610.0,686.0,0
-34.0,-270.0,23.0,-34.0,-686.0,703.0,0
-41.0,-264.0,21.0,4.0,-755.0,709.0,0
-46.0,-264.0,24.0,63.0,-819.0,702.0,0
-51.0,-255.0,28.0,143.0,-879.0,691.0,0
-52.0,-251.0,31.0,241.0,-932.0,671.0,0
-51.0,-243.0,30.0,351.0,-978.0,643.0,0
-52.0,-232.0,38.0,468.0,-1018.0,611.0,0
-50.0,-219.0,35.0,577.0,-1048.0,576.0,0
-43.0,-212.0,38.0,668.0,-1064.0,535.0,0
-40.0,-201.0,43.0,739.0,-1065.0,488.0,0
-32.0,-188.0,46.0,783.0,-1051.0,439.0,0
-25.0,-181.0,51.0,806.0,-1024.0,388.0,0
-19.0,-171.0,58.0,815.0,-984.0,337.0,0
-12.0,-165.0,60.0,807.0,-933.0,288.0,0
-8.0,-155.0,70.0,786.0,-871.0,244.0,0
0.0,-151.0,72.0,751.0,-806.0,205.0,0
1.0,-145.0,75.0,703.0,-742.0,174.0,0
3.0,-141.0,84.0,643.0,-684.0,149.0,0
1.0,-136.0,85.0,573.0,-635.0,132.0,0
6.0,-136.0,90.0,494.0,-603.0,119.0,0
12.0,-140.0,97.0,413.0,-579.0,114.0,0
10.0,-141.0,93.0,330.0,-570.0,116.0,0
14.0,-145.0,94.0,251.0,-571.0,124.0,0
14.0,-150.0,94.0,179.0,-585.0,135.0,0
14.0,-155.0,91.0,128.0,-607.0,144.0,0
15.0,-159.0,90.0,75.0,-628.0,155.0,0
17.0,-165.0,91.0,36.0,-651.0,157.0,0
15.0,-174.0,91.0,12.0,-666.0,151.0,0
12.0,-176.0,88.0,10.0,-686.0,138.0,0
9.0,-187.0,85.0,35.0,-706.0,117.0,0
12.0,-191.0,86.0,82.0,-727.0,83.0,0
6.0,-193.0,84.0,151.0,-748.0,53.0,0
5.0,-197.0,84.0,234.0,-771.0,11.0,0
-7.0,-196.0,80.0,326.0,-803.0,-33.0,0
-3.0,-198.0,73.0,422.0,-842.0,-69.0,0
0.0,-196.0,69.0,512.0,-890.0,-98.0,0
-6.0,-189.0,64.0,598.0,-945.0,-126.0,0
-5.0,-180.0,57.0,666.0,-999.0,-153.0,0
-1.0,-170.0,46.0,699.0,-1041.0,-172.0,0
2.0,-158.0,41.0,685.0,-1064.0,-186.0,0
13.0,-150.0,32.0,622.0,-1057.0,-203.0,0
28.0,-136.0,26.0,508.0,-1016.0,-224.0,0
39.0,-129.0,27.0,350.0,-941.0,-251.0,0
54.0,-126.0,22.0,169.0,-846.0,-287.0,0
64.0,-129.0,26.0,-17.0,-742.0,-328.0,0
82.0,-210.0,86.0,-126.0,-650.0,-350.0,0
102.0,-254.0,65.0,466.0,-640.0,-195.0,0
91.0,-267.0,11.0,1291.0,-583.0,-32.0,0
79.0,-199.0,32.0,1244.0,-410.0,-139.0,0
71.0,-162.0,59.0,604.0,-259.0,-331.0,0
79.0,-187.0,83.0,8.0,-156.0,-342.0,0
81.0,-234.0,99.0,-348.0,-93.0,-253.0,0
79.0,-273.0,127.0,-524.0,-46.0,-161.0,0
72.0,-308.0,141.0,-674.0,10.0,-92.0,0
73.0,-345.0,129.0,-904.0,86.0,4.0,0
72.0,-382.0,72.0,-1258.0,174.0,189.0,0
60.0,-418.0,-29.0,-1751.0,233.0,476.0,0
12.0,-461.0,-138.0,-2364.0,256.0,844.0,0
-42.0,-514.0,-246.0,-3038.0,264.0,1251.0,0
-101.0,-562.0,-294.0,-3803.0,272.0,1653.0,0
-135.0,-619.0,-269.0,-4479.0,247.0,1987.0,0
-168.0,-635.0,-217.0,-4574.0,72.0,2130.0,0
-189.0,-630.0,-156.0,-3965.0,-312.0,2013.0,0
-199.0,-612.0,-92.0,-2771.0,-855.0,1716.0,0
-178.0,-455.0,-92.0,-1242.0,-1415.0,1392.0,0
-90.0,-330.0,-115.0,75.0,-1768.0,1164.0,0
-60.0,-373.0,-62.0,878.0,-1676.0,1251.0,0
-110.0,-388.0,-1.0,1299.0,-1336.0,1281.0,0
-173.0,-356.0,38.0,1465.0,-1036.0,1029.0,0
-200.0,-316.0,67.0,1387.0,-885.0,681.0,0
-190.0,-285.0,90.0,1166.0,-871.0,405.0,0
-166.0,-278.0,114.0,954.0,-946.0,202.0,0
-144.0,-262.0,126.0,857.0,-1051.0,-6.0,0
-121.0,-232.0,132.0,891.0,-1136.0,-251.0,0
-87.0,-185.0,127.0,969.0,-1165.0,-495.0,0
-48.0,-145.0,114.0,993.0,-1132.0,-669.0,0
-12.0,-107.0,90.0,913.0,-1062.0,-749.0,0
14.0,-77.0,57.0,677.0,-973.0,-726.0,0
57.0,-45.0,14.0,196.0,-888.0,-637.0,0
25.0,-84.0,-33.0,-586.0,-716.0,-551.0,0
-158.0,-180.0,23.0,-1451.0,-545.0,-402.0,0
-49.0,-191.0,7.0,-2020.0,-671.0,-302.0,0
-15.0,-199.0,-11.0,-2325.0,-1102.0,-500.0,0
13.0,-229.0,-31.0,-2445.0,-1437.0,-502.0,0
48.0,-263.0,-37.0,-2446.0,-1517.0,-302.0,0
69.0,-305.0,-30.0,-2340.0,-1419.0,-63.0,0
25.0,-349.0,-29.0,-2038.0,-1317.0,76.0,0
-32.0,-419.0,17.0,-1497.0,-1322.0,148.0,0
21.0,-460.0,21.0,-605.0,-1531.0,186.0,0
-64.0,-478.0,44.0,568.0,-1792.0,186.0,0
-44.0,-475.0,53.0,1761.0,-2098.0,346.0,0
35.0,-390.0,15.0,2833.0,-2368.0,511.0,0
73.0,-299.0,-26.0,3607.0,-2450.0,556.0,0
83.0,-222.0,-70.0,3998.0,-2353.0,582.0,0
86.0,-160.0,-112.0,3972.0,-2153.0,661.0,0
78.0,-113.0,-135.0,3555.0,-1961.0,754.0,0
63.0,-84.0,-129.0,2820.0,-1770.0,794.0,0
65.0,-67.0,-119.0,1889.0,-1593.0,756.0,0
65.0,-78.0,-98.0,910.0,-1458.0,671.0,0
65.0,-101.0,-60.0,14.0,-1332.0,587.0,0
67.0,-137.0,-12.0,-702.0,-1201.0,519.0,0
68.0,-176.0,23.0,-1179.0,-1083.0,451.0,0
70.0,-206.0,59.0,-1396.0,-995.0,384.0,0
72.0,-233.0,80.0,-1383.0,-941.0,332.0,0
75.0,-250.0,95.0,-1199.0,-922.0,291.0,0
81.0,-263.0,87.0,-897.0,-929.0,267.0,0
83.0,-258.0,76.0,-541.0,-953.0,252.0,0
87.0,-254.0,62.0,-187.0,-980.0,260.0,0
87.0,-247.0,41.0,107.0,-997.0,277.0,0
84.0,-238.0,23.0,306.0,-1000.0,297.0,0
83.0,-236.0,4.0,394.0,-990.0,318.0,0
76.0,-228.0,-13.0,382.0,-971.0,340.0,0
69.0,-226.0,-18.0,287.0,-948.0,370.0,0
64.0,-227.0,-12.0,134.0,-923.0,408.0,0
55.0,-235.0,-1.0,-45.0,-898.0,449.0,0
50.0,-247.0,6.0,-211.0,-869.0,487.0,0
37.0,-256.0,18.0,-347.0,-848.0,521.0,0
27.0,-266.0,35.0,-429.0,-828.0,549.0,0
22.0,-279.0,45.0,-454.0,-817.0,566.0,0
17.0,-288.0,58.0,-427.0,-811.0,573.0,0
15.0,-295.0,65.0,-355.0,-808.0,572.0,0
11.0,-294.0,69.0,-252.0,-801.0,564.0,0
10.0,-296.0,65.0,-133.0,-785.0,546.0,0
2.0,-290.0,67.0,-20.0,-759.0,520.0,0
-6.0,-297.0,53.0,81.0,-728.0,491.0,0
-31.0,-281.0,35.0,266.0,-824.0,453.0,0
-22.0,-260.0,44.0,216.0,-862.0,403.0,0
-10.0,-252.0,44.0,47.0,-867.0,373.0,0
6.0,-258.0,50.0,-138.0,-880.0,360.0,0
24.0,-264.0,58.0,-303.0,-871.0,337.0,0
27.0,-273.0,59.0,-410.0,-832.0,314.0,0
36.0,-281.0,64.0,-442.0,-766.0,301.0,0
40.0,-287.0,65.0,-409.0,-706.0,302.0,0
33.0,-285.0,58.0,-326.0,-671.0,308.0,0
32.0,-286.0,52.0,-211.0,-670.0,318.0,0
27.0,-287.0,36.0,-101.0,-701.0,330.0,0
30.0,-282.0,23.0,-19.0,-758.0,346.0,0
28.0,-273.0,15.0,38.0,-813.0,359.0,0
39.0,-276.0,6.0,78.0,-863.0,375.0,0
45.0,-263.0,-8.0,114.0,-893.0,377.0,0
50.0,-254.0,-9.0,120.0,-877.0,364.0,0
47.0,-246.0,-6.0,96.0,-802.0,348.0,0
43.0,-237.0,0.0,50.0,-704.0,335.0,0
40.0,-234.0,8.0,-12.0,-601.0,316.0,0
36.0,-230.0,23.0,-82.0,-500.0,288.0,0
35.0,-229.0,25.0,-157.0,-405.0,259.0,0
30.0,-225.0,38.0,-231.0,-328.0,235.0,0
30.0,-232.0,41.0,-296.0,-276.0,219.0,0
30.0,-235.0,41.0,-342.0,-246.0,212.0,0
25.0,-241.0,37.0,-364.0,-238.0,211.0,0
22.0,-240.0,42.0,-361.0,-247.0,215.0,0
22.0,-244.0,43.0,-329.0,-265.0,225.0,0
17.0,-246.0,34.0,-275.0,-290.0,239.0,0
12.0,-242.0,33.0,-208.0,-317.0,252.0,0
9.0,-239.0,33.0,-141.0,-342.0,262.0,0
11.0,-239.0,34.0,-80.0,-361.0,272.0,0
11.0,-232.0,31.0,-35.0,-376.0,278.0,0
5.0,-226.0,28.0,-12.0,-390.0,285.0,0
2.0,-222.0,29.0,-12.0,-406.0,293.0,0
2.0,-222.0,26.0,-34.0,-424.0,299.0,0
0.0,-222.0,21.0,-77.0,-444.0,308.0,0
0.0,-224.0,16.0,-135.0,-464.0,317.0,0
-1.0,-232.0,15.0,-202.0,-480.0,329.0,0
-1.0,-231.0,17.0,-268.0,-491.0,341.0,0
-2.0,-237.0,16.0,-327.0,-494.0,347.0,0
0.0,-245.0,18.0,-370.0,-487.0,352.0,0
0.0,-247.0,21.0,-386.0,-476.0,348.0,0
0.0,-249.0,21.0,-379.0,-457.0,341.0,0
5.0,-255.0,23.0,-346.0,-430.0,329.0,0
9.0,-254.0,22.0,-295.0,-399.0,311.0,0
19.0,-245.0,27.0,-230.0,-364.0,293.0,0
13.0,-259.0,30.0,-163.0,-324.0,271.0,0
15.0,-257.0,33.0,-106.0,-286.0,252.0,0
18.0,-255.0,30.0,-65.0,-250.0,235.0,0
17.0,-256.0,30.0,-45.0,-219.0,218.0,0
15.0,-256.0,27.0,-44.0,-193.0,205.0,0
16.0,-259.0,30.0,-51.0,-169.0,195.0,0
13.0,-256.0,23.0,-61.0,-149.0,185.0,0
9.0,-256.0,20.0,-63.0,-133.0,177.0,0
5.0,-256.0,19.0,-61.0,-123.0,170.0,0
6.0,-250.0,24.0,-55.0,-117.0,164.0,0
3.0,-246.0,28.0,-49.0,-115.0,158.0,0
4.0,-245.0,27.0,-45.0,-114.0,156.0,0
6.0,-249.0,34.0,-43.0,-114.0,154.0,0
0.0,-240.0,33.0,-44.0,-116.0,156.0,0
0.0,-242.0,33.0,-50.0,-120.0,160.0,0
-2.0,-242.0,36.0,-59.0,-128.0,165.0,0
-4.0,-245.0,42.0,-69.0,-143.0,172.0,0
-8.0,-245.0,39.0,-78.0,-162.0,181.0,0
-8.0,-246.0,39.0,-88.0,-186.0,190.0,0
-5.0,-251.0,38.0,-95.0,-213.0,198.0,0
-8.0,-254.0,38.0,-94.0,-242.0,205.0,0
-8.0,-256.0,40.0,-84.0,-266.0,211.0,0
-4.0,-254.0,36.0,-64.0,-287.0,213.0,0
-2.0,-258.0,41.0,-33.0,-301.0,212.0,0
0.0,-256.0,39.0,3.0,-305.0,207.0,0
0.0,-257.0,34.0,37.0,-302.0,201.0,0
1.0,-257.0,32.0,64.0,-290.0,193.0,0
1.0,-257.0,33.0,91.0,-276.0,181.0,0
5.0,-255.0,29.0,110.0,-261.0,170.0,0
5.0,-253.0,30.0,121.0,-245.0,158.0,0
5.0,-253.0,24.0,121.0,-226.0,146.0,0
8.0,-255.0,24.0,112.0,-208.0,135.0,0
9.0,-253.0,29.0,99.0,-190.0,127.0,0
7.0,-254.0,28.0,78.0,-171.0,117.0,0
5.0,-250.0,32.0,58.0,-155.0,111.0,0
6.0,-253.0,32.0,41.0,-143.0,103.0,0
3.0,-252.0,32.0,33.0,-133.0,100.0,0
3.0,-251.0,36.0,33.0,-128.0,97.0,0
4.0,-250.0,38.0,43.0,-128.0,97.0,0
1.0,-253.0,40.0,59.0,-133.0,100.0,0
0.0,-249.0,43.0,84.0,-142.0,103.0,0
-1.0,-246.0,42.0,111.0,-154.0,108.0,0
-3.0,-243.0,41.0,136.0,-168.0,113.0,0
0.0,-244.0,38.0,158.0,-182.0,120.0,0
0.0,-240.0,39.0,171.0,-193.0,126.0,0
1.0,-238.0,38.0,174.0,-199.0,133.0,0
-2.0,-239.0,37.0,165.0,-205.0,140.0,0
-1.0,-236.0,39.0,149.0,-207.0,145.0,0
1.0,-236.0,38.0,127.0,-206.0,150.0,0
1.0,-236.0,40.0,103.0,-204.0,154.0,0
2.0,-240.0,38.0,79.0,-202.0,155.0,0
0.0,-240.0,47.0,60.0,-199.0,156.0,0
2.0,-242.0,46.0,54.0,-199.0,153.0,0
0.0,-243.0,45.0,93.0,-230.0,142.0,0
0.0,-250.0,42.0,164.0,-281.0,138.0,0
8.0,-257.0,45.0,225.0,-302.0,150.0,0
10.0,-257.0,52.0,262.0,-285.0,153.0,0
8.0,-255.0,52.0,296.0,-249.0,136.0,0
8.0,-253.0,48.0,332.0,-219.0,113.0,0
9.0,-256.0,48.0,371.0,-207.0,93.0,0
7.0,-253.0,44.0,401.0,-209.0,72.0,0
7.0,-250.0,40.0,408.0,-209.0,57.0,0
12.0,-248.0,38.0,387.0,-199.0,43.0,0
8.0,-245.0,38.0,344.0,-176.0,32.0,0
9.0,-246.0,37.0,291.0,-148.0,20.0,0
12.0,-249.0,34.0,232.0,-115.0,15.0,0
8.0,-247.0,42.0,179.0,-79.0,11.0,0
7.0,-249.0,32.0,154.0,-47.0,5.0,0
13.0,-239.0,19.0,128.0,-12.0,9.0,0
18.0,-242.0,30.0,55.0,51.0,9.0,0
3.0,-238.0,44.0,-27.0,118.0,-6.0,0
-1.0,-245.0,62.0,-86.0,145.0,-8.0,0
0.0,-249.0,63.0,-100.0,127.0,4.0,0
0.0,-255.0,70.0,-71.0,89.0,13.0,0
1.0,-255.0,71.0,-2.0,52.0,21.0,0
-2.0,-252.0,69.0,89.0,20.0,25.0,0
0.0,-241.0,63.0,175.0,-15.0,32.0,0
6.0,-238.0,59.0,216.0,-50.0,42.0,0
4.0,-238.0,48.0,228.0,-80.0,41.0,0
6.0,-238.0,44.0,216.0,-92.0,38.0,0
6.0,-236.0,38.0,191.0,-93.0,35.0,0
8.0,-238.0,36.0,160.0,-89.0,30.0,0
4.0,-240.0,39.0,128.0,-84.0,26.0,0
7.0,-237.0,39.0,96.0,-78.0,23.0,0
10.0,-243.0,43.0,63.0,-65.0,20.0,0
10.0,-243.0,47.0,31.0,-44.0,17.0,0
8.0,-240.0,45.0,4.0,-23.0,14.0,0
8.0,-244.0,50.0,-9.0,-5.0,10.0,0
10.0,-246.0,53.0,-12.0,9.0,13.0,0
7.0,-252.0,59.0,-4.0,19.0,20.0,0
8.0,-262.0,74.0,41.0,34.0,34.0,0
18.0,-270.0,69.0,171.0,71.0,72.0,0
13.0,-255.0,49.0,298.0,75.0,63.0,0
5.0,-240.0,40.0,321.0,54.0,32.0,0
7.0,-239.0,37.0,268.0,51.0,34.0,0
7.0,-241.0,42.0,207.0,48.0,32.0,0
2.0,-245.0,40.0,148.0,39.0,24.0,0
4.0,-243.0,40.0,94.0,16.0,17.0,0
1.0,-235.0,29.0,37.0,-10.0,11.0,0
1.0,-232.0,30.0,-28.0,-21.0,4.0,0
1.0,-231.0,31.0,-93.0,-19.0,-5.0,0
3.0,-232.0,48.0,-148.0,5.0,-13.0,0
1.0,-244.0,66.0,-181.0,31.0,-21.0,0
0.0,-234.0,70.0,-171.0,51.0,-27.0,0
3.0,-234.0,65.0,-141.0,75.0,-18.0,0
15.0,-236.0,64.0,-129.0,104.0,-4.0,0
12.0,-238.0,58.0,-138.0,134.0,-4.0,0
4.0,-240.0,59.0,-162.0,145.0,-11.0,0
3.0,-241.0,54.0,-205.0,139.0,-17.0,0
9.0,-251.0,57.0,-241.0,118.0,-14.0,0
14.0,-263.0,73.0,-237.0,99.0,-14.0,0
8.0,-261.0,55.0,-183.0,75.0,-23.0,0
3.0,-267.0,49.0,-96.0,53.0,-33.0,0
4.0,-266.0,47.0,5.0,32.0,-39.0,0
6.0,-266.0,46.0,105.0,13.0,-46.0,0
5.0,-266.0,45.0,197.0,-3.0,-54.0,0
4.0,-260.0,47.0,276.0,-13.0,-66.0,0
1.0,-258.0,49.0,335.0,-19.0,-79.0,0
3.0,-256.0,59.0,377.0,-20.0,-92.0,0
4.0,-256.0,62.0,404.0,-16.0,-97.0,0
4.0,-256.0,68.0,435.0,-9.0,-98.0,0
7.0,-252.0,70.0,477.0,1.0,-92.0,0
7.0,-245.0,68.0,532.0,14.0,-82.0,0
6.0,-239.0,65.0,580.0,31.0,-74.0,0
4.0,-227.0,59.0,602.0,54.0,-74.0,0
2.0,-221.0,57.0,584.0,81.0,-76.0,0
1.0,-217.0,66.0,532.0,108.0,-79.0,0
3.0,-213.0,70.0,450.0,128.0,-81.0,0
0.0,-212.0,74.0,357.0,137.0,-89.0,0
2.0,-215.0,70.0,270.0,142.0,-99.0,0
5.0,-217.0,71.0,205.0,146.0,-105.0,0
8.0,-219.0,69.0,168.0,148.0,-110.0,0
5.0,-224.0,66.0,150.0,148.0,-108.0,0
6.0,-228.0,56.0,149.0,137.0,-105.0,0
8.0,-233.0,46.0,143.0,121.0,-92.0,0
11.0,-234.0,33.0,114.0,98.0,-74.0,0
12.0,-234.0,32.0,59.0,81.0,-54.0,0
8.0,-229.0,32.0,-10.0,66.0,-40.0,0
3.0,-229.0,39.0,-84.0,50.0,-31.0,0
3.0,-229.0,44.0,-148.0,33.0,-24.0,0
5.0,-236.0,51.0,-198.0,20.0,-19.0,0
7.0,-235.0,61.0,-229.0,20.0,-19.0,0
7.0,-238.0,63.0,-243.0,28.0,-21.0,0
3.0,-239.0,66.0,-247.0,35.0,-30.0,0
0.0,-241.0,67.0,-245.0,35.0,-38.0,0
1.0,-237.0,70.0,-243.0,30.0,-48.0,0
1.0,-239.0,67.0,-235.0,26.0,-56.0,0
1.0,-244.0,72.0,-216.0,20.0,-63.0,0
1.0,-245.0,68.0,-188.0,15.0,-68.0,0
-6.0,-242.0,61.0,-153.0,22.0,-68.0,0
-6.0,-238.0,62.0,-129.0,44.0,-62.0,0
1.0,-240.0,64.0,-121.0,59.0,-68.0,0
0.0,-234.0,65.0,-110.0,64.0,-78.0,0
4.0,-237.0,64.0,-106.0,55.0,-72.0,0
11.0,-239.0,67.0,-109.0,42.0,-53.0,0
13.0,-243.0,66.0,-107.0,38.0,-36.0,0
15.0,-251.0,73.0,-85.0,46.0,-29.0,0
15.0,-250.0,76.0,-37.0,60.0,-28.0,0
12.0,-253.0,74.0,26.0,67.0,-29.0,0
14.0,-253.0,72.0,105.0,67.0,-26.0,0
14.0,-253.0,74.0,181.0,53.0,-20.0,0
14.0,-248.0,64.0,243.0,26.0,-21.0,0
11.0,-246.0,64.0,277.0,-4.0,-23.0,0
9.0,-240.0,63.0,287.0,-32.0,-25.0,0
9.0,-237.0,53.0,278.0,-57.0,-27.0,0
7.0,-237.0,62.0,257.0,-73.0,-29.0,0
7.0,-230.0,58.0,223.0,-80.0,-32.0,0
8.0,-226.0,63.0,168.0,-85.0,-28.0,0
14.0,-230.0,76.0,94.0,-89.0,-22.0,0
13.0,-233.0,79.0,20.0,-95.0,-16.0,0
20.0,-239.0,79.0,-30.0,-99.0,-14.0,0
34.0,-239.0,64.0,-59.0,-84.0,-11.0,0
24.0,-244.0,60.0,-71.0,-17.0,-7.0,0
18.0,-251.0,69.0,-66.0,48.0,-3.0,0
0.0,-243.0,70.0,-38.0,62.0,-9.0,0
-8.0,-236.0,70.0,3.0,38.0,-10.0,0
0.0,-228.0,72.0,35.0,10.0,-5.0,0
4.0,-225.0,68.0,55.0,-6.0,0.0,0
4.0,-218.0,60.0,49.0,-12.0,1.0,0
3.0,-220.0,58.0,5.0,-16.0,1.0,0
6.0,-225.0,56.0,-62.0,-24.0,-1.0,0
3.0,-227.0,58.0,-121.0,-33.0,-7.0,0
5.0,-233.0,58.0,-152.0,-48.0,-12.0,0
5.0,-235.0,58.0,-141.0,-63.0,-16.0,0
2.0,-243.0,63.0,-94.0,-84.0,-20.0,0
3.0,-248.0,59.0,-15.0,-112.0,-26.0,0
0.0,-248.0,63.0,77.0,-150.0,-35.0,0
7.0,-247.0,65.0,168.0,-201.0,-49.0,0
10.0,-246.0,69.0,253.0,-249.0,-62.0,0
12.0,-253.0,77.0,329.0,-281.0,-69.0,0
15.0,-249.0,79.0,401.0,-301.0,-78.0,0
17.0,-239.0,50.0,471.0,-307.0,-82.0,0
33.0,-230.0,17.0,502.0,-228.0,-94.0,0
29.0,-225.0,50.0,451.0,-51.0,-122.0,0
18.0,-218.0,76.0,356.0,82.0,-142.0,0
21.0,-221.0,87.0,239.0,107.0,-123.0,0
28.0,-220.0,88.0,119.0,112.0,-83.0,0
33.0,-229.0,93.0,20.0,149.0,-57.0,0
28.0,-225.0,94.0,-38.0,200.0,-47.0,0
29.0,-222.0,86.0,-63.0,228.0,-34.0,0
27.0,-220.0,79.0,-78.0,230.0,-12.0,0
26.0,-219.0,67.0,-110.0,227.0,4.0,0
20.0,-217.0,64.0,-165.0,231.0,11.0,0
16.0,-218.0,61.0,-238.0,244.0,13.0,0
17.0,-223.0,67.0,-311.0,257.0,14.0,0
19.0,-232.0,66.0,-361.0,263.0,11.0,0
20.0,-236.0,64.0,-379.0,271.0,5.0,0
14.0,-236.0,67.0,-363.0,284.0,1.0,0
11.0,-246.0,68.0,-319.0,300.0,-11.0,0
12.0,-239.0,63.0,-261.0,313.0,-19.0,0
13.0,-243.0,63.0,-191.0,328.0,-20.0,0
12.0,-246.0,67.0,-110.0,339.0,-18.0,0
14.0,-249.0,65.0,-31.0,347.0,-21.0,0
12.0,-247.0,66.0,50.0,349.0,-29.0,0
11.0,-251.0,67.0,121.0,347.0,-36.0,0
16.0,-250.0,66.0,181.0,339.0,-42.0,0
11.0,-251.0,69.0,232.0,325.0,-44.0,0
11.0,-253.0,70.0,271.0,301.0,-45.0,0
13.0,-250.0,75.0,301.0,263.0,-45.0,0
13.0,-254.0,66.0,323.0,220.0,-37.0,0
12.0,-249.0,66.0,331.0,177.0,-25.0,0
14.0,-239.0,60.0,313.0,141.0,-19.0,0
13.0,-229.0,63.0,261.0,120.0,-19.0,0
11.0,-226.0,63.0,176.0,112.0,-20.0,0
-6.0,-220.0,141.0,70.0,111.0,-21.0,0
13.0,-222.0,61.0,-165.0,193.0,-15.0,0
13.0,-222.0,61.0,-165.0,193.0,-15.0,0
13.0,-226.0,63.0,-225.0,252.0,-10.0,0
15.0,-229.0,67.0,-271.0,325.0,-3.0,0
12.0,-227.0,70.0,-283.0,395.0,0.0,0
9.0,-224.0,66.0,-285.0,448.0,1.0,0
8.0,-222.0,59.0,-295.0,483.0,4.0,0
3.0,-220.0,61.0,-322.0,509.0,9.0,0
0.0,-224.0,59.0,-360.0,522.0,20.0,0
2.0,-227.0,62.0,-389.0,527.0,30.0,0
8.0,-228.0,64.0,-401.0,526.0,33.0,0
4.0,-234.0,69.0,-396.0,524.0,29.0,0
4.0,-235.0,66.0,-374.0,515.0,21.0,0
2.0,-237.0,62.0,-344.0,496.0,12.0,0
4.0,-235.0,68.0,-311.0,487.0,7.0,0
7.0,-242.0,66.0,-272.0,490.0,15.0,0
10.0,-253.0,71.0,-228.0,494.0,23.0,0
7.0,-256.0,78.0,-166.0,488.0,32.0,0
12.0,-256.0,73.0,-88.0,473.0,36.0,0
11.0,-252.0,70.0,-15.0,444.0,36.0,0
7.0,-240.0,71.0,31.0,408.0,34.0,0
8.0,-233.0,67.0,46.0,368.0,34.0,0
4.0,-232.0,73.0,39.0,323.0,31.0,0
6.0,-233.0,76.0,31.0,274.0,31.0,0
3.0,-235.0,80.0,29.0,221.0,30.0,0
5.0,-234.0,79.0,36.0,178.0,26.0,0
3.0,-232.0,81.0,45.0,125.0,19.0,0
3.0,-228.0,87.0,48.0,74.0,15.0,0
2.0,-229.0,86.0,41.0,22.0,10.0,0
3.0,-229.0,90.0,33.0,-31.0,4.0,0
1.0,-231.0,88.0,18.0,-81.0,-2.0,0
3.0,-230.0,89.0,0.0,-130.0,-2.0,0
5.0,-236.0,90.0,-14.0,-177.0,-2.0,0
1.0,-237.0,89.0,-18.0,-227.0,2.0,0
2.0,-238.0,91.0,-10.0,-280.0,9.0,0
0.0,-234.0,89.0,-2.0,-343.0,16.0,0
0.0,-233.0,97.0,0.0,-414.0,24.0,0
-1.0,-235.0,100.0,0.0,-493.0,34.0,0
1.0,-235.0,102.0,8.0,-583.0,43.0,0
0.0,-247.0,101.0,33.0,-677.0,52.0,0
-1.0,-246.0,99.0,72.0,-773.0,61.0,0
1.0,-250.0,90.0,119.0,-858.0,69.0,0
3.0,-249.0,84.0,169.0,-922.0,77.0,0
7.0,-244.0,72.0,222.0,-954.0,83.0,0
9.0,-241.0,62.0,260.0,-950.0,82.0,0
11.0,-238.0,52.0,277.0,-913.0,74.0,0
14.0,-234.0,47.0,265.0,-848.0,62.0,0
9.0,-230.0,47.0,235.0,-769.0,48.0,0
11.0,-230.0,47.0,195.0,-690.0,34.0,0
16.0,-235.0,51.0,129.0,-509.0,0.0,0
16.0,-235.0,51.0,129.0,-509.0,-3.0,0
76.0,-236.0,-97.0,131.0,-497.0,-3.0,0
25.0,-221.0,38.0,158.0,-374.0,-14.0,0
25.0,-221.0,38.0,153.0,-360.0,-11.0,0
23.0,-213.0,39.0,129.0,-310.0,-7.0,0
22.0,-212.0,33.0,63.0,-224.0,-5.0,0
21.0,-216.0,38.0,-28.0,-139.0,12.0,0
19.0,-216.0,44.0,-121.0,-77.0,26.0,0
18.0,-223.0,54.0,-199.0,-33.0,33.0,0
18.0,-227.0,62.0,-255.0,3.0,41.0,0
16.0,-229.0,70.0,-279.0,32.0,47.0,0
16.0,-228.0,74.0,-281.0,53.0,53.0,0
16.0,-232.0,75.0,-274.0,62.0,59.0,0
13.0,-233.0,78.0,-264.0,65.0,64.0,0
15.0,-238.0,78.0,-253.0,59.0,67.0,0
14.0,-241.0,75.0,-234.0,50.0,70.0,0
13.0,-241.0,75.0,-206.0,39.0,69.0,0
12.0,-241.0,77.0,-173.0,32.0,65.0,0
13.0,-242.0,79.0,-139.0,26.0,60.0,0
9.0,-239.0,73.0,-110.0,23.0,52.0,0
10.0,-239.0,72.0,-95.0,24.0,44.0,0
9.0,-239.0,68.0,-97.0,30.0,41.0,0
10.0,-236.0,69.0,-117.0,43.0,39.0,0
10.0,-235.0,65.0,-145.0,64.0,36.0,0
14.0,-231.0,65.0,-173.0,91.0,31.0,0
16.0,-229.0,66.0,-203.0,121.0,22.0,0
15.0,-231.0,67.0,-241.0,146.0,11.0,0
17.0,-231.0,60.0,-294.0,175.0,0.0,0
19.0,-231.0,63.0,-355.0,208.0,-12.0,0
16.0,-227.0,62.0,-426.0,240.0,-28.0,0
40.0,-232.0,20.0,-488.0,265.0,-52.0,0
14.0,-209.0,27.0,-684.0,261.0,-141.0,0
-14.0,-189.0,34.0,-933.0,257.0,-162.0,0
14.0,-206.0,34.0,-1160.0,231.0,-126.0,0
12.0,-218.0,53.0,-1370.0,224.0,-136.0,0
8.0,-244.0,79.0,-1488.0,225.0,-142.0,0
13.0,-265.0,98.0,-1421.0,203.0,-103.0,0
13.0,-281.0,97.0,-1207.0,167.0,-76.0,0
14.0,-288.0,99.0,-901.0,124.0,-72.0,0
10.0,-284.0,92.0,-557.0,84.0,-67.0,0
12.0,-280.0,81.0,-229.0,52.0,-59.0,0
12.0,-270.0,67.0,-7.0,28.0,-53.0,0
16.0,-256.0,54.0,200.0,15.0,-50.0,0
15.0,-250.0,51.0,312.0,13.0,-50.0,0
17.0,-243.0,38.0,332.0,18.0,-49.0,0
15.0,-236.0,38.0,279.0,29.0,-52.0,0
13.0,-229.0,33.0,175.0,43.0,-50.0,0
14.0,-229.0,42.0,48.0,60.0,-51.0,0
12.0,-234.0,49.0,-75.0,74.0,-51.0,0
7.0,-236.0,51.0,-169.0,82.0,-51.0,0
14.0,-242.0,63.0,-230.0,86.0,-50.0,0
9.0,-243.0,64.0,-254.0,87.0,-50.0,0
10.0,-245.0,65.0,-249.0,85.0,-49.0,0
10.0,-251.0,61.0,-225.0,83.0,-50.0,0
10.0,-250.0,59.0,-186.0,79.0,-50.0,0
12.0,-246.0,57.0,-144.0,74.0,-53.0,0
14.0,-245.0,57.0,-105.0,69.0,-57.0,0
12.0,-247.0,53.0,-73.0,64.0,-60.0,0
11.0,-243.0,48.0,-54.0,61.0,-64.0,0
14.0,-242.0,47.0,-45.0,59.0,-68.0,0
15.0,-236.0,51.0,-48.0,63.0,-70.0,0
12.0,-238.0,43.0,-59.0,68.0,-73.0,0
15.0,-238.0,48.0,-75.0,74.0,-74.0,0
16.0,-238.0,48.0,-96.0,80.0,-75.0,0
16.0,-238.0,51.0,-114.0,84.0,-73.0,0
18.0,-242.0,54.0,-128.0,87.0,-72.0,0
17.0,-242.0,54.0,-135.0,90.0,-70.0,0
15.0,-241.0,59.0,-135.0,92.0,-68.0,0
16.0,-243.0,58.0,-128.0,91.0,-68.0,0
19.0,-242.0,59.0,-119.0,93.0,-69.0,0
16.0,-242.0,51.0,-114.0,94.0,-69.0,0
17.0,-240.0,55.0,-106.0,95.0,-70.0,0
16.0,-239.0,53.0,-103.0,95.0,-70.0,0
16.0,-239.0,57.0,-105.0,97.0,-71.0,0
18.0,-240.0,56.0,-109.0,99.0,-71.0,0
14.0,-238.0,53.0,-116.0,102.0,-73.0,0
17.0,-239.0,55.0,-122.0,107.0,-74.0,0
17.0,-236.0,54.0,-127.0,112.0,-74.0,0
18.0,-239.0,54.0,-131.0,118.0,-76.0,0
18.0,-238.0,52.0,-131.0,123.0,-77.0,0
18.0,-238.0,52.0,-131.0,128.0,-79.0,0
22.0,-239.0,54.0,-132.0,134.0,-81.0,0
23.0,-238.0,51.0,-133.0,139.0,-82.0,0
21.0,-235.0,48.0,-140.0,143.0,-82.0,0
21.0,-237.0,48.0,-150.0,148.0,-82.0,0
21.0,-240.0,45.0,-163.0,152.0,-81.0,0
25.0,-224.0,34.0,-180.0,157.0,-81.0,0
20.0,-239.0,48.0,-198.0,161.0,-80.0,0
20.0,-246.0,52.0,-215.0,168.0,-79.0,0
18.0,-245.0,52.0,-228.0,173.0,-79.0,0
17.0,-248.0,48.0,-234.0,175.0,-78.0,0
17.0,-249.0,40.0,-236.0,174.0,-76.0,0
17.0,-251.0,48.0,-231.0,174.0,-76.0,0
14.0,-252.0,48.0,-220.0,171.0,-76.0,0
12.0,-254.0,49.0,-207.0,168.0,-75.0,0
13.0,-253.0,49.0,-187.0,164.0,-76.0,0
12.0,-255.0,48.0,-163.0,162.0,-77.0,0
12.0,-254.0,50.0,-139.0,156.0,-79.0,0
10.0,-254.0,49.0,-117.0,153.0,-81.0,0
10.0,-250.0,47.0,-96.0,152.0,-83.0,0
11.0,-249.0,53.0,-78.0,154.0,-83.0,0
11.0,-249.0,48.0,-61.0,158.0,-87.0,0
10.0,-241.0,46.0,-51.0,162.0,-89.0,0
10.0,-246.0,55.0,-47.0,167.0,-94.0,0
11.0,-246.0,47.0,-43.0,172.0,-98.0,0
9.0,-243.0,48.0,-40.0,179.0,-102.0,0
9.0,-240.0,48.0,-32.0,182.0,-102.0,0
9.0,-238.0,50.0,-24.0,182.0,-103.0,0
9.0,-239.0,47.0,-19.0,179.0,-100.0,0
9.0,-233.0,52.0,-23.0,172.0,-100.0,0
14.0,-234.0,46.0,-35.0,164.0,-98.0,0
13.0,-239.0,46.0,-59.0,159.0,-97.0,0
14.0,-235.0,48.0,-93.0,158.0,-96.0,0
14.0,-239.0,47.0,-130.0,160.0,-95.0,0
16.0,-245.0,51.0,-163.0,162.0,-93.0,0
15.0,-249.0,49.0,-190.0,162.0,-93.0,0
16.0,-250.0,54.0,-208.0,161.0,-92.0,0
13.0,-252.0,51.0,-215.0,163.0,-91.0,0
14.0,-254.0,53.0,-207.0,159.0,-93.0,0
16.0,-256.0,54.0,-189.0,157.0,-94.0,0
15.0,-257.0,49.0,-156.0,156.0,-95.0,0
17.0,-256.0,52.0,-115.0,154.0,-98.0,0
16.0,-251.0,46.0,-69.0,154.0,-104.0,0
16.0,-249.0,41.0,-29.0,153.0,-109.0,0
19.0,-246.0,42.0,6.0,157.0,-113.0,0
17.0,-242.0,39.0,25.0,162.0,-120.0,0
18.0,-243.0,42.0,32.0,170.0,-126.0,0
20.0,-240.0,37.0,25.0,177.0,-132.0,0
20.0,-237.0,37.0,8.0,186.0,-136.0,0
20.0,-239.0,40.0,-16.0,195.0,-141.0,0
21.0,-240.0,43.0,-39.0,201.0,-144.0,0
22.0,-242.0,40.0,-63.0,204.0,-145.0,0
21.0,-242.0,46.0,-79.0,207.0,-146.0,0
23.0,-243.0,48.0,-89.0,206.0,-145.0,0
18.0,-247.0,54.0,-91.0,208.0,-145.0,0
22.0,-248.0,54.0,-89.0,211.0,-144.0,0
24.0,-253.0,54.0,-81.0,215.0,-143.0,0
22.0,-254.0,57.0,-71.0,222.0,-144.0,0
25.0,-255.0,61.0,-58.0,230.0,-145.0,0
24.0,-255.0,56.0,-47.0,239.0,-146.0,0
23.0,-249.0,59.0,-38.0,247.0,-149.0,0
26.0,-262.0,60.0,-29.0,256.0,-150.0,0
24.0,-259.0,56.0,-23.0,266.0,-152.0,0
26.0,-261.0,52.0,-17.0,276.0,-152.0,0
25.0,-260.0,49.0,-11.0,282.0,-156.0,0
23.0,-258.0,51.0,-3.0,287.0,-158.0,0
22.0,-256.0,50.0,7.0,292.0,-159.0,0
22.0,-259.0,45.0,21.0,293.0,-159.0,0
22.0,-256.0,45.0,35.0,294.0,-160.0,0
21.0,-256.0,50.0,47.0,291.0,-158.0,0
18.0,-252.0,47.0,59.0,286.0,-157.0,0
16.0,-250.0,45.0,70.0,280.0,-157.0,0
16.0,-248.0,42.0,77.0,273.0,-157.0,0
14.0,-249.0,42.0,85.0,264.0,-157.0,0
13.0,-243.0,40.0,88.0,254.0,-158.0,0
18.0,-245.0,40.0,87.0,246.0,-156.0,0
15.0,-244.0,41.0,82.0,238.0,-155.0,0
16.0,-243.0,45.0,75.0,232.0,-157.0,0
17.0,-240.0,42.0,65.0,225.0,-155.0,0
12.0,-241.0,45.0,55.0,220.0,-153.0,0
9.0,-241.0,47.0,43.0,212.0,-148.0,0
9.0,-239.0,44.0,33.0,205.0,-143.0,0
10.0,-240.0,44.0,23.0,197.0,-135.0,0
1.0,-238.0,46.0,9.0,187.0,-129.0,0
5.0,-236.0,44.0,-7.0,177.0,-122.0,0
1.0,-238.0,41.0,-29.0,168.0,-120.0,0
0.0,-238.0,45.0,-59.0,162.0,-116.0,0
2.0,-242.0,42.0,-96.0,159.0,-113.0,0
1.0,-247.0,42.0,-142.0,159.0,-114.0,0
1.0,-253.0,41.0,-196.0,164.0,-116.0,0
5.0,-261.0,41.0,-250.0,174.0,-123.0,0
12.0,-263.0,37.0,-296.0,191.0,-133.0,0
17.0,-268.0,39.0,-332.0,214.0,-147.0,0
26.0,-275.0,41.0,-352.0,238.0,-161.0,0
32.0,-283.0,35.0,-349.0,263.0,-178.0,0
33.0,-283.0,35.0,-328.0,287.0,-196.0,0
41.0,-288.0,32.0,-287.0,308.0,-214.0,0
40.0,-288.0,28.0,-237.0,324.0,-232.0,0
41.0,-285.0,26.0,-181.0,333.0,-250.0,0
48.0,-281.0,22.0,-132.0,336.0,-264.0,0
44.0,-277.0,18.0,-81.0,336.0,-275.0,0
46.0,-275.0,17.0,-34.0,336.0,-279.0,0
51.0,-266.0,17.0,12.0,340.0,-277.0,0
41.0,-268.0,24.0,61.0,347.0,-268.0,0
52.0,-254.0,13.0,115.0,360.0,-257.0,0
54.0,-247.0,22.0,174.0,380.0,-242.0,0
55.0,-232.0,27.0,242.0,405.0,-227.0,0
57.0,-223.0,30.0,318.0,436.0,-208.0,0
56.0,-212.0,39.0,398.0,472.0,-188.0,0
57.0,-197.0,48.0,479.0,509.0,-166.0,0
52.0,-186.0,52.0,556.0,547.0,-142.0,0
49.0,-173.0,62.0,620.0,582.0,-116.0,0
42.0,-165.0,68.0,667.0,608.0,-86.0,0
37.0,-156.0,74.0,684.0,620.0,-53.0,0
32.0,-150.0,79.0,677.0,618.0,-14.0,0
27.0,-145.0,87.0,632.0,598.0,25.0,0
21.0,-143.0,87.0,550.0,561.0,67.0,0
19.0,-143.0,89.0,425.0,521.0,109.0,0
17.0,-148.0,95.0,269.0,459.0,151.0,0
11.0,-154.0,93.0,98.0,395.0,187.0,0
14.0,-166.0,99.0,-84.0,328.0,214.0,0
16.0,-181.0,99.0,-267.0,268.0,240.0,0
11.0,-193.0,106.0,-433.0,212.0,259.0,0
16.0,-212.0,105.0,-572.0,168.0,268.0,0
16.0,-230.0,109.0,-680.0,136.0,267.0,0
18.0,-247.0,105.0,-752.0,114.0,257.0,0
17.0,-264.0,104.0,-796.0,102.0,240.0,0
21.0,-284.0,91.0,-815.0,94.0,218.0,0
25.0,-297.0,82.0,-816.0,93.0,191.0,0
29.0,-308.0,68.0,-795.0,94.0,160.0,0
32.0,-316.0,61.0,-756.0,102.0,125.0,0
35.0,-319.0,57.0,-686.0,116.0,87.0,0
40.0,-318.0,54.0,-578.0,142.0,48.0,0
39.0,-319.0,44.0,-428.0,177.0,13.0,0
33.0,-309.0,45.0,-244.0,216.0,-13.0,0
34.0,-296.0,52.0,-42.0,249.0,-31.0,0
33.0,-283.0,54.0,155.0,268.0,-42.0,0
30.0,-268.0,56.0,332.0,268.0,-50.0,0
34.0,-257.0,58.0,472.0,251.0,-51.0,0
32.0,-243.0,57.0,570.0,220.0,-42.0,0
30.0,-230.0,58.0,619.0,178.0,-26.0,0
31.0,-217.0,62.0,616.0,128.0,-1.0,0
28.0,-213.0,62.0,574.0,74.0,32.0,0
26.0,-205.0,65.0,500.0,16.0,67.0,0
26.0,-201.0,67.0,406.0,-44.0,102.0,0
28.0,-197.0,69.0,307.0,-104.0,138.0,0
29.0,-197.0,71.0,219.0,-165.0,172.0,0
34.0,-198.0,72.0,147.0,-225.0,203.0,0
37.0,-200.0,73.0,102.0,-278.0,226.0,0
48.0,-196.0,76.0,83.0,-324.0,239.0,0
55.0,-196.0,75.0,86.0,-354.0,248.0,0
64.0,-198.0,77.0,103.0,-365.0,248.0,0
78.0,-199.0,73.0,119.0,-355.0,237.0,0
84.0,-201.0,74.0,127.0,-322.0,222.0,0
98.0,-202.0,69.0,115.0,-266.0,200.0,0
105.0,-209.0,69.0,79.0,-191.0,171.0,0
117.0,-218.0,63.0,19.0,-101.0,143.0,0
125.0,-225.0,60.0,-62.0,-10.0,116.0,0
130.0,-242.0,74.0,-158.0,73.0,88.0,0
134.0,-251.0,63.0,-261.0,145.0,58.0,0
134.0,-260.0,63.0,-361.0,206.0,32.0,0
133.0,-275.0,69.0,-448.0,249.0,10.0,0
128.0,-290.0,68.0,-510.0,277.0,-7.0,0
119.0,-303.0,71.0,-535.0,288.0,-20.0,0
105.0,-315.0,69.0,-519.0,290.0,-26.0,0
83.0,-326.0,69.0,-463.0,285.0,-31.0,0
63.0,-331.0,65.0,-363.0,282.0,-39.0,0
45.0,-332.0,65.0,-220.0,281.0,-56.0,0
31.0,-327.0,65.0,-40.0,280.0,-77.0,0
14.0,-315.0,63.0,163.0,275.0,-105.0,0
9.0,-298.0,65.0,374.0,266.0,-134.0,0
4.0,-279.0,64.0,566.0,257.0,-166.0,0
4.0,-259.0,63.0,715.0,255.0,-190.0,0
4.0,-242.0,59.0,818.0,263.0,-210.0,0
4.0,-225.0,62.0,872.0,271.0,-224.0,0
5.0,-211.0,59.0,879.0,279.0,-234.0,0
9.0,-195.0,58.0,844.0,286.0,-241.0,0
14.0,-191.0,58.0,770.0,293.0,-248.0,0
19.0,-183.0,56.0,661.0,302.0,-252.0,0
25.0,-178.0,54.0,521.0,314.0,-255.0,0
35.0,-175.0,56.0,364.0,330.0,-257.0,0
43.0,-180.0,56.0,195.0,349.0,-260.0,0
48.0,-186.0,55.0,25.0,365.0,-262.0,0
55.0,-192.0,56.0,-127.0,379.0,-264.0,0
63.0,-199.0,54.0,-260.0,391.0,-267.0,0
64.0,-210.0,56.0,-363.0,400.0,-266.0,0
65.0,-225.0,62.0,-433.0,408.0,-267.0,0
58.0,-233.0,58.0,-466.0,413.0,-269.0,0
62.0,-246.0,56.0,-474.0,415.0,-271.0,0
53.0,-254.0,57.0,-458.0,419.0,-271.0,0
45.0,-258.0,53.0,-414.0,420.0,-273.0,0
44.0,-262.0,53.0,-355.0,425.0,-275.0,0
30.0,-259.0,50.0,-280.0,431.0,-277.0,0
23.0,-256.0,44.0,-192.0,440.0,-275.0,0
19.0,-254.0,44.0,-96.0,448.0,-271.0,0
11.0,-247.0,38.0,-2.0,455.0,-266.0,0
2.0,-236.0,38.0,80.0,462.0,-257.0,0
-2.0,-226.0,36.0,144.0,468.0,-247.0,0
-7.0,-216.0,36.0,176.0,474.0,-235.0,0
-13.0,-211.0,33.0,173.0,483.0,-221.0,0
-17.0,-206.0,29.0,131.0,497.0,-206.0,0
-19.0,-201.0,33.0,58.0,517.0,-188.0,0
-24.0,-200.0,27.0,-44.0,543.0,-170.0,0
-21.0,-202.0,34.0,-166.0,574.0,-151.0,0
-27.0,-204.0,34.0,-296.0,606.0,-132.0,0
-26.0,-209.0,45.0,-425.0,635.0,-115.0,0
-23.0,-217.0,47.0,-543.0,659.0,-102.0,0
-21.0,-228.0,49.0,-645.0,674.0,-88.0,0
-21.0,-234.0,53.0,-727.0,683.0,-78.0,0
-17.0,-246.0,57.0,-782.0,683.0,-66.0,0
-12.0,-257.0,63.0,-813.0,674.0,-55.0,0
-7.0,-264.0,65.0,-821.0,659.0,-48.0,0
0.0,-276.0,68.0,-807.0,637.0,-42.0,0
1.0,-286.0,67.0,-776.0,614.0,-42.0,0
8.0,-291.0,65.0,-728.0,589.0,-48.0,0
13.0,-302.0,63.0,-666.0,565.0,-57.0,0
23.0,-302.0,60.0,-597.0,545.0,-66.0,0
30.0,-307.0,63.0,-517.0,530.0,-77.0,0
37.0,-305.0,57.0,-424.0,525.0,-84.0,0
41.0,-305.0,60.0,-323.0,527.0,-87.0,0
44.0,-298.0,59.0,-219.0,538.0,-87.0,0
46.0,-288.0,59.0,-123.0,551.0,-86.0,0
46.0,-281.0,54.0,-40.0,566.0,-87.0,0
47.0,-269.0,53.0,30.0,580.0,-90.0,0
44.0,-260.0,57.0,77.0,597.0,-91.0,0
45.0,-255.0,58.0,101.0,619.0,-90.0,0
46.0,-251.0,57.0,100.0,644.0,-89.0,0
43.0,-242.0,47.0,80.0,672.0,-92.0,0
41.0,-235.0,47.0,37.0,705.0,-91.0,0
43.0,-231.0,44.0,-26.0,745.0,-91.0,0
43.0,-229.0,42.0,-100.0,784.0,-87.0,0
35.0,-224.0,36.0,-179.0,822.0,-84.0,0
36.0,-226.0,33.0,-255.0,857.0,-79.0,0
32.0,-220.0,31.0,-325.0,891.0,-75.0,0
26.0,-225.0,30.0,-380.0,921.0,-73.0,0
19.0,-222.0,28.0,-418.0,949.0,-77.0,0
15.0,-224.0,28.0,-436.0,972.0,-77.0,0
13.0,-229.0,27.0,-439.0,991.0,-79.0,0
11.0,-230.0,28.0,-429.0,1001.0,-81.0,0
9.0,-230.0,27.0,-413.0,1006.0,-83.0,0
4.0,-235.0,27.0,-393.0,1005.0,-84.0,0
6.0,-234.0,23.0,-375.0,997.0,-83.0,0
2.0,-231.0,22.0,-365.0,985.0,-82.0,0
5.0,-233.0,22.0,-365.0,972.0,-81.0,0
1.0,-232.0,25.0,-377.0,961.0,-78.0,0
0.0,-234.0,23.0,-396.0,952.0,-77.0,0
1.0,-236.0,24.0,-420.0,947.0,-74.0,0
1.0,-236.0,22.0,-443.0,946.0,-69.0,0
2.0,-240.0,28.0,-464.0,949.0,-66.0,0
1.0,-245.0,29.0,-475.0,957.0,-62.0,0
0.0,-247.0,29.0,-477.0,971.0,-60.0,0
0.0,-247.0,33.0,-470.0,991.0,-63.0,0
0.0,-251.0,31.0,-453.0,1013.0,-69.0,0
0.0,-251.0,36.0,-427.0,1039.0,-72.0,0
1.0,-250.0,36.0,-398.0,1063.0,-81.0,0
7.0,-258.0,43.0,-362.0,1086.0,-93.0,0
-2.0,-244.0,35.0,-326.0,1108.0,-104.0,0
0.0,-242.0,33.0,-302.0,1127.0,-122.0,0
2.0,-237.0,30.0,-274.0,1145.0,-141.0,0
4.0,-234.0,33.0,-250.0,1161.0,-160.0,0
3.0,-231.0,37.0,-227.0,1171.0,-178.0,0
5.0,-228.0,26.0,-211.0,1180.0,-196.0,0
6.0,-225.0,26.0,-199.0,1185.0,-214.0,0
7.0,-225.0,28.0,-192.0,1185.0,-228.0,0
9.0,-218.0,26.0,-185.0,1181.0,-243.0,0
9.0,-218.0,30.0,-180.0,1173.0,-257.0,0
8.0,-215.0,25.0,-181.0,1160.0,-270.0,0
7.0,-215.0,24.0,-186.0,1144.0,-281.0,0
4.0,-214.0,20.0,-198.0,1128.0,-290.0,0
5.0,-214.0,19.0,-217.0,1110.0,-300.0,0
5.0,-213.0,20.0,-241.0,1091.0,-307.0,0
2.0,-216.0,26.0,-272.0,1073.0,-315.0,0
1.0,-215.0,17.0,-305.0,1052.0,-320.0,0
0.0,-216.0,19.0,-335.0,1033.0,-321.0,0
-1.0,-222.0,25.0,-363.0,1016.0,-322.0,0
-2.0,-223.0,25.0,-383.0,998.0,-326.0,0
-2.0,-228.0,26.0,-394.0,979.0,-328.0,0
-5.0,-232.0,28.0,-392.0,955.0,-327.0,0
-6.0,-232.0,31.0,-373.0,924.0,-326.0,0
-4.0,-238.0,37.0,-342.0,890.0,-324.0,0
-2.0,-238.0,36.0,-301.0,857.0,-323.0,0
0.0,-240.0,40.0,-257.0,827.0,-321.0,0
-2.0,-243.0,46.0,-212.0,805.0,-323.0,0
0.0,-247.0,48.0,-167.0,789.0,-330.0,0
1.0,-249.0,56.0,-126.0,773.0,-336.0,0
0.0,-252.0,57.0,-87.0,759.0,-342.0,0
1.0,-252.0,61.0,-48.0,746.0,-348.0,0
7.0,-254.0,65.0,-12.0,735.0,-351.0,0
9.0,-258.0,64.0,14.0,724.0,-352.0,0
13.0,-260.0,62.0,37.0,717.0,-350.0,0
17.0,-266.0,66.0,52.0,717.0,-348.0,0
21.0,-268.0,67.0,64.0,725.0,-347.0,0
24.0,-271.0,68.0,73.0,742.0,-345.0,0
31.0,-272.0,73.0,86.0,765.0,-343.0,0
34.0,-275.0,72.0,103.0,790.0,-343.0,0
41.0,-279.0,78.0,124.0,816.0,-346.0,0
43.0,-279.0,87.0,152.0,837.0,-350.0,0
49.0,-278.0,87.0,187.0,853.0,-356.0,0
50.0,-270.0,93.0,229.0,866.0,-364.0,0
56.0,-265.0,98.0,273.0,871.0,-371.0,0
54.0,-262.0,96.0,313.0,871.0,-379.0,0
54.0,-254.0,101.0,349.0,866.0,-388.0,0
55.0,-246.0,100.0,374.0,858.0,-399.0,0
54.0,-238.0,95.0,387.0,853.0,-412.0,0
49.0,-231.0,100.0,387.0,854.0,-424.0,0
40.0,-231.0,104.0,374.0,860.0,-436.0,0
29.0,-234.0,111.0,352.0,867.0,-446.0,0
15.0,-242.0,113.0,325.0,870.0,-449.0,0
8.0,-255.0,110.0,292.0,858.0,-450.0,0
9.0,-261.0,107.0,237.0,827.0,-450.0,0
-8.0,-273.0,94.0,140.0,777.0,-443.0,0
-9.0,-290.0,73.0,-13.0,701.0,-413.0,0
-15.0,-313.0,39.0,-240.0,602.0,-338.0,0
-27.0,-342.0,-9.0,-543.0,495.0,-219.0,0
-36.0,-382.0,-55.0,-903.0,407.0,-60.0,0
-48.0,-420.0,-85.0,-1260.0,349.0,128.0,0
-58.0,-449.0,-93.0,-1536.0,318.0,311.0,0
-57.0,-469.0,-83.0,-1656.0,281.0,463.0,0
-45.0,-478.0,-67.0,-1580.0,226.0,566.0,0
-29.0,-478.0,-51.0,-1304.0,158.0,618.0,0
-17.0,-472.0,-38.0,-852.0,85.0,628.0,0
-6.0,-448.0,-37.0,-279.0,29.0,604.0,0
2.0,-418.0,-33.0,337.0,9.0,542.0,0
3.0,-381.0,-36.0,919.0,33.0,441.0,0
4.0,-346.0,-45.0,1404.0,92.0,312.0,0
1.0,-306.0,-59.0,1746.0,170.0,181.0,0
6.0,-271.0,-65.0,1910.0,269.0,67.0,0
19.0,-230.0,-71.0,1894.0,392.0,-40.0,0
28.0,-199.0,-64.0,1720.0,551.0,-154.0,0
35.0,-167.0,-56.0,1422.0,739.0,-271.0,0
32.0,-142.0,-47.0,1040.0,946.0,-380.0,0
26.0,-131.0,-37.0,623.0,1146.0,-468.0,0
13.0,-129.0,-24.0,213.0,1316.0,-531.0,0
3.0,-138.0,-16.0,-169.0,1422.0,-575.0,0
-13.0,-151.0,-15.0,-493.0,1458.0,-601.0,0
-23.0,-171.0,-14.0,-750.0,1419.0,-605.0,0
-36.0,-188.0,-31.0,-930.0,1326.0,-589.0,0
-45.0,-201.0,-38.0,-1039.0,1196.0,-557.0,0
-53.0,-215.0,-47.0,-1084.0,1045.0,-513.0,0
-59.0,-235.0,-52.0,-1084.0,892.0,-458.0,0
-65.0,-246.0,-59.0,-1055.0,746.0,-404.0,0
-70.0,-255.0,-58.0,-1005.0,614.0,-351.0,0
-78.0,-259.0,-55.0,-938.0,503.0,-305.0,0
-81.0,-266.0,-53.0,-872.0,412.0,-267.0,0
-77.0,-266.0,-38.0,-779.0,338.0,-241.0,0
-70.0,-269.0,-28.0,-676.0,284.0,-230.0,0
-67.0,-267.0,-20.0,-562.0,251.0,-234.0,0
-58.0,-263.0,-10.0,-443.0,238.0,-250.0,0
-43.0,-261.0,-2.0,-320.0,239.0,-274.0,0
-32.0,-256.0,6.0,-189.0,254.0,-302.0,0
-20.0,-256.0,7.0,-66.0,281.0,-323.0,0
-11.0,-253.0,7.0,36.0,314.0,-347.0,0
-8.0,-242.0,3.0,105.0,347.0,-368.0,0
5.0,-242.0,1.0,141.0,375.0,-384.0,0
8.0,-241.0,-3.0,137.0,391.0,-392.0,0
12.0,-238.0,-8.0,99.0,391.0,-394.0,0
21.0,-237.0,-9.0,33.0,379.0,-398.0,0
30.0,-239.0,-11.0,-51.0,359.0,-407.0,0
36.0,-239.0,-13.0,-138.0,344.0,-419.0,0
40.0,-240.0,-12.0,-216.0,336.0,-429.0,0
45.0,-242.0,-18.0,-271.0,333.0,-435.0,0
47.0,-236.0,-12.0,-297.0,337.0,-441.0,0
43.0,-241.0,-17.0,-301.0,342.0,-450.0,0
47.0,-238.0,-14.0,-282.0,350.0,-454.0,0
45.0,-240.0,-13.0,-250.0,358.0,-459.0,0
43.0,-236.0,-10.0,-211.0,368.0,-459.0,0
42.0,-234.0,-12.0,-169.0,377.0,-456.0,0
39.0,-231.0,-13.0,-132.0,383.0,-447.0,0
33.0,-231.0,-10.0,-105.0,385.0,-433.0,0
32.0,-237.0,-15.0,-89.0,380.0,-414.0,0
28.0,-239.0,-13.0,-91.0,370.0,-394.0,0
28.0,-240.0,-7.0,-111.0,351.0,-369.0,0
21.0,-249.0,-14.0,-145.0,330.0,-341.0,0
16.0,-250.0,-10.0,-190.0,306.0,-312.0,0
12.0,-254.0,-11.0,-238.0,276.0,-282.0,0
5.0,-259.0,-5.0,-280.0,244.0,-248.0,0
2.0,-261.0,2.0,-313.0,206.0,-215.0,0
1.0,-267.0,3.0,-330.0,167.0,-186.0,0
1.0,-270.0,4.0,-334.0,126.0,-163.0,0
2.0,-274.0,13.0,-321.0,87.0,-142.0,0
-3.0,-275.0,19.0,-293.0,50.0,-127.0,0
-2.0,-277.0,20.0,-252.0,17.0,-112.0,0
1.0,-277.0,26.0,-199.0,-15.0,-104.0,0
1.0,-272.0,28.0,-140.0,-45.0,-96.0,0
1.0,-271.0,30.0,-80.0,-76.0,-89.0,0
4.0,-268.0,27.0,-23.0,-108.0,-80.0,0
10.0,-261.0,28.0,26.0,-138.0,-70.0,0
10.0,-255.0,26.0,65.0,-169.0,-57.0,0
11.0,-248.0,19.0,92.0,-197.0,-41.0,0
15.0,-244.0,15.0,106.0,-224.0,-21.0,0
18.0,-238.0,15.0,104.0,-248.0,0.0,0
22.0,-229.0,11.0,85.0,-270.0,22.0,0
26.0,-224.0,8.0,55.0,-291.0,45.0,0
29.0,-221.0,9.0,12.0,-310.0,68.0,0
30.0,-219.0,7.0,-40.0,-328.0,91.0,0
29.0,-211.0,9.0,-97.0,-343.0,116.0,0
34.0,-215.0,15.0,-148.0,-359.0,140.0,0
31.0,-211.0,11.0,-192.0,-373.0,162.0,0
32.0,-211.0,16.0,-225.0,-386.0,184.0,0
30.0,-211.0,17.0,-247.0,-397.0,207.0,0
31.0,-212.0,22.0,-255.0,-410.0,229.0,0
30.0,-215.0,29.0,-254.0,-421.0,251.0,0
29.0,-216.0,28.0,-237.0,-431.0,271.0,0
27.0,-220.0,23.0,-217.0,-440.0,290.0,0
26.0,-219.0,30.0,-193.0,-453.0,307.0,0
25.0,-220.0,26.0,-172.0,-467.0,323.0,0
19.0,-214.0,18.0,-152.0,-488.0,337.0,0
26.0,-222.0,29.0,-135.0,-508.0,350.0,0
27.0,-224.0,32.0,-123.0,-528.0,362.0,0
31.0,-232.0,32.0,-119.0,-547.0,372.0,0
33.0,-232.0,35.0,-126.0,-561.0,379.0,0
38.0,-240.0,40.0,-136.0,-570.0,381.0,0
43.0,-244.0,46.0,-152.0,-568.0,374.0,0
54.0,-254.0,49.0,-164.0,-557.0,361.0,0
54.0,-256.0,62.0,-170.0,-530.0,340.0,0
55.0,-261.0,66.0,-165.0,-491.0,313.0,0
61.0,-266.0,72.0,-153.0,-443.0,280.0,0
66.0,-276.0,73.0,-123.0,-385.0,243.0,0
70.0,-284.0,77.0,-82.0,-322.0,198.0,0
69.0,-289.0,82.0,-25.0,-259.0,155.0,0
75.0,-292.0,85.0,42.0,-196.0,113.0,0
77.0,-293.0,91.0,123.0,-140.0,64.0,0
83.0,-299.0,91.0,214.0,-84.0,15.0,0
85.0,-298.0,89.0,317.0,-30.0,-32.0,0
90.0,-299.0,89.0,430.0,20.0,-76.0,0
98.0,-299.0,87.0,546.0,69.0,-114.0,0
101.0,-296.0,80.0,635.0,115.0,-149.0,0
108.0,-297.0,74.0,738.0,156.0,-177.0,0
118.0,-293.0,66.0,816.0,191.0,-197.0,0
122.0,-291.0,53.0,845.0,205.0,-215.0,0
115.0,-288.0,32.0,807.0,202.0,-234.0,0
107.0,-283.0,4.0,680.0,177.0,-249.0,0
85.0,-283.0,-19.0,466.0,124.0,-257.0,0
62.0,-281.0,-38.0,183.0,57.0,-251.0,0
45.0,-289.0,-54.0,-135.0,-10.0,-242.0,0
38.0,-305.0,-51.0,-442.0,-57.0,-234.0,0
32.0,-323.0,-41.0,-689.0,-58.0,-242.0,0
20.0,-336.0,-22.0,-839.0,-6.0,-270.0,0
4.0,-350.0,-6.0,-885.0,88.0,-313.0,0
-13.0,-364.0,4.0,-829.0,212.0,-383.0,0
-30.0,-381.0,8.0,-683.0,343.0,-468.0,0
-45.0,-389.0,10.0,-472.0,474.0,-556.0,0
-63.0,-390.0,11.0,-218.0,590.0,-638.0,0
-69.0,-389.0,1.0,64.0,677.0,-703.0,0
-77.0,-382.0,-10.0,352.0,727.0,-753.0,0
-74.0,-374.0,-32.0,621.0,723.0,-786.0,0
-81.0,-353.0,-56.0,845.0,669.0,-806.0,0
-84.0,-335.0,-78.0,1003.0,576.0,-810.0,0
-87.0,-315.0,-91.0,1078.0,449.0,-785.0,0
-87.0,-298.0,-105.0,1076.0,302.0,-736.0,0
-84.0,-286.0,-107.0,1004.0,146.0,-672.0,0
-75.0,-272.0,-100.0,876.0,-6.0,-599.0,0
-64.0,-264.0,-96.0,709.0,-144.0,-524.0,0
-56.0,-256.0,-81.0,526.0,-265.0,-446.0,0
-51.0,-255.0,-70.0,346.0,-361.0,-367.0,0
-42.0,-250.0,-56.0,181.0,-430.0,-285.0,0
-28.0,-248.0,-48.0,45.0,-475.0,-210.0,0
-19.0,-249.0,-30.0,-66.0,-489.0,-146.0,0
-3.0,-253.0,-28.0,-148.0,-474.0,-95.0,0
3.0,-256.0,-20.0,-207.0,-426.0,-55.0,0
14.0,-274.0,-6.0,-238.0,-345.0,-26.0,0
25.0,-265.0,-11.0,-246.0,-234.0,-2.0,0
40.0,-269.0,-4.0,-236.0,-105.0,11.0,0
45.0,-266.0,1.0,-209.0,34.0,16.0,0
54.0,-264.0,4.0,-166.0,173.0,21.0,0
61.0,-262.0,12.0,-112.0,299.0,29.0,0
64.0,-261.0,16.0,-52.0,409.0,43.0,0
65.0,-258.0,19.0,9.0,490.0,65.0,0
66.0,-258.0,20.0,68.0,543.0,92.0,0
67.0,-258.0,18.0,119.0,564.0,123.0,0
66.0,-259.0,16.0,163.0,557.0,161.0,0
67.0,-258.0,11.0,199.0,523.0,202.0,0
60.0,-255.0,12.0,228.0,470.0,246.0,0
54.0,-252.0,3.0,256.0,403.0,294.0,0
46.0,-251.0,2.0,279.0,329.0,339.0,0
39.0,-247.0,-5.0,309.0,252.0,383.0,0
31.0,-239.0,-6.0,340.0,178.0,423.0,0
27.0,-235.0,-9.0,376.0,113.0,456.0,0
21.0,-227.0,-15.0,414.0,59.0,483.0,0
15.0,-230.0,-20.0,445.0,23.0,504.0,0
6.0,-217.0,-16.0,465.0,-2.0,521.0,0
1.0,-213.0,-14.0,475.0,-8.0,530.0,0
-1.0,-208.0,-16.0,476.0,2.0,530.0,0
-8.0,-201.0,-12.0,466.0,24.0,521.0,0
-9.0,-198.0,-9.0,453.0,56.0,508.0,0
-16.0,-195.0,-3.0,440.0,94.0,486.0,0
-16.0,-188.0,-1.0,424.0,133.0,461.0,0
-19.0,-189.0,3.0,399.0,173.0,432.0,0
-24.0,-185.0,8.0,373.0,207.0,399.0,0
-24.0,-185.0,11.0,337.0,237.0,363.0,0
-23.0,-184.0,18.0,299.0,256.0,327.0,0
-26.0,-185.0,21.0,255.0,268.0,291.0,0
-28.0,-183.0,25.0,208.0,269.0,260.0,0
-24.0,-187.0,30.0,161.0,262.0,237.0,0
-20.0,-190.0,33.0,115.0,246.0,215.0,0
-20.0,-191.0,38.0,77.0,224.0,201.0,0
-17.0,-196.0,32.0,39.0,195.0,189.0,0
-17.0,-195.0,35.0,16.0,164.0,185.0,0
-17.0,-200.0,44.0,9.0,125.0,186.0,0
-9.0,-204.0,42.0,15.0,85.0,188.0,0
-12.0,-203.0,46.0,30.0,43.0,190.0,0
-7.0,-205.0,48.0,55.0,-1.0,192.0,0
-1.0,-205.0,51.0,86.0,-40.0,195.0,0
-12.0,-209.0,58.0,120.0,-78.0,199.0,0
-3.0,-201.0,47.0,152.0,-115.0,201.0,0
0.0,-199.0,53.0,179.0,-147.0,203.0,0
-8.0,-199.0,51.0,194.0,-173.0,198.0,0
-6.0,-202.0,49.0,198.0,-194.0,190.0,0
-1.0,-200.0,48.0,190.0,-208.0,180.0,0
-8.0,-205.0,52.0,171.0,-215.0,171.0,0
-11.0,-203.0,55.0,143.0,-212.0,159.0,0
-7.0,-206.0,58.0,115.0,-205.0,143.0,0
-6.0,-208.0,54.0,88.0,-190.0,126.0,0
-10.0,-209.0,56.0,73.0,-173.0,107.0,0
-6.0,-209.0,62.0,66.0,-156.0,85.0,0
-11.0,-207.0,64.0,66.0,-141.0,67.0,0
-4.0,-209.0,63.0,73.0,-128.0,42.0,0
-3.0,-207.0,67.0,86.0,-118.0,16.0,0
-1.0,-205.0,69.0,101.0,-109.0,-8.0,0
4.0,-204.0,67.0,116.0,-104.0,-36.0,0
9.0,-203.0,66.0,130.0,-97.0,-62.0,0
15.0,-200.0,67.0,142.0,-88.0,-87.0,0
19.0,-199.0,69.0,151.0,-76.0,-114.0,0
25.0,-196.0,66.0,151.0,-55.0,-139.0,0
31.0,-192.0,70.0,141.0,-31.0,-160.0,0
38.0,-190.0,72.0,120.0,5.0,-181.0,0
45.0,-188.0,76.0,81.0,49.0,-198.0,0
46.0,-186.0,73.0,22.0,101.0,-214.0,0
51.0,-192.0,77.0,-50.0,157.0,-230.0,0
56.0,-195.0,74.0,-138.0,214.0,-245.0,0
52.0,-196.0,80.0,-231.0,267.0,-256.0,0
56.0,-201.0,79.0,-326.0,313.0,-266.0,0
54.0,-207.0,81.0,-412.0,355.0,-275.0,0
55.0,-218.0,77.0,-486.0,392.0,-283.0,0
