ax,ay,az,gx,gy,gz,label
45.0,-55.0,-55.0,-626.0,699.0,808.0,0
36.0,-49.0,-39.0,-645.0,698.0,882.0,0
20.0,-44.0,-27.0,-608.0,702.0,931.0,0
8.0,-40.0,-17.0,-510.0,710.0,960.0,0
1.0,-40.0,-11.0,-358.0,708.0,965.0,0
-5.0,-36.0,-10.0,-171.0,688.0,936.0,0
-4.0,-31.0,-9.0,25.0,640.0,885.0,0
-8.0,-28.0,-18.0,211.0,566.0,817.0,0
-9.0,-19.0,-30.0,353.0,487.0,746.0,0
-11.0,-10.0,-34.0,426.0,411.0,675.0,0
-12.0,-2.0,-38.0,447.0,350.0,592.0,0
-8.0,8.0,-28.0,437.0,322.0,510.0,0
0.0,3.0,-20.0,402.0,344.0,432.0,0
1.0,5.0,-38.0,326.0,398.0,376.0,0
0.0,8.0,-35.0,193.0,361.0,316.0,0
10.0,8.0,-39.0,68.0,318.0,256.0,0
20.0,-11.0,-78.0,27.0,378.0,204.0,0
32.0,-29.0,-129.0,33.0,536.0,150.0,0
38.0,-47.0,-154.0,45.0,722.0,86.0,0
42.0,-65.0,-180.0,53.0,854.0,1.0,0
49.0,-73.0,-212.0,15.0,910.0,-114.0,0
60.0,-78.0,-241.0,-139.0,923.0,-257.0,0
62.0,-93.0,-235.0,-331.0,939.0,-409.0,0
49.0,-130.0,-192.0,-563.0,960.0,-516.0,0
27.0,-189.0,-142.0,-684.0,963.0,-552.0,0
2.0,-256.0,-93.0,-647.0,919.0,-561.0,0
-15.0,-327.0,-49.0,-463.0,880.0,-562.0,0
-28.0,-395.0,-8.0,-166.0,898.0,-574.0,0
-49.0,-457.0,56.0,202.0,936.0,-612.0,0
-72.0,-512.0,81.0,613.0,921.0,-662.0,0
-96.0,-542.0,58.0,951.0,869.0,-707.0,0
-106.0,-563.0,-28.0,1072.0,811.0,-728.0,0
-103.0,-572.0,-104.0,902.0,741.0,-708.0,0
-103.0,-579.0,-176.0,477.0,621.0,-638.0,0
-88.0,-601.0,-214.0,-111.0,480.0,-490.0,0
-50.0,-624.0,-195.0,-707.0,371.0,-242.0,0
-27.0,-628.0,-146.0,-1091.0,305.0,101.0,0
0.0,-623.0,-84.0,-1084.0,299.0,470.0,0
17.0,-611.0,-37.0,-676.0,313.0,747.0,0
39.0,-574.0,9.0,3.0,310.0,936.0,0
56.0,-519.0,43.0,799.0,286.0,1065.0,0
70.0,-464.0,58.0,1568.0,265.0,1149.0,0
92.0,-396.0,59.0,2163.0,258.0,1217.0,0
113.0,-333.0,46.0,2434.0,259.0,1257.0,0
127.0,-283.0,42.0,2310.0,282.0,1244.0,0
129.0,-247.0,34.0,1856.0,324.0,1201.0,0
123.0,-231.0,31.0,1190.0,357.0,1181.0,0
119.0,-256.0,34.0,589.0,363.0,1209.0,0
111.0,-306.0,37.0,-154.0,350.0,1242.0,0
87.0,-352.0,48.0,-787.0,339.0,1260.0,0
54.0,-391.0,66.0,-1218.0,337.0,1273.0,0
28.0,-424.0,66.0,-1417.0,335.0,1289.0,0
2.0,-434.0,69.0,-1429.0,311.0,1322.0,0
-29.0,-441.0,74.0,-1308.0,260.0,1362.0,0
-68.0,-440.0,83.0,-1102.0,195.0,1411.0,0
-108.0,-440.0,92.0,-867.0,119.0,1453.0,0
-155.0,-430.0,90.0,-659.0,23.0,1470.0,0
-197.0,-417.0,81.0,-522.0,-90.0,1467.0,0
-237.0,-400.0,64.0,-485.0,-215.0,1453.0,0
-261.0,-377.0,42.0,-535.0,-345.0,1416.0,0
-273.0,-350.0,35.0,-632.0,-486.0,1354.0,0
-282.0,-333.0,14.0,-731.0,-625.0,1245.0,0
-283.0,-311.0,-15.0,-811.0,-721.0,1076.0,0
-274.0,-283.0,-44.0,-865.0,-775.0,858.0,0
-244.0,-261.0,-58.0,-860.0,-804.0,613.0,0
-196.0,-231.0,-67.0,-771.0,-819.0,333.0,0
-172.0,-184.0,-73.0,-577.0,-822.0,14.0,0
-141.0,-138.0,-81.0,-300.0,-832.0,-276.0,0
-113.0,-84.0,-94.0,4.0,-845.0,-495.0,0
-77.0,-29.0,-103.0,289.0,-843.0,-646.0,0
-58.0,3.0,-105.0,544.0,-832.0,-740.0,0
-37.0,28.0,-114.0,773.0,-805.0,-787.0,0
-19.0,48.0,-118.0,953.0,-766.0,-789.0,0
-6.0,66.0,-121.0,1048.0,-715.0,-768.0,0
5.0,73.0,-125.0,1086.0,-668.0,-728.0,0
19.0,73.0,-123.0,1009.0,-631.0,-688.0,0
24.0,75.0,-104.0,856.0,-612.0,-654.0,0
22.0,72.0,-89.0,671.0,-609.0,-623.0,0
31.0,63.0,-75.0,484.0,-620.0,-579.0,0
43.0,47.0,-70.0,318.0,-638.0,-536.0,0
51.0,26.0,-65.0,165.0,-657.0,-504.0,0
75.0,12.0,-59.0,18.0,-667.0,-484.0,0
83.0,0.0,-61.0,-103.0,-658.0,-484.0,0
76.0,-13.0,-57.0,-182.0,-625.0,-493.0,0
71.0,-24.0,-58.0,-197.0,-567.0,-499.0,0
66.0,-34.0,-55.0,-155.0,-499.0,-501.0,0
69.0,-40.0,-61.0,-55.0,-426.0,-504.0,0
69.0,-39.0,-62.0,90.0,-349.0,-503.0,0
71.0,-35.0,-62.0,264.0,-276.0,-506.0,0
71.0,-27.0,-73.0,437.0,-211.0,-517.0,0
68.0,-14.0,-88.0,577.0,-160.0,-524.0,0
60.0,-4.0,-115.0,657.0,-130.0,-525.0,0
49.0,-1.0,-136.0,656.0,-152.0,-522.0,0
27.0,-9.0,-146.0,584.0,-237.0,-490.0,0
9.0,-35.0,-156.0,463.0,-360.0,-444.0,0
-5.0,-69.0,-180.0,316.0,-487.0,-380.0,0
-1.0,-121.0,-187.0,153.0,-599.0,-294.0,0
13.0,-202.0,-146.0,10.0,-678.0,-212.0,0
32.0,-293.0,-48.0,-26.0,-705.0,-152.0,0
56.0,-379.0,31.0,49.0,-670.0,-72.0,0
71.0,-462.0,71.0,200.0,-604.0,91.0,0
69.0,-519.0,59.0,274.0,-534.0,324.0,0
52.0,-554.0,35.0,173.0,-501.0,538.0,0
30.0,-595.0,-6.0,-92.0,-475.0,792.0,0
17.0,-640.0,-55.0,-464.0,-483.0,967.0,0
0.0,-685.0,-91.0,-905.0,-562.0,1022.0,0
-37.0,-735.0,-117.0,-1323.0,-646.0,946.0,0
-86.0,-768.0,-106.0,-1576.0,-646.0,722.0,0
-139.0,-792.0,-77.0,-1486.0,-541.0,375.0,0
-178.0,-783.0,-40.0,-1043.0,-373.0,-47.0,0
-190.0,-752.0,-6.0,-350.0,-217.0,-457.0,0
-195.0,-690.0,12.0,430.0,-101.0,-794.0,0
-190.0,-618.0,23.0,1120.0,-17.0,-1062.0,0
-176.0,-537.0,25.0,1614.0,30.0,-1294.0,0
-161.0,-459.0,33.0,1862.0,36.0,-1523.0,0
-137.0,-386.0,39.0,1879.0,5.0,-1741.0,0
-119.0,-322.0,33.0,1687.0,-48.0,-1929.0,0
-99.0,-267.0,25.0,1308.0,-95.0,-2055.0,0
-73.0,-243.0,19.0,759.0,-123.0,-2110.0,0
-40.0,-244.0,28.0,78.0,-114.0,-2058.0,0
3.0,-270.0,50.0,-627.0,-52.0,-1921.0,0
53.0,-307.0,80.0,-1220.0,78.0,-1752.0,0
100.0,-356.0,106.0,-1627.0,262.0,-1572.0,0
137.0,-392.0,121.0,-1834.0,462.0,-1370.0,0
179.0,-420.0,119.0,-1871.0,651.0,-1154.0,0
206.0,-426.0,99.0,-1843.0,781.0,-966.0,0
223.0,-417.0,73.0,-1779.0,840.0,-800.0,0
233.0,-389.0,35.0,-1679.0,851.0,-645.0,0
241.0,-365.0,4.0,-1546.0,861.0,-542.0,0
245.0,-341.0,-22.0,-1372.0,897.0,-425.0,0
229.0,-305.0,-46.0,-1154.0,1005.0,-337.0,0
205.0,-269.0,-60.0,-905.0,1166.0,-271.0,0
164.0,-233.0,-63.0,-649.0,1351.0,-208.0,0
122.0,-198.0,-67.0,-400.0,1518.0,-128.0,0
76.0,-166.0,-60.0,-156.0,1621.0,-25.0,0
41.0,-138.0,-58.0,87.0,1624.0,94.0,0
11.0,-106.0,-63.0,330.0,1533.0,204.0,0
-8.0,-74.0,-68.0,573.0,1379.0,306.0,0
-22.0,-44.0,-74.0,814.0,1195.0,400.0,0
-28.0,-14.0,-80.0,1041.0,1008.0,490.0,0
-36.0,14.0,-83.0,1219.0,823.0,574.0,0
-32.0,41.0,-91.0,1326.0,644.0,632.0,0
-33.0,64.0,-101.0,1340.0,489.0,670.0,0
-30.0,79.0,-107.0,1241.0,377.0,683.0,0
-32.0,91.0,-123.0,1033.0,304.0,714.0,0
-23.0,96.0,-115.0,743.0,283.0,756.0,0
-13.0,82.0,-108.0,400.0,305.0,777.0,0
-9.0,69.0,-104.0,48.0,359.0,757.0,0
-8.0,49.0,-96.0,-270.0,436.0,698.0,0
-2.0,25.0,-84.0,-523.0,518.0,615.0,0
-12.0,8.0,-76.0,-683.0,570.0,521.0,0
-17.0,-9.0,-67.0,-736.0,578.0,438.0,0
-16.0,-22.0,-57.0,-700.0,542.0,370.0,0
-14.0,-34.0,-46.0,-580.0,492.0,315.0,0
-10.0,-37.0,-28.0,-396.0,417.0,271.0,0
-15.0,-40.0,-20.0,-167.0,337.0,238.0,0
-28.0,-34.0,-8.0,92.0,250.0,203.0,0
-46.0,-33.0,-3.0,348.0,160.0,171.0,0
-61.0,-41.0,-14.0,573.0,68.0,144.0,0
-56.0,-49.0,-69.0,759.0,-2.0,137.0,0
-28.0,-52.0,-151.0,867.0,-23.0,130.0,0
9.0,-66.0,-202.0,889.0,41.0,91.0,0
38.0,-102.0,-218.0,933.0,172.0,15.0,0
70.0,-145.0,-221.0,1041.0,326.0,-96.0,0
88.0,-179.0,-205.0,1074.0,447.0,-262.0,0
66.0,-229.0,-116.0,955.0,402.0,-479.0,0
14.0,-287.0,-25.0,794.0,74.0,-706.0,0
-42.0,-372.0,39.0,712.0,-344.0,-880.0,0
-53.0,-459.0,87.0,707.0,-571.0,-954.0,0
-49.0,-535.0,150.0,668.0,-615.0,-988.0,0
-22.0,-598.0,166.0,571.0,-581.0,-1034.0,0
-2.0,-641.0,96.0,386.0,-504.0,-1125.0,0
0.0,-679.0,-19.0,22.0,-314.0,-1239.0,0
-11.0,-715.0,-123.0,-580.0,1.0,-1197.0,0
-34.0,-765.0,-155.0,-1338.0,293.0,-857.0,0
-61.0,-790.0,-133.0,-1964.0,354.0,-311.0,0
-49.0,-782.0,-84.0,-2080.0,159.0,254.0,0
-21.0,-758.0,-33.0,-1546.0,-125.0,686.0,0
20.0,-714.0,8.0,-551.0,-359.0,923.0,0
49.0,-642.0,40.0,366.0,-490.0,1008.0,0
67.0,-562.0,61.0,1445.0,-523.0,1027.0,0
81.0,-476.0,72.0,2328.0,-507.0,1046.0,0
96.0,-388.0,76.0,2918.0,-445.0,1108.0,0
104.0,-308.0,66.0,3135.0,-362.0,1188.0,0
120.0,-231.0,60.0,2924.0,-272.0,1247.0,0
123.0,-189.0,57.0,2288.0,-190.0,1278.0,0
112.0,-174.0,67.0,1331.0,-146.0,1295.0,0
80.0,-198.0,97.0,247.0,-140.0,1319.0,0
52.0,-280.0,119.0,-750.0,-184.0,1341.0,0
9.0,-347.0,134.0,-1553.0,-275.0,1323.0,0
-30.0,-400.0,150.0,-2108.0,-390.0,1278.0,0
-63.0,-431.0,143.0,-2405.0,-504.0,1244.0,0
-99.0,-443.0,110.0,-2490.0,-586.0,1223.0,0
-126.0,-440.0,66.0,-2451.0,-610.0,1217.0,0
-153.0,-431.0,20.0,-2348.0,-590.0,1221.0,0
-183.0,-409.0,-13.0,-2190.0,-559.0,1213.0,0
-205.0,-388.0,-33.0,-1988.0,-558.0,1172.0,0
-219.0,-368.0,-53.0,-1749.0,-611.0,1094.0,0
-221.0,-350.0,-72.0,-1461.0,-684.0,995.0,0
-210.0,-326.0,-86.0,-1111.0,-731.0,881.0,0
-188.0,-300.0,-92.0,-694.0,-743.0,735.0,0
-149.0,-259.0,-99.0,-225.0,-740.0,545.0,0
-107.0,-214.0,-106.0,258.0,-731.0,325.0,0
-48.0,-150.0,-117.0,682.0,-689.0,107.0,0
2.0,-100.0,-122.0,1009.0,-624.0,-78.0,0
41.0,-50.0,-125.0,1229.0,-545.0,-231.0,0
60.0,-2.0,-124.0,1328.0,-471.0,-360.0,0
69.0,34.0,-120.0,1375.0,-427.0,-478.0,0
59.0,69.0,-106.0,1363.0,-380.0,-557.0,0
58.0,76.0,-102.0,1321.0,-334.0,-615.0,0
44.0,86.0,-94.0,1255.0,-305.0,-646.0,0
37.0,88.0,-84.0,1161.0,-291.0,-642.0,0
34.0,90.0,-72.0,1035.0,-285.0,-603.0,0
40.0,90.0,-56.0,884.0,-292.0,-543.0,0
42.0,93.0,-46.0,719.0,-314.0,-499.0,0
42.0,95.0,-43.0,546.0,-347.0,-473.0,0
37.0,88.0,-35.0,369.0,-387.0,-448.0,0
34.0,78.0,-33.0,204.0,-421.0,-411.0,0
29.0,64.0,-38.0,64.0,-435.0,-362.0,0
34.0,41.0,-44.0,-53.0,-424.0,-327.0,0
33.0,23.0,-48.0,-143.0,-385.0,-309.0,0
31.0,8.0,-57.0,-197.0,-333.0,-294.0,0
31.0,-5.0,-63.0,-211.0,-270.0,-285.0,0
29.0,-17.0,-74.0,-191.0,-205.0,-288.0,0
33.0,-25.0,-81.0,-148.0,-128.0,-300.0,0
38.0,-31.0,-82.0,-102.0,-36.0,-315.0,0
41.0,-27.0,-86.0,-45.0,58.0,-333.0,0
46.0,-19.0,-100.0,16.0,143.0,-340.0,0
39.0,-22.0,-118.0,77.0,188.0,-343.0,0
32.0,-22.0,-149.0,131.0,168.0,-350.0,0
1.0,-30.0,-187.0,149.0,74.0,-346.0,0
-35.0,-35.0,-220.0,122.0,-86.0,-335.0,0
-70.0,-45.0,-239.0,30.0,-250.0,-294.0,0
-87.0,-78.0,-256.0,-136.0,-332.0,-205.0,0
-73.0,-135.0,-268.0,-329.0,-265.0,-59.0,0
-43.0,-219.0,-235.0,-623.0,-129.0,95.0,0
-21.0,-331.0,-140.0,-931.0,44.0,202.0,0
-21.0,-462.0,2.0,-1154.0,138.0,351.0,0
-68.0,-593.0,126.0,-1270.0,106.0,582.0,0
-104.0,-699.0,195.0,-1273.0,-83.0,922.0,0
-87.0,-798.0,203.0,-1172.0,-370.0,1328.0,0
-29.0,-885.0,46.0,-1037.0,-659.0,1633.0,0
18.0,-938.0,-104.0,-1091.0,-912.0,1652.0,0
52.0,-998.0,-193.0,-1411.0,-1138.0,1327.0,0
57.0,-1018.0,-202.0,-1648.0,-1197.0,713.0,0
0.0,-984.0,-160.0,-1409.0,-923.0,-51.0,0
-48.0,-928.0,-102.0,-606.0,-390.0,-717.0,0
-85.0,-824.0,-41.0,490.0,148.0,-1217.0,0
-115.0,-706.0,26.0,1583.0,505.0,-1527.0,0
-127.0,-583.0,82.0,2484.0,628.0,-1684.0,0
-126.0,-459.0,109.0,3067.0,561.0,-1754.0,0
-104.0,-346.0,116.0,3230.0,401.0,-1781.0,0
-78.0,-242.0,112.0,2944.0,249.0,-1797.0,0
-59.0,-151.0,99.0,2255.0,156.0,-1821.0,0
-44.0,-88.0,80.0,1323.0,140.0,-1842.0,0
-35.0,-80.0,38.0,280.0,193.0,-1858.0,0
-21.0,-126.0,18.0,-840.0,286.0,-1803.0,0
6.0,-190.0,11.0,-1890.0,426.0,-1688.0,0
44.0,-268.0,21.0,-2726.0,628.0,-1524.0,0
74.0,-342.0,57.0,-3275.0,880.0,-1329.0,0
104.0,-431.0,93.0,-3476.0,1130.0,-1136.0,0
131.0,-492.0,105.0,-3384.0,1316.0,-930.0,0
156.0,-522.0,100.0,-3180.0,1409.0,-718.0,0
183.0,-526.0,81.0,-2815.0,1438.0,-510.0,0
199.0,-506.0,55.0,-2352.0,1476.0,-378.0,0
201.0,-472.0,31.0,-1835.0,1508.0,-303.0,0
193.0,-425.0,14.0,-1298.0,1529.0,-226.0,0
161.0,-373.0,-11.0,-734.0,1532.0,-181.0,0
123.0,-312.0,-31.0,-153.0,1526.0,-161.0,0
82.0,-243.0,-58.0,394.0,1519.0,-110.0,0
55.0,-189.0,-73.0,862.0,1509.0,-29.0,0
25.0,-132.0,-81.0,1230.0,1471.0,59.0,0
7.0,-84.0,-89.0,1514.0,1400.0,132.0,0
0.0,-24.0,-113.0,1729.0,1284.0,202.0,0
-2.0,15.0,-127.0,1869.0,1129.0,273.0,0
-2.0,59.0,-136.0,1906.0,942.0,363.0,0
2.0,88.0,-142.0,1858.0,752.0,454.0,0
-4.0,118.0,-146.0,1722.0,601.0,537.0,0
0.0,132.0,-142.0,1488.0,499.0,624.0,0
2.0,134.0,-129.0,1184.0,433.0,683.0,0
5.0,127.0,-105.0,821.0,370.0,729.0,0
7.0,110.0,-81.0,450.0,300.0,771.0,0
7.0,79.0,-59.0,144.0,239.0,775.0,0
15.0,54.0,-38.0,-81.0,193.0,728.0,0
20.0,35.0,-24.0,-210.0,169.0,642.0,0
19.0,20.0,-19.0,-245.0,176.0,543.0,0
15.0,11.0,-21.0,-207.0,210.0,454.0,0
13.0,14.0,-30.0,-152.0,255.0,373.0,0
5.0,22.0,-38.0,-112.0,307.0,303.0,0
3.0,30.0,-41.0,-97.0,370.0,259.0,0
1.0,32.0,-51.0,-97.0,441.0,249.0,0
-9.0,23.0,-60.0,-108.0,502.0,266.0,0
-21.0,23.0,-69.0,-128.0,574.0,284.0,0
-38.0,11.0,-73.0,-157.0,622.0,299.0,0
-60.0,4.0,-61.0,-198.0,615.0,295.0,0
-85.0,-6.0,-71.0,-246.0,551.0,288.0,0
-90.0,-15.0,-109.0,-281.0,436.0,286.0,0
-67.0,-25.0,-157.0,-298.0,332.0,288.0,0
-26.0,-53.0,-215.0,-296.0,277.0,267.0,0
17.0,-76.0,-259.0,-242.0,279.0,223.0,0
66.0,-108.0,-328.0,-208.0,336.0,128.0,0
96.0,-158.0,-343.0,-361.0,479.0,-83.0,0
71.0,-231.0,-243.0,-594.0,593.0,-378.0,0
22.0,-317.0,-114.0,-668.0,441.0,-641.0,0
-14.0,-428.0,-12.0,-525.0,81.0,-806.0,0
-5.0,-553.0,84.0,-270.0,-193.0,-885.0,0
18.0,-652.0,197.0,-8.0,-312.0,-972.0,0
50.0,-736.0,274.0,244.0,-354.0,-1103.0,0
46.0,-787.0,222.0,483.0,-369.0,-1254.0,0
-5.0,-808.0,-9.0,504.0,-264.0,-1342.0,0
-81.0,-835.0,-224.0,-18.0,48.0,-1191.0,0
-136.0,-877.0,-306.0,-1026.0,381.0,-720.0,0
-153.0,-907.0,-244.0,-1975.0,425.0,-24.0,0
-123.0,-905.0,-119.0,-2189.0,161.0,625.0,0
-73.0,-877.0,-16.0,-1488.0,-181.0,1005.0,0
-16.0,-811.0,48.0,-274.0,-415.0,1149.0,0
26.0,-723.0,92.0,1009.0,-526.0,1165.0,0
55.0,-623.0,120.0,2059.0,-514.0,1150.0,0
77.0,-496.0,138.0,2627.0,-430.0,1153.0,0
97.0,-389.0,145.0,2954.0,-370.0,1175.0,0
118.0,-286.0,139.0,2888.0,-353.0,1203.0,0
130.0,-211.0,116.0,2477.0,-394.0,1237.0,0
131.0,-167.0,88.0,1723.0,-428.0,1272.0,0
120.0,-159.0,74.0,700.0,-436.0,1292.0,0
87.0,-198.0,91.0,-414.0,-441.0,1299.0,0
44.0,-260.0,102.0,-1400.0,-476.0,1289.0,0
-1.0,-329.0,123.0,-2178.0,-540.0,1259.0,0
-56.0,-381.0,123.0,-2710.0,-622.0,1202.0,0
-103.0,-412.0,104.0,-2996.0,-695.0,1153.0,0
-146.0,-442.0,78.0,-3100.0,-767.0,1123.0,0
-188.0,-455.0,61.0,-3044.0,-851.0,1101.0,0
-219.0,-468.0,45.0,-2801.0,-936.0,1068.0,0
-237.0,-468.0,22.0,-2370.0,-1017.0,1018.0,0
-250.0,-451.0,-5.0,-1807.0,-1103.0,949.0,0
-259.0,-424.0,-45.0,-1192.0,-1189.0,866.0,0
-255.0,-383.0,-71.0,-559.0,-1246.0,759.0,0
-240.0,-327.0,-88.0,83.0,-1289.0,619.0,0
-182.0,-232.0,-126.0,701.0,-1337.0,461.0,0
-127.0,-150.0,-151.0,1253.0,-1380.0,299.0,0
-64.0,-66.0,-171.0,1665.0,-1388.0,109.0,0
2.0,8.0,-188.0,1894.0,-1355.0,-112.0,0
42.0,80.0,-200.0,1940.0,-1249.0,-344.0,0
63.0,141.0,-199.0,1834.0,-1080.0,-552.0,0
78.0,186.0,-200.0,1611.0,-898.0,-708.0,0
83.0,210.0,-197.0,1313.0,-745.0,-822.0,0
90.0,206.0,-183.0,962.0,-628.0,-925.0,0
90.0,194.0,-153.0,679.0,-533.0,-1018.0,0
67.0,171.0,-144.0,387.0,-472.0,-1068.0,0
57.0,130.0,-109.0,136.0,-412.0,-1027.0,0
56.0,77.0,-80.0,-120.0,-349.0,-950.0,0
61.0,36.0,-46.0,-355.0,-303.0,-846.0,0
64.0,4.0,-12.0,-507.0,-302.0,-743.0,0
58.0,-17.0,5.0,-528.0,-331.0,-656.0,0
51.0,-31.0,11.0,-445.0,-363.0,-582.0,0
48.0,-38.0,3.0,-315.0,-392.0,-513.0,0
43.0,-39.0,-20.0,-185.0,-412.0,-455.0,0
40.0,-34.0,-48.0,-102.0,-415.0,-411.0,0
34.0,-29.0,-71.0,-78.0,-397.0,-381.0,0
27.0,-19.0,-94.0,-106.0,-358.0,-360.0,0
27.0,-7.0,-114.0,-175.0,-309.0,-347.0,0
25.0,7.0,-130.0,-269.0,-267.0,-338.0,0
36.0,10.0,-138.0,-369.0,-227.0,-331.0,0
42.0,11.0,-144.0,-452.0,-190.0,-326.0,0
55.0,3.0,-142.0,-495.0,-143.0,-319.0,0
70.0,-1.0,-136.0,-473.0,-69.0,-309.0,0
86.0,-13.0,-129.0,-387.0,43.0,-283.0,0
88.0,-16.0,-136.0,-262.0,197.0,-246.0,0
80.0,-22.0,-170.0,-128.0,349.0,-206.0,0
61.0,-30.0,-210.0,-24.0,405.0,-184.0,0
26.0,-42.0,-243.0,43.0,346.0,-179.0,0
-11.0,-53.0,-260.0,23.0,283.0,-124.0,0
-6.0,-79.0,-289.0,-145.0,292.0,25.0,0
26.0,-150.0,-297.0,-382.0,304.0,193.0,0
74.0,-272.0,-196.0,-495.0,363.0,313.0,0
60.0,-397.0,-1.0,-388.0,454.0,421.0,0
-35.0,-524.0,192.0,-95.0,389.0,533.0,0
-123.0,-581.0,239.0,204.0,19.0,653.0,0
-172.0,-620.0,157.0,465.0,-527.0,896.0,0
-154.0,-649.0,28.0,550.0,-858.0,1258.0,0
-125.0,-686.0,-101.0,314.0,-893.0,1591.0,0
-117.0,-767.0,-206.0,-286.0,-915.0,1727.0,0
-132.0,-883.0,-245.0,-1123.0,-1021.0,1559.0,0
-165.0,-1006.0,-215.0,-1950.0,-989.0,1065.0,0
-204.0,-1070.0,-122.0,-2382.0,-713.0,350.0,0
-222.0,-1069.0,-52.0,-2075.0,-331.0,-418.0,0
-210.0,-1012.0,-15.0,-1109.0,-21.0,-1088.0,0
-190.0,-921.0,19.0,124.0,169.0,-1554.0,0
-158.0,-816.0,46.0,1284.0,244.0,-1808.0,0
-114.0,-714.0,75.0,2204.0,229.0,-1953.0,0
-70.0,-601.0,84.0,2827.0,150.0,-2057.0,0
-42.0,-483.0,84.0,3103.0,47.0,-2130.0,0
-25.0,-359.0,86.0,2996.0,-31.0,-2138.0,0
-12.0,-251.0,75.0,2546.0,-58.0,-2074.0,0
19.0,-165.0,48.0,1823.0,-31.0,-1966.0,0
58.0,-151.0,31.0,910.0,68.0,-1839.0,0
92.0,-195.0,24.0,-75.0,256.0,-1704.0,0
132.0,-263.0,35.0,-981.0,511.0,-1528.0,0
163.0,-320.0,54.0,-1705.0,781.0,-1331.0,0
188.0,-370.0,82.0,-2178.0,1050.0,-1135.0,0
196.0,-403.0,106.0,-2377.0,1285.0,-942.0,0
191.0,-407.0,95.0,-2367.0,1424.0,-745.0,0
200.0,-409.0,78.0,-2189.0,1467.0,-538.0,0
190.0,-384.0,44.0,-1887.0,1467.0,-381.0,0
172.0,-351.0,8.0,-1507.0,1457.0,-305.0,0
141.0,-309.0,-15.0,-1115.0,1462.0,-236.0,0
98.0,-256.0,-40.0,-747.0,1498.0,-160.0,0
45.0,-208.0,-63.0,-419.0,1567.0,-61.0,0
4.0,-161.0,-75.0,-141.0,1640.0,71.0,0
-37.0,-114.0,-74.0,99.0,1682.0,223.0,0
-67.0,-69.0,-72.0,355.0,1669.0,377.0,0
-80.0,-44.0,-61.0,642.0,1566.0,524.0,0
-78.0,-10.0,-57.0,947.0,1366.0,653.0,0
-67.0,22.0,-57.0,1252.0,1103.0,765.0,0
-55.0,46.0,-68.0,1525.0,828.0,854.0,0
-39.0,72.0,-78.0,1735.0,582.0,895.0,0
-24.0,94.0,-102.0,1839.0,401.0,879.0,0
2.0,103.0,-118.0,1767.0,271.0,847.0,0
26.0,107.0,-122.0,1473.0,161.0,880.0,0
46.0,91.0,-120.0,1034.0,94.0,924.0,0
52.0,67.0,-101.0,555.0,86.0,913.0,0
48.0,40.0,-93.0,128.0,118.0,833.0,0
43.0,9.0,-82.0,-180.0,163.0,726.0,0
37.0,-14.0,-60.0,-339.0,195.0,620.0,0
31.0,-28.0,-59.0,-362.0,208.0,518.0,0
32.0,-30.0,-57.0,-288.0,209.0,424.0,0
27.0,-26.0,-55.0,-166.0,223.0,341.0,0
20.0,-18.0,-56.0,-24.0,256.0,287.0,0
18.0,-11.0,-53.0,89.0,314.0,268.0,0
11.0,-4.0,-52.0,214.0,372.0,272.0,0
4.0,-1.0,-53.0,307.0,448.0,285.0,0
-7.0,-1.0,-48.0,367.0,514.0,291.0,0
-21.0,-4.0,-49.0,394.0,552.0,296.0,0
-38.0,-7.0,-32.0,403.0,549.0,295.0,0
-58.0,-16.0,-36.0,411.0,495.0,278.0,0
-86.0,-27.0,-30.0,420.0,389.0,247.0,0
-109.0,-36.0,-20.0,430.0,228.0,195.0,0
-116.0,-43.0,-9.0,457.0,29.0,148.0,0
-109.0,-52.0,-37.0,518.0,-172.0,128.0,0
-76.0,-50.0,-130.0,602.0,-320.0,120.0,0
-38.0,-67.0,-190.0,681.0,-318.0,116.0,0
26.0,-109.0,-286.0,815.0,-127.0,107.0,0
105.0,-153.0,-308.0,1002.0,250.0,56.0,0
169.0,-186.0,-358.0,1023.0,650.0,-104.0,0
178.0,-208.0,-341.0,656.0,823.0,-415.0,0
145.0,-288.0,-159.0,79.0,593.0,-725.0,0
115.0,-415.0,-16.0,-314.0,116.0,-893.0,0
125.0,-551.0,121.0,-547.0,-261.0,-900.0,0
175.0,-677.0,221.0,-787.0,-487.0,-848.0,0
213.0,-789.0,252.0,-1093.0,-619.0,-867.0,0
190.0,-853.0,68.0,-1453.0,-616.0,-903.0,0
92.0,-899.0,-135.0,-2026.0,-273.0,-755.0,0
-69.0,-987.0,-263.0,-2818.0,356.0,-311.0,0
-231.0,-1084.0,-262.0,-3421.0,817.0,423.0,0
-240.0,-1090.0,-165.0,-3253.0,728.0,1209.0,0
-234.0,-1030.0,-86.0,-2037.0,222.0,1425.0,0
-194.0,-944.0,-50.0,-158.0,-313.0,1333.0,0
-130.0,-825.0,3.0,1374.0,-546.0,1233.0,0
-77.0,-689.0,60.0,2944.0,-476.0,1108.0,0
-38.0,-548.0,104.0,3984.0,-365.0,982.0,0
-6.0,-393.0,128.0,4457.0,-281.0,896.0,0
29.0,-239.0,144.0,4396.0,-303.0,820.0,0
49.0,-97.0,132.0,3918.0,-392.0,805.0,0
64.0,-2.0,70.0,3028.0,-456.0,864.0,0
75.0,-21.0,76.0,1689.0,-470.0,945.0,0
63.0,-41.0,55.0,211.0,-456.0,973.0,0
46.0,-103.0,31.0,-1127.0,-380.0,985.0,0
25.0,-203.0,30.0,-2258.0,-294.0,964.0,0
5.0,-290.0,52.0,-3104.0,-283.0,858.0,0
-35.0,-385.0,92.0,-3522.0,-345.0,729.0,0
-66.0,-439.0,100.0,-3505.0,-432.0,630.0,0
-83.0,-470.0,84.0,-3153.0,-490.0,600.0,0
-86.0,-479.0,55.0,-2579.0,-487.0,621.0,0
-77.0,-450.0,25.0,-1865.0,-439.0,646.0,0
-71.0,-395.0,-8.0,-1114.0,-361.0,646.0,0
-62.0,-336.0,-41.0,-409.0,-276.0,638.0,0
-52.0,-269.0,-59.0,200.0,-205.0,616.0,0
-37.0,-206.0,-62.0,681.0,-175.0,573.0,0
-19.0,-153.0,-68.0,1044.0,-203.0,511.0,0
-6.0,-101.0,-70.0,1292.0,-263.0,441.0,0
15.0,-61.0,-79.0,1450.0,-330.0,363.0,0
35.0,-21.0,-83.0,1563.0,-408.0,265.0,0
57.0,15.0,-104.0,1666.0,-510.0,109.0,0
62.0,54.0,-125.0,1681.0,-589.0,-89.0,0
65.0,76.0,-143.0,1575.0,-630.0,-263.0,0
59.0,94.0,-150.0,1352.0,-631.0,-396.0,0
63.0,85.0,-156.0,1125.0,-591.0,-498.0,0
51.0,87.0,-120.0,798.0,-533.0,-626.0,0
21.0,90.0,-100.0,524.0,-436.0,-690.0,0
-8.0,74.0,-77.0,337.0,-314.0,-670.0,0
-17.0,62.0,-64.0,213.0,-185.0,-597.0,0
-22.0,49.0,-47.0,130.0,-77.0,-538.0,0
-41.0,41.0,-38.0,90.0,17.0,-489.0,0
-49.0,30.0,-38.0,82.0,104.0,-429.0,0
-42.0,21.0,-43.0,80.0,170.0,-364.0,0
-35.0,16.0,-52.0,70.0,207.0,-325.0,0
-25.0,15.0,-56.0,34.0,222.0,-318.0,0
-14.0,8.0,-66.0,-29.0,209.0,-328.0,0
1.0,4.0,-63.0,-125.0,166.0,-346.0,0
5.0,-5.0,-74.0,-242.0,94.0,-366.0,0
18.0,-16.0,-79.0,-351.0,15.0,-382.0,0
29.0,-31.0,-83.0,-424.0,-43.0,-390.0,0
39.0,-44.0,-87.0,-435.0,-64.0,-397.0,0
50.0,-57.0,-83.0,-379.0,-47.0,-399.0,0
58.0,-66.0,-84.0,-252.0,4.0,-404.0,0
57.0,-71.0,-82.0,-71.0,85.0,-397.0,0
54.0,-77.0,-74.0,124.0,187.0,-372.0,0
50.0,-78.0,-72.0,315.0,294.0,-349.0,0
41.0,-73.0,-103.0,503.0,383.0,-334.0,0
26.0,-70.0,-164.0,635.0,380.0,-342.0,0
-1.0,-71.0,-186.0,675.0,250.0,-373.0,0
-51.0,-79.0,-211.0,616.0,68.0,-379.0,0
-70.0,-89.0,-291.0,364.0,-111.0,-266.0,0
-65.0,-117.0,-419.0,-236.0,-335.0,-60.0,0
-23.0,-230.0,-359.0,-913.0,-490.0,118.0,0
7.0,-401.0,-94.0,-1552.0,-448.0,250.0,0
-19.0,-561.0,127.0,-1636.0,-195.0,415.0,0
-76.0,-683.0,253.0,-1392.0,55.0,723.0,0
-127.0,-754.0,242.0,-1032.0,87.0,1043.0,0
-171.0,-785.0,144.0,-693.0,17.0,1313.0,0
-168.0,-821.0,-9.0,-574.0,-112.0,1527.0,0
-130.0,-873.0,-135.0,-856.0,-451.0,1648.0,0
-52.0,-959.0,-210.0,-1366.0,-911.0,1582.0,0
49.0,-1019.0,-229.0,-1699.0,-1198.0,1231.0,0
78.0,-1012.0,-199.0,-1585.0,-1056.0,555.0,0
27.0,-946.0,-129.0,-933.0,-499.0,-251.0,0
-27.0,-860.0,-47.0,34.0,182.0,-847.0,0
-62.0,-730.0,65.0,1006.0,665.0,-1203.0,0
-66.0,-624.0,120.0,1815.0,883.0,-1395.0,0
-59.0,-513.0,137.0,2375.0,914.0,-1503.0,0
-52.0,-417.0,126.0,2625.0,830.0,-1599.0,0
-37.0,-314.0,102.0,2511.0,680.0,-1726.0,0
-33.0,-217.0,96.0,2045.0,518.0,-1871.0,0
-45.0,-142.0,74.0,1302.0,408.0,-1975.0,0
-49.0,-112.0,53.0,389.0,391.0,-1970.0,0
-24.0,-151.0,42.0,-563.0,492.0,-1851.0,0
3.0,-223.0,40.0,-1437.0,681.0,-1695.0,0
39.0,-307.0,53.0,-2141.0,879.0,-1522.0,0
71.0,-382.0,71.0,-2589.0,1052.0,-1328.0,0
98.0,-448.0,90.0,-2743.0,1208.0,-1135.0,0
108.0,-480.0,90.0,-2653.0,1338.0,-965.0,0
112.0,-492.0,91.0,-2416.0,1444.0,-803.0,0
111.0,-471.0,81.0,-2165.0,1515.0,-658.0,0
113.0,-431.0,63.0,-1825.0,1551.0,-513.0,0
105.0,-381.0,42.0,-1488.0,1581.0,-402.0,0
89.0,-326.0,29.0,-1165.0,1610.0,-293.0,0
57.0,-251.0,9.0,-866.0,1626.0,-198.0,0
23.0,-194.0,-7.0,-599.0,1610.0,-88.0,0
-4.0,-142.0,-19.0,-361.0,1567.0,51.0,0
-22.0,-100.0,-32.0,-155.0,1487.0,219.0,0
-21.0,-61.0,-36.0,32.0,1366.0,388.0,0
-10.0,-31.0,-37.0,240.0,1202.0,518.0,0
-7.0,-2.0,-50.0,494.0,1007.0,586.0,0
11.0,27.0,-67.0,758.0,806.0,634.0,0
25.0,53.0,-83.0,996.0,613.0,672.0,0
45.0,75.0,-98.0,1177.0,445.0,705.0,0
58.0,102.0,-100.0,1298.0,310.0,727.0,0
63.0,109.0,-100.0,1363.0,217.0,724.0,0
63.0,107.0,-100.0,1331.0,129.0,735.0,0
63.0,98.0,-87.0,1192.0,54.0,775.0,0
57.0,78.0,-73.0,1013.0,-2.0,781.0,0
60.0,51.0,-73.0,816.0,-49.0,732.0,0
63.0,29.0,-74.0,599.0,-83.0,660.0,0
62.0,9.0,-76.0,377.0,-74.0,583.0,0
54.0,0.0,-71.0,219.0,-10.0,513.0,0
46.0,-11.0,-74.0,128.0,107.0,459.0,0
40.0,-13.0,-81.0,70.0,268.0,434.0,0
34.0,-13.0,-83.0,43.0,464.0,446.0,0
27.0,-8.0,-77.0,57.0,681.0,487.0,0
14.0,-3.0,-72.0,94.0,889.0,535.0,0
1.0,3.0,-67.0,144.0,1027.0,589.0,0
-9.0,8.0,-61.0,173.0,1147.0,632.0,0
-24.0,8.0,-54.0,161.0,1191.0,677.0,0
-32.0,3.0,-57.0,114.0,1162.0,704.0,0
-46.0,7.0,-47.0,38.0,1063.0,710.0,0
-49.0,-8.0,-41.0,-40.0,908.0,692.0,0
-53.0,-16.0,-46.0,-101.0,715.0,643.0,0
-55.0,-28.0,-85.0,-148.0,504.0,564.0,0
-25.0,-41.0,-167.0,-201.0,311.0,466.0,0
38.0,-70.0,-250.0,-280.0,203.0,340.0,0
116.0,-122.0,-334.0,-319.0,242.0,181.0,0
192.0,-170.0,-438.0,-308.0,508.0,-12.0,0
237.0,-210.0,-523.0,-495.0,902.0,-292.0,0
198.0,-294.0,-426.0,-1019.0,1065.0,-700.0,0
53.0,-461.0,-113.0,-1512.0,662.0,-1170.0,0
-4.0,-627.0,50.0,-1519.0,-37.0,-1497.0,0
0.0,-752.0,198.0,-1164.0,-579.0,-1653.0,0
14.0,-836.0,331.0,-671.0,-871.0,-1758.0,0
19.0,-900.0,337.0,-6.0,-954.0,-1900.0,0
-15.0,-929.0,153.0,773.0,-729.0,-2055.0,0
-90.0,-913.0,-154.0,1162.0,-122.0,-2093.0,0
-209.0,-870.0,-382.0,679.0,697.0,-1854.0,0
-326.0,-827.0,-465.0,-416.0,1345.0,-1210.0,0
-384.0,-802.0,-363.0,-1473.0,1402.0,-218.0,0
-305.0,-791.0,-208.0,-1772.0,770.0,707.0,0
-204.0,-767.0,-88.0,-1208.0,-191.0,1153.0,0
-89.0,-724.0,27.0,-157.0,-999.0,1234.0,0
7.0,-639.0,93.0,1068.0,-1477.0,1118.0,0
70.0,-524.0,117.0,1957.0,-1650.0,899.0,0
126.0,-408.0,119.0,2755.0,-1595.0,716.0,0
190.0,-287.0,110.0,3105.0,-1333.0,673.0,0
251.0,-185.0,87.0,3028.0,-1017.0,707.0,0
284.0,-127.0,53.0,2583.0,-756.0,763.0,0
296.0,-108.0,27.0,1824.0,-575.0,789.0,0
294.0,-125.0,17.0,862.0,-467.0,799.0,0
275.0,-175.0,37.0,-143.0,-421.0,831.0,0
249.0,-239.0,60.0,-1027.0,-400.0,891.0,0
203.0,-304.0,88.0,-1676.0,-385.0,944.0,0
150.0,-363.0,100.0,-2078.0,-378.0,1000.0,0
92.0,-415.0,104.0,-2284.0,-367.0,1101.0,0
42.0,-451.0,95.0,-2358.0,-347.0,1239.0,0
-4.0,-474.0,69.0,-2331.0,-327.0,1381.0,0
-48.0,-474.0,40.0,-2230.0,-306.0,1493.0,0
-85.0,-458.0,11.0,-2084.0,-281.0,1553.0,0
-108.0,-440.0,-27.0,-1909.0,-250.0,1558.0,0
-124.0,-428.0,-50.0,-1724.0,-209.0,1497.0,0
-139.0,-404.0,-64.0,-1514.0,-164.0,1361.0,0
-161.0,-382.0,-60.0,-1251.0,-132.0,1198.0,0
-170.0,-358.0,-48.0,-909.0,-130.0,1057.0,0
-147.0,-312.0,-31.0,-458.0,-168.0,935.0,0
-116.0,-249.0,-35.0,129.0,-270.0,795.0,0
-73.0,-182.0,-50.0,767.0,-383.0,657.0,0
-37.0,-104.0,-52.0,1341.0,-443.0,478.0,0
-1.0,4.0,-71.0,1823.0,-467.0,270.0,0
14.0,82.0,-84.0,2157.0,-447.0,72.0,0
15.0,157.0,-98.0,2335.0,-388.0,-120.0,0
4.0,222.0,-117.0,2355.0,-314.0,-275.0,0
4.0,262.0,-134.0,2217.0,-248.0,-374.0,0
2.0,282.0,-147.0,1905.0,-154.0,-445.0,0
1.0,279.0,-161.0,1455.0,-50.0,-532.0,0
-19.0,287.0,-151.0,897.0,43.0,-614.0,0
-18.0,267.0,-124.0,320.0,101.0,-609.0,0
7.0,198.0,-91.0,-225.0,121.0,-523.0,0
28.0,112.0,-41.0,-698.0,109.0,-464.0,0
35.0,41.0,-13.0,-973.0,99.0,-441.0,0
37.0,-14.0,-8.0,-1035.0,101.0,-422.0,0
35.0,-58.0,2.0,-963.0,103.0,-397.0,0
26.0,-95.0,0.0,-767.0,85.0,-377.0,0
20.0,-112.0,-9.0,-500.0,48.0,-364.0,0
13.0,-113.0,-27.0,-213.0,8.0,-362.0,0
12.0,-112.0,-53.0,59.0,-28.0,-364.0,0
8.0,-101.0,-76.0,288.0,-50.0,-371.0,0
10.0,-80.0,-97.0,458.0,-66.0,-373.0,0
14.0,-67.0,-109.0,565.0,-75.0,-373.0,0
21.0,-58.0,-122.0,611.0,-77.0,-369.0,0
19.0,-42.0,-128.0,600.0,-62.0,-365.0,0
18.0,-37.0,-125.0,547.0,-21.0,-355.0,0
18.0,-29.0,-110.0,479.0,42.0,-344.0,0
24.0,-27.0,-94.0,428.0,126.0,-340.0,0
34.0,-37.0,-86.0,388.0,228.0,-325.0,0
49.0,-40.0,-81.0,342.0,336.0,-296.0,0
52.0,-35.0,-114.0,295.0,436.0,-274.0,0
58.0,-52.0,-163.0,200.0,491.0,-258.0,0
63.0,-64.0,-200.0,121.0,529.0,-260.0,0
62.0,-81.0,-279.0,-17.0,593.0,-233.0,0
61.0,-108.0,-395.0,-366.0,558.0,-150.0,0
80.0,-173.0,-443.0,-1009.0,207.0,-84.0,0
148.0,-335.0,-332.0,-1627.0,-259.0,2.0,0
156.0,-538.0,-84.0,-1771.0,-354.0,193.0,0
77.0,-704.0,180.0,-1459.0,59.0,457.0,0
-48.0,-782.0,290.0,-961.0,455.0,701.0,0
-110.0,-793.0,170.0,-573.0,509.0,953.0,0
-124.0,-807.0,-12.0,-429.0,502.0,1252.0,0
-96.0,-852.0,-149.0,-520.0,517.0,1498.0,0
-50.0,-906.0,-214.0,-751.0,416.0,1497.0,0
-1.0,-939.0,-218.0,-943.0,204.0,1214.0,0
13.0,-910.0,-176.0,-883.0,-3.0,677.0,0
21.0,-857.0,-113.0,-464.0,30.0,73.0,0
33.0,-796.0,-42.0,232.0,370.0,-400.0,0
34.0,-713.0,24.0,995.0,779.0,-740.0,0
31.0,-624.0,70.0,1666.0,1036.0,-984.0,0
30.0,-540.0,102.0,2162.0,1164.0,-1143.0,0
18.0,-447.0,108.0,2429.0,1198.0,-1295.0,0
0.0,-364.0,106.0,2422.0,1117.0,-1463.0,0
-24.0,-265.0,85.0,2132.0,934.0,-1631.0,0
-61.0,-194.0,54.0,1565.0,759.0,-1765.0,0
-94.0,-173.0,39.0,781.0,682.0,-1799.0,0
-102.0,-172.0,31.0,-62.0,675.0,-1742.0,0
-103.0,-192.0,30.0,-809.0,695.0,-1683.0,0
-85.0,-260.0,17.0,-1423.0,749.0,-1614.0,0
-40.0,-326.0,32.0,-1872.0,810.0,-1485.0,0
4.0,-385.0,38.0,-2130.0,869.0,-1345.0,0
47.0,-429.0,48.0,-2214.0,940.0,-1203.0,0
80.0,-460.0,66.0,-2181.0,1020.0,-1068.0,0
104.0,-461.0,67.0,-2010.0,1060.0,-955.0,0
116.0,-445.0,52.0,-1753.0,1055.0,-872.0,0
121.0,-425.0,38.0,-1489.0,1016.0,-759.0,0
111.0,-393.0,23.0,-1240.0,978.0,-631.0,0
96.0,-348.0,13.0,-999.0,952.0,-487.0,0
73.0,-308.0,0.0,-755.0,935.0,-327.0,0
50.0,-255.0,-10.0,-484.0,925.0,-165.0,0
23.0,-209.0,-19.0,-176.0,921.0,-22.0,0
-8.0,-157.0,-23.0,157.0,923.0,100.0,0
-30.0,-110.0,-32.0,498.0,919.0,199.0,0
-34.0,-63.0,-40.0,825.0,883.0,269.0,0
-28.0,-14.0,-49.0,1128.0,798.0,311.0,0
-22.0,25.0,-56.0,1385.0,673.0,348.0,0
-3.0,53.0,-76.0,1562.0,521.0,387.0,0
22.0,79.0,-90.0,1634.0,358.0,425.0,0
34.0,93.0,-96.0,1606.0,203.0,471.0,0
53.0,105.0,-102.0,1513.0,87.0,514.0,0
56.0,93.0,-109.0,1346.0,26.0,537.0,0
49.0,84.0,-89.0,1105.0,15.0,534.0,0
37.0,56.0,-74.0,826.0,41.0,502.0,0
28.0,30.0,-63.0,556.0,97.0,454.0,0
20.0,8.0,-63.0,331.0,170.0,400.0,0
21.0,-11.0,-53.0,150.0,255.0,336.0,0
20.0,-25.0,-53.0,49.0,352.0,250.0,0
24.0,-35.0,-51.0,25.0,457.0,160.0,0
23.0,-36.0,-47.0,78.0,554.0,83.0,0
31.0,-35.0,-43.0,197.0,626.0,27.0,0
39.0,-31.0,-53.0,352.0,662.0,-9.0,0
45.0,-20.0,-68.0,480.0,664.0,-33.0,0
45.0,-4.0,-79.0,622.0,647.0,-50.0,0
38.0,9.0,-94.0,713.0,616.0,-61.0,0
30.0,18.0,-109.0,738.0,582.0,-70.0,0
21.0,17.0,-121.0,692.0,552.0,-78.0,0
32.0,9.0,-184.0,577.0,528.0,-99.0,0
64.0,-12.0,-242.0,391.0,549.0,-138.0,0
107.0,-64.0,-313.0,164.0,654.0,-198.0,0
141.0,-118.0,-398.0,-73.0,852.0,-292.0,0
166.0,-160.0,-488.0,-395.0,1080.0,-456.0,0
152.0,-222.0,-522.0,-948.0,1170.0,-683.0,0
74.0,-331.0,-354.0,-1617.0,970.0,-931.0,0
-68.0,-504.0,-67.0,-1987.0,553.0,-1182.0,0
-156.0,-659.0,181.0,-1804.0,121.0,-1388.0,0
-147.0,-773.0,381.0,-1225.0,-302.0,-1450.0,0
-72.0,-808.0,412.0,-376.0,-598.0,-1420.0,0
-9.0,-785.0,329.0,553.0,-529.0,-1385.0,0
30.0,-742.0,165.0,1327.0,-110.0,-1401.0,0
-4.0,-704.0,-21.0,1619.0,391.0,-1436.0,0
-77.0,-683.0,-176.0,1210.0,703.0,-1292.0,0
-156.0,-678.0,-265.0,264.0,676.0,-825.0,0
-181.0,-683.0,-267.0,-787.0,343.0,-109.0,0
-129.0,-681.0,-233.0,-1360.0,-177.0,581.0,0
-108.0,-650.0,-162.0,-1153.0,-688.0,935.0,0
-99.0,-604.0,-35.0,-353.0,-1097.0,962.0,0
-66.0,-552.0,56.0,765.0,-1445.0,884.0,0
-32.0,-487.0,93.0,1865.0,-1631.0,787.0,0
3.0,-409.0,106.0,2669.0,-1620.0,741.0,0
56.0,-341.0,103.0,2989.0,-1459.0,789.0,0
93.0,-282.0,84.0,2952.0,-1303.0,861.0,0
124.0,-243.0,65.0,2468.0,-1143.0,884.0,0
132.0,-224.0,68.0,1663.0,-1054.0,842.0,0
143.0,-232.0,67.0,732.0,-1050.0,764.0,0
142.0,-264.0,69.0,-157.0,-1104.0,713.0,0
144.0,-314.0,62.0,-896.0,-1154.0,714.0,0
133.0,-362.0,65.0,-1441.0,-1170.0,742.0,0
110.0,-410.0,69.0,-1778.0,-1165.0,781.0,0
78.0,-446.0,63.0,-1929.0,-1159.0,823.0,0
50.0,-474.0,46.0,-1956.0,-1152.0,866.0,0
22.0,-491.0,27.0,-1891.0,-1124.0,906.0,0
-5.0,-491.0,3.0,-1749.0,-1055.0,945.0,0
-38.0,-470.0,-29.0,-1572.0,-964.0,969.0,0
-63.0,-443.0,-44.0,-1383.0,-889.0,982.0,0
-85.0,-407.0,-43.0,-1180.0,-865.0,976.0,0
-88.0,-385.0,-32.0,-940.0,-884.0,961.0,0
-83.0,-362.0,-19.0,-644.0,-918.0,911.0,0
-90.0,-329.0,-13.0,-301.0,-950.0,828.0,0
-71.0,-289.0,-8.0,63.0,-969.0,753.0,0
-54.0,-241.0,-17.0,436.0,-972.0,678.0,0
-30.0,-179.0,-26.0,818.0,-949.0,593.0,0
9.0,-115.0,-40.0,1190.0,-901.0,501.0,0
35.0,-57.0,-48.0,1507.0,-832.0,391.0,0
56.0,7.0,-48.0,1755.0,-735.0,279.0,0
66.0,62.0,-60.0,1932.0,-628.0,169.0,0
59.0,121.0,-68.0,2030.0,-515.0,59.0,0
57.0,161.0,-82.0,2033.0,-425.0,-24.0,0
47.0,194.0,-93.0,1962.0,-357.0,-103.0,0
40.0,205.0,-117.0,1800.0,-296.0,-185.0,0
29.0,225.0,-129.0,1543.0,-241.0,-271.0,0
21.0,223.0,-140.0,1202.0,-173.0,-324.0,0
23.0,213.0,-133.0,777.0,-118.0,-370.0,0
24.0,202.0,-103.0,311.0,-96.0,-412.0,0
16.0,153.0,-75.0,-123.0,-90.0,-425.0,0
13.0,97.0,-53.0,-520.0,-85.0,-403.0,0
8.0,43.0,-39.0,-864.0,-70.0,-410.0,0
-1.0,-13.0,-11.0,-1095.0,-42.0,-431.0,0
-9.0,-65.0,8.0,-1141.0,-13.0,-441.0,0
-17.0,-105.0,-4.0,-987.0,-10.0,-450.0,0
-19.0,-126.0,-14.0,-738.0,-36.0,-465.0,0
-25.0,-137.0,-20.0,-444.0,-84.0,-494.0,0
-27.0,-137.0,-41.0,-127.0,-149.0,-523.0,0
-23.0,-125.0,-69.0,169.0,-231.0,-541.0,0
-18.0,-114.0,-85.0,417.0,-317.0,-541.0,0
-12.0,-97.0,-101.0,614.0,-380.0,-529.0,0
6.0,-77.0,-116.0,757.0,-404.0,-506.0,0
11.0,-60.0,-128.0,833.0,-380.0,-483.0,0
15.0,-43.0,-130.0,839.0,-300.0,-459.0,0
22.0,-35.0,-126.0,787.0,-172.0,-425.0,0
28.0,-17.0,-107.0,695.0,-28.0,-377.0,0
38.0,-18.0,-94.0,583.0,123.0,-330.0,0
47.0,-17.0,-77.0,463.0,266.0,-293.0,0
49.0,-31.0,-85.0,357.0,394.0,-248.0,0
42.0,-43.0,-141.0,249.0,446.0,-221.0,0
18.0,-53.0,-179.0,124.0,367.0,-222.0,0
-12.0,-83.0,-196.0,-26.0,187.0,-220.0,0
-46.0,-112.0,-231.0,-277.0,-92.0,-136.0,0
-54.0,-152.0,-371.0,-677.0,-614.0,46.0,0
19.0,-295.0,-332.0,-1466.0,-1005.0,299.0,0
63.0,-508.0,-85.0,-2078.0,-971.0,635.0,0
41.0,-697.0,136.0,-2132.0,-430.0,938.0,0
-13.0,-817.0,282.0,-1922.0,81.0,1249.0,0
-64.0,-884.0,280.0,-1619.0,303.0,1484.0,0
-96.0,-926.0,134.0,-1271.0,371.0,1722.0,0
-80.0,-966.0,-72.0,-1148.0,405.0,1929.0,0
-14.0,-1044.0,-169.0,-1465.0,224.0,1947.0,0
63.0,-1125.0,-170.0,-1797.0,-186.0,1608.0,0
94.0,-1108.0,-158.0,-1635.0,-551.0,847.0,0
49.0,-1026.0,-108.0,-807.0,-553.0,-107.0,0
20.0,-908.0,-30.0,424.0,-171.0,-823.0,0
1.0,-771.0,56.0,1695.0,333.0,-1240.0,0
-28.0,-592.0,126.0,2775.0,743.0,-1429.0,0
-44.0,-452.0,137.0,3494.0,963.0,-1500.0,0
-58.0,-318.0,125.0,3713.0,983.0,-1547.0,0
-67.0,-197.0,109.0,3389.0,857.0,-1598.0,0
-80.0,-82.0,91.0,2632.0,643.0,-1670.0,0
-123.0,-28.0,30.0,1627.0,427.0,-1765.0,0
-155.0,-26.0,37.0,427.0,280.0,-1764.0,0
-147.0,-73.0,25.0,-683.0,237.0,-1651.0,0
-150.0,-155.0,18.0,-1629.0,266.0,-1544.0,0
-119.0,-238.0,37.0,-2362.0,351.0,-1427.0,0
-79.0,-309.0,44.0,-2768.0,464.0,-1336.0,0
-34.0,-376.0,46.0,-2892.0,599.0,-1265.0,0
10.0,-419.0,43.0,-2831.0,726.0,-1199.0,0
39.0,-441.0,51.0,-2657.0,803.0,-1150.0,0
72.0,-447.0,56.0,-2375.0,825.0,-1117.0,0
96.0,-433.0,53.0,-2101.0,810.0,-1107.0,0
117.0,-405.0,55.0,-1744.0,787.0,-1080.0,0
109.0,-372.0,52.0,-1406.0,756.0,-1024.0,0
103.0,-333.0,44.0,-1096.0,699.0,-949.0,0
93.0,-290.0,28.0,-801.0,654.0,-810.0,0
78.0,-250.0,18.0,-479.0,634.0,-634.0,0
65.0,-207.0,-7.0,-113.0,618.0,-466.0,0
46.0,-166.0,-28.0,281.0,591.0,-325.0,0
34.0,-123.0,-50.0,651.0,543.0,-197.0,0
41.0,-84.0,-64.0,968.0,467.0,-75.0,0
47.0,-53.0,-75.0,1236.0,364.0,20.0,0
55.0,-20.0,-95.0,1462.0,261.0,93.0,0
62.0,8.0,-113.0,1618.0,163.0,149.0,0
62.0,39.0,-124.0,1674.0,64.0,195.0,0
72.0,58.0,-128.0,1640.0,-27.0,250.0,0
87.0,66.0,-128.0,1532.0,-93.0,288.0,0
96.0,68.0,-124.0,1375.0,-103.0,293.0,0
85.0,67.0,-112.0,1165.0,-55.0,263.0,0
63.0,63.0,-84.0,932.0,28.0,217.0,0
42.0,50.0,-57.0,713.0,123.0,178.0,0
26.0,32.0,-33.0,531.0,208.0,142.0,0
20.0,19.0,-17.0,393.0,281.0,103.0,0
13.0,7.0,-17.0,326.0,361.0,62.0,0
7.0,0.0,-25.0,324.0,460.0,26.0,0
11.0,3.0,-32.0,356.0,563.0,-2.0,0
11.0,6.0,-50.0,405.0,659.0,-15.0,0
9.0,11.0,-70.0,444.0,741.0,-17.0,0
10.0,16.0,-88.0,448.0,800.0,-4.0,0
6.0,23.0,-97.0,407.0,823.0,23.0,0
-1.0,23.0,-104.0,340.0,790.0,63.0,0
-19.0,18.0,-96.0,221.0,716.0,105.0,0
-42.0,10.0,-86.0,95.0,574.0,144.0,0
-65.0,-5.0,-69.0,-1.0,395.0,185.0,0
-81.0,-26.0,-51.0,-39.0,196.0,237.0,0
-109.0,-42.0,-20.0,-7.0,-16.0,277.0,0
-130.0,-56.0,-8.0,94.0,-229.0,305.0,0
-137.0,-64.0,-15.0,236.0,-420.0,327.0,0
-121.0,-75.0,-68.0,394.0,-580.0,343.0,0
-94.0,-99.0,-111.0,528.0,-659.0,340.0,0
-60.0,-152.0,-178.0,694.0,-627.0,286.0,0
-7.0,-173.0,-389.0,800.0,-418.0,178.0,0
56.0,-169.0,-661.0,315.0,35.0,25.0,0
55.0,-287.0,-562.0,-924.0,596.0,-228.0,0
-70.0,-518.0,-191.0,-2160.0,697.0,-662.0,0
-152.0,-756.0,64.0,-2535.0,249.0,-1084.0,0
-109.0,-912.0,275.0,-2363.0,-290.0,-1245.0,0
-6.0,-1016.0,449.0,-2073.0,-734.0,-1261.0,0
59.0,-1076.0,427.0,-1403.0,-1120.0,-1392.0,0
68.0,-1085.0,113.0,-566.0,-1454.0,-1631.0,0
77.0,-1079.0,-192.0,-328.0,-1424.0,-1808.0,0
59.0,-1027.0,-315.0,-799.0,-986.0,-1789.0,0
42.0,-934.0,-276.0,-1235.0,-508.0,-1436.0,0
2.0,-822.0,-215.0,-887.0,-314.0,-894.0,0
-55.0,-727.0,-135.0,119.0,-329.0,-396.0,0
-74.0,-617.0,-20.0,1381.0,-516.0,-15.0,0
-73.0,-500.0,81.0,2545.0,-790.0,261.0,0
-42.0,-376.0,125.0,3365.0,-1075.0,482.0,0
-7.0,-251.0,135.0,3725.0,-1292.0,683.0,0
27.0,-142.0,120.0,3646.0,-1415.0,886.0,0
46.0,-76.0,80.0,3280.0,-1451.0,1082.0,0
55.0,-53.0,64.0,2464.0,-1427.0,1227.0,0
47.0,-51.0,53.0,1459.0,-1364.0,1285.0,0
56.0,-72.0,58.0,465.0,-1289.0,1331.0,0
64.0,-127.0,63.0,-394.0,-1243.0,1345.0,0
75.0,-206.0,73.0,-1096.0,-1245.0,1314.0,0
64.0,-286.0,89.0,-1628.0,-1283.0,1234.0,0
30.0,-377.0,102.0,-1987.0,-1334.0,1126.0,0
-3.0,-445.0,115.0,-2179.0,-1398.0,1020.0,0
-39.0,-495.0,107.0,-2191.0,-1459.0,909.0,0
-74.0,-515.0,91.0,-2037.0,-1487.0,788.0,0
-94.0,-515.0,57.0,-1775.0,-1469.0,686.0,0
-101.0,-504.0,30.0,-1480.0,-1426.0,621.0,0
-107.0,-480.0,2.0,-1196.0,-1360.0,578.0,0
-107.0,-448.0,-22.0,-921.0,-1265.0,544.0,0
-111.0,-420.0,-55.0,-683.0,-1153.0,523.0,0
-100.0,-387.0,-65.0,-508.0,-1021.0,500.0,0
-86.0,-351.0,-67.0,-352.0,-895.0,450.0,0
-64.0,-309.0,-54.0,-158.0,-815.0,369.0,0
-24.0,-250.0,-57.0,100.0,-788.0,255.0,0
9.0,-191.0,-80.0,414.0,-790.0,127.0,0
66.0,-114.0,-99.0,684.0,-772.0,1.0,0
88.0,-51.0,-125.0,925.0,-717.0,-148.0,0
96.0,21.0,-135.0,1114.0,-613.0,-317.0,0
89.0,82.0,-137.0,1266.0,-508.0,-474.0,0
69.0,136.0,-136.0,1355.0,-419.0,-624.0,0
41.0,176.0,-130.0,1351.0,-341.0,-765.0,0
26.0,203.0,-124.0,1266.0,-274.0,-889.0,0
2.0,225.0,-115.0,1140.0,-208.0,-979.0,0
-12.0,239.0,-104.0,931.0,-162.0,-1013.0,0
-20.0,239.0,-99.0,713.0,-129.0,-959.0,0
-14.0,217.0,-92.0,489.0,-84.0,-877.0,0
-1.0,172.0,-76.0,252.0,-40.0,-768.0,0
5.0,123.0,-54.0,15.0,3.0,-687.0,0
7.0,76.0,-37.0,-182.0,26.0,-620.0,0
1.0,43.0,-23.0,-316.0,4.0,-561.0,0
-7.0,11.0,-14.0,-374.0,-83.0,-504.0,0
-11.0,-13.0,-12.0,-349.0,-222.0,-446.0,0
-18.0,-33.0,-15.0,-265.0,-376.0,-394.0,0
-17.0,-50.0,-17.0,-141.0,-508.0,-363.0,0
-18.0,-61.0,-22.0,15.0,-595.0,-349.0,0
-13.0,-71.0,-35.0,186.0,-632.0,-356.0,0
-8.0,-69.0,-43.0,363.0,-639.0,-378.0,0
-9.0,-68.0,-60.0,530.0,-630.0,-402.0,0
-9.0,-60.0,-71.0,662.0,-615.0,-413.0,0
0.0,-61.0,-94.0,747.0,-598.0,-414.0,0
2.0,-52.0,-145.0,760.0,-588.0,-410.0,0
2.0,-43.0,-202.0,659.0,-613.0,-414.0,0
-14.0,-49.0,-251.0,421.0,-680.0,-435.0,0
-42.0,-68.0,-270.0,15.0,-767.0,-410.0,0
-71.0,-84.0,-376.0,-613.0,-949.0,-275.0,0
-61.0,-149.0,-432.0,-1462.0,-1326.0,-47.0,0
48.0,-304.0,-304.0,-2184.0,-1549.0,242.0,0
156.0,-504.0,-103.0,-2346.0,-1271.0,607.0,0
166.0,-671.0,107.0,-2027.0,-612.0,966.0,0
99.0,-771.0,248.0,-1467.0,-41.0,1146.0,0
3.0,-800.0,262.0,-814.0,39.0,1197.0,0
-80.0,-791.0,140.0,-292.0,-261.0,1320.0,0
-84.0,-785.0,-28.0,126.0,-576.0,1563.0,0
-47.0,-812.0,-137.0,111.0,-980.0,1714.0,0
25.0,-853.0,-199.0,-208.0,-1369.0,1707.0,0
72.0,-881.0,-200.0,-492.0,-1643.0,1408.0,0
59.0,-876.0,-166.0,-467.0,-1565.0,891.0,0
2.0,-827.0,-123.0,-108.0,-1089.0,303.0,0
-46.0,-761.0,-63.0,461.0,-456.0,-174.0,0
-84.0,-678.0,6.0,1101.0,56.0,-470.0,0
-118.0,-581.0,52.0,1683.0,280.0,-665.0,0
-132.0,-484.0,76.0,2109.0,243.0,-818.0,0
-141.0,-392.0,90.0,2315.0,49.0,-935.0,0
-141.0,-312.0,97.0,2270.0,-226.0,-1044.0,0
-154.0,-236.0,85.0,1982.0,-512.0,-1168.0,0
-187.0,-176.0,70.0,1486.0,-758.0,-1250.0,0
-208.0,-142.0,49.0,839.0,-939.0,-1268.0,0
-216.0,-144.0,40.0,121.0,-1053.0,-1257.0,0
-202.0,-183.0,40.0,-565.0,-1089.0,-1261.0,0
-178.0,-239.0,37.0,-1141.0,-1050.0,-1297.0,0
-143.0,-308.0,36.0,-1577.0,-966.0,-1318.0,0
-104.0,-369.0,43.0,-1854.0,-869.0,-1318.0,0
-67.0,-420.0,43.0,-1959.0,-784.0,-1329.0,0
-30.0,-457.0,41.0,-1915.0,-718.0,-1340.0,0
-3.0,-466.0,43.0,-1776.0,-682.0,-1331.0,0
28.0,-461.0,44.0,-1577.0,-687.0,-1290.0,0
51.0,-441.0,46.0,-1328.0,-709.0,-1218.0,0
71.0,-414.0,46.0,-1057.0,-714.0,-1123.0,0
85.0,-384.0,39.0,-812.0,-696.0,-1010.0,0
94.0,-349.0,36.0,-644.0,-659.0,-888.0,0
107.0,-313.0,24.0,-451.0,-621.0,-756.0,0
99.0,-268.0,11.0,-250.0,-559.0,-637.0,0
92.0,-223.0,2.0,-6.0,-499.0,-555.0,0
82.0,-172.0,-18.0,295.0,-461.0,-478.0,0
72.0,-129.0,-28.0,629.0,-455.0,-426.0,0
59.0,-80.0,-45.0,962.0,-470.0,-383.0,0
61.0,-31.0,-62.0,1246.0,-491.0,-332.0,0
67.0,10.0,-71.0,1507.0,-546.0,-276.0,0
76.0,43.0,-91.0,1735.0,-621.0,-205.0,0
86.0,74.0,-128.0,1887.0,-683.0,-114.0,0
96.0,107.0,-148.0,1932.0,-706.0,-7.0,0
104.0,136.0,-174.0,1879.0,-699.0,101.0,0
98.0,154.0,-200.0,1733.0,-675.0,216.0,0
94.0,167.0,-216.0,1486.0,-639.0,344.0,0
85.0,168.0,-219.0,1145.0,-591.0,458.0,0
70.0,156.0,-216.0,727.0,-530.0,534.0,0
50.0,114.0,-209.0,256.0,-469.0,548.0,0
33.0,67.0,-180.0,-268.0,-395.0,522.0,0
27.0,18.0,-148.0,-751.0,-321.0,463.0,0
29.0,-27.0,-93.0,-1090.0,-268.0,368.0,0
22.0,-67.0,-60.0,-1179.0,-246.0,244.0,0
22.0,-97.0,-35.0,-1010.0,-250.0,126.0,0
20.0,-110.0,-31.0,-667.0,-284.0,28.0,0
21.0,-113.0,-25.0,-226.0,-338.0,-50.0,0
22.0,-106.0,-30.0,226.0,-398.0,-94.0,0
17.0,-97.0,-25.0,639.0,-454.0,-108.0,0
8.0,-81.0,-26.0,976.0,-508.0,-96.0,0
5.0,-54.0,-21.0,1228.0,-551.0,-62.0,0
-13.0,-51.0,-4.0,1348.0,-580.0,-36.0,0
-22.0,-43.0,4.0,1409.0,-618.0,-2.0,0
-42.0,-22.0,-8.0,1352.0,-649.0,22.0,0
-62.0,-16.0,-39.0,1168.0,-717.0,50.0,0
-73.0,-37.0,-18.0,890.0,-844.0,89.0,0
-82.0,-58.0,-131.0,686.0,-1025.0,92.0,0
-83.0,-41.0,-436.0,389.0,-1160.0,72.0,0
-97.0,-64.0,-644.0,-507.0,-1026.0,30.0,0
-142.0,-174.0,-563.0,-1839.0,-761.0,-52.0,0
-269.0,-376.0,-279.0,-2809.0,-656.0,-203.0,0
-399.0,-601.0,-22.0,-2878.0,-583.0,-372.0,0
-455.0,-789.0,225.0,-2366.0,-592.0,-518.0,0
-394.0,-904.0,366.0,-1641.0,-843.0,-610.0,0
-209.0,-930.0,344.0,-760.0,-1301.0,-727.0,0
-32.0,-856.0,158.0,49.0,-1794.0,-924.0,0
124.0,-791.0,-57.0,375.0,-2101.0,-1189.0,0
240.0,-741.0,-232.0,108.0,-2213.0,-1489.0,0
286.0,-695.0,-325.0,-510.0,-2135.0,-1715.0,0
276.0,-655.0,-298.0,-1073.0,-1816.0,-1713.0,0
262.0,-637.0,-222.0,-1211.0,-1384.0,-1445.0,0
237.0,-617.0,-117.0,-847.0,-1063.0,-965.0,0
208.0,-573.0,-33.0,-120.0,-902.0,-509.0,0
180.0,-526.0,47.0,735.0,-915.0,-123.0,0
156.0,-480.0,88.0,1520.0,-1088.0,263.0,0
120.0,-433.0,115.0,2075.0,-1296.0,587.0,0
73.0,-377.0,127.0,2317.0,-1459.0,849.0,0
44.0,-326.0,116.0,2233.0,-1554.0,1092.0,0
42.0,-295.0,94.0,1841.0,-1574.0,1304.0,0
32.0,-283.0,71.0,1189.0,-1522.0,1431.0,0
10.0,-286.0,56.0,398.0,-1429.0,1459.0,0
-20.0,-311.0,57.0,-244.0,-1340.0,1423.0,0
-61.0,-356.0,61.0,-940.0,-1287.0,1346.0,0
-105.0,-411.0,67.0,-1491.0,-1263.0,1232.0,0
-145.0,-465.0,82.0,-1870.0,-1273.0,1111.0,0
-188.0,-511.0,83.0,-2042.0,-1328.0,945.0,0
-220.0,-550.0,76.0,-2008.0,-1388.0,791.0,0
-240.0,-563.0,60.0,-1803.0,-1421.0,643.0,0
-247.0,-563.0,43.0,-1460.0,-1408.0,494.0,0
-249.0,-539.0,10.0,-1040.0,-1360.0,344.0,0
-250.0,-491.0,-19.0,-611.0,-1303.0,199.0,0
-241.0,-432.0,-43.0,-243.0,-1271.0,56.0,0
-208.0,-359.0,-53.0,17.0,-1266.0,-91.0,0
-160.0,-297.0,-38.0,216.0,-1300.0,-246.0,0
-112.0,-248.0,-29.0,430.0,-1366.0,-391.0,0
-58.0,-197.0,-29.0,658.0,-1444.0,-502.0,0
-2.0,-143.0,-43.0,853.0,-1499.0,-592.0,0
38.0,-89.0,-64.0,992.0,-1488.0,-655.0,0
86.0,-43.0,-73.0,1087.0,-1368.0,-679.0,0
114.0,2.0,-78.0,1168.0,-1179.0,-673.0,0
121.0,38.0,-71.0,1245.0,-984.0,-667.0,0
104.0,78.0,-63.0,1313.0,-841.0,-666.0,0
82.0,105.0,-60.0,1349.0,-767.0,-637.0,0
60.0,130.0,-62.0,1325.0,-762.0,-597.0,0
36.0,142.0,-81.0,1226.0,-805.0,-559.0,0
15.0,147.0,-85.0,1049.0,-856.0,-530.0,0
7.0,144.0,-88.0,810.0,-900.0,-498.0,0
2.0,133.0,-84.0,545.0,-927.0,-478.0,0
-2.0,113.0,-79.0,287.0,-928.0,-478.0,0
0.0,89.0,-74.0,67.0,-889.0,-500.0,0
4.0,66.0,-74.0,-79.0,-826.0,-551.0,0
6.0,38.0,-68.0,-206.0,-760.0,-608.0,0
0.0,21.0,-75.0,-283.0,-664.0,-647.0,0
-7.0,0.0,-76.0,-331.0,-567.0,-687.0,0
-4.0,-6.0,-79.0,-359.0,-471.0,-721.0,0
-6.0,-18.0,-82.0,-359.0,-398.0,-746.0,0
-1.0,-16.0,-75.0,-344.0,-353.0,-756.0,0
3.0,-24.0,-64.0,-318.0,-337.0,-753.0,0
11.0,-27.0,-53.0,-276.0,-347.0,-745.0,0
16.0,-25.0,-41.0,-224.0,-377.0,-724.0,0
23.0,-22.0,-31.0,-154.0,-425.0,-689.0,0
26.0,-17.0,-29.0,-71.0,-480.0,-639.0,0
28.0,-13.0,-56.0,7.0,-544.0,-570.0,0
10.0,-10.0,-119.0,45.0,-646.0,-491.0,0
-2.0,-11.0,-183.0,10.0,-798.0,-418.0,0
-14.0,-21.0,-261.0,-113.0,-954.0,-342.0,0
-22.0,-30.0,-332.0,-373.0,-1022.0,-227.0,0
-27.0,-62.0,-351.0,-767.0,-1047.0,-75.0,0
-16.0,-128.0,-312.0,-1139.0,-1131.0,65.0,0
22.0,-217.0,-237.0,-1344.0,-1185.0,213.0,0
70.0,-347.0,-77.0,-1395.0,-1043.0,433.0,0
65.0,-465.0,65.0,-1315.0,-770.0,721.0,0
32.0,-564.0,168.0,-1106.0,-486.0,1027.0,0
-10.0,-622.0,168.0,-774.0,-351.0,1322.0,0
-35.0,-651.0,42.0,-466.0,-433.0,1621.0,0
-43.0,-649.0,-115.0,-439.0,-649.0,1890.0,0
-39.0,-672.0,-244.0,-755.0,-908.0,2058.0,0
-23.0,-709.0,-309.0,-1224.0,-1205.0,2045.0,0
-8.0,-764.0,-314.0,-1638.0,-1471.0,1860.0,0
-35.0,-823.0,-257.0,-1841.0,-1591.0,1461.0,0
-109.0,-858.0,-168.0,-1850.0,-1544.0,834.0,0
-162.0,-861.0,-88.0,-1483.0,-1333.0,279.0,0
-175.0,-851.0,-28.0,-802.0,-1007.0,-346.0,0
-179.0,-812.0,4.0,18.0,-663.0,-903.0,0
-167.0,-743.0,20.0,791.0,-402.0,-1378.0,0
-168.0,-657.0,27.0,1371.0,-261.0,-1744.0,0
-159.0,-573.0,28.0,1704.0,-225.0,-1986.0,0
-139.0,-503.0,28.0,1787.0,-263.0,-2114.0,0
-111.0,-445.0,27.0,1647.0,-328.0,-2165.0,0
-78.0,-385.0,34.0,1343.0,-382.0,-2159.0,0
-55.0,-357.0,40.0,928.0,-394.0,-2084.0,0
-18.0,-352.0,34.0,461.0,-365.0,-1973.0,0
23.0,-358.0,35.0,-38.0,-304.0,-1875.0,0
59.0,-368.0,37.0,-521.0,-213.0,-1794.0,0
91.0,-380.0,35.0,-920.0,-90.0,-1715.0,0
119.0,-390.0,27.0,-1207.0,63.0,-1623.0,0
150.0,-395.0,30.0,-1389.0,236.0,-1520.0,0
171.0,-383.0,27.0,-1504.0,408.0,-1402.0,0
197.0,-376.0,35.0,-1575.0,561.0,-1269.0,0
207.0,-358.0,38.0,-1598.0,690.0,-1144.0,0
212.0,-333.0,40.0,-1563.0,793.0,-1017.0,0
208.0,-310.0,29.0,-1462.0,879.0,-872.0,0
201.0,-281.0,10.0,-1324.0,934.0,-725.0,0
193.0,-253.0,0.0,-1194.0,986.0,-598.0,0
161.0,-222.0,-9.0,-1061.0,1046.0,-514.0,0
125.0,-183.0,-18.0,-930.0,1126.0,-417.0,0
82.0,-156.0,-33.0,-828.0,1239.0,-256.0,0
48.0,-136.0,-46.0,-753.0,1361.0,-32.0,0
17.0,-119.0,-57.0,-600.0,1475.0,229.0,0
0.0,-101.0,-59.0,-305.0,1533.0,483.0,0
-27.0,-73.0,-62.0,158.0,1525.0,648.0,0
-53.0,-39.0,-68.0,731.0,1404.0,818.0,0
-62.0,-7.0,-79.0,1307.0,1185.0,960.0,0
-66.0,20.0,-89.0,1790.0,887.0,1062.0,0
-72.0,44.0,-101.0,2094.0,554.0,1105.0,0
-72.0,65.0,-116.0,2183.0,240.0,1109.0,0
-63.0,80.0,-122.0,2073.0,-10.0,1091.0,0
-44.0,70.0,-130.0,1792.0,-177.0,1050.0,0
-25.0,62.0,-129.0,1399.0,-261.0,994.0,0
-10.0,43.0,-117.0,975.0,-269.0,913.0,0
1.0,22.0,-101.0,607.0,-220.0,822.0,0
10.0,2.0,-84.0,358.0,-139.0,744.0,0
13.0,-14.0,-76.0,250.0,-45.0,667.0,0
12.0,-21.0,-72.0,258.0,30.0,590.0,0
11.0,-25.0,-66.0,337.0,59.0,532.0,0
10.0,-17.0,-61.0,446.0,51.0,504.0,0
15.0,-8.0,-55.0,556.0,17.0,505.0,0
12.0,8.0,-52.0,640.0,-22.0,516.0,0
4.0,23.0,-59.0,677.0,-54.0,535.0,0
2.0,36.0,-61.0,659.0,-75.0,561.0,0
-7.0,43.0,-55.0,597.0,-87.0,582.0,0
-21.0,50.0,-61.0,501.0,-99.0,596.0,0
-29.0,46.0,-77.0,374.0,-126.0,597.0,0
-30.0,39.0,-131.0,221.0,-163.0,581.0,0
-15.0,35.0,-183.0,57.0,-168.0,559.0,0
21.0,21.0,-240.0,-85.0,-101.0,529.0,0
78.0,3.0,-271.0,-176.0,42.0,478.0,0
140.0,-26.0,-372.0,-345.0,217.0,347.0,0
179.0,-74.0,-425.0,-732.0,485.0,159.0,0
145.0,-178.0,-319.0,-1240.0,585.0,-164.0,0
57.0,-316.0,-127.0,-1507.0,259.0,-517.0,0
-10.0,-459.0,46.0,-1317.0,-336.0,-784.0,0
-17.0,-577.0,158.0,-801.0,-780.0,-880.0,0
16.0,-672.0,218.0,-210.0,-942.0,-897.0,0
31.0,-735.0,222.0,322.0,-894.0,-982.0,0
-12.0,-752.0,124.0,661.0,-809.0,-1116.0,0
-75.0,-758.0,-70.0,609.0,-673.0,-1036.0,0
-114.0,-812.0,-241.0,-62.0,-412.0,-588.0,0
-124.0,-864.0,-258.0,-1144.0,-181.0,73.0,0
-107.0,-864.0,-202.0,-2037.0,-188.0,686.0,0
-86.0,-846.0,-146.0,-2182.0,-417.0,1077.0,0
-53.0,-825.0,-100.0,-1563.0,-712.0,1272.0,0
-20.0,-788.0,-47.0,-539.0,-963.0,1359.0,0
1.0,-730.0,4.0,577.0,-1129.0,1387.0,0
17.0,-662.0,42.0,1584.0,-1205.0,1370.0,0
25.0,-583.0,65.0,2346.0,-1208.0,1332.0,0
36.0,-503.0,68.0,2768.0,-1173.0,1304.0,0
50.0,-412.0,73.0,2818.0,-1138.0,1288.0,0
67.0,-332.0,70.0,2527.0,-1124.0,1280.0,0
74.0,-278.0,54.0,1938.0,-1121.0,1266.0,0
78.0,-252.0,47.0,1127.0,-1129.0,1231.0,0
68.0,-266.0,48.0,248.0,-1141.0,1184.0,0
48.0,-312.0,59.0,-541.0,-1167.0,1139.0,0
22.0,-354.0,84.0,-1132.0,-1218.0,1094.0,0
-17.0,-376.0,107.0,-1452.0,-1295.0,1029.0,0
-59.0,-388.0,108.0,-1505.0,-1372.0,969.0,0
-103.0,-377.0,68.0,-1415.0,-1423.0,921.0,0
-134.0,-352.0,35.0,-1304.0,-1465.0,888.0,0
-163.0,-321.0,-12.0,-1209.0,-1462.0,829.0,0
-183.0,-294.0,-36.0,-1147.0,-1396.0,751.0,0
-196.0,-272.0,-69.0,-1103.0,-1293.0,640.0,0
-210.0,-240.0,-89.0,-1063.0,-1183.0,500.0,0
-211.0,-218.0,-109.0,-995.0,-1086.0,343.0,0
-210.0,-188.0,-115.0,-873.0,-1025.0,175.0,0
-185.0,-166.0,-121.0,-679.0,-1020.0,3.0,0
-148.0,-132.0,-125.0,-397.0,-1062.0,-171.0,0
-106.0,-97.0,-126.0,-40.0,-1121.0,-352.0,0
-55.0,-53.0,-119.0,349.0,-1164.0,-507.0,0
2.0,-9.0,-124.0,729.0,-1151.0,-627.0,0
49.0,32.0,-118.0,1046.0,-1065.0,-731.0,0
69.0,59.0,-115.0,1257.0,-949.0,-819.0,0
85.0,83.0,-118.0,1323.0,-840.0,-886.0,0
86.0,87.0,-108.0,1255.0,-748.0,-930.0,0
75.0,89.0,-105.0,1110.0,-683.0,-955.0,0
69.0,69.0,-87.0,936.0,-655.0,-963.0,0
66.0,51.0,-77.0,771.0,-668.0,-973.0,0
64.0,33.0,-58.0,635.0,-704.0,-965.0,0
68.0,21.0,-56.0,537.0,-733.0,-929.0,0
70.0,13.0,-53.0,469.0,-738.0,-871.0,0
68.0,10.0,-59.0,420.0,-709.0,-796.0,0
59.0,15.0,-61.0,384.0,-656.0,-714.0,0
52.0,26.0,-66.0,356.0,-602.0,-627.0,0
47.0,33.0,-75.0,334.0,-555.0,-537.0,0
43.0,36.0,-84.0,288.0,-516.0,-456.0,0
35.0,37.0,-90.0,205.0,-484.0,-393.0,0
30.0,40.0,-95.0,100.0,-444.0,-348.0,0
28.0,39.0,-88.0,-1.0,-411.0,-298.0,0
27.0,38.0,-84.0,-79.0,-391.0,-270.0,0
27.0,33.0,-81.0,-117.0,-379.0,-256.0,0
34.0,22.0,-70.0,-116.0,-375.0,-246.0,0
45.0,8.0,-74.0,-64.0,-376.0,-238.0,0
48.0,-2.0,-81.0,42.0,-365.0,-231.0,0
59.0,-8.0,-124.0,171.0,-345.0,-224.0,0
25.0,-20.0,-202.0,254.0,-371.0,-222.0,0
-11.0,-27.0,-241.0,265.0,-498.0,-246.0,0
-61.0,-34.0,-261.0,219.0,-672.0,-245.0,0
-83.0,-45.0,-304.0,74.0,-793.0,-139.0,0
-87.0,-91.0,-347.0,-227.0,-867.0,43.0,0
-55.0,-183.0,-297.0,-578.0,-913.0,214.0,0
-15.0,-304.0,-131.0,-755.0,-759.0,357.0,0
-38.0,-406.0,23.0,-719.0,-476.0,501.0,0
-85.0,-498.0,117.0,-670.0,-355.0,676.0,0
-143.0,-562.0,111.0,-652.0,-583.0,878.0,0
-157.0,-612.0,24.0,-704.0,-942.0,1146.0,0
-128.0,-668.0,-61.0,-832.0,-1177.0,1391.0,0
-85.0,-725.0,-156.0,-1092.0,-1426.0,1485.0,0
-40.0,-824.0,-225.0,-1513.0,-1790.0,1380.0,0
-3.0,-921.0,-249.0,-1974.0,-2060.0,1025.0,0
10.0,-998.0,-214.0,-2240.0,-1979.0,433.0,0
-23.0,-1018.0,-151.0,-2023.0,-1543.0,-260.0,0
-66.0,-1002.0,-105.0,-1280.0,-979.0,-871.0,0
-100.0,-943.0,-69.0,-473.0,-517.0,-1342.0,0
-127.0,-831.0,-34.0,559.0,-251.0,-1643.0,0
-114.0,-734.0,-18.0,1411.0,-164.0,-1789.0,0
-86.0,-649.0,3.0,1979.0,-138.0,-1851.0,0
-66.0,-557.0,7.0,2248.0,-151.0,-1921.0,0
-54.0,-457.0,7.0,2227.0,-171.0,-1997.0,0
-49.0,-362.0,2.0,1924.0,-174.0,-2039.0,0
-42.0,-286.0,0.0,1387.0,-147.0,-2001.0,0
-27.0,-245.0,-2.0,710.0,-81.0,-1881.0,0
-1.0,-235.0,6.0,-2.0,28.0,-1714.0,0
28.0,-272.0,12.0,-659.0,178.0,-1531.0,0
63.0,-312.0,27.0,-1203.0,350.0,-1347.0,0
104.0,-348.0,45.0,-1571.0,525.0,-1170.0,0
140.0,-381.0,62.0,-1724.0,696.0,-986.0,0
176.0,-401.0,67.0,-1697.0,833.0,-790.0,0
193.0,-406.0,62.0,-1569.0,911.0,-603.0,0
202.0,-398.0,53.0,-1358.0,927.0,-438.0,0
211.0,-384.0,29.0,-1089.0,898.0,-304.0,0
210.0,-355.0,7.0,-784.0,870.0,-217.0,0
193.0,-312.0,-18.0,-468.0,909.0,-191.0,0
152.0,-242.0,-31.0,-164.0,1051.0,-191.0,0
111.0,-189.0,-39.0,120.0,1259.0,-188.0,0
70.0,-142.0,-52.0,374.0,1466.0,-149.0,0
27.0,-96.0,-64.0,599.0,1592.0,-60.0,0
13.0,-53.0,-74.0,804.0,1626.0,80.0,0
1.0,-3.0,-80.0,996.0,1594.0,219.0,0
-12.0,30.0,-80.0,1189.0,1517.0,335.0,0
-26.0,67.0,-84.0,1356.0,1400.0,436.0,0
-43.0,99.0,-86.0,1455.0,1261.0,545.0,0
-46.0,118.0,-93.0,1529.0,1137.0,650.0,0
-54.0,135.0,-101.0,1517.0,972.0,740.0,0
-54.0,144.0,-107.0,1392.0,838.0,817.0,0
-52.0,138.0,-112.0,1156.0,734.0,916.0,0
-46.0,117.0,-93.0,789.0,633.0,997.0,0
-37.0,95.0,-69.0,352.0,509.0,1029.0,0
-25.0,60.0,-33.0,-44.0,367.0,995.0,0
-16.0,26.0,-20.0,-284.0,235.0,920.0,0
0.0,5.0,-16.0,-346.0,139.0,833.0,0
8.0,-11.0,-31.0,-255.0,97.0,727.0,0
27.0,-24.0,-70.0,-92.0,129.0,605.0,0
36.0,-24.0,-90.0,74.0,229.0,476.0,0
40.0,-17.0,-109.0,220.0,367.0,374.0,0
40.0,-8.0,-113.0,337.0,515.0,309.0,0
42.0,6.0,-109.0,433.0,654.0,277.0,0
37.0,15.0,-99.0,508.0,770.0,269.0,0
33.0,22.0,-76.0,552.0,863.0,265.0,0
1.0,15.0,-69.0,558.0,931.0,258.0,0
-27.0,10.0,-50.0,539.0,952.0,245.0,0
-47.0,-3.0,-34.0,512.0,910.0,225.0,0
-55.0,-17.0,-30.0,491.0,807.0,201.0,0
-58.0,-35.0,-56.0,482.0,659.0,190.0,0
-52.0,-40.0,-198.0,462.0,531.0,197.0,0
-6.0,-59.0,-255.0,371.0,541.0,219.0,0
56.0,-113.0,-297.0,347.0,694.0,201.0,0
117.0,-153.0,-340.0,422.0,918.0,121.0,0
147.0,-183.0,-406.0,255.0,1038.0,-65.0,0
122.0,-221.0,-280.0,-236.0,788.0,-359.0,0
59.0,-331.0,-68.0,-523.0,137.0,-601.0,0
37.0,-508.0,83.0,-473.0,-291.0,-642.0,0
78.0,-616.0,155.0,-177.0,-446.0,-586.0,0
132.0,-669.0,202.0,-6.0,-427.0,-594.0,0
171.0,-694.0,189.0,30.0,-450.0,-743.0,0
160.0,-698.0,37.0,34.0,-475.0,-992.0,0
106.0,-719.0,-141.0,-211.0,-187.0,-1067.0,0
2.0,-767.0,-260.0,-883.0,417.0,-814.0,0
-155.0,-823.0,-274.0,-1807.0,905.0,-307.0,0
-246.0,-855.0,-224.0,-2512.0,914.0,386.0,0
-211.0,-856.0,-144.0,-2535.0,483.0,974.0,0
-170.0,-831.0,-74.0,-1785.0,-89.0,1237.0,0
-107.0,-786.0,-18.0,-536.0,-536.0,1305.0,0
-52.0,-717.0,19.0,833.0,-748.0,1279.0,0
-9.0,-640.0,39.0,1988.0,-755.0,1225.0,0
24.0,-559.0,49.0,2740.0,-671.0,1180.0,0
50.0,-468.0,63.0,3048.0,-586.0,1144.0,0
68.0,-386.0,82.0,2938.0,-548.0,1116.0,0
83.0,-304.0,97.0,2477.0,-574.0,1105.0,0
91.0,-254.0,101.0,1735.0,-648.0,1106.0,0
72.0,-225.0,84.0,801.0,-739.0,1077.0,0
38.0,-237.0,62.0,-188.0,-810.0,1021.0,0
-3.0,-281.0,44.0,-1077.0,-856.0,983.0,0
-28.0,-335.0,30.0,-1811.0,-873.0,983.0,0
-51.0,-372.0,10.0,-2319.0,-894.0,974.0,0
-74.0,-400.0,-12.0,-2575.0,-911.0,954.0,0
-102.0,-406.0,-21.0,-2615.0,-927.0,967.0,0
-132.0,-402.0,-27.0,-2488.0,-968.0,1026.0,0
-139.0,-386.0,-35.0,-2215.0,-1062.0,1098.0,0
-129.0,-364.0,-30.0,-1818.0,-1179.0,1135.0,0
-110.0,-325.0,-50.0,-1435.0,-1287.0,1116.0,0
-81.0,-296.0,-52.0,-957.0,-1349.0,1038.0,0
-61.0,-259.0,-55.0,-512.0,-1391.0,926.0,0
-45.0,-214.0,-72.0,-103.0,-1388.0,754.0,0
-23.0,-173.0,-82.0,236.0,-1344.0,582.0,0
2.0,-124.0,-86.0,522.0,-1277.0,419.0,0
29.0,-78.0,-88.0,782.0,-1194.0,250.0,0
60.0,-22.0,-83.0,1048.0,-1095.0,70.0,0
81.0,17.0,-87.0,1288.0,-986.0,-104.0,0
89.0,60.0,-90.0,1456.0,-874.0,-268.0,0
85.0,86.0,-86.0,1515.0,-749.0,-416.0,0
74.0,113.0,-90.0,1478.0,-636.0,-522.0,0
62.0,121.0,-101.0,1361.0,-539.0,-565.0,0
55.0,124.0,-98.0,1148.0,-444.0,-564.0,0
44.0,118.0,-90.0,893.0,-365.0,-564.0,0
37.0,95.0,-83.0,644.0,-307.0,-567.0,0
24.0,68.0,-69.0,408.0,-273.0,-561.0,0
18.0,37.0,-55.0,209.0,-254.0,-536.0,0
17.0,6.0,-48.0,59.0,-243.0,-499.0,0
25.0,-8.0,-29.0,-38.0,-246.0,-456.0,0
26.0,-21.0,-28.0,-82.0,-260.0,-419.0,0
28.0,-29.0,-32.0,-83.0,-276.0,-395.0,0
26.0,-32.0,-32.0,-57.0,-288.0,-375.0,0
19.0,-30.0,-42.0,-11.0,-293.0,-361.0,0
15.0,-32.0,-49.0,50.0,-304.0,-358.0,0
12.0,-34.0,-60.0,102.0,-320.0,-364.0,0
12.0,-29.0,-71.0,127.0,-331.0,-370.0,0
13.0,-33.0,-75.0,127.0,-336.0,-366.0,0
9.0,-26.0,-78.0,136.0,-325.0,-351.0,0
4.0,-19.0,-80.0,165.0,-301.0,-310.0,0
0.0,-15.0,-94.0,208.0,-254.0,-263.0,0
-6.0,-6.0,-102.0,255.0,-192.0,-196.0,0
-6.0,-6.0,-106.0,301.0,-131.0,-127.0,0
-12.0,-7.0,-121.0,347.0,-83.0,-55.0,0
-10.0,-6.0,-169.0,372.0,-66.0,14.0,0
-20.0,-12.0,-236.0,320.0,-124.0,58.0,0
-33.0,-32.0,-273.0,179.0,-244.0,58.0,0
-59.0,-55.0,-317.0,-18.0,-380.0,64.0,0
-78.0,-73.0,-395.0,-341.0,-611.0,155.0,0
-59.0,-133.0,-422.0,-847.0,-1044.0,342.0,0
10.0,-254.0,-233.0,-1288.0,-1328.0,561.0,0
68.0,-402.0,41.0,-1244.0,-1104.0,756.0,0
72.0,-531.0,266.0,-754.0,-560.0,885.0,0
40.0,-617.0,359.0,-106.0,-121.0,896.0,0
-29.0,-629.0,308.0,484.0,44.0,890.0,0
-59.0,-645.0,134.0,746.0,172.0,991.0,0
-67.0,-670.0,-52.0,560.0,321.0,1074.0,0
-70.0,-728.0,-248.0,-167.0,241.0,1005.0,0
-58.0,-814.0,-328.0,-1333.0,-167.0,770.0,0
-20.0,-902.0,-317.0,-2483.0,-600.0,395.0,0
0.0,-937.0,-230.0,-3055.0,-655.0,-128.0,0
-16.0,-946.0,-126.0,-2706.0,-303.0,-652.0,0
-48.0,-929.0,-30.0,-1606.0,153.0,-1050.0,0
-70.0,-874.0,24.0,-203.0,487.0,-1302.0,0
-79.0,-793.0,44.0,1075.0,691.0,-1428.0,0
-81.0,-708.0,56.0,1973.0,804.0,-1520.0,0
-79.0,-622.0,50.0,2360.0,802.0,-1620.0,0
-78.0,-532.0,43.0,2448.0,722.0,-1701.0,0
-79.0,-435.0,38.0,2165.0,573.0,-1732.0,0
-72.0,-352.0,22.0,1614.0,435.0,-1699.0,0
-51.0,-292.0,8.0,890.0,361.0,-1584.0,0
-14.0,-254.0,-1.0,91.0,351.0,-1465.0,0
26.0,-257.0,-8.0,-692.0,430.0,-1359.0,0
66.0,-284.0,-4.0,-1367.0,605.0,-1231.0,0
106.0,-330.0,-1.0,-1898.0,808.0,-1061.0,0
125.0,-328.0,15.0,-2252.0,997.0,-862.0,0
143.0,-347.0,42.0,-2401.0,1167.0,-674.0,0
150.0,-347.0,46.0,-2351.0,1305.0,-517.0,0
163.0,-329.0,47.0,-2149.0,1397.0,-399.0,0
162.0,-302.0,33.0,-1860.0,1457.0,-313.0,0
147.0,-262.0,26.0,-1545.0,1500.0,-242.0,0
128.0,-231.0,16.0,-1232.0,1538.0,-166.0,0
100.0,-190.0,9.0,-925.0,1564.0,-71.0,0
65.0,-157.0,-5.0,-612.0,1560.0,33.0,0
34.0,-123.0,-18.0,-285.0,1511.0,163.0,0
12.0,-90.0,-32.0,66.0,1423.0,309.0,0
-8.0,-52.0,-43.0,437.0,1307.0,435.0,0
-10.0,-7.0,-52.0,803.0,1178.0,542.0,0
-10.0,28.0,-63.0,1144.0,1048.0,625.0,0
-7.0,56.0,-72.0,1420.0,903.0,676.0,0
4.0,77.0,-93.0,1570.0,742.0,693.0,0
4.0,93.0,-108.0,1562.0,564.0,682.0,0
7.0,102.0,-117.0,1402.0,401.0,684.0,0
13.0,97.0,-123.0,1135.0,278.0,719.0,0
24.0,76.0,-122.0,871.0,185.0,740.0,0
22.0,32.0,-104.0,493.0,121.0,727.0,0
15.0,10.0,-90.0,121.0,94.0,696.0,0
5.0,-24.0,-71.0,-161.0,102.0,662.0,0
2.0,-43.0,-49.0,-291.0,154.0,618.0,0
1.0,-63.0,-47.0,-268.0,225.0,562.0,0
6.0,-69.0,-54.0,-142.0,291.0,496.0,0
10.0,-63.0,-68.0,40.0,360.0,427.0,0
10.0,-51.0,-78.0,243.0,427.0,368.0,0
16.0,-34.0,-85.0,438.0,488.0,330.0,0
21.0,-13.0,-95.0,595.0,539.0,319.0,0
21.0,10.0,-95.0,695.0,582.0,329.0,0
19.0,38.0,-91.0,727.0,613.0,347.0,0
19.0,56.0,-93.0,670.0,635.0,365.0,0
7.0,65.0,-86.0,531.0,647.0,380.0,0
-6.0,72.0,-79.0,344.0,648.0,396.0,0
-18.0,72.0,-73.0,136.0,626.0,396.0,0
-17.0,52.0,-74.0,-60.0,577.0,365.0,0
-16.0,34.0,-140.0,-229.0,523.0,311.0,0
5.0,13.0,-230.0,-406.0,539.0,261.0,0
68.0,-38.0,-294.0,-555.0,691.0,222.0,0
124.0,-104.0,-366.0,-607.0,989.0,159.0,0
171.0,-172.0,-450.0,-632.0,1407.0,-16.0,0
144.0,-247.0,-367.0,-833.0,1707.0,-341.0,0
36.0,-353.0,-117.0,-1049.0,1423.0,-748.0,0
-54.0,-487.0,118.0,-846.0,573.0,-1035.0,0
-59.0,-598.0,223.0,-243.0,-231.0,-1105.0,0
13.0,-674.0,255.0,305.0,-583.0,-1059.0,0
74.0,-705.0,247.0,628.0,-551.0,-1093.0,0
90.0,-726.0,134.0,755.0,-406.0,-1263.0,0
35.0,-748.0,-95.0,664.0,-210.0,-1377.0,0
-54.0,-777.0,-313.0,51.0,74.0,-1195.0,0
-141.0,-820.0,-393.0,-1100.0,499.0,-813.0,0
-216.0,-844.0,-326.0,-2253.0,718.0,-156.0,0
-215.0,-851.0,-202.0,-2752.0,513.0,485.0,0
-171.0,-861.0,-106.0,-2365.0,-1.0,846.0,0
-107.0,-841.0,-20.0,-1349.0,-520.0,1019.0,0
-64.0,-789.0,46.0,-56.0,-892.0,1066.0,0
-33.0,-712.0,72.0,1202.0,-1122.0,1052.0,0
4.0,-602.0,59.0,2181.0,-1212.0,1061.0,0
45.0,-501.0,50.0,2744.0,-1177.0,1110.0,0
90.0,-398.0,49.0,2893.0,-1074.0,1170.0,0
134.0,-307.0,48.0,2692.0,-965.0,1206.0,0
158.0,-244.0,34.0,2190.0,-879.0,1212.0,0
162.0,-218.0,27.0,1416.0,-815.0,1207.0,0
130.0,-210.0,33.0,484.0,-779.0,1207.0,0
96.0,-243.0,46.0,-430.0,-794.0,1204.0,0
67.0,-285.0,52.0,-1206.0,-873.0,1191.0,0
35.0,-322.0,52.0,-1791.0,-984.0,1151.0,0
6.0,-347.0,49.0,-2133.0,-1084.0,1083.0,0
-10.0,-368.0,38.0,-2227.0,-1128.0,1011.0,0
-33.0,-374.0,30.0,-2110.0,-1090.0,935.0,0
-43.0,-371.0,18.0,-1832.0,-982.0,866.0,0
-61.0,-355.0,-7.0,-1446.0,-829.0,813.0,0
-67.0,-332.0,-26.0,-1039.0,-663.0,770.0,0
-58.0,-306.0,-40.0,-672.0,-533.0,702.0,0
-59.0,-268.0,-39.0,-332.0,-466.0,588.0,0
-59.0,-223.0,-43.0,5.0,-445.0,461.0,0
-62.0,-166.0,-51.0,334.0,-440.0,361.0,0
-52.0,-122.0,-40.0,650.0,-458.0,268.0,0
-41.0,-75.0,-41.0,910.0,-518.0,160.0,0
-38.0,-23.0,-50.0,1233.0,-581.0,45.0,0
-31.0,22.0,-59.0,1515.0,-634.0,-63.0,0
-14.0,67.0,-72.0,1718.0,-638.0,-152.0,0
-6.0,114.0,-86.0,1820.0,-615.0,-278.0,0
-1.0,143.0,-104.0,1770.0,-572.0,-385.0,0
4.0,156.0,-113.0,1559.0,-513.0,-453.0,0
5.0,157.0,-113.0,1235.0,-442.0,-512.0,0
0.0,155.0,-112.0,851.0,-371.0,-583.0,0
-1.0,139.0,-91.0,460.0,-318.0,-636.0,0
2.0,106.0,-71.0,120.0,-295.0,-664.0,0
15.0,70.0,-56.0,-128.0,-298.0,-684.0,0
26.0,35.0,-39.0,-283.0,-304.0,-696.0,0
30.0,16.0,-37.0,-354.0,-293.0,-686.0,0
28.0,2.0,-47.0,-350.0,-257.0,-648.0,0
19.0,-12.0,-61.0,-302.0,-210.0,-595.0,0
12.0,-29.0,-75.0,-244.0,-169.0,-553.0,0
7.0,-32.0,-81.0,-177.0,-150.0,-540.0,0
6.0,-37.0,-97.0,-100.0,-158.0,-545.0,0
14.0,-42.0,-109.0,-48.0,-185.0,-560.0,0
18.0,-44.0,-113.0,-31.0,-221.0,-576.0,0
22.0,-43.0,-119.0,-24.0,-251.0,-586.0,0
22.0,-40.0,-116.0,-16.0,-260.0,-582.0,0
16.0,-35.0,-102.0,20.0,-246.0,-554.0,0
8.0,-28.0,-97.0,100.0,-216.0,-506.0,0
0.0,-33.0,-98.0,200.0,-180.0,-439.0,0
-1.0,-30.0,-114.0,306.0,-148.0,-367.0,0
-17.0,-11.0,-164.0,407.0,-157.0,-301.0,0
-37.0,5.0,-266.0,424.0,-251.0,-251.0,0
-60.0,-15.0,-338.0,290.0,-385.0,-204.0,0
-90.0,-38.0,-394.0,-76.0,-435.0,-105.0,0
-91.0,-68.0,-474.0,-611.0,-446.0,31.0,0
-58.0,-158.0,-437.0,-1192.0,-560.0,233.0,0
37.0,-296.0,-228.0,-1463.0,-623.0,451.0,0
79.0,-430.0,3.0,-1302.0,-467.0,728.0,0
31.0,-557.0,216.0,-980.0,-233.0,1015.0,0
-37.0,-605.0,248.0,-662.0,-209.0,1206.0,0
-93.0,-628.0,151.0,-345.0,-392.0,1314.0,0
-104.0,-657.0,41.0,-132.0,-511.0,1467.0,0
-83.0,-697.0,-63.0,-120.0,-585.0,1634.0,0
-52.0,-757.0,-148.0,-359.0,-789.0,1680.0,0
-21.0,-835.0,-212.0,-801.0,-1128.0,1495.0,0
15.0,-907.0,-251.0,-1262.0,-1330.0,1029.0,0
16.0,-937.0,-213.0,-1534.0,-1122.0,313.0,0
-28.0,-921.0,-120.0,-1359.0,-553.0,-491.0,0
-68.0,-889.0,-36.0,-662.0,67.0,-1122.0,0
-94.0,-824.0,25.0,318.0,498.0,-1517.0,0
-95.0,-742.0,69.0,1319.0,707.0,-1725.0,0
-82.0,-658.0,95.0,2160.0,767.0,-1821.0,0
-65.0,-567.0,102.0,2714.0,704.0,-1874.0,0
-43.0,-476.0,94.0,2898.0,549.0,-1922.0,0
-42.0,-375.0,90.0,2695.0,383.0,-1951.0,0
-50.0,-277.0,89.0,2162.0,282.0,-1929.0,0
-39.0,-199.0,74.0,1390.0,278.0,-1811.0,0
8.0,-173.0,52.0,467.0,376.0,-1653.0,0
55.0,-204.0,44.0,-501.0,581.0,-1521.0,0
92.0,-258.0,47.0,-1384.0,915.0,-1408.0,0
119.0,-311.0,55.0,-1959.0,1264.0,-1264.0,0
135.0,-349.0,52.0,-2430.0,1506.0,-1078.0,0
149.0,-384.0,45.0,-2646.0,1599.0,-866.0,0
160.0,-405.0,35.0,-2648.0,1605.0,-696.0,0
171.0,-407.0,23.0,-2457.0,1521.0,-510.0,0
182.0,-390.0,10.0,-2093.0,1420.0,-378.0,0
170.0,-355.0,-14.0,-1609.0,1365.0,-290.0,0
142.0,-311.0,-30.0,-1078.0,1386.0,-234.0,0
103.0,-262.0,-49.0,-555.0,1462.0,-173.0,0
58.0,-211.0,-68.0,-82.0,1558.0,-110.0,0
14.0,-164.0,-72.0,297.0,1642.0,-36.0,0
-14.0,-116.0,-74.0,588.0,1691.0,51.0,0
-39.0,-68.0,-66.0,809.0,1692.0,137.0,0
-49.0,-33.0,-63.0,997.0,1645.0,218.0,0
-55.0,-1.0,-66.0,1175.0,1545.0,300.0,0
-46.0,26.0,-69.0,1343.0,1388.0,381.0,0
-27.0,48.0,-79.0,1490.0,1186.0,455.0,0
-6.0,70.0,-83.0,1583.0,968.0,514.0,0
12.0,77.0,-97.0,1614.0,772.0,566.0,0
31.0,79.0,-109.0,1546.0,622.0,618.0,0
47.0,76.0,-122.0,1359.0,510.0,666.0,0
64.0,65.0,-109.0,1050.0,414.0,700.0,0
65.0,44.0,-99.0,668.0,331.0,701.0,0
70.0,30.0,-82.0,294.0,266.0,668.0,0
72.0,10.0,-65.0,21.0,243.0,613.0,0
63.0,-2.0,-57.0,-122.0,256.0,549.0,0
54.0,-11.0,-49.0,-157.0,303.0,479.0,0
40.0,-14.0,-56.0,-114.0,380.0,420.0,0
27.0,-11.0,-61.0,-36.0,489.0,392.0,0
14.0,-9.0,-64.0,40.0,619.0,398.0,0
5.0,1.0,-58.0,144.0,724.0,424.0,0
-11.0,8.0,-54.0,251.0,839.0,461.0,0
-28.0,13.0,-46.0,354.0,923.0,489.0,0
-38.0,13.0,-45.0,435.0,962.0,517.0,0
-51.0,16.0,-62.0,477.0,959.0,522.0,0
-55.0,11.0,-93.0,458.0,922.0,499.0,0
-50.0,6.0,-191.0,378.0,871.0,453.0,0
-22.0,-15.0,-264.0,203.0,864.0,399.0,0
23.0,-50.0,-291.0,-43.0,910.0,344.0,0
75.0,-100.0,-319.0,-228.0,996.0,262.0,0
115.0,-138.0,-367.0,-393.0,1118.0,101.0,0
111.0,-187.0,-328.0,-769.0,1191.0,-153.0,0
43.0,-284.0,-155.0,-1307.0,935.0,-487.0,0
-38.0,-418.0,63.0,-1654.0,271.0,-839.0,0
-68.0,-563.0,220.0,-1522.0,-408.0,-1083.0,0
-22.0,-683.0,295.0,-1014.0,-739.0,-1196.0,0
53.0,-749.0,318.0,-401.0,-651.0,-1238.0,0
132.0,-753.0,244.0,173.0,-284.0,-1312.0,0
150.0,-717.0,54.0,549.0,141.0,-1520.0,0
70.0,-666.0,-201.0,462.0,525.0,-1745.0,0
-58.0,-646.0,-356.0,-217.0,869.0,-1700.0,0
-187.0,-666.0,-380.0,-1220.0,951.0,-1171.0,0
-252.0,-677.0,-310.0,-1982.0,653.0,-257.0,0
-195.0,-662.0,-197.0,-2020.0,146.0,549.0,0
-152.0,-652.0,-113.0,-1366.0,-308.0,902.0,0
-117.0,-641.0,-29.0,-335.0,-677.0,1064.0,0
-84.0,-591.0,28.0,762.0,-944.0,1179.0,0
-59.0,-546.0,57.0,1703.0,-1106.0,1245.0,0
-15.0,-492.0,77.0,2222.0,-1138.0,1336.0,0
38.0,-434.0,90.0,2521.0,-1071.0,1454.0,0
87.0,-379.0,94.0,2447.0,-990.0,1532.0,0
122.0,-335.0,91.0,2057.0,-895.0,1561.0,0
149.0,-312.0,72.0,1407.0,-816.0,1551.0,0
149.0,-300.0,53.0,564.0,-746.0,1479.0,0
117.0,-312.0,45.0,-352.0,-694.0,1352.0,0
76.0,-354.0,53.0,-1196.0,-685.0,1240.0,0
44.0,-406.0,58.0,-1850.0,-715.0,1159.0,0
14.0,-448.0,53.0,-2256.0,-767.0,1064.0,0
-14.0,-476.0,24.0,-2464.0,-820.0,950.0,0
-44.0,-488.0,-3.0,-2530.0,-880.0,827.0,0
-61.0,-486.0,-17.0,-2459.0,-928.0,731.0,0
-85.0,-464.0,-31.0,-2213.0,-934.0,694.0,0
-112.0,-430.0,-40.0,-1812.0,-903.0,708.0,0
-120.0,-388.0,-41.0,-1338.0,-864.0,719.0,0
-123.0,-342.0,-34.0,-873.0,-855.0,713.0,0
-107.0,-297.0,-41.0,-414.0,-877.0,684.0,0
-93.0,-261.0,-32.0,45.0,-890.0,607.0,0
-92.0,-199.0,-51.0,486.0,-873.0,492.0,0
-89.0,-148.0,-56.0,885.0,-849.0,374.0,0
-65.0,-106.0,-52.0,1214.0,-829.0,276.0,0
-31.0,-59.0,-45.0,1498.0,-818.0,182.0,0
10.0,-11.0,-45.0,1773.0,-836.0,64.0,0
41.0,34.0,-57.0,2013.0,-876.0,-93.0,0
63.0,78.0,-72.0,2159.0,-923.0,-272.0,0
69.0,122.0,-86.0,2196.0,-956.0,-426.0,0
65.0,156.0,-96.0,2111.0,-941.0,-522.0,0
74.0,172.0,-100.0,1904.0,-889.0,-552.0,0
74.0,176.0,-105.0,1615.0,-828.0,-550.0,0
64.0,173.0,-117.0,1314.0,-770.0,-557.0,0
53.0,156.0,-114.0,856.0,-731.0,-583.0,0
43.0,132.0,-106.0,351.0,-702.0,-604.0,0
26.0,88.0,-77.0,-146.0,-682.0,-600.0,0
18.0,44.0,-45.0,-561.0,-645.0,-575.0,0
2.0,7.0,-34.0,-812.0,-593.0,-527.0,0
-2.0,-29.0,-40.0,-888.0,-531.0,-466.0,0
-10.0,-52.0,-48.0,-856.0,-448.0,-406.0,0
-15.0,-62.0,-62.0,-768.0,-353.0,-355.0,0
-20.0,-76.0,-79.0,-651.0,-268.0,-309.0,0
-19.0,-87.0,-88.0,-523.0,-194.0,-284.0,0
-16.0,-97.0,-94.0,-374.0,-131.0,-284.0,0
-5.0,-91.0,-97.0,-210.0,-87.0,-300.0,0
4.0,-94.0,-100.0,-44.0,-66.0,-317.0,0
15.0,-85.0,-89.0,125.0,-75.0,-335.0,0
26.0,-76.0,-88.0,312.0,-106.0,-356.0,0
29.0,-66.0,-83.0,510.0,-144.0,-375.0,0
34.0,-59.0,-124.0,704.0,-186.0,-384.0,0
27.0,-54.0,-197.0,829.0,-270.0,-398.0,0
11.0,-50.0,-261.0,851.0,-436.0,-438.0,0
-27.0,-47.0,-281.0,777.0,-608.0,-465.0,0
-62.0,-57.0,-299.0,588.0,-699.0,-403.0,0
-68.0,-80.0,-397.0,182.0,-706.0,-219.0,0
-7.0,-161.0,-340.0,-480.0,-568.0,26.0,0
49.0,-298.0,-91.0,-1075.0,-230.0,296.0,0
57.0,-431.0,132.0,-1272.0,161.0,606.0,0
26.0,-544.0,270.0,-1164.0,359.0,928.0,0
-27.0,-607.0,278.0,-919.0,247.0,1167.0,0
-69.0,-645.0,173.0,-668.0,49.0,1363.0,0
-66.0,-667.0,13.0,-598.0,-85.0,1567.0,0
-33.0,-691.0,-147.0,-770.0,-339.0,1704.0,0
7.0,-746.0,-250.0,-1218.0,-676.0,1672.0,0
52.0,-818.0,-270.0,-1722.0,-1054.0,1367.0,0
55.0,-875.0,-225.0,-2021.0,-1064.0,920.0,0
-8.0,-873.0,-136.0,-1904.0,-599.0,221.0,0
-72.0,-859.0,-59.0,-1303.0,72.0,-432.0,0
-118.0,-821.0,-8.0,-426.0,668.0,-969.0,0
-130.0,-755.0,43.0,476.0,1062.0,-1395.0,0
-130.0,-675.0,70.0,1226.0,1222.0,-1705.0,0
-120.0,-594.0,73.0,1718.0,1186.0,-1909.0,0
-101.0,-515.0,55.0,1885.0,1049.0,-2024.0,0
-79.0,-420.0,47.0,1732.0,887.0,-2105.0,0
-75.0,-347.0,45.0,1336.0,763.0,-2183.0,0
-66.0,-285.0,39.0,772.0,702.0,-2211.0,0
-43.0,-247.0,25.0,119.0,694.0,-2140.0,0
5.0,-247.0,10.0,-578.0,741.0,-1996.0,0
47.0,-274.0,22.0,-1251.0,895.0,-1823.0,0
100.0,-318.0,41.0,-1793.0,1149.0,-1629.0,0
135.0,-359.0,52.0,-2122.0,1415.0,-1430.0,0
158.0,-386.0,76.0,-2251.0,1632.0,-1235.0,0
175.0,-401.0,88.0,-2211.0,1782.0,-1036.0,0
190.0,-395.0,94.0,-2049.0,1849.0,-848.0,0
199.0,-372.0,82.0,-1809.0,1862.0,-673.0,0
203.0,-340.0,69.0,-1522.0,1852.0,-528.0,0
192.0,-293.0,44.0,-1211.0,1847.0,-427.0,0
167.0,-242.0,23.0,-869.0,1859.0,-361.0,0
133.0,-187.0,-16.0,-531.0,1878.0,-278.0,0
100.0,-134.0,-43.0,-225.0,1898.0,-172.0,0
71.0,-79.0,-67.0,47.0,1919.0,-52.0,0
63.0,-42.0,-94.0,253.0,1942.0,65.0,0
43.0,18.0,-114.0,483.0,1942.0,170.0,0
23.0,59.0,-118.0,715.0,1890.0,270.0,0
4.0,89.0,-125.0,941.0,1756.0,362.0,0
-8.0,106.0,-130.0,1101.0,1521.0,486.0,0
-26.0,116.0,-130.0,1149.0,1211.0,569.0,0
-49.0,123.0,-123.0,1064.0,874.0,651.0,0
-74.0,110.0,-113.0,880.0,566.0,748.0,0
-95.0,74.0,-90.0,622.0,309.0,865.0,0
-90.0,29.0,-63.0,350.0,105.0,993.0,0
-79.0,-13.0,-38.0,154.0,-65.0,1054.0,0
-71.0,-44.0,-33.0,89.0,-178.0,1032.0,0
-62.0,-67.0,-38.0,159.0,-205.0,979.0,0
-53.0,-82.0,-48.0,325.0,-167.0,916.0,0
-40.0,-83.0,-60.0,526.0,-91.0,838.0,0
-30.0,-73.0,-81.0,702.0,10.0,754.0,0
-18.0,-59.0,-87.0,824.0,122.0,680.0,0
-4.0,-40.0,-100.0,888.0,236.0,629.0,0
2.0,-7.0,-107.0,894.0,340.0,604.0,0
5.0,18.0,-111.0,850.0,430.0,599.0,0
3.0,42.0,-110.0,744.0,512.0,612.0,0
-9.0,50.0,-97.0,588.0,568.0,628.0,0
-21.0,44.0,-77.0,399.0,592.0,649.0,0
-31.0,34.0,-50.0,208.0,570.0,650.0,0
-48.0,19.0,-19.0,42.0,483.0,622.0,0
-64.0,2.0,9.0,-66.0,338.0,579.0,0
-77.0,-17.0,23.0,-113.0,155.0,531.0,0
-74.0,-35.0,-16.0,-111.0,-33.0,483.0,0
-57.0,-42.0,-145.0,-81.0,-152.0,438.0,0
3.0,-52.0,-199.0,-51.0,-68.0,398.0,0
90.0,-84.0,-300.0,27.0,256.0,320.0,0
187.0,-117.0,-469.0,181.0,679.0,164.0,0
255.0,-148.0,-640.0,37.0,1323.0,-89.0,0
280.0,-241.0,-531.0,-721.0,1683.0,-414.0,0
185.0,-395.0,-174.0,-1593.0,1076.0,-979.0,0
118.0,-578.0,87.0,-1767.0,-73.0,-1463.0,0
150.0,-697.0,222.0,-1338.0,-850.0,-1686.0,0
217.0,-767.0,310.0,-909.0,-1169.0,-1782.0,0
228.0,-825.0,268.0,-584.0,-1312.0,-1930.0,0
156.0,-859.0,-36.0,-270.0,-1158.0,-2092.0,0
74.0,-870.0,-328.0,-374.0,-378.0,-2026.0,0
-74.0,-908.0,-445.0,-1185.0,832.0,-1621.0,0
-295.0,-949.0,-436.0,-2247.0,1762.0,-864.0,0
-406.0,-975.0,-302.0,-3025.0,1815.0,182.0,0
-349.0,-959.0,-144.0,-2972.0,1006.0,1150.0,0
-259.0,-930.0,-19.0,-1880.0,-146.0,1664.0,0
-174.0,-865.0,39.0,-131.0,-1094.0,1746.0,0
-107.0,-766.0,57.0,1646.0,-1613.0,1575.0,0
-44.0,-644.0,67.0,3037.0,-1736.0,1302.0,0
11.0,-504.0,72.0,3856.0,-1548.0,1060.0,0
71.0,-361.0,74.0,4138.0,-1244.0,901.0,0
127.0,-237.0,70.0,3937.0,-980.0,838.0,0
157.0,-144.0,63.0,3304.0,-827.0,832.0,0
164.0,-106.0,48.0,2322.0,-796.0,849.0,0
141.0,-105.0,38.0,1117.0,-845.0,857.0,0
110.0,-141.0,36.0,-108.0,-911.0,880.0,0
92.0,-214.0,49.0,-1151.0,-998.0,904.0,0
71.0,-272.0,49.0,-1906.0,-1105.0,873.0,0
55.0,-334.0,74.0,-2331.0,-1167.0,824.0,0
24.0,-360.0,69.0,-2442.0,-1129.0,815.0,0
-12.0,-370.0,54.0,-2364.0,-1009.0,878.0,0
-35.0,-360.0,32.0,-2123.0,-893.0,992.0,0
-43.0,-328.0,3.0,-1797.0,-775.0,1123.0,0
-43.0,-291.0,-28.0,-1428.0,-703.0,1205.0,0
-38.0,-261.0,-49.0,-1091.0,-673.0,1235.0,0
-41.0,-229.0,-67.0,-804.0,-683.0,1171.0,0
-35.0,-195.0,-75.0,-555.0,-707.0,1079.0,0
-22.0,-176.0,-66.0,-314.0,-745.0,978.0,0
-4.0,-140.0,-42.0,-34.0,-786.0,857.0,0
3.0,-110.0,-43.0,331.0,-835.0,704.0,0
15.0,-65.0,-43.0,717.0,-845.0,488.0,0
8.0,-30.0,-63.0,1096.0,-793.0,219.0,0
13.0,10.0,-85.0,1386.0,-666.0,-69.0,0
20.0,44.0,-95.0,1527.0,-500.0,-324.0,0
13.0,63.0,-110.0,1533.0,-333.0,-522.0,0
5.0,96.0,-98.0,1440.0,-182.0,-696.0,0
-10.0,110.0,-105.0,1300.0,-54.0,-820.0,0
-18.0,128.0,-97.0,1102.0,41.0,-880.0,0
-2.0,129.0,-83.0,859.0,88.0,-888.0,0
6.0,110.0,-70.0,585.0,92.0,-880.0,0
10.0,97.0,-48.0,315.0,66.0,-863.0,0
12.0,80.0,-42.0,86.0,16.0,-810.0,0
15.0,71.0,-43.0,-72.0,-41.0,-723.0,0
19.0,61.0,-59.0,-159.0,-78.0,-624.0,0
20.0,49.0,-80.0,-196.0,-83.0,-524.0,0
14.0,40.0,-94.0,-216.0,-65.0,-441.0,0
7.0,30.0,-115.0,-236.0,-49.0,-389.0,0
3.0,20.0,-130.0,-275.0,-57.0,-372.0,0
1.0,9.0,-137.0,-333.0,-96.0,-383.0,0
3.0,-6.0,-132.0,-417.0,-150.0,-399.0,0
1.0,-19.0,-127.0,-480.0,-202.0,-402.0,0
3.0,-35.0,-116.0,-530.0,-230.0,-397.0,0
2.0,-49.0,-107.0,-526.0,-246.0,-385.0,0
-2.0,-54.0,-89.0,-457.0,-235.0,-370.0,0
-7.0,-58.0,-77.0,-320.0,-197.0,-344.0,0
-12.0,-61.0,-64.0,-131.0,-151.0,-308.0,0
-13.0,-62.0,-80.0,86.0,-108.0,-257.0,0
-10.0,-63.0,-144.0,274.0,-83.0,-199.0,0
-7.0,-61.0,-219.0,334.0,-116.0,-139.0,0
-18.0,-65.0,-270.0,225.0,-193.0,-107.0,0
-36.0,-76.0,-320.0,-7.0,-192.0,-73.0,0
-47.0,-96.0,-443.0,-384.0,-115.0,22.0,0
-34.0,-165.0,-498.0,-987.0,-148.0,197.0,0
46.0,-312.0,-323.0,-1525.0,-239.0,409.0,0
93.0,-468.0,-60.0,-1543.0,-183.0,643.0,0
75.0,-600.0,149.0,-1158.0,0.0,849.0,0
9.0,-665.0,222.0,-723.0,18.0,964.0,0
-52.0,-687.0,127.0,-430.0,-229.0,1055.0,0
-80.0,-714.0,-21.0,-309.0,-429.0,1205.0,0
-71.0,-767.0,-144.0,-353.0,-459.0,1363.0,0
-50.0,-833.0,-210.0,-516.0,-443.0,1372.0,0
-21.0,-882.0,-213.0,-704.0,-410.0,1133.0,0
2.0,-894.0,-176.0,-828.0,-287.0,646.0,0
-23.0,-857.0,-104.0,-707.0,12.0,-22.0,0
-49.0,-811.0,-50.0,-236.0,380.0,-581.0,0
-77.0,-734.0,4.0,450.0,652.0,-916.0,0
-95.0,-664.0,36.0,1176.0,751.0,-1122.0,0
-95.0,-596.0,57.0,1809.0,699.0,-1287.0,0
-94.0,-524.0,65.0,2281.0,566.0,-1462.0,0
-89.0,-444.0,62.0,2486.0,420.0,-1637.0,0
-88.0,-368.0,50.0,2458.0,330.0,-1789.0,0
-96.0,-297.0,47.0,2106.0,266.0,-1880.0,0
-100.0,-236.0,37.0,1503.0,251.0,-1901.0,0
-89.0,-219.0,23.0,749.0,264.0,-1871.0,0
-72.0,-218.0,11.0,-66.0,307.0,-1801.0,0
-39.0,-247.0,19.0,-848.0,407.0,-1703.0,0
2.0,-286.0,34.0,-1481.0,591.0,-1562.0,0
43.0,-326.0,45.0,-1913.0,795.0,-1392.0,0
72.0,-350.0,56.0,-2152.0,953.0,-1203.0,0
111.0,-379.0,66.0,-2243.0,1058.0,-989.0,0
132.0,-394.0,76.0,-2220.0,1108.0,-755.0,0
157.0,-388.0,79.0,-2078.0,1108.0,-522.0,0
176.0,-367.0,64.0,-1820.0,1057.0,-331.0,0
182.0,-334.0,41.0,-1472.0,957.0,-196.0,0
170.0,-290.0,5.0,-1076.0,855.0,-91.0,0
155.0,-237.0,-24.0,-664.0,803.0,-11.0,0
132.0,-182.0,-53.0,-254.0,832.0,73.0,0
114.0,-124.0,-73.0,137.0,933.0,169.0,0
88.0,-66.0,-81.0,485.0,1063.0,245.0,0
66.0,-15.0,-81.0,792.0,1187.0,304.0,0
55.0,25.0,-79.0,1051.0,1273.0,356.0,0
59.0,59.0,-80.0,1222.0,1290.0,402.0,0
57.0,85.0,-89.0,1274.0,1229.0,442.0,0
59.0,104.0,-90.0,1219.0,1098.0,482.0,0
63.0,108.0,-105.0,1081.0,931.0,528.0,0
64.0,93.0,-114.0,848.0,779.0,570.0,0
63.0,63.0,-119.0,528.0,666.0,596.0,0
54.0,19.0,-107.0,185.0,616.0,618.0,0
48.0,-33.0,-84.0,-96.0,613.0,625.0,0
35.0,-80.0,-60.0,-226.0,629.0,583.0,0
23.0,-114.0,-46.0,-206.0,643.0,516.0,0
11.0,-128.0,-45.0,-51.0,652.0,469.0,0
7.0,-134.0,-51.0,186.0,673.0,458.0,0
8.0,-119.0,-74.0,428.0,708.0,447.0,0
1.0,-86.0,-90.0,637.0,762.0,417.0,0
-2.0,-57.0,-103.0,786.0,827.0,385.0,0
-11.0,-22.0,-103.0,887.0,887.0,367.0,0
-26.0,8.0,-97.0,968.0,926.0,373.0,0
-38.0,29.0,-96.0,1025.0,935.0,412.0,0
-46.0,44.0,-97.0,1037.0,909.0,484.0,0
-49.0,53.0,-115.0,982.0,858.0,546.0,0
-45.0,59.0,-210.0,841.0,807.0,564.0,0
-24.0,54.0,-289.0,571.0,839.0,543.0,0
17.0,19.0,-340.0,211.0,981.0,509.0,0
65.0,-31.0,-385.0,-129.0,1226.0,459.0,0
125.0,-76.0,-398.0,-445.0,1498.0,363.0,0
135.0,-149.0,-314.0,-905.0,1553.0,158.0,0
57.0,-265.0,-103.0,-1430.0,999.0,-197.0,0
-42.0,-433.0,132.0,-1646.0,-18.0,-576.0,0
-94.0,-600.0,253.0,-1313.0,-863.0,-865.0,0
-61.0,-727.0,299.0,-746.0,-1233.0,-1063.0,0
10.0,-798.0,294.0,-322.0,-1213.0,-1236.0,0
28.0,-808.0,152.0,-95.0,-935.0,-1478.0,0
-47.0,-776.0,-101.0,-67.0,-443.0,-1773.0,0
-208.0,-748.0,-329.0,-516.0,258.0,-1890.0,0
-361.0,-751.0,-394.0,-1454.0,892.0,-1536.0,0
-404.0,-773.0,-333.0,-2329.0,969.0,-719.0,0
-294.0,-753.0,-239.0,-2485.0,379.0,140.0,0
-210.0,-734.0,-163.0,-1771.0,-446.0,536.0,0
-133.0,-700.0,-94.0,-810.0,-1156.0,694.0,0
-60.0,-644.0,-28.0,545.0,-1613.0,790.0,0
-2.0,-571.0,20.0,1807.0,-1798.0,826.0,0
28.0,-486.0,44.0,2799.0,-1825.0,822.0,0
60.0,-397.0,58.0,3377.0,-1689.0,826.0,0
115.0,-314.0,75.0,3487.0,-1491.0,895.0,0
177.0,-252.0,78.0,3159.0,-1329.0,1024.0,0
225.0,-197.0,47.0,2437.0,-1256.0,1137.0,0
254.0,-174.0,23.0,1386.0,-1234.0,1189.0,0
257.0,-178.0,-6.0,159.0,-1203.0,1196.0,0
228.0,-230.0,-11.0,-1038.0,-1128.0,1222.0,0
175.0,-335.0,17.0,-2039.0,-1013.0,1258.0,0
125.0,-408.0,44.0,-2754.0,-922.0,1237.0,0
77.0,-467.0,60.0,-3109.0,-903.0,1173.0,0
33.0,-503.0,52.0,-3104.0,-939.0,1108.0,0
-6.0,-500.0,28.0,-2812.0,-983.0,1074.0,0
-38.0,-475.0,5.0,-2336.0,-996.0,1070.0,0
-58.0,-438.0,-20.0,-1732.0,-987.0,1076.0,0
-72.0,-387.0,-22.0,-1041.0,-983.0,1094.0,0
-75.0,-328.0,-31.0,-339.0,-968.0,1109.0,0
-79.0,-260.0,-36.0,286.0,-932.0,1089.0,0
-82.0,-191.0,-27.0,818.0,-878.0,1014.0,0
-93.0,-125.0,-33.0,1251.0,-808.0,902.0,0
-92.0,-67.0,-47.0,1573.0,-739.0,784.0,0
-82.0,-17.0,-55.0,1770.0,-702.0,661.0,0
-62.0,27.0,-66.0,1861.0,-716.0,505.0,0
-32.0,62.0,-85.0,1869.0,-782.0,308.0,0
-5.0,85.0,-111.0,1790.0,-871.0,92.0,0
8.0,95.0,-127.0,1612.0,-935.0,-124.0,0
35.0,110.0,-124.0,1402.0,-969.0,-342.0,0
77.0,121.0,-146.0,1235.0,-990.0,-563.0,0
73.0,129.0,-165.0,1020.0,-985.0,-725.0,0
63.0,118.0,-143.0,764.0,-910.0,-766.0,0
58.0,71.0,-133.0,471.0,-756.0,-745.0,0
66.0,58.0,-78.0,193.0,-599.0,-725.0,0
37.0,17.0,-65.0,-19.0,-487.0,-738.0,0
22.0,-5.0,-12.0,-124.0,-408.0,-715.0,0
13.0,-28.0,3.0,-86.0,-368.0,-625.0,0
0.0,-36.0,-14.0,54.0,-348.0,-509.0,0
-6.0,-35.0,-28.0,226.0,-305.0,-409.0,0
-8.0,-29.0,-58.0,396.0,-225.0,-333.0,0
-17.0,-25.0,-84.0,513.0,-117.0,-298.0,0
-29.0,-18.0,-114.0,550.0,-12.0,-303.0,0
-32.0,-15.0,-133.0,510.0,62.0,-324.0,0
-28.0,-26.0,-150.0,408.0,87.0,-353.0,0
-17.0,-31.0,-145.0,264.0,60.0,-390.0,0
-7.0,-34.0,-137.0,123.0,-5.0,-427.0,0
4.0,-47.0,-101.0,34.0,-92.0,-460.0,0
11.0,-52.0,-74.0,37.0,-173.0,-481.0,0
20.0,-54.0,-31.0,133.0,-215.0,-483.0,0
20.0,-52.0,-9.0,314.0,-205.0,-472.0,0
45.0,-61.0,-25.0,547.0,-136.0,-455.0,0
42.0,-57.0,-89.0,734.0,-64.0,-438.0,0
27.0,-56.0,-177.0,776.0,-87.0,-414.0,0
-2.0,-60.0,-207.0,681.0,-233.0,-394.0,0
-56.0,-79.0,-251.0,472.0,-392.0,-327.0,0
-87.0,-93.0,-358.0,33.0,-503.0,-156.0,0
-55.0,-157.0,-450.0,-760.0,-480.0,104.0,0
46.0,-306.0,-240.0,-1633.0,-113.0,382.0,0
61.0,-482.0,55.0,-2000.0,428.0,653.0,0
31.0,-628.0,213.0,-2043.0,706.0,891.0,0
-70.0,-710.0,196.0,-1959.0,600.0,1058.0,0
-138.0,-783.0,180.0,-1860.0,358.0,1226.0,0
-123.0,-849.0,83.0,-1735.0,220.0,1534.0,0
-96.0,-912.0,-64.0,-1693.0,-69.0,1747.0,0
-25.0,-987.0,-217.0,-1853.0,-549.0,1628.0,0
56.0,-1019.0,-270.0,-2024.0,-886.0,1071.0,0
70.0,-977.0,-265.0,-1849.0,-676.0,184.0,0
21.0,-896.0,-142.0,-1152.0,36.0,-677.0,0
-26.0,-805.0,-44.0,-110.0,783.0,-1262.0,0
-58.0,-697.0,26.0,992.0,1235.0,-1603.0,0
-56.0,-584.0,63.0,1937.0,1410.0,-1764.0,0
-33.0,-482.0,72.0,2549.0,1405.0,-1817.0,0
5.0,-386.0,72.0,2690.0,1279.0,-1824.0,0
17.0,-327.0,71.0,2334.0,1077.0,-1814.0,0
-11.0,-257.0,72.0,1595.0,877.0,-1779.0,0
-22.0,-185.0,69.0,681.0,769.0,-1717.0,0
-18.0,-179.0,59.0,-235.0,747.0,-1638.0,0
-21.0,-158.0,8.0,-1100.0,797.0,-1546.0,0
-21.0,-211.0,39.0,-1841.0,914.0,-1422.0,0
15.0,-255.0,30.0,-2351.0,1098.0,-1254.0,0
49.0,-307.0,17.0,-2657.0,1291.0,-1065.0,0
68.0,-341.0,28.0,-2749.0,1456.0,-872.0,0
70.0,-357.0,43.0,-2639.0,1573.0,-701.0,0
86.0,-373.0,58.0,-2406.0,1626.0,-557.0,0
106.0,-375.0,66.0,-2101.0,1628.0,-434.0,0
114.0,-351.0,60.0,-1764.0,1601.0,-355.0,0
115.0,-310.0,46.0,-1437.0,1568.0,-326.0,0
92.0,-275.0,43.0,-1140.0,1537.0,-306.0,0
65.0,-232.0,23.0,-865.0,1497.0,-252.0,0
48.0,-184.0,10.0,-649.0,1431.0,-158.0,0
18.0,-135.0,1.0,-369.0,1360.0,-55.0,0
3.0,-101.0,-13.0,-72.0,1255.0,32.0,0
-2.0,-70.0,-32.0,238.0,1140.0,97.0,0
1.0,-37.0,-55.0,549.0,1027.0,169.0,0
1.0,-9.0,-78.0,845.0,915.0,247.0,0
6.0,6.0,-90.0,1130.0,793.0,303.0,0
13.0,28.0,-115.0,1342.0,649.0,381.0,0
23.0,47.0,-121.0,1444.0,502.0,478.0,0
17.0,60.0,-148.0,1434.0,384.0,573.0,0
9.0,61.0,-153.0,1316.0,317.0,656.0,0
0.0,57.0,-152.0,1107.0,304.0,731.0,0
-5.0,38.0,-139.0,843.0,317.0,785.0,0
-2.0,13.0,-111.0,587.0,307.0,790.0,0
-7.0,-1.0,-96.0,421.0,252.0,734.0,0
8.0,-18.0,-75.0,347.0,174.0,658.0,0
17.0,-31.0,-65.0,349.0,110.0,572.0,0
31.0,-31.0,-59.0,385.0,91.0,483.0,0
27.0,-13.0,-68.0,425.0,128.0,398.0,0
30.0,-4.0,-73.0,452.0,217.0,335.0,0
21.0,10.0,-66.0,469.0,338.0,307.0,0
16.0,9.0,-62.0,482.0,470.0,312.0,0
14.0,20.0,-51.0,486.0,595.0,332.0,0
7.0,18.0,-42.0,478.0,683.0,353.0,0
-6.0,17.0,-33.0,450.0,716.0,368.0,0
-14.0,10.0,-35.0,400.0,688.0,366.0,0
-11.0,-1.0,-74.0,341.0,620.0,365.0,0
1.0,-2.0,-178.0,259.0,569.0,361.0,0
46.0,-3.0,-277.0,94.0,602.0,362.0,0
132.0,-43.0,-342.0,-145.0,748.0,331.0,0
215.0,-50.0,-490.0,-379.0,1061.0,252.0,0
305.0,-98.0,-655.0,-864.0,1461.0,98.0,0
327.0,-210.0,-628.0,-1649.0,1830.0,-246.0,0
206.0,-359.0,-329.0,-2396.0,1481.0,-707.0,0
47.0,-540.0,-8.0,-2548.0,564.0,-1272.0,0
16.0,-735.0,189.0,-2048.0,-204.0,-1575.0,0
60.0,-815.0,280.0,-1328.0,-541.0,-1711.0,0
89.0,-844.0,309.0,-534.0,-587.0,-1860.0,0
44.0,-884.0,183.0,364.0,-465.0,-2064.0,0
-68.0,-861.0,-94.0,1090.0,-87.0,-2166.0,0
-210.0,-841.0,-322.0,1078.0,589.0,-1941.0,0
-364.0,-842.0,-411.0,231.0,1197.0,-1261.0,0
-450.0,-836.0,-379.0,-928.0,1282.0,-239.0,0
-348.0,-798.0,-276.0,-1700.0,730.0,797.0,0
-233.0,-768.0,-164.0,-1651.0,-213.0,1406.0,0
-121.0,-720.0,-49.0,-900.0,-1099.0,1598.0,0
-37.0,-649.0,22.0,274.0,-1712.0,1487.0,0
25.0,-562.0,53.0,1482.0,-2006.0,1231.0,0
63.0,-457.0,69.0,2401.0,-1985.0,1017.0,0
110.0,-359.0,68.0,2850.0,-1742.0,933.0,0
161.0,-269.0,67.0,2840.0,-1452.0,951.0,0
204.0,-204.0,56.0,2457.0,-1225.0,999.0,0
227.0,-169.0,36.0,1773.0,-1079.0,1019.0,0
230.0,-156.0,25.0,891.0,-989.0,1005.0,0
201.0,-191.0,20.0,-26.0,-942.0,999.0,0
178.0,-245.0,37.0,-808.0,-948.0,1032.0,0
143.0,-308.0,56.0,-1367.0,-999.0,1095.0,0
114.0,-347.0,61.0,-1675.0,-1067.0,1157.0,0
75.0,-376.0,69.0,-1762.0,-1112.0,1227.0,0
26.0,-379.0,55.0,-1728.0,-1113.0,1318.0,0
-18.0,-370.0,52.0,-1617.0,-1081.0,1427.0,0
-54.0,-353.0,41.0,-1482.0,-1049.0,1531.0,0
-65.0,-328.0,29.0,-1352.0,-1021.0,1584.0,0
-71.0,-307.0,6.0,-1241.0,-990.0,1576.0,0
-86.0,-288.0,-12.0,-1145.0,-924.0,1482.0,0
-102.0,-275.0,-26.0,-1035.0,-812.0,1345.0,0
-113.0,-257.0,-33.0,-915.0,-654.0,1200.0,0
-116.0,-245.0,-33.0,-747.0,-497.0,1043.0,0
-112.0,-218.0,-34.0,-459.0,-406.0,849.0,0
-101.0,-186.0,-34.0,-27.0,-372.0,643.0,0
-94.0,-143.0,-45.0,501.0,-370.0,421.0,0
-75.0,-82.0,-53.0,1047.0,-393.0,136.0,0
-55.0,-17.0,-78.0,1551.0,-443.0,-177.0,0
-30.0,62.0,-112.0,1933.0,-483.0,-418.0,0
-8.0,107.0,-139.0,2145.0,-500.0,-559.0,0
5.0,141.0,-154.0,2167.0,-478.0,-653.0,0
11.0,165.0,-157.0,2011.0,-420.0,-742.0,0
13.0,181.0,-157.0,1708.0,-358.0,-810.0,0
19.0,174.0,-158.0,1264.0,-326.0,-815.0,0
36.0,140.0,-142.0,679.0,-334.0,-783.0,0
43.0,98.0,-97.0,45.0,-373.0,-769.0,0
46.0,44.0,-44.0,-480.0,-421.0,-748.0,0
43.0,-1.0,-12.0,-742.0,-468.0,-707.0,0
36.0,-35.0,-18.0,-752.0,-495.0,-642.0,0
27.0,-56.0,-31.0,-598.0,-477.0,-568.0,0
25.0,-72.0,-43.0,-351.0,-421.0,-507.0,0
19.0,-78.0,-58.0,-64.0,-344.0,-478.0,0
12.0,-89.0,-78.0,209.0,-253.0,-483.0,0
11.0,-72.0,-100.0,381.0,-170.0,-512.0,0
9.0,-65.0,-107.0,521.0,-119.0,-555.0,0
11.0,-57.0,-111.0,588.0,-87.0,-588.0,0
10.0,-46.0,-109.0,590.0,-104.0,-600.0,0
4.0,-26.0,-101.0,550.0,-158.0,-596.0,0
5.0,-18.0,-94.0,502.0,-216.0,-567.0,0
3.0,-10.0,-84.0,473.0,-242.0,-519.0,0
2.0,-6.0,-61.0,471.0,-210.0,-465.0,0
-3.0,-3.0,-38.0,506.0,-116.0,-394.0,0
1.0,-2.0,-33.0,566.0,9.0,-303.0,0
3.0,-2.0,-71.0,602.0,125.0,-211.0,0
-3.0,8.0,-152.0,541.0,164.0,-129.0,0
-26.0,12.0,-245.0,340.0,47.0,-67.0,0
-77.0,8.0,-300.0,8.0,-196.0,-11.0,0
-125.0,-17.0,-424.0,-482.0,-442.0,113.0,0
-113.0,-66.0,-621.0,-1251.0,-786.0,338.0,0
32.0,-233.0,-538.0,-2179.0,-1015.0,656.0,0
98.0,-459.0,-194.0,-2536.0,-734.0,1058.0,0
35.0,-641.0,141.0,-2181.0,-79.0,1451.0,0
-69.0,-742.0,302.0,-1656.0,285.0,1704.0,0
-153.0,-771.0,240.0,-1236.0,94.0,1809.0,0
-175.0,-793.0,121.0,-913.0,-146.0,1895.0,0
-132.0,-858.0,-112.0,-771.0,-317.0,1941.0,0
-75.0,-944.0,-251.0,-1046.0,-578.0,1827.0,0
10.0,-1048.0,-307.0,-1596.0,-912.0,1464.0,0
105.0,-1097.0,-298.0,-1956.0,-1057.0,774.0,0
114.0,-1067.0,-217.0,-1711.0,-775.0,-232.0,0
66.0,-984.0,-127.0,-763.0,-73.0,-1169.0,0
22.0,-876.0,-43.0,586.0,693.0,-1706.0,0
-12.0,-743.0,17.0,1685.0,1194.0,-1940.0,0
-30.0,-616.0,62.0,2846.0,1392.0,-1997.0,0
-41.0,-485.0,73.0,3585.0,1455.0,-1942.0,0
-41.0,-370.0,80.0,3792.0,1350.0,-1854.0,0
-42.0,-256.0,76.0,3468.0,1117.0,-1752.0,0
-57.0,-151.0,64.0,2746.0,873.0,-1696.0,0
-70.0,-75.0,55.0,1817.0,723.0,-1692.0,0
-76.0,-44.0,41.0,835.0,710.0,-1675.0,0
-74.0,-57.0,29.0,-115.0,832.0,-1612.0,0
-40.0,-121.0,36.0,-978.0,1020.0,-1484.0,0
6.0,-182.0,43.0,-1680.0,1220.0,-1326.0,0
45.0,-241.0,59.0,-2178.0,1417.0,-1172.0,0
91.0,-299.0,74.0,-2442.0,1596.0,-1012.0,0
120.0,-347.0,82.0,-2526.0,1705.0,-834.0,0
143.0,-374.0,80.0,-2453.0,1726.0,-642.0,0
164.0,-379.0,55.0,-2235.0,1672.0,-489.0,0
163.0,-373.0,28.0,-1919.0,1570.0,-405.0,0
155.0,-354.0,-5.0,-1553.0,1469.0,-371.0,0
127.0,-313.0,-22.0,-1158.0,1409.0,-373.0,0
95.0,-266.0,-33.0,-731.0,1402.0,-369.0,0
61.0,-217.0,-49.0,-278.0,1423.0,-324.0,0
29.0,-158.0,-69.0,182.0,1453.0,-260.0,0
5.0,-104.0,-75.0,609.0,1472.0,-180.0,0
-11.0,-58.0,-84.0,971.0,1476.0,-99.0,0
-25.0,-14.0,-87.0,1252.0,1428.0,-35.0,0
-35.0,21.0,-92.0,1437.0,1315.0,18.0,0
-43.0,55.0,-108.0,1519.0,1142.0,93.0,0
-41.0,76.0,-126.0,1472.0,935.0,195.0,0
-36.0,89.0,-141.0,1299.0,736.0,316.0,0
-36.0,89.0,-151.0,1095.0,579.0,439.0,0
-37.0,70.0,-143.0,790.0,464.0,557.0,0
-37.0,29.0,-114.0,458.0,391.0,658.0,0
-37.0,-16.0,-80.0,162.0,298.0,714.0,0
-30.0,-57.0,-59.0,-18.0,186.0,726.0,0
-22.0,-71.0,-43.0,-50.0,80.0,685.0,0
-11.0,-83.0,-55.0,53.0,15.0,622.0,0
0.0,-81.0,-66.0,236.0,13.0,548.0,0
6.0,-62.0,-83.0,432.0,66.0,477.0,0
12.0,-43.0,-87.0,603.0,158.0,418.0,0
18.0,-19.0,-94.0,739.0,268.0,371.0,0
13.0,8.0,-88.0,837.0,378.0,330.0,0
3.0,30.0,-85.0,884.0,471.0,317.0,0
1.0,42.0,-82.0,879.0,532.0,327.0,0
-2.0,51.0,-79.0,821.0,555.0,334.0,0
-8.0,46.0,-89.0,718.0,539.0,327.0,0
4.0,49.0,-155.0,565.0,505.0,322.0,0
34.0,42.0,-244.0,324.0,536.0,310.0,0
72.0,12.0,-323.0,22.0,710.0,313.0,0
132.0,-41.0,-371.0,-205.0,1028.0,336.0,0
200.0,-89.0,-413.0,-367.0,1387.0,308.0,0
233.0,-172.0,-341.0,-705.0,1513.0,140.0,0
167.0,-311.0,-96.0,-1137.0,1106.0,-202.0,0
59.0,-478.0,135.0,-1217.0,339.0,-581.0,0
-2.0,-619.0,257.0,-839.0,-303.0,-835.0,0
22.0,-708.0,297.0,-312.0,-620.0,-994.0,0
103.0,-742.0,291.0,157.0,-720.0,-1208.0,0
149.0,-727.0,216.0,568.0,-721.0,-1572.0,0
130.0,-706.0,40.0,872.0,-497.0,-1956.0,0
70.0,-695.0,-165.0,724.0,95.0,-2059.0,0
-84.0,-712.0,-297.0,94.0,840.0,-1762.0,0
-268.0,-740.0,-334.0,-1134.0,1225.0,-1007.0,0
-353.0,-777.0,-316.0,-2292.0,1172.0,-168.0,0
-284.0,-764.0,-242.0,-2875.0,604.0,757.0,0
-228.0,-755.0,-146.0,-2590.0,-164.0,1195.0,0
-171.0,-726.0,-40.0,-1585.0,-836.0,1358.0,0
-113.0,-678.0,43.0,-179.0,-1272.0,1405.0,0
-63.0,-608.0,84.0,1301.0,-1460.0,1384.0,0
-29.0,-528.0,98.0,2540.0,-1480.0,1319.0,0
5.0,-445.0,92.0,3320.0,-1417.0,1260.0,0
54.0,-335.0,89.0,3562.0,-1314.0,1227.0,0
86.0,-257.0,85.0,3311.0,-1211.0,1182.0,0
97.0,-199.0,76.0,2641.0,-1153.0,1101.0,0
84.0,-181.0,63.0,1659.0,-1160.0,999.0,0
55.0,-217.0,55.0,498.0,-1210.0,924.0,0
30.0,-283.0,68.0,-668.0,-1262.0,908.0,0
9.0,-352.0,76.0,-1611.0,-1308.0,901.0,0
-12.0,-412.0,83.0,-2213.0,-1335.0,893.0,0
-22.0,-451.0,68.0,-2466.0,-1354.0,883.0,0
-37.0,-465.0,45.0,-2464.0,-1366.0,872.0,0
-55.0,-459.0,18.0,-2285.0,-1356.0,873.0,0
-65.0,-432.0,-17.0,-1977.0,-1322.0,891.0,0
-67.0,-392.0,-36.0,-1622.0,-1273.0,938.0,0
-48.0,-354.0,-48.0,-1260.0,-1218.0,974.0,0
-37.0,-316.0,-49.0,-877.0,-1147.0,963.0,0
-26.0,-273.0,-46.0,-480.0,-1073.0,901.0,0
-20.0,-231.0,-50.0,-94.0,-1022.0,811.0,0
-4.0,-188.0,-58.0,256.0,-992.0,721.0,0
18.0,-151.0,-64.0,572.0,-977.0,606.0,0
50.0,-96.0,-52.0,876.0,-965.0,471.0,0
65.0,-43.0,-52.0,1132.0,-940.0,315.0,0
79.0,-2.0,-64.0,1437.0,-900.0,149.0,0
85.0,37.0,-75.0,1655.0,-819.0,-23.0,0
84.0,77.0,-73.0,1747.0,-710.0,-162.0,0
70.0,114.0,-83.0,1756.0,-609.0,-304.0,0
65.0,136.0,-84.0,1704.0,-514.0,-393.0,0
52.0,147.0,-86.0,1598.0,-440.0,-447.0,0
32.0,154.0,-94.0,1421.0,-389.0,-479.0,0
8.0,146.0,-101.0,1154.0,-368.0,-466.0,0
-16.0,132.0,-98.0,804.0,-362.0,-410.0,0
-26.0,100.0,-83.0,398.0,-357.0,-322.0,0
-35.0,70.0,-66.0,12.0,-364.0,-261.0,0
-41.0,37.0,-55.0,-273.0,-370.0,-226.0,0
-37.0,4.0,-56.0,-421.0,-376.0,-212.0,0
-26.0,-27.0,-68.0,-441.0,-373.0,-209.0,0
-21.0,-52.0,-79.0,-367.0,-358.0,-212.0,0
-20.0,-67.0,-86.0,-243.0,-355.0,-231.0,0
-9.0,-87.0,-98.0,-93.0,-377.0,-287.0,0
0.0,-92.0,-109.0,52.0,-434.0,-383.0,0
8.0,-93.0,-113.0,160.0,-510.0,-501.0,0
18.0,-91.0,-114.0,229.0,-579.0,-606.0,0
23.0,-84.0,-106.0,275.0,-615.0,-689.0,0
29.0,-81.0,-89.0,316.0,-604.0,-744.0,0
29.0,-69.0,-78.0,368.0,-548.0,-768.0,0
26.0,-60.0,-68.0,433.0,-455.0,-762.0,0
21.0,-55.0,-61.0,507.0,-332.0,-729.0,0
8.0,-54.0,-95.0,575.0,-188.0,-672.0,0
-10.0,-46.0,-156.0,582.0,-75.0,-612.0,0
-44.0,-46.0,-243.0,506.0,-33.0,-562.0,0
-89.0,-51.0,-290.0,329.0,-16.0,-489.0,0
-138.0,-61.0,-321.0,92.0,52.0,-328.0,0
-142.0,-94.0,-391.0,-372.0,153.0,-57.0,0
-106.0,-166.0,-421.0,-1102.0,229.0,225.0,0
-36.0,-310.0,-247.0,-1847.0,380.0,444.0,0
-1.0,-487.0,26.0,-2187.0,593.0,775.0,0
-17.0,-638.0,223.0,-2091.0,689.0,1126.0,0
-70.0,-750.0,292.0,-1751.0,464.0,1420.0,0
-85.0,-795.0,223.0,-1270.0,37.0,1651.0,0
-63.0,-813.0,45.0,-770.0,-255.0,1849.0,0
10.0,-826.0,-156.0,-550.0,-403.0,1947.0,0
94.0,-851.0,-285.0,-777.0,-568.0,1803.0,0
176.0,-881.0,-339.0,-1144.0,-689.0,1292.0,0
146.0,-842.0,-304.0,-1297.0,-500.0,471.0,0
72.0,-791.0,-209.0,-965.0,98.0,-366.0,0
9.0,-728.0,-90.0,-224.0,798.0,-946.0,0
-28.0,-653.0,16.0,712.0,1257.0,-1301.0,0
-44.0,-567.0,92.0,1656.0,1411.0,-1507.0,0
-43.0,-483.0,120.0,2401.0,1356.0,-1619.0,0
-38.0,-409.0,110.0,2780.0,1208.0,-1667.0,0
-11.0,-346.0,90.0,2706.0,1050.0,-1659.0,0
3.0,-292.0,74.0,2218.0,947.0,-1638.0,0
-6.0,-233.0,60.0,1458.0,931.0,-1629.0,0
-31.0,-201.0,40.0,588.0,982.0,-1629.0,0
-40.0,-190.0,27.0,-288.0,1083.0,-1575.0,0
-24.0,-218.0,26.0,-1096.0,1227.0,-1472.0,0
19.0,-296.0,47.0,-1772.0,1404.0,-1350.0,0
56.0,-355.0,67.0,-2256.0,1590.0,-1209.0,0
77.0,-401.0,87.0,-2497.0,1736.0,-1055.0,0
97.0,-432.0,94.0,-2505.0,1825.0,-906.0,0
104.0,-442.0,93.0,-2359.0,1848.0,-776.0,0
107.0,-434.0,97.0,-2164.0,1832.0,-666.0,0
118.0,-407.0,82.0,-1826.0,1801.0,-582.0,0
130.0,-369.0,64.0,-1439.0,1745.0,-527.0,0
131.0,-324.0,36.0,-1074.0,1691.0,-499.0,0
128.0,-270.0,18.0,-776.0,1654.0,-467.0,0
116.0,-217.0,-12.0,-528.0,1645.0,-420.0,0
88.0,-162.0,-25.0,-317.0,1664.0,-338.0,0
66.0,-112.0,-41.0,-145.0,1699.0,-234.0,0
45.0,-68.0,-56.0,5.0,1743.0,-108.0,0
28.0,-24.0,-59.0,184.0,1775.0,41.0,0
23.0,8.0,-64.0,428.0,1792.0,181.0,0
16.0,37.0,-68.0,707.0,1769.0,278.0,0
3.0,69.0,-87.0,986.0,1683.0,333.0,0
-30.0,88.0,-98.0,1198.0,1541.0,367.0,0
-71.0,107.0,-123.0,1286.0,1348.0,407.0,0
-107.0,109.0,-140.0,1222.0,1098.0,466.0,0
-137.0,99.0,-152.0,1025.0,817.0,555.0,0
-133.0,69.0,-142.0,708.0,552.0,675.0,0
-95.0,12.0,-122.0,358.0,318.0,790.0,0
-60.0,-27.0,-99.0,78.0,125.0,798.0,0
-32.0,-57.0,-92.0,-64.0,29.0,739.0,0
-16.0,-70.0,-85.0,-84.0,32.0,661.0,0
-6.0,-70.0,-84.0,-15.0,84.0,580.0,0
2.0,-64.0,-85.0,86.0,147.0,504.0,0
8.0,-53.0,-74.0,195.0,200.0,450.0,0
10.0,-37.0,-67.0,322.0,242.0,417.0,0
12.0,-21.0,-61.0,451.0,277.0,418.0,0
10.0,-8.0,-51.0,556.0,314.0,442.0,0
3.0,7.0,-38.0,631.0,364.0,480.0,0
-3.0,11.0,-28.0,658.0,405.0,512.0,0
-22.0,21.0,-13.0,642.0,410.0,535.0,0
-35.0,22.0,1.0,586.0,376.0,549.0,0
-45.0,15.0,-1.0,504.0,292.0,552.0,0
-51.0,11.0,-81.0,405.0,193.0,547.0,0
-20.0,13.0,-166.0,257.0,147.0,546.0,0
34.0,1.0,-276.0,28.0,231.0,537.0,0
122.0,-25.0,-341.0,-248.0,513.0,502.0,0
227.0,-76.0,-432.0,-545.0,1032.0,421.0,0
281.0,-155.0,-526.0,-959.0,1677.0,187.0,0
260.0,-284.0,-342.0,-1639.0,1872.0,-274.0,0
130.0,-447.0,-57.0,-2184.0,1059.0,-920.0,0
33.0,-600.0,97.0,-2119.0,-237.0,-1488.0,0
54.0,-723.0,205.0,-1649.0,-1084.0,-1748.0,0
114.0,-809.0,276.0,-1084.0,-1286.0,-1806.0,0
142.0,-887.0,273.0,-492.0,-1163.0,-1920.0,0
83.0,-951.0,51.0,113.0,-813.0,-2152.0,0
-50.0,-943.0,-263.0,235.0,-71.0,-2237.0,0
-218.0,-934.0,-432.0,-485.0,867.0,-1913.0,0
-389.0,-933.0,-429.0,-1648.0,1449.0,-1106.0,0
-360.0,-899.0,-298.0,-2486.0,1213.0,-18.0,0
-255.0,-854.0,-193.0,-2362.0,310.0,820.0,0
-130.0,-779.0,-73.0,-1385.0,-634.0,1259.0,0
-58.0,-692.0,3.0,44.0,-1300.0,1373.0,0
-18.0,-580.0,54.0,1515.0,-1688.0,1271.0,0
0.0,-468.0,83.0,2702.0,-1790.0,1118.0,0
24.0,-359.0,90.0,3415.0,-1670.0,1043.0,0
83.0,-250.0,92.0,3602.0,-1489.0,1071.0,0
134.0,-180.0,82.0,3333.0,-1335.0,1141.0,0
175.0,-134.0,63.0,2660.0,-1229.0,1197.0,0
195.0,-138.0,44.0,1648.0,-1163.0,1224.0,0
186.0,-168.0,41.0,439.0,-1127.0,1199.0,0
149.0,-242.0,54.0,-488.0,-1115.0,1177.0,0
119.0,-325.0,85.0,-1407.0,-1114.0,1197.0,0
79.0,-393.0,115.0,-1946.0,-1124.0,1203.0,0
41.0,-428.0,122.0,-2123.0,-1145.0,1195.0,0
9.0,-440.0,110.0,-2075.0,-1174.0,1198.0,0
-21.0,-425.0,94.0,-1923.0,-1205.0,1232.0,0
-38.0,-392.0,75.0,-1716.0,-1226.0,1299.0,0
-47.0,-357.0,59.0,-1469.0,-1237.0,1357.0,0
-66.0,-320.0,29.0,-1198.0,-1233.0,1383.0,0
-88.0,-268.0,-8.0,-980.0,-1176.0,1368.0,0
-102.0,-234.0,-21.0,-833.0,-1084.0,1307.0,0
-113.0,-211.0,-40.0,-732.0,-981.0,1196.0,0
-121.0,-179.0,-51.0,-646.0,-880.0,1055.0,0
-94.0,-147.0,-52.0,-544.0,-806.0,900.0,0
-73.0,-118.0,-70.0,-361.0,-828.0,720.0,0
-40.0,-73.0,-85.0,-107.0,-894.0,482.0,0
-7.0,-51.0,-110.0,181.0,-956.0,186.0,0
16.0,-12.0,-132.0,434.0,-971.0,-181.0,0
18.0,24.0,-143.0,625.0,-934.0,-533.0,0
21.0,61.0,-141.0,757.0,-844.0,-785.0,0
19.0,86.0,-130.0,845.0,-715.0,-944.0,0
24.0,105.0,-125.0,911.0,-565.0,-1041.0,0
26.0,105.0,-121.0,931.0,-424.0,-1071.0,0
34.0,98.0,-113.0,869.0,-321.0,-1062.0,0
40.0,76.0,-96.0,710.0,-245.0,-1044.0,0
36.0,60.0,-82.0,487.0,-179.0,-1006.0,0
31.0,45.0,-61.0,252.0,-132.0,-919.0,0
24.0,30.0,-47.0,62.0,-116.0,-801.0,0
13.0,17.0,-40.0,-50.0,-140.0,-674.0,0
11.0,13.0,-47.0,-97.0,-185.0,-551.0,0
10.0,8.0,-56.0,-101.0,-222.0,-432.0,0
8.0,8.0,-73.0,-78.0,-243.0,-345.0,0
7.0,7.0,-84.0,-32.0,-251.0,-303.0,0
8.0,8.0,-97.0,12.0,-257.0,-299.0,0
13.0,3.0,-110.0,35.0,-276.0,-312.0,0
15.0,2.0,-121.0,33.0,-314.0,-330.0,0
15.0,-4.0,-123.0,14.0,-362.0,-355.0,0
12.0,-7.0,-132.0,-7.0,-400.0,-384.0,0
20.0,-10.0,-116.0,-6.0,-408.0,-418.0,0
29.0,-15.0,-102.0,25.0,-379.0,-442.0,0
28.0,-21.0,-83.0,90.0,-305.0,-449.0,0
31.0,-28.0,-68.0,180.0,-207.0,-437.0,0
23.0,-27.0,-84.0,280.0,-118.0,-410.0,0
21.0,-24.0,-148.0,346.0,-80.0,-370.0,0
5.0,-23.0,-249.0,289.0,-148.0,-328.0,0
-23.0,-32.0,-304.0,80.0,-298.0,-289.0,0
-65.0,-55.0,-352.0,-275.0,-448.0,-198.0,0
-88.0,-108.0,-477.0,-750.0,-701.0,-7.0,0
-20.0,-240.0,-414.0,-1297.0,-994.0,295.0,0
60.0,-430.0,-168.0,-1567.0,-912.0,698.0,0
48.0,-600.0,124.0,-1385.0,-384.0,1117.0,0
-19.0,-699.0,292.0,-1001.0,123.0,1416.0,0
-103.0,-729.0,270.0,-616.0,159.0,1526.0,0
-149.0,-741.0,142.0,-254.0,-66.0,1589.0,0
-148.0,-767.0,-3.0,10.0,-249.0,1682.0,0
-105.0,-810.0,-142.0,-37.0,-492.0,1743.0,0
-41.0,-869.0,-257.0,-482.0,-887.0,1634.0,0
52.0,-952.0,-331.0,-1111.0,-1222.0,1234.0,0
124.0,-989.0,-335.0,-1610.0,-1111.0,479.0,0
89.0,-945.0,-229.0,-1626.0,-415.0,-433.0,0
30.0,-870.0,-100.0,-984.0,483.0,-1074.0,0
-27.0,-769.0,13.0,73.0,1091.0,-1403.0,0
-67.0,-656.0,85.0,1030.0,1344.0,-1558.0,0
-79.0,-544.0,117.0,2160.0,1393.0,-1601.0,0
-78.0,-446.0,108.0,3003.0,1304.0,-1615.0,0
-78.0,-348.0,84.0,3354.0,1055.0,-1644.0,0
-89.0,-223.0,53.0,3120.0,733.0,-1704.0,0
-93.0,-136.0,35.0,2401.0,512.0,-1715.0,0
-89.0,-96.0,17.0,1399.0,479.0,-1662.0,0
-72.0,-116.0,8.0,293.0,611.0,-1599.0,0
-53.0,-181.0,20.0,-784.0,852.0,-1560.0,0
-17.0,-256.0,50.0,-1706.0,1143.0,-1504.0,0
17.0,-331.0,73.0,-2355.0,1425.0,-1405.0,0
52.0,-395.0,86.0,-2707.0,1643.0,-1271.0,0
89.0,-436.0,77.0,-2813.0,1769.0,-1130.0,0
113.0,-452.0,62.0,-2754.0,1789.0,-985.0,0
126.0,-450.0,45.0,-2552.0,1728.0,-828.0,0
132.0,-435.0,26.0,-2227.0,1619.0,-658.0,0
143.0,-407.0,4.0,-1815.0,1500.0,-503.0,0
161.0,-369.0,-9.0,-1361.0,1412.0,-381.0,0
130.0,-316.0,-32.0,-866.0,1397.0,-301.0,0
105.0,-260.0,-50.0,-341.0,1464.0,-230.0,0
66.0,-209.0,-59.0,150.0,1554.0,-139.0,0
23.0,-148.0,-63.0,573.0,1609.0,-24.0,0
-2.0,-101.0,-61.0,941.0,1611.0,67.0,0
-34.0,-45.0,-70.0,1255.0,1556.0,117.0,0
-48.0,-4.0,-69.0,1491.0,1437.0,127.0,0
-50.0,32.0,-72.0,1648.0,1254.0,127.0,0
-50.0,62.0,-78.0,1725.0,1034.0,148.0,0
-33.0,80.0,-88.0,1721.0,815.0,186.0,0
-19.0,88.0,-106.0,1626.0,629.0,236.0,0
-9.0,90.0,-127.0,1447.0,494.0,290.0,0
5.0,72.0,-142.0,1175.0,403.0,345.0,0
9.0,55.0,-137.0,821.0,338.0,409.0,0
13.0,23.0,-118.0,534.0,269.0,471.0,0
9.0,-4.0,-92.0,245.0,176.0,496.0,0
7.0,-25.0,-62.0,103.0,89.0,497.0,0
9.0,-43.0,-51.0,137.0,-24.0,493.0,0
12.0,-55.0,-48.0,294.0,-121.0,481.0,0
17.0,-56.0,-43.0,492.0,-188.0,459.0,0
17.0,-52.0,-36.0,693.0,-228.0,436.0,0
29.0,-35.0,-49.0,881.0,-245.0,420.0,0
27.0,-14.0,-51.0,1039.0,-229.0,423.0,0
18.0,16.0,-61.0,1167.0,-175.0,447.0,0
5.0,17.0,-49.0,1223.0,-91.0,480.0,0
-5.0,22.0,-43.0,1228.0,19.0,524.0,0
-14.0,19.0,-24.0,1189.0,125.0,548.0,0
-28.0,17.0,-24.0,1117.0,202.0,543.0,0
-34.0,9.0,-50.0,1014.0,229.0,533.0,0
-17.0,2.0,-144.0,880.0,228.0,529.0,0
17.0,-19.0,-209.0,682.0,272.0,517.0,0
69.0,-57.0,-278.0,473.0,436.0,483.0,0
140.0,-103.0,-408.0,316.0,793.0,410.0,0
216.0,-123.0,-535.0,-34.0,1308.0,250.0,0
226.0,-185.0,-484.0,-879.0,1585.0,-49.0,0
141.0,-316.0,-191.0,-1915.0,1133.0,-509.0,0
33.0,-497.0,100.0,-2385.0,201.0,-943.0,0
12.0,-663.0,291.0,-2112.0,-520.0,-1160.0,0
73.0,-770.0,393.0,-1533.0,-828.0,-1235.0,0
143.0,-807.0,389.0,-893.0,-884.0,-1342.0,0
176.0,-819.0,258.0,-313.0,-804.0,-1555.0,0
140.0,-819.0,4.0,-42.0,-393.0,-1724.0,0
35.0,-811.0,-293.0,-434.0,457.0,-1660.0,0
-144.0,-814.0,-350.0,-1380.0,1311.0,-1272.0,0
-315.0,-825.0,-305.0,-2208.0,1611.0,-511.0,0
-294.0,-784.0,-203.0,-2382.0,1220.0,373.0,0
-227.0,-746.0,-118.0,-1756.0,594.0,864.0,0
-156.0,-701.0,-24.0,-477.0,-229.0,1017.0,0
-91.0,-622.0,51.0,1020.0,-847.0,1082.0,0
-41.0,-529.0,100.0,2377.0,-1203.0,1051.0,0
-8.0,-431.0,110.0,3339.0,-1321.0,988.0,0
27.0,-341.0,107.0,3789.0,-1249.0,975.0,0
62.0,-267.0,93.0,3710.0,-1091.0,1045.0,0
90.0,-215.0,81.0,3137.0,-935.0,1155.0,0
115.0,-183.0,72.0,2167.0,-842.0,1212.0,0
108.0,-176.0,70.0,977.0,-819.0,1197.0,0
73.0,-217.0,75.0,-220.0,-836.0,1167.0,0
44.0,-295.0,93.0,-1244.0,-882.0,1162.0,0
13.0,-362.0,108.0,-1984.0,-953.0,1142.0,0
-12.0,-417.0,110.0,-2393.0,-1035.0,1099.0,0
-28.0,-449.0,90.0,-2491.0,-1070.0,1059.0,0
-55.0,-457.0,40.0,-2372.0,-1011.0,1041.0,0
-75.0,-436.0,3.0,-2131.0,-911.0,1046.0,0
-87.0,-394.0,-12.0,-1814.0,-834.0,1088.0,0
-78.0,-342.0,-36.0,-1435.0,-820.0,1148.0,0
-68.0,-294.0,-49.0,-1035.0,-845.0,1179.0,0
-63.0,-238.0,-57.0,-653.0,-888.0,1150.0,0
-49.0,-188.0,-65.0,-312.0,-922.0,1077.0,0
-34.0,-147.0,-62.0,-16.0,-943.0,974.0,0
-17.0,-112.0,-71.0,249.0,-947.0,869.0,0
-1.0,-85.0,-76.0,496.0,-922.0,748.0,0
20.0,-55.0,-84.0,734.0,-870.0,592.0,0
43.0,-32.0,-102.0,941.0,-809.0,380.0,0
66.0,-6.0,-116.0,1082.0,-738.0,92.0,0
77.0,13.0,-128.0,1156.0,-672.0,-228.0,0
73.0,40.0,-128.0,1184.0,-594.0,-483.0,0
73.0,51.0,-128.0,1162.0,-520.0,-643.0,0
77.0,56.0,-124.0,1114.0,-413.0,-713.0,0
69.0,54.0,-126.0,1046.0,-301.0,-785.0,0
59.0,43.0,-119.0,934.0,-193.0,-850.0,0
44.0,25.0,-101.0,782.0,-95.0,-898.0,0
29.0,8.0,-81.0,629.0,-16.0,-914.0,0
16.0,-6.0,-53.0,500.0,36.0,-883.0,0
1.0,-14.0,-24.0,428.0,64.0,-816.0,0
-12.0,-19.0,-19.0,445.0,67.0,-720.0,0
-21.0,-14.0,-23.0,534.0,46.0,-617.0,0
-24.0,-2.0,-39.0,623.0,9.0,-519.0,0
-27.0,8.0,-45.0,672.0,-21.0,-444.0,0
-27.0,10.0,-64.0,682.0,-39.0,-403.0,0
-37.0,18.0,-74.0,620.0,-45.0,-396.0,0
-36.0,19.0,-82.0,486.0,-53.0,-409.0,0
-46.0,21.0,-84.0,321.0,-77.0,-417.0,0
-47.0,19.0,-91.0,164.0,-115.0,-423.0,0
-45.0,17.0,-98.0,35.0,-154.0,-420.0,0
-47.0,13.0,-99.0,-48.0,-183.0,-410.0,0
-49.0,8.0,-104.0,-74.0,-196.0,-402.0,0
-48.0,4.0,-122.0,-41.0,-190.0,-396.0,0
-59.0,2.0,-159.0,0.0,-172.0,-376.0,0
-69.0,-8.0,-210.0,-29.0,-195.0,-346.0,0
-86.0,-35.0,-288.0,-156.0,-291.0,-341.0,0
-116.0,-53.0,-315.0,-382.0,-414.0,-317.0,0
-138.0,-76.0,-380.0,-768.0,-544.0,-192.0,0
-143.0,-125.0,-470.0,-1385.0,-795.0,34.0,0
-75.0,-245.0,-379.0,-2178.0,-1094.0,317.0,0
4.0,-439.0,-118.0,-2683.0,-1174.0,693.0,0
17.0,-628.0,184.0,-2620.0,-850.0,1141.0,0
15.0,-797.0,446.0,-2035.0,-401.0,1466.0,0
-29.0,-850.0,478.0,-1042.0,-86.0,1528.0,0
-83.0,-831.0,266.0,1.0,-260.0,1481.0,0
-94.0,-790.0,-16.0,588.0,-615.0,1455.0,0
-68.0,-772.0,-262.0,461.0,-909.0,1430.0,0
2.0,-824.0,-371.0,-253.0,-1173.0,1296.0,0
84.0,-893.0,-387.0,-1082.0,-1458.0,956.0,0
142.0,-904.0,-337.0,-1566.0,-1520.0,356.0,0
106.0,-854.0,-248.0,-1434.0,-1070.0,-409.0,0
60.0,-787.0,-127.0,-717.0,-269.0,-1054.0,0
5.0,-698.0,-1.0,329.0,448.0,-1466.0,0
-38.0,-578.0,98.0,1431.0,850.0,-1675.0,0
-55.0,-481.0,141.0,2327.0,973.0,-1758.0,0
-53.0,-384.0,144.0,2821.0,884.0,-1788.0,0
-39.0,-301.0,127.0,2818.0,642.0,-1799.0,0
-36.0,-226.0,106.0,2365.0,370.0,-1781.0,0
-38.0,-159.0,80.0,1623.0,182.0,-1707.0,0
-29.0,-125.0,59.0,753.0,136.0,-1570.0,0
-8.0,-133.0,39.0,-178.0,237.0,-1427.0,0
24.0,-197.0,35.0,-1092.0,432.0,-1323.0,0
61.0,-281.0,51.0,-1892.0,687.0,-1203.0,0
100.0,-361.0,72.0,-2472.0,965.0,-1032.0,0
122.0,-421.0,86.0,-2791.0,1200.0,-843.0,0
142.0,-463.0,87.0,-2875.0,1360.0,-663.0,0
164.0,-488.0,74.0,-2798.0,1450.0,-503.0,0
173.0,-490.0,74.0,-2607.0,1498.0,-385.0,0
169.0,-471.0,66.0,-2308.0,1544.0,-309.0,0
164.0,-433.0,51.0,-1912.0,1619.0,-267.0,0
160.0,-395.0,35.0,-1468.0,1719.0,-262.0,0
145.0,-347.0,5.0,-1041.0,1829.0,-279.0,0
105.0,-272.0,-18.0,-658.0,1950.0,-301.0,0
60.0,-211.0,-39.0,-323.0,2058.0,-299.0,0
27.0,-165.0,-55.0,-94.0,2106.0,-236.0,0
-8.0,-113.0,-61.0,134.0,2083.0,-141.0,0
-31.0,-69.0,-63.0,359.0,2006.0,-67.0,0
-39.0,-23.0,-57.0,618.0,1890.0,8.0,0
-39.0,18.0,-58.0,898.0,1740.0,51.0,0
-39.0,54.0,-59.0,1176.0,1557.0,79.0,0
-38.0,89.0,-69.0,1405.0,1356.0,111.0,0
-36.0,113.0,-75.0,1543.0,1151.0,153.0,0
-39.0,128.0,-87.0,1550.0,945.0,207.0,0
-30.0,131.0,-103.0,1405.0,743.0,265.0,0
-26.0,129.0,-122.0,1117.0,546.0,314.0,0
-15.0,90.0,-120.0,715.0,377.0,379.0,0
0.0,53.0,-109.0,297.0,252.0,445.0,0
4.0,13.0,-97.0,-5.0,181.0,474.0,0
7.0,-22.0,-88.0,-167.0,154.0,465.0,0
2.0,-40.0,-76.0,-217.0,148.0,450.0,0
2.0,-58.0,-76.0,-186.0,139.0,428.0,0
3.0,-61.0,-74.0,-106.0,123.0,398.0,0
12.0,-56.0,-84.0,0.0,123.0,374.0,0
11.0,-35.0,-88.0,112.0,157.0,384.0,0
8.0,-19.0,-86.0,225.0,230.0,429.0,0
-6.0,-5.0,-79.0,329.0,327.0,502.0,0
-26.0,2.0,-65.0,407.0,421.0,582.0,0
-50.0,5.0,-49.0,448.0,469.0,655.0,0
-68.0,2.0,-29.0,458.0,456.0,718.0,0
-78.0,-1.0,-11.0,451.0,376.0,751.0,0
-82.0,-9.0,-9.0,431.0,255.0,760.0,0
-73.0,-14.0,-49.0,383.0,146.0,743.0,0
-45.0,-14.0,-149.0,286.0,112.0,703.0,0
12.0,-19.0,-245.0,96.0,244.0,635.0,0
83.0,-47.0,-328.0,-94.0,609.0,535.0,0
181.0,-102.0,-432.0,-309.0,1089.0,410.0,0
265.0,-157.0,-565.0,-547.0,1842.0,241.0,0
303.0,-267.0,-516.0,-1130.0,2324.0,-159.0,0
208.0,-420.0,-226.0,-1894.0,1874.0,-847.0,0
74.0,-574.0,63.0,-2194.0,614.0,-1569.0,0
62.0,-729.0,270.0,-1796.0,-591.0,-1968.0,0
131.0,-799.0,330.0,-1067.0,-1179.0,-2086.0,0
184.0,-827.0,316.0,-272.0,-1252.0,-2180.0,0
182.0,-844.0,151.0,522.0,-1031.0,-2390.0,0
104.0,-832.0,-117.0,1054.0,-459.0,-2526.0,0
-21.0,-809.0,-318.0,916.0,509.0,-2318.0,0
-211.0,-776.0,-387.0,84.0,1428.0,-1704.0,0
-383.0,-759.0,-370.0,-1009.0,1786.0,-693.0,0
-382.0,-726.0,-278.0,-1826.0,1442.0,446.0,0
-305.0,-702.0,-152.0,-1950.0,581.0,1247.0,0
-224.0,-681.0,-34.0,-1345.0,-443.0,1603.0,0
-149.0,-630.0,42.0,-231.0,-1332.0,1677.0,0
-87.0,-552.0,76.0,1029.0,-1922.0,1589.0,0
-33.0,-461.0,87.0,2102.0,-2127.0,1437.0,0
20.0,-378.0,86.0,2781.0,-1980.0,1343.0,0
77.0,-310.0,79.0,3012.0,-1651.0,1346.0,0
125.0,-254.0,61.0,2834.0,-1335.0,1362.0,0
149.0,-223.0,42.0,2284.0,-1093.0,1327.0,0
156.0,-197.0,30.0,1441.0,-940.0,1225.0,0
145.0,-218.0,34.0,456.0,-871.0,1104.0,0
127.0,-275.0,56.0,-496.0,-859.0,1022.0,0
115.0,-336.0,92.0,-1249.0,-901.0,990.0,0
97.0,-388.0,115.0,-1728.0,-981.0,988.0,0
74.0,-419.0,118.0,-1905.0,-1080.0,998.0,0
45.0,-434.0,110.0,-1954.0,-1141.0,1029.0,0
16.0,-425.0,90.0,-1890.0,-1176.0,1076.0,0
-8.0,-407.0,73.0,-1774.0,-1171.0,1159.0,0
-27.0,-381.0,44.0,-1633.0,-1131.0,1236.0,0
-37.0,-355.0,4.0,-1494.0,-1070.0,1280.0,0
-42.0,-321.0,-21.0,-1392.0,-984.0,1281.0,0
-41.0,-302.0,-35.0,-1308.0,-862.0,1230.0,0
-49.0,-282.0,-40.0,-1196.0,-711.0,1139.0,0
-58.0,-268.0,-44.0,-1031.0,-573.0,1035.0,0
-53.0,-246.0,-46.0,-814.0,-497.0,916.0,0
-36.0,-223.0,-43.0,-510.0,-520.0,780.0,0
-26.0,-187.0,-41.0,-93.0,-634.0,625.0,0
-6.0,-139.0,-53.0,412.0,-761.0,426.0,0
13.0,-58.0,-75.0,949.0,-851.0,156.0,0
36.0,18.0,-92.0,1464.0,-900.0,-158.0,0
33.0,81.0,-125.0,1906.0,-907.0,-438.0,0
17.0,137.0,-150.0,2145.0,-826.0,-640.0,0
5.0,178.0,-152.0,2156.0,-665.0,-785.0,0
-10.0,213.0,-153.0,1997.0,-485.0,-878.0,0
-15.0,227.0,-154.0,1713.0,-330.0,-920.0,0
-15.0,220.0,-164.0,1302.0,-213.0,-902.0,0
1.0,189.0,-157.0,759.0,-119.0,-842.0,0
13.0,141.0,-134.0,150.0,-38.0,-805.0,0
24.0,88.0,-99.0,-406.0,43.0,-773.0,0
22.0,40.0,-63.0,-777.0,111.0,-724.0,0
13.0,-4.0,-43.0,-925.0,150.0,-656.0,0
4.0,-36.0,-34.0,-901.0,151.0,-584.0,0
0.0,-57.0,-29.0,-750.0,110.0,-520.0,0
-4.0,-68.0,-35.0,-562.0,42.0,-480.0,0
-4.0,-69.0,-42.0,-293.0,-20.0,-458.0,0
0.0,-61.0,-55.0,-38.0,-101.0,-442.0,0
5.0,-51.0,-65.0,168.0,-176.0,-415.0,0
8.0,-45.0,-75.0,322.0,-243.0,-383.0,0
11.0,-34.0,-85.0,438.0,-301.0,-352.0,0
19.0,-33.0,-95.0,526.0,-345.0,-325.0,0
15.0,-21.0,-99.0,586.0,-378.0,-304.0,0
12.0,-14.0,-91.0,623.0,-376.0,-276.0,0
8.0,-15.0,-91.0,641.0,-327.0,-245.0,0
2.0,-12.0,-122.0,638.0,-246.0,-219.0,0
-3.0,-4.0,-198.0,566.0,-177.0,-193.0,0
-25.0,-4.0,-272.0,370.0,-182.0,-172.0,0
-61.0,-28.0,-319.0,94.0,-236.0,-141.0,0
-104.0,-58.0,-404.0,-255.0,-265.0,-20.0,0
-121.0,-103.0,-526.0,-836.0,-451.0,216.0,0
-55.0,-234.0,-465.0,-1565.0,-740.0,514.0,0
60.0,-431.0,-178.0,-1871.0,-655.0,871.0,0
63.0,-606.0,99.0,-1638.0,-187.0,1195.0,0
3.0,-710.0,254.0,-1277.0,148.0,1407.0,0
-75.0,-751.0,223.0,-975.0,70.0,1536.0,0
-119.0,-782.0,84.0,-670.0,-48.0,1699.0,0
-89.0,-824.0,-88.0,-487.0,-17.0,1863.0,0
-65.0,-891.0,-256.0,-778.0,-155.0,1811.0,0
-17.0,-960.0,-290.0,-1417.0,-528.0,1538.0,0
57.0,-1009.0,-252.0,-1857.0,-868.0,1005.0,0
56.0,-985.0,-167.0,-1683.0,-817.0,176.0,0
17.0,-925.0,-78.0,-843.0,-287.0,-626.0,0
-26.0,-832.0,-10.0,403.0,362.0,-1135.0,0
-62.0,-712.0,35.0,1692.0,799.0,-1413.0,0
-74.0,-606.0,63.0,2563.0,1019.0,-1531.0,0
-70.0,-505.0,80.0,3311.0,1104.0,-1549.0,0
-59.0,-411.0,81.0,3620.0,1074.0,-1536.0,0
-53.0,-320.0,79.0,3508.0,904.0,-1538.0,0
-54.0,-234.0,75.0,3053.0,664.0,-1562.0,0
-69.0,-153.0,70.0,2340.0,476.0,-1575.0,0
-79.0,-100.0,63.0,1455.0,398.0,-1523.0,0
-80.0,-87.0,62.0,503.0,433.0,-1399.0,0
-64.0,-117.0,53.0,-404.0,540.0,-1286.0,0
-33.0,-187.0,56.0,-1211.0,682.0,-1201.0,0
9.0,-254.0,60.0,-1868.0,827.0,-1103.0,0
54.0,-316.0,70.0,-2290.0,964.0,-993.0,0
98.0,-371.0,62.0,-2459.0,1084.0,-899.0,0
128.0,-398.0,66.0,-2456.0,1171.0,-814.0,0
153.0,-413.0,65.0,-2318.0,1211.0,-732.0,0
167.0,-401.0,45.0,-2064.0,1213.0,-661.0,0
172.0,-378.0,21.0,-1737.0,1203.0,-603.0,0
169.0,-351.0,6.0,-1374.0,1200.0,-563.0,0
139.0,-303.0,-6.0,-982.0,1225.0,-556.0,0
106.0,-253.0,-12.0,-550.0,1281.0,-525.0,0
64.0,-201.0,-12.0,-91.0,1364.0,-456.0,0
42.0,-151.0,-20.0,358.0,1450.0,-361.0,0
12.0,-93.0,-24.0,768.0,1516.0,-281.0,0
3.0,-48.0,-34.0,1111.0,1545.0,-226.0,0
-6.0,-2.0,-39.0,1357.0,1520.0,-183.0,0
-16.0,34.0,-57.0,1516.0,1439.0,-144.0,0
-15.0,60.0,-74.0,1564.0,1293.0,-85.0,0
-15.0,78.0,-87.0,1490.0,1100.0,11.0,0
-1.0,84.0,-103.0,1321.0,895.0,117.0,0
0.0,78.0,-108.0,1077.0,732.0,225.0,0
1.0,63.0,-101.0,849.0,631.0,337.0,0
1.0,18.0,-80.0,556.0,589.0,437.0,0
3.0,-30.0,-49.0,282.0,564.0,518.0,0
2.0,-61.0,-28.0,92.0,528.0,585.0,0
-2.0,-76.0,-27.0,56.0,468.0,599.0,0
-13.0,-75.0,-44.0,162.0,399.0,587.0,0
-6.0,-67.0,-57.0,345.0,325.0,579.0,0
-2.0,-53.0,-81.0,538.0,264.0,556.0,0
10.0,-32.0,-92.0,683.0,244.0,524.0,0
22.0,-1.0,-99.0,781.0,276.0,490.0,0
29.0,15.0,-103.0,857.0,361.0,467.0,0
16.0,31.0,-94.0,925.0,485.0,469.0,0
11.0,49.0,-88.0,979.0,611.0,500.0,0
1.0,57.0,-77.0,999.0,710.0,540.0,0
-9.0,54.0,-50.0,969.0,752.0,571.0,0
-17.0,46.0,-20.0,895.0,725.0,576.0,0
-26.0,37.0,-13.0,788.0,656.0,555.0,0
-26.0,22.0,-27.0,655.0,566.0,518.0,0
-5.0,9.0,-142.0,477.0,493.0,469.0,0
39.0,-17.0,-201.0,209.0,502.0,398.0,0
121.0,-101.0,-303.0,-69.0,613.0,306.0,0
212.0,-155.0,-394.0,-242.0,919.0,179.0,0
300.0,-197.0,-514.0,-607.0,1329.0,-28.0,0
310.0,-297.0,-442.0,-1476.0,1380.0,-444.0,0
213.0,-468.0,-170.0,-2451.0,677.0,-1058.0,0
72.0,-663.0,29.0,-2841.0,-249.0,-1622.0,0
20.0,-816.0,187.0,-2685.0,-729.0,-1947.0,0
36.0,-918.0,284.0,-2227.0,-756.0,-2086.0,0
62.0,-983.0,253.0,-1473.0,-524.0,-2196.0,0
29.0,-984.0,17.0,-762.0,1.0,-2300.0,0
-54.0,-925.0,-288.0,-228.0,726.0,-2204.0,0
-195.0,-889.0,-430.0,-520.0,1741.0,-1880.0,0
-366.0,-881.0,-388.0,-1185.0,2301.0,-1111.0,0
-401.0,-817.0,-292.0,-1465.0,1931.0,-86.0,0
-312.0,-755.0,-177.0,-952.0,880.0,758.0,0
-213.0,-696.0,-99.0,142.0,-203.0,1209.0,0
-106.0,-611.0,-31.0,1477.0,-948.0,1389.0,0
-11.0,-504.0,24.0,2724.0,-1309.0,1348.0,0
70.0,-357.0,78.0,3614.0,-1376.0,1157.0,0
120.0,-251.0,110.0,3997.0,-1245.0,946.0,0
158.0,-168.0,113.0,3889.0,-1056.0,839.0,0
194.0,-119.0,119.0,3325.0,-895.0,842.0,0
217.0,-103.0,115.0,2390.0,-799.0,856.0,0
224.0,-122.0,107.0,1200.0,-783.0,821.0,0
193.0,-189.0,104.0,-93.0,-827.0,757.0,0
151.0,-272.0,115.0,-1307.0,-893.0,738.0,0
91.0,-349.0,145.0,-2206.0,-929.0,787.0,0
42.0,-416.0,161.0,-2626.0,-921.0,896.0,0
-3.0,-456.0,145.0,-2625.0,-885.0,1012.0,0
-47.0,-467.0,115.0,-2388.0,-855.0,1091.0,0
-80.0,-450.0,78.0,-2056.0,-832.0,1185.0,0
-121.0,-423.0,47.0,-1720.0,-818.0,1294.0,0
-152.0,-384.0,12.0,-1428.0,-827.0,1397.0,0
-165.0,-338.0,-22.0,-1237.0,-851.0,1480.0,0
-172.0,-296.0,-44.0,-1141.0,-867.0,1499.0,0
-158.0,-257.0,-48.0,-1085.0,-883.0,1457.0,0
-144.0,-221.0,-44.0,-991.0,-922.0,1397.0,0
-122.0,-186.0,-41.0,-829.0,-986.0,1329.0,0
-99.0,-167.0,-43.0,-664.0,-1064.0,1248.0,0
-76.0,-149.0,-50.0,-445.0,-1122.0,1141.0,0
-46.0,-125.0,-51.0,-224.0,-1161.0,1035.0,0
-1.0,-102.0,-58.0,2.0,-1170.0,856.0,0
47.0,-73.0,-67.0,239.0,-1154.0,614.0,0
79.0,-36.0,-84.0,456.0,-1113.0,306.0,0
104.0,5.0,-89.0,626.0,-1066.0,-33.0,0
104.0,51.0,-104.0,752.0,-1035.0,-356.0,0
89.0,89.0,-105.0,824.0,-1011.0,-588.0,0
90.0,113.0,-103.0,848.0,-976.0,-704.0,0
75.0,124.0,-110.0,823.0,-945.0,-756.0,0
61.0,126.0,-115.0,703.0,-903.0,-785.0,0
38.0,115.0,-112.0,483.0,-831.0,-800.0,0
11.0,96.0,-91.0,202.0,-720.0,-797.0,0
-2.0,60.0,-70.0,-71.0,-573.0,-771.0,0
-15.0,21.0,-38.0,-257.0,-425.0,-731.0,0
-13.0,-11.0,-31.0,-293.0,-315.0,-693.0,0
4.0,-49.0,-53.0,-199.0,-240.0,-663.0,0
13.0,-58.0,-60.0,-44.0,-195.0,-646.0,0
17.0,-64.0,-65.0,107.0,-187.0,-650.0,0
19.0,-67.0,-76.0,213.0,-225.0,-677.0,0
17.0,-60.0,-86.0,273.0,-297.0,-710.0,0
21.0,-61.0,-94.0,297.0,-375.0,-727.0,0
26.0,-58.0,-98.0,298.0,-430.0,-724.0,0
31.0,-53.0,-104.0,296.0,-438.0,-714.0,0
29.0,-53.0,-108.0,308.0,-392.0,-700.0,0
30.0,-54.0,-101.0,347.0,-290.0,-683.0,0
25.0,-49.0,-99.0,419.0,-145.0,-653.0,0
26.0,-52.0,-94.0,500.0,6.0,-603.0,0
16.0,-45.0,-94.0,583.0,141.0,-534.0,0
16.0,-29.0,-129.0,652.0,246.0,-441.0,0
20.0,-30.0,-219.0,684.0,287.0,-340.0,0
17.0,-40.0,-290.0,563.0,278.0,-251.0,0
5.0,-52.0,-319.0,322.0,248.0,-179.0,0
-10.0,-86.0,-376.0,-7.0,169.0,-42.0,0
3.0,-133.0,-430.0,-540.0,-184.0,157.0,0
85.0,-280.0,-297.0,-1292.0,-713.0,402.0,0
126.0,-458.0,-39.0,-1817.0,-881.0,751.0,0
106.0,-629.0,262.0,-1799.0,-494.0,1144.0,0
53.0,-752.0,479.0,-1319.0,63.0,1427.0,0
-14.0,-795.0,444.0,-517.0,223.0,1482.0,0
-67.0,-773.0,227.0,251.0,45.0,1449.0,0
-81.0,-744.0,-33.0,582.0,-19.0,1501.0,0
-56.0,-758.0,-216.0,246.0,71.0,1588.0,0
-13.0,-819.0,-274.0,-572.0,42.0,1538.0,0
35.0,-864.0,-278.0,-1372.0,-165.0,1201.0,0
9.0,-827.0,-257.0,-1739.0,-296.0,535.0,0
-30.0,-774.0,-175.0,-1460.0,-19.0,-186.0,0
-57.0,-726.0,-69.0,-633.0,520.0,-692.0,0
-86.0,-657.0,32.0,421.0,954.0,-1040.0,0
-112.0,-578.0,85.0,1416.0,1164.0,-1273.0,0
-121.0,-501.0,107.0,2138.0,1181.0,-1426.0,0
-109.0,-430.0,98.0,2485.0,1054.0,-1548.0,0
-89.0,-367.0,88.0,2433.0,849.0,-1659.0,0
-72.0,-306.0,73.0,2050.0,634.0,-1755.0,0
-71.0,-227.0,63.0,1444.0,483.0,-1813.0,0
-75.0,-186.0,51.0,713.0,408.0,-1793.0,0
-68.0,-175.0,38.0,-68.0,399.0,-1696.0,0
-38.0,-197.0,27.0,-847.0,438.0,-1565.0,0
10.0,-247.0,24.0,-1403.0,528.0,-1442.0,0
61.0,-302.0,25.0,-1954.0,658.0,-1307.0,0
100.0,-356.0,36.0,-2319.0,761.0,-1141.0,0
127.0,-394.0,50.0,-2490.0,888.0,-989.0,0
157.0,-420.0,77.0,-2476.0,1002.0,-786.0,0
180.0,-426.0,83.0,-2306.0,1065.0,-587.0,0
194.0,-412.0,69.0,-2037.0,1076.0,-414.0,0
203.0,-375.0,46.0,-1742.0,1074.0,-269.0,0
196.0,-334.0,29.0,-1461.0,1096.0,-147.0,0
178.0,-289.0,19.0,-1182.0,1158.0,-37.0,0
147.0,-241.0,5.0,-881.0,1254.0,71.0,0
111.0,-197.0,-16.0,-565.0,1356.0,179.0,0
74.0,-157.0,-33.0,-257.0,1450.0,299.0,0
42.0,-119.0,-46.0,43.0,1521.0,414.0,0
29.0,-88.0,-61.0,361.0,1538.0,504.0,0
26.0,-44.0,-79.0,694.0,1482.0,562.0,0
23.0,-18.0,-89.0,1029.0,1361.0,591.0,0
23.0,11.0,-109.0,1312.0,1179.0,602.0,0
24.0,32.0,-113.0,1508.0,965.0,595.0,0
9.0,55.0,-124.0,1617.0,757.0,570.0,0
-9.0,65.0,-122.0,1631.0,582.0,534.0,0
-28.0,69.0,-119.0,1547.0,436.0,515.0,0
-40.0,66.0,-109.0,1375.0,322.0,516.0,0
-27.0,34.0,-95.0,1133.0,238.0,512.0,0
-4.0,11.0,-80.0,860.0,186.0,471.0,0
1.0,-2.0,-72.0,634.0,203.0,396.0,0
1.0,-8.0,-63.0,499.0,304.0,326.0,0
1.0,-11.0,-62.0,457.0,445.0,263.0,0
1.0,-3.0,-62.0,452.0,578.0,212.0,0
0.0,7.0,-60.0,455.0,676.0,179.0,0
10.0,23.0,-52.0,466.0,729.0,175.0,0
23.0,28.0,-50.0,493.0,745.0,198.0,0
28.0,41.0,-52.0,528.0,744.0,235.0,0
17.0,48.0,-55.0,542.0,735.0,276.0,0
2.0,43.0,-55.0,514.0,722.0,332.0,0
-17.0,39.0,-48.0,439.0,706.0,371.0,0
-39.0,32.0,-40.0,322.0,671.0,387.0,0
-54.0,19.0,-38.0,181.0,613.0,401.0,0
-61.0,8.0,-48.0,47.0,531.0,415.0,0
-54.0,-6.0,-137.0,-67.0,442.0,426.0,0
-23.0,-31.0,-181.0,-200.0,403.0,417.0,0
38.0,-71.0,-282.0,-340.0,494.0,381.0,0
126.0,-103.0,-399.0,-481.0,827.0,323.0,0
218.0,-147.0,-552.0,-794.0,1443.0,186.0,0
249.0,-255.0,-502.0,-1382.0,1972.0,-150.0,0
151.0,-405.0,-206.0,-1925.0,1650.0,-691.0,0
7.0,-571.0,-3.0,-1986.0,503.0,-1203.0,0
-59.0,-707.0,166.0,-1689.0,-623.0,-1462.0,0
-27.0,-830.0,309.0,-1250.0,-1166.0,-1496.0,0
2.0,-920.0,408.0,-619.0,-1216.0,-1534.0,0
-8.0,-1002.0,325.0,229.0,-968.0,-1654.0,0
-98.0,-986.0,5.0,846.0,-489.0,-1727.0,0
-210.0,-944.0,-311.0,579.0,134.0,-1587.0,0
-366.0,-879.0,-438.0,-481.0,621.0,-1146.0,0
-382.0,-800.0,-319.0,-1483.0,651.0,-403.0,0
-268.0,-753.0,-210.0,-1606.0,36.0,341.0,0
-144.0,-701.0,-123.0,-883.0,-847.0,751.0,0
-46.0,-619.0,-45.0,285.0,-1505.0,847.0,0
14.0,-515.0,27.0,1544.0,-1854.0,755.0,0
48.0,-391.0,80.0,2407.0,-1945.0,616.0,0
72.0,-280.0,113.0,3135.0,-1884.0,571.0,0
112.0,-180.0,110.0,3413.0,-1720.0,652.0,0
142.0,-109.0,85.0,3291.0,-1560.0,769.0,0
171.0,-65.0,46.0,2815.0,-1436.0,915.0,0
186.0,-46.0,7.0,1990.0,-1382.0,987.0,0
194.0,-67.0,-17.0,895.0,-1370.0,1002.0,0
189.0,-126.0,-12.0,-293.0,-1368.0,1002.0,0
157.0,-243.0,31.0,-1394.0,-1347.0,974.0,0
123.0,-351.0,90.0,-2240.0,-1310.0,909.0,0
73.0,-444.0,129.0,-2717.0,-1281.0,870.0,0
32.0,-513.0,148.0,-2867.0,-1251.0,881.0,0
-22.0,-559.0,128.0,-2794.0,-1204.0,943.0,0
-66.0,-571.0,82.0,-2579.0,-1146.0,1027.0,0
-89.0,-551.0,51.0,-2292.0,-1106.0,1090.0,0
-119.0,-512.0,20.0,-1952.0,-1085.0,1092.0,0
-131.0,-465.0,-12.0,-1555.0,-1081.0,1038.0,0
-131.0,-418.0,-47.0,-1147.0,-1071.0,951.0,0
-136.0,-362.0,-63.0,-739.0,-1017.0,856.0,0
-135.0,-307.0,-61.0,-340.0,-912.0,791.0,0
-128.0,-261.0,-58.0,37.0,-796.0,748.0,0
-98.0,-210.0,-47.0,408.0,-710.0,698.0,0
-51.0,-151.0,-44.0,789.0,-693.0,591.0,0
-27.0,-101.0,-78.0,1172.0,-730.0,423.0,0
4.0,-45.0,-87.0,1454.0,-765.0,229.0,0
29.0,13.0,-99.0,1649.0,-828.0,20.0,0
37.0,80.0,-112.0,1767.0,-934.0,-201.0,0
39.0,122.0,-123.0,1804.0,-1032.0,-393.0,0
41.0,161.0,-128.0,1768.0,-1081.0,-537.0,0
37.0,191.0,-138.0,1648.0,-1052.0,-644.0,0
28.0,197.0,-153.0,1460.0,-947.0,-695.0,0
21.0,206.0,-138.0,1112.0,-822.0,-694.0,0
31.0,181.0,-117.0,722.0,-655.0,-663.0,0
44.0,137.0,-100.0,336.0,-516.0,-626.0,0
50.0,89.0,-79.0,-44.0,-409.0,-627.0,0
55.0,39.0,-54.0,-345.0,-310.0,-622.0,0
60.0,-5.0,-42.0,-491.0,-220.0,-602.0,0
58.0,-36.0,-47.0,-490.0,-156.0,-578.0,0
58.0,-57.0,-51.0,-392.0,-120.0,-549.0,0
58.0,-77.0,-61.0,-237.0,-112.0,-532.0,0
60.0,-88.0,-65.0,-56.0,-127.0,-538.0,0
53.0,-91.0,-70.0,134.0,-161.0,-557.0,0
48.0,-88.0,-71.0,332.0,-203.0,-583.0,0
46.0,-74.0,-73.0,530.0,-242.0,-610.0,0
44.0,-62.0,-68.0,714.0,-267.0,-622.0,0
45.0,-54.0,-62.0,881.0,-268.0,-627.0,0
40.0,-38.0,-65.0,1020.0,-243.0,-619.0,0
33.0,-28.0,-73.0,1110.0,-197.0,-604.0,0
17.0,-19.0,-93.0,1121.0,-148.0,-571.0,0
2.0,-2.0,-146.0,1032.0,-129.0,-527.0,0
-37.0,9.0,-244.0,813.0,-182.0,-498.0,0
-89.0,7.0,-284.0,459.0,-303.0,-481.0,0
-154.0,-25.0,-349.0,-15.0,-454.0,-405.0,0
-192.0,-66.0,-466.0,-651.0,-663.0,-207.0,0
-162.0,-162.0,-505.0,-1506.0,-934.0,119.0,0
-23.0,-360.0,-329.0,-2307.0,-929.0,581.0,0
67.0,-582.0,-14.0,-2581.0,-410.0,1118.0,0
61.0,-757.0,283.0,-2273.0,363.0,1539.0,0
15.0,-848.0,425.0,-1575.0,758.0,1704.0,0
-54.0,-832.0,320.0,-869.0,519.0,1692.0,0
-90.0,-799.0,75.0,-92.0,61.0,1735.0,0
-53.0,-779.0,-171.0,186.0,-251.0,1863.0,0
23.0,-801.0,-286.0,-249.0,-623.0,1902.0,0
126.0,-862.0,-286.0,-973.0,-1013.0,1703.0,0
187.0,-898.0,-251.0,-1398.0,-1230.0,1106.0,0
118.0,-866.0,-200.0,-1249.0,-976.0,267.0,0
40.0,-806.0,-124.0,-564.0,-268.0,-410.0,0
-14.0,-727.0,-48.0,419.0,499.0,-807.0,0
-64.0,-632.0,20.0,1469.0,1037.0,-1042.0,0
-115.0,-504.0,64.0,2341.0,1252.0,-1187.0,0
-120.0,-418.0,79.0,2866.0,1176.0,-1284.0,0
-118.0,-342.0,84.0,2994.0,927.0,-1368.0,0
-113.0,-269.0,78.0,2749.0,630.0,-1456.0,0
-122.0,-202.0,74.0,2224.0,381.0,-1538.0,0
-136.0,-143.0,68.0,1533.0,217.0,-1578.0,0
-146.0,-115.0,50.0,763.0,134.0,-1526.0,0
-141.0,-133.0,41.0,-38.0,126.0,-1415.0,0
-112.0,-181.0,40.0,-828.0,190.0,-1328.0,0
-77.0,-258.0,47.0,-1548.0,307.0,-1279.0,0
-42.0,-333.0,54.0,-2088.0,430.0,-1224.0,0
-12.0,-394.0,58.0,-2395.0,534.0,-1157.0,0
21.0,-441.0,44.0,-2482.0,609.0,-1076.0,0
49.0,-463.0,34.0,-2414.0,650.0,-1001.0,0
68.0,-467.0,30.0,-2252.0,663.0,-942.0,0
89.0,-460.0,33.0,-1999.0,653.0,-890.0,0
113.0,-446.0,27.0,-1645.0,641.0,-831.0,0
132.0,-429.0,18.0,-1239.0,651.0,-764.0,0
158.0,-395.0,12.0,-843.0,695.0,-693.0,0
154.0,-356.0,8.0,-472.0,766.0,-632.0,0
138.0,-314.0,6.0,-191.0,855.0,-571.0,0
124.0,-268.0,5.0,158.0,947.0,-506.0,0
86.0,-213.0,-4.0,514.0,1018.0,-449.0,0
55.0,-161.0,-15.0,863.0,1103.0,-408.0,0
27.0,-110.0,-23.0,1203.0,1154.0,-369.0,0
10.0,-53.0,-29.0,1550.0,1167.0,-362.0,0
-8.0,-3.0,-39.0,1876.0,1143.0,-380.0,0
-15.0,43.0,-51.0,2149.0,1076.0,-381.0,0
-19.0,83.0,-75.0,2336.0,968.0,-349.0,0
-15.0,117.0,-93.0,2401.0,840.0,-274.0,0
-8.0,144.0,-112.0,2356.0,699.0,-171.0,0
-7.0,159.0,-144.0,2200.0,578.0,-57.0,0
-13.0,173.0,-160.0,1892.0,491.0,71.0,0
-6.0,176.0,-163.0,1473.0,444.0,177.0,0
-10.0,169.0,-157.0,972.0,403.0,231.0,0
-9.0,145.0,-132.0,436.0,338.0,246.0,0
-1.0,107.0,-108.0,-89.0,227.0,238.0,0
8.0,63.0,-80.0,-509.0,106.0,232.0,0
16.0,28.0,-68.0,-770.0,7.0,213.0,0
26.0,-1.0,-57.0,-893.0,-49.0,174.0,0
26.0,-23.0,-51.0,-889.0,-50.0,127.0,0
21.0,-38.0,-50.0,-776.0,11.0,92.0,0
14.0,-46.0,-53.0,-596.0,115.0,81.0,0
3.0,-45.0,-61.0,-393.0,228.0,92.0,0
-1.0,-45.0,-56.0,-205.0,321.0,118.0,0
-19.0,-41.0,-55.0,-56.0,377.0,150.0,0
-31.0,-43.0,-45.0,55.0,399.0,176.0,0
-45.0,-44.0,-36.0,151.0,379.0,212.0,0
-56.0,-48.0,-35.0,235.0,307.0,259.0,0
-62.0,-51.0,-58.0,296.0,201.0,307.0,0
-59.0,-50.0,-108.0,308.0,89.0,313.0,0
-52.0,-62.0,-162.0,253.0,21.0,288.0,0
-36.0,-90.0,-205.0,172.0,-24.0,250.0,0
-3.0,-114.0,-346.0,86.0,11.0,199.0,0
29.0,-127.0,-562.0,-273.0,198.0,92.0,0
20.0,-200.0,-572.0,-1154.0,435.0,-81.0,0
-50.0,-363.0,-234.0,-2259.0,448.0,-351.0,0
-133.0,-572.0,97.0,-2834.0,163.0,-715.0,0
-155.0,-747.0,295.0,-2613.0,-150.0,-957.0,0
-97.0,-850.0,379.0,-1949.0,-367.0,-994.0,0
-4.0,-885.0,350.0,-1063.0,-459.0,-1031.0,0
66.0,-872.0,209.0,-189.0,-554.0,-1257.0,0
106.0,-828.0,-35.0,360.0,-735.0,-1620.0,0
121.0,-798.0,-245.0,281.0,-787.0,-1900.0,0
100.0,-759.0,-309.0,-341.0,-601.0,-1884.0,0
77.0,-717.0,-273.0,-1002.0,-382.0,-1478.0,0
43.0,-668.0,-209.0,-1126.0,-338.0,-850.0,0
-3.0,-625.0,-139.0,-606.0,-400.0,-334.0,0
-20.0,-580.0,-42.0,292.0,-505.0,70.0,0
-24.0,-534.0,47.0,1301.0,-634.0,403.0,0
-26.0,-478.0,117.0,2202.0,-767.0,697.0,0
-28.0,-404.0,154.0,2822.0,-891.0,939.0,0
-32.0,-328.0,158.0,3086.0,-985.0,1113.0,0
-13.0,-251.0,139.0,2980.0,-1031.0,1246.0,0
2.0,-214.0,124.0,2519.0,-1033.0,1338.0,0
2.0,-192.0,108.0,1761.0,-1030.0,1375.0,0
2.0,-193.0,95.0,820.0,-1072.0,1361.0,0
-1.0,-220.0,82.0,-178.0,-1135.0,1331.0,0
-6.0,-283.0,80.0,-1121.0,-1189.0,1276.0,0
-27.0,-360.0,88.0,-1762.0,-1243.0,1182.0,0
-53.0,-434.0,102.0,-2352.0,-1324.0,1056.0,0
-80.0,-499.0,109.0,-2650.0,-1409.0,912.0,0
-110.0,-551.0,101.0,-2637.0,-1508.0,797.0,0
-121.0,-581.0,76.0,-2361.0,-1556.0,660.0,0
-122.0,-582.0,46.0,-1910.0,-1529.0,530.0,0
-124.0,-565.0,6.0,-1371.0,-1420.0,420.0,0
-118.0,-496.0,-15.0,-828.0,-1259.0,341.0,0
-119.0,-436.0,-20.0,-353.0,-1113.0,290.0,0
-111.0,-382.0,-27.0,26.0,-1026.0,245.0,0
-93.0,-324.0,-33.0,314.0,-995.0,167.0,0
-73.0,-271.0,-35.0,551.0,-998.0,48.0,0
-49.0,-220.0,-32.0,781.0,-1017.0,-101.0,0
-5.0,-160.0,-27.0,1014.0,-1041.0,-241.0,0
26.0,-115.0,-45.0,1249.0,-1068.0,-366.0,0
56.0,-60.0,-61.0,1441.0,-1082.0,-464.0,0
77.0,-8.0,-76.0,1579.0,-1082.0,-538.0,0
74.0,37.0,-82.0,1683.0,-1072.0,-599.0,0
68.0,78.0,-101.0,1761.0,-1043.0,-647.0,0
48.0,116.0,-110.0,1819.0,-1006.0,-660.0,0
24.0,149.0,-122.0,1850.0,-979.0,-626.0,0
11.0,172.0,-147.0,1793.0,-955.0,-545.0,0
-1.0,183.0,-163.0,1576.0,-923.0,-455.0,0
-4.0,198.0,-173.0,1186.0,-870.0,-384.0,0
1.0,196.0,-173.0,688.0,-798.0,-334.0,0
15.0,165.0,-163.0,121.0,-717.0,-314.0,0
23.0,126.0,-146.0,-482.0,-633.0,-363.0,0
25.0,79.0,-119.0,-1053.0,-532.0,-427.0,0
37.0,33.0,-92.0,-1474.0,-420.0,-483.0,0
33.0,-15.0,-52.0,-1660.0,-313.0,-542.0,0
33.0,-62.0,-23.0,-1594.0,-230.0,-595.0,0
32.0,-96.0,-17.0,-1394.0,-187.0,-634.0,0
38.0,-121.0,-19.0,-1025.0,-169.0,-674.0,0
33.0,-126.0,-20.0,-603.0,-165.0,-720.0,0
30.0,-118.0,-19.0,-173.0,-172.0,-781.0,0
25.0,-112.0,-26.0,248.0,-190.0,-831.0,0
25.0,-88.0,-36.0,630.0,-219.0,-860.0,0
24.0,-73.0,-52.0,944.0,-234.0,-865.0,0
29.0,-56.0,-69.0,1172.0,-233.0,-852.0,0
30.0,-37.0,-80.0,1307.0,-204.0,-815.0,0
18.0,-21.0,-118.0,1335.0,-155.0,-757.0,0
-8.0,-10.0,-178.0,1236.0,-130.0,-683.0,0
-48.0,-4.0,-246.0,985.0,-195.0,-620.0,0
-102.0,-6.0,-297.0,590.0,-343.0,-551.0,0
-152.0,-27.0,-360.0,54.0,-502.0,-402.0,0
-190.0,-57.0,-488.0,-717.0,-631.0,-128.0,0
-185.0,-115.0,-612.0,-1758.0,-698.0,223.0,0
-103.0,-265.0,-489.0,-2808.0,-488.0,638.0,0
-2.0,-475.0,-199.0,-3348.0,24.0,1110.0,0
30.0,-664.0,117.0,-3222.0,527.0,1518.0,0
36.0,-829.0,407.0,-2554.0,703.0,1740.0,0
6.0,-878.0,402.0,-1475.0,277.0,1771.0,0
-14.0,-871.0,212.0,-305.0,-510.0,1746.0,0
40.0,-824.0,-64.0,465.0,-1198.0,1787.0,0
108.0,-792.0,-271.0,439.0,-1674.0,1798.0,0
196.0,-817.0,-337.0,-226.0,-1901.0,1661.0,0
257.0,-875.0,-305.0,-973.0,-1819.0,1249.0,0
145.0,-877.0,-198.0,-1344.0,-1317.0,485.0,0
-5.0,-845.0,-84.0,-1065.0,-453.0,-351.0,0
-122.0,-798.0,-1.0,-234.0,376.0,-953.0,0
-191.0,-713.0,40.0,621.0,903.0,-1300.0,0
-215.0,-623.0,71.0,1630.0,1060.0,-1475.0,0
-222.0,-533.0,80.0,2323.0,964.0,-1544.0,0
-223.0,-449.0,83.0,2565.0,660.0,-1611.0,0
-227.0,-377.0,75.0,2374.0,288.0,-1694.0,0
-247.0,-309.0,74.0,1891.0,-43.0,-1761.0,0
-263.0,-250.0,64.0,1267.0,-271.0,-1734.0,0
-264.0,-223.0,62.0,619.0,-400.0,-1592.0,0
-246.0,-225.0,62.0,24.0,-490.0,-1441.0,0
-189.0,-271.0,54.0,-490.0,-577.0,-1352.0,0
-136.0,-323.0,53.0,-914.0,-636.0,-1340.0,0
-85.0,-366.0,57.0,-1224.0,-635.0,-1350.0,0
-38.0,-400.0,52.0,-1397.0,-576.0,-1363.0,0
-5.0,-420.0,47.0,-1475.0,-477.0,-1374.0,0
27.0,-424.0,45.0,-1482.0,-362.0,-1367.0,0
48.0,-412.0,48.0,-1432.0,-257.0,-1343.0,0
71.0,-391.0,55.0,-1319.0,-196.0,-1307.0,0
93.0,-366.0,60.0,-1143.0,-173.0,-1250.0,0
123.0,-347.0,57.0,-953.0,-157.0,-1151.0,0
153.0,-319.0,54.0,-822.0,-119.0,-1007.0,0
172.0,-299.0,51.0,-760.0,-58.0,-832.0,0
185.0,-267.0,50.0,-718.0,26.0,-646.0,0
177.0,-226.0,44.0,-622.0,131.0,-476.0,0
160.0,-191.0,36.0,-449.0,237.0,-336.0,0
135.0,-152.0,26.0,-188.0,313.0,-214.0,0
128.0,-120.0,7.0,195.0,345.0,-118.0,0
110.0,-82.0,-18.0,703.0,345.0,-77.0,0
101.0,-38.0,-42.0,1269.0,315.0,-41.0,0
103.0,21.0,-66.0,1850.0,257.0,17.0,0
109.0,76.0,-105.0,2351.0,176.0,92.0,0
109.0,130.0,-126.0,2615.0,99.0,172.0,0
106.0,176.0,-161.0,2745.0,42.0,248.0,0
86.0,213.0,-165.0,2655.0,14.0,290.0,0
47.0,243.0,-180.0,2359.0,16.0,324.0,0
1.0,258.0,-185.0,1859.0,36.0,403.0,0
-37.0,246.0,-182.0,1190.0,68.0,503.0,0
-56.0,199.0,-172.0,402.0,101.0,571.0,0
-44.0,136.0,-148.0,-429.0,110.0,573.0,0
-26.0,70.0,-120.0,-1171.0,108.0,535.0,0
-23.0,13.0,-70.0,-1669.0,141.0,490.0,0
-23.0,-44.0,-45.0,-1814.0,203.0,443.0,0
-21.0,-82.0,-35.0,-1639.0,253.0,410.0,0
-15.0,-99.0,-48.0,-1272.0,267.0,398.0,0
-5.0,-105.0,-62.0,-825.0,253.0,404.0,0
1.0,-100.0,-78.0,-372.0,228.0,424.0,0
5.0,-94.0,-92.0,32.0,211.0,452.0,0
3.0,-80.0,-98.0,353.0,204.0,489.0,0
-7.0,-67.0,-109.0,572.0,193.0,515.0,0
-17.0,-59.0,-102.0,688.0,156.0,524.0,0
-27.0,-53.0,-89.0,722.0,85.0,502.0,0
-46.0,-46.0,-66.0,695.0,-22.0,443.0,0
-64.0,-40.0,-40.0,618.0,-148.0,382.0,0
-82.0,-42.0,-30.0,520.0,-299.0,318.0,0
-89.0,-49.0,-83.0,422.0,-454.0,257.0,0
-86.0,-45.0,-107.0,315.0,-574.0,189.0,0
-80.0,-75.0,-160.0,255.0,-641.0,103.0,0
-85.0,-87.0,-374.0,199.0,-681.0,-20.0,0
-80.0,-97.0,-667.0,-257.0,-474.0,-127.0,0
-86.0,-163.0,-766.0,-1219.0,-74.0,-220.0,0
-143.0,-352.0,-510.0,-2199.0,231.0,-389.0,0
-243.0,-588.0,-82.0,-2551.0,295.0,-687.0,0
-254.0,-815.0,268.0,-2359.0,32.0,-968.0,0
-183.0,-963.0,429.0,-1738.0,-627.0,-1121.0,0
-67.0,-1003.0,363.0,-848.0,-1315.0,-1209.0,0
9.0,-946.0,108.0,-9.0,-1794.0,-1395.0,0
119.0,-866.0,-243.0,298.0,-1975.0,-1604.0,0
188.0,-826.0,-371.0,-88.0,-1846.0,-1749.0,0
178.0,-782.0,-332.0,-789.0,-1492.0,-1805.0,0
127.0,-718.0,-213.0,-1200.0,-1114.0,-1644.0,0
87.0,-675.0,-108.0,-956.0,-888.0,-1190.0,0
68.0,-633.0,-46.0,-169.0,-881.0,-601.0,0
58.0,-573.0,7.0,832.0,-1043.0,-159.0,0
28.0,-507.0,51.0,1779.0,-1355.0,159.0,0
-4.0,-433.0,76.0,2512.0,-1734.0,465.0,0
-10.0,-358.0,83.0,2937.0,-2044.0,772.0,0
-18.0,-305.0,67.0,3025.0,-2171.0,1071.0,0
-27.0,-273.0,59.0,2769.0,-2091.0,1336.0,0
-32.0,-263.0,61.0,2195.0,-1908.0,1488.0,0
-41.0,-270.0,63.0,1393.0,-1761.0,1500.0,0
-52.0,-292.0,70.0,504.0,-1700.0,1389.0,0
-54.0,-341.0,72.0,-321.0,-1700.0,1219.0,0
-54.0,-409.0,82.0,-988.0,-1744.0,1009.0,0
-59.0,-456.0,99.0,-1438.0,-1808.0,777.0,0
-71.0,-490.0,100.0,-1606.0,-1878.0,581.0,0
-89.0,-513.0,81.0,-1502.0,-1914.0,448.0,0
-102.0,-513.0,58.0,-1212.0,-1882.0,347.0,0
-120.0,-505.0,40.0,-845.0,-1793.0,243.0,0
-138.0,-480.0,19.0,-482.0,-1672.0,130.0,0
-148.0,-442.0,2.0,-168.0,-1546.0,14.0,0
-152.0,-405.0,-34.0,65.0,-1419.0,-91.0,0
-145.0,-363.0,-54.0,168.0,-1293.0,-173.0,0
-126.0,-323.0,-62.0,218.0,-1197.0,-237.0,0
-96.0,-280.0,-56.0,264.0,-1100.0,-282.0,0
-60.0,-229.0,-50.0,365.0,-1038.0,-347.0,0
-21.0,-174.0,-53.0,535.0,-992.0,-416.0,0
11.0,-119.0,-50.0,742.0,-944.0,-481.0,0
42.0,-56.0,-52.0,973.0,-894.0,-534.0,0
66.0,-5.0,-61.0,1202.0,-856.0,-573.0,0
78.0,55.0,-78.0,1365.0,-816.0,-621.0,0
85.0,103.0,-83.0,1446.0,-767.0,-656.0,0
66.0,142.0,-88.0,1471.0,-712.0,-691.0,0
60.0,171.0,-92.0,1425.0,-660.0,-678.0,0
52.0,189.0,-96.0,1323.0,-651.0,-644.0,0
37.0,200.0,-91.0,1181.0,-686.0,-622.0,0
26.0,196.0,-97.0,1020.0,-750.0,-608.0,0
22.0,176.0,-98.0,831.0,-806.0,-583.0,0
17.0,154.0,-96.0,610.0,-817.0,-559.0,0
23.0,117.0,-95.0,389.0,-771.0,-549.0,0
35.0,77.0,-94.0,157.0,-700.0,-561.0,0
35.0,43.0,-91.0,-49.0,-635.0,-597.0,0
27.0,15.0,-82.0,-202.0,-578.0,-625.0,0
16.0,-10.0,-81.0,-284.0,-544.0,-634.0,0
8.0,-31.0,-73.0,-313.0,-547.0,-630.0,0
1.0,-42.0,-62.0,-287.0,-588.0,-625.0,0
-7.0,-55.0,-45.0,-186.0,-649.0,-619.0,0
-14.0,-56.0,-37.0,-25.0,-703.0,-617.0,0
-22.0,-55.0,-17.0,168.0,-742.0,-611.0,0
-16.0,-42.0,-28.0,369.0,-770.0,-604.0,0
-11.0,-26.0,-38.0,559.0,-792.0,-594.0,0
-11.0,-8.0,-47.0,720.0,-811.0,-575.0,0
-1.0,6.0,-68.0,811.0,-824.0,-541.0,0
8.0,10.0,-97.0,847.0,-829.0,-509.0,0
2.0,13.0,-160.0,795.0,-839.0,-483.0,0
-21.0,15.0,-225.0,626.0,-906.0,-472.0,0
-68.0,10.0,-289.0,347.0,-1075.0,-487.0,0
-123.0,14.0,-424.0,-19.0,-1291.0,-495.0,0
-153.0,5.0,-607.0,-663.0,-1484.0,-412.0,0
-152.0,-60.0,-670.0,-1662.0,-1717.0,-213.0,0
-66.0,-233.0,-412.0,-2727.0,-1870.0,129.0,0
29.0,-452.0,-108.0,-3259.0,-1671.0,613.0,0
45.0,-649.0,172.0,-3157.0,-1265.0,1099.0,0
18.0,-775.0,381.0,-2662.0,-924.0,1446.0,0
-46.0,-845.0,439.0,-1836.0,-962.0,1542.0,0
-88.0,-874.0,311.0,-807.0,-1355.0,1526.0,0
-71.0,-873.0,52.0,21.0,-1716.0,1602.0,0
-5.0,-868.0,-207.0,199.0,-1921.0,1751.0,0
56.0,-874.0,-358.0,-294.0,-2097.0,1746.0,0
154.0,-918.0,-389.0,-966.0,-2185.0,1486.0,0
218.0,-952.0,-370.0,-1338.0,-2039.0,938.0,0
117.0,-884.0,-230.0,-1219.0,-1564.0,192.0,0
-3.0,-794.0,-121.0,-484.0,-904.0,-490.0,0
-83.0,-710.0,-14.0,664.0,-363.0,-905.0,0
-135.0,-619.0,64.0,1897.0,-76.0,-1102.0,0
-152.0,-527.0,97.0,2906.0,-23.0,-1184.0,0
-144.0,-437.0,94.0,3447.0,-136.0,-1235.0,0
-140.0,-347.0,83.0,3420.0,-322.0,-1312.0,0
-142.0,-261.0,73.0,2900.0,-487.0,-1410.0,0
-156.0,-199.0,67.0,2067.0,-578.0,-1481.0,0
-179.0,-165.0,59.0,1114.0,-559.0,-1484.0,0
-191.0,-175.0,57.0,164.0,-462.0,-1443.0,0
-183.0,-231.0,63.0,-555.0,-354.0,-1392.0,0
-148.0,-305.0,76.0,-1340.0,-308.0,-1364.0,0
-97.0,-377.0,75.0,-1912.0,-303.0,-1381.0,0
-42.0,-445.0,68.0,-2238.0,-310.0,-1456.0,0
10.0,-505.0,60.0,-2341.0,-285.0,-1559.0,0
57.0,-540.0,47.0,-2263.0,-213.0,-1670.0,0
88.0,-565.0,32.0,-2071.0,-105.0,-1754.0,0
112.0,-565.0,20.0,-1825.0,20.0,-1787.0,0
136.0,-542.0,19.0,-1528.0,154.0,-1764.0,0
145.0,-516.0,29.0,-1171.0,294.0,-1690.0,0
150.0,-488.0,29.0,-775.0,413.0,-1567.0,0
150.0,-453.0,9.0,-400.0,491.0,-1411.0,0
148.0,-405.0,-16.0,-95.0,531.0,-1231.0,0
138.0,-359.0,-42.0,129.0,562.0,-1025.0,0
126.0,-315.0,-61.0,288.0,625.0,-804.0,0
97.0,-263.0,-75.0,423.0,736.0,-578.0,0
63.0,-210.0,-79.0,580.0,885.0,-357.0,0
25.0,-152.0,-81.0,798.0,1040.0,-162.0,0
-9.0,-94.0,-84.0,1038.0,1143.0,22.0,0
-32.0,-41.0,-84.0,1257.0,1164.0,239.0,0
-31.0,3.0,-83.0,1476.0,1118.0,473.0,0
-24.0,39.0,-80.0,1703.0,1043.0,660.0,0
-22.0,76.0,-84.0,1920.0,957.0,767.0,0
-8.0,103.0,-95.0,2091.0,845.0,799.0,0
3.0,135.0,-102.0,2189.0,691.0,773.0,0
0.0,162.0,-108.0,2200.0,500.0,711.0,0
0.0,172.0,-122.0,2105.0,285.0,649.0,0
5.0,165.0,-139.0,1870.0,54.0,593.0,0
11.0,148.0,-150.0,1504.0,-156.0,535.0,0
24.0,118.0,-146.0,1129.0,-317.0,481.0,0
46.0,85.0,-129.0,604.0,-395.0,415.0,0
56.0,55.0,-116.0,63.0,-416.0,352.0,0
61.0,30.0,-81.0,-404.0,-366.0,281.0,0
60.0,9.0,-50.0,-728.0,-276.0,237.0,0
53.0,-8.0,-41.0,-888.0,-192.0,224.0,0
40.0,-20.0,-41.0,-902.0,-127.0,229.0,0
24.0,-22.0,-50.0,-800.0,-82.0,246.0,0
13.0,-19.0,-60.0,-621.0,-62.0,285.0,0
1.0,-16.0,-66.0,-393.0,-54.0,339.0,0
-12.0,-15.0,-66.0,-150.0,-53.0,396.0,0
-28.0,-10.0,-81.0,70.0,-61.0,444.0,0
-37.0,-9.0,-101.0,239.0,-94.0,485.0,0
-44.0,1.0,-192.0,329.0,-143.0,513.0,0
-43.0,2.0,-257.0,296.0,-164.0,530.0,0
-18.0,-5.0,-248.0,189.0,-160.0,530.0,0
7.0,-48.0,-260.0,130.0,-207.0,468.0,0
24.0,-67.0,-331.0,37.0,-311.0,345.0,0
14.0,-110.0,-337.0,-349.0,-452.0,166.0,0
-32.0,-194.0,-228.0,-968.0,-754.0,-69.0,0
-110.0,-320.0,-70.0,-1383.0,-1136.0,-323.0,0
-163.0,-463.0,85.0,-1348.0,-1291.0,-494.0,0
-169.0,-595.0,185.0,-1008.0,-1184.0,-552.0,0
-171.0,-714.0,268.0,-591.0,-1000.0,-561.0,0
-186.0,-774.0,239.0,-192.0,-829.0,-586.0,0
-186.0,-763.0,100.0,12.0,-686.0,-610.0,0
-152.0,-718.0,-79.0,-167.0,-658.0,-600.0,0
-82.0,-703.0,-206.0,-741.0,-809.0,-475.0,0
9.0,-709.0,-257.0,-1322.0,-1082.0,-271.0,0
98.0,-708.0,-249.0,-1867.0,-1260.0,-62.0,0
134.0,-694.0,-201.0,-1984.0,-1253.0,146.0,0
132.0,-685.0,-132.0,-1624.0,-1155.0,328.0,0
132.0,-684.0,-73.0,-925.0,-1139.0,568.0,0
143.0,-670.0,-27.0,-105.0,-1240.0,800.0,0
158.0,-643.0,12.0,686.0,-1328.0,1007.0,0
172.0,-594.0,51.0,1352.0,-1327.0,1186.0,0
175.0,-558.0,82.0,1805.0,-1262.0,1335.0,0
163.0,-505.0,107.0,2026.0,-1184.0,1451.0,0
145.0,-457.0,104.0,2025.0,-1107.0,1526.0,0
112.0,-419.0,86.0,1777.0,-1027.0,1549.0,0
70.0,-387.0,67.0,1273.0,-944.0,1516.0,0
29.0,-368.0,52.0,586.0,-873.0,1434.0,0
-14.0,-375.0,45.0,-175.0,-830.0,1320.0,0
-67.0,-406.0,64.0,-911.0,-835.0,1188.0,0
-121.0,-439.0,90.0,-1478.0,-905.0,1047.0,0
-157.0,-462.0,117.0,-1776.0,-1024.0,931.0,0
-196.0,-470.0,130.0,-1790.0,-1170.0,860.0,0
-227.0,-464.0,124.0,-1581.0,-1313.0,827.0,0
-260.0,-450.0,112.0,-1251.0,-1424.0,808.0,0
-293.0,-430.0,98.0,-902.0,-1490.0,798.0,0
-313.0,-398.0,70.0,-605.0,-1528.0,795.0,0
-319.0,-372.0,36.0,-382.0,-1529.0,767.0,0
-310.0,-341.0,-8.0,-205.0,-1475.0,697.0,0
-277.0,-295.0,-49.0,-34.0,-1375.0,559.0,0
-244.0,-250.0,-78.0,136.0,-1280.0,350.0,0
-213.0,-194.0,-88.0,304.0,-1239.0,84.0,0
-174.0,-132.0,-91.0,479.0,-1289.0,-185.0,0
-132.0,-71.0,-104.0,678.0,-1448.0,-421.0,0
-89.0,-10.0,-112.0,871.0,-1668.0,-600.0,0
-46.0,56.0,-113.0,1027.0,-1878.0,-720.0,0
-15.0,113.0,-121.0,1124.0,-2017.0,-792.0,0
13.0,159.0,-132.0,1202.0,-2056.0,-836.0,0
33.0,201.0,-148.0,1215.0,-2000.0,-874.0,0
42.0,217.0,-158.0,1127.0,-1842.0,-905.0,0
50.0,229.0,-184.0,895.0,-1634.0,-918.0,0
47.0,205.0,-176.0,524.0,-1440.0,-908.0,0
40.0,174.0,-161.0,67.0,-1287.0,-878.0,0
34.0,120.0,-132.0,-410.0,-1162.0,-847.0,0
34.0,59.0,-90.0,-816.0,-1073.0,-825.0,0
43.0,0.0,-43.0,-1046.0,-1030.0,-814.0,0
53.0,-47.0,-21.0,-1050.0,-1033.0,-806.0,0
56.0,-74.0,-16.0,-877.0,-1069.0,-790.0,0
58.0,-90.0,-24.0,-605.0,-1123.0,-757.0,0
54.0,-98.0,-34.0,-301.0,-1195.0,-715.0,0
47.0,-87.0,-57.0,-2.0,-1270.0,-669.0,0
49.0,-67.0,-76.0,258.0,-1339.0,-606.0,0
46.0,-50.0,-86.0,448.0,-1381.0,-534.0,0
49.0,-27.0,-89.0,561.0,-1381.0,-455.0,0
46.0,-4.0,-87.0,602.0,-1331.0,-363.0,0
50.0,8.0,-89.0,591.0,-1235.0,-276.0,0
52.0,11.0,-88.0,556.0,-1108.0,-196.0,0
51.0,10.0,-89.0,495.0,-971.0,-123.0,0
48.0,8.0,-95.0,400.0,-851.0,-50.0,0
31.0,0.0,-133.0,297.0,-797.0,14.0,0
1.0,-7.0,-190.0,180.0,-858.0,65.0,0
-50.0,-21.0,-246.0,27.0,-1032.0,122.0,0
-79.0,-14.0,-293.0,-223.0,-1240.0,214.0,0
-98.0,-27.0,-340.0,-639.0,-1344.0,367.0,0
-93.0,-71.0,-392.0,-1160.0,-1304.0,546.0,0
-66.0,-154.0,-403.0,-1649.0,-1150.0,681.0,0
-35.0,-270.0,-304.0,-1923.0,-900.0,809.0,0
-12.0,-389.0,-125.0,-2006.0,-692.0,970.0,0
-29.0,-523.0,76.0,-1817.0,-583.0,1118.0,0
-54.0,-605.0,145.0,-1405.0,-782.0,1203.0,0
-60.0,-644.0,95.0,-837.0,-1202.0,1255.0,0
-45.0,-649.0,-30.0,-331.0,-1557.0,1276.0,0
-29.0,-655.0,-145.0,-131.0,-1756.0,1252.0,0
-30.0,-679.0,-216.0,-258.0,-1906.0,1112.0,0
-36.0,-718.0,-225.0,-596.0,-1953.0,856.0,0
-57.0,-773.0,-192.0,-976.0,-1777.0,497.0,0
-103.0,-804.0,-143.0,-1234.0,-1386.0,-16.0,0
-153.0,-809.0,-99.0,-1194.0,-909.0,-626.0,0
-172.0,-789.0,-69.0,-812.0,-486.0,-1198.0,0
-151.0,-751.0,-52.0,-235.0,-177.0,-1627.0,0
-114.0,-707.0,-38.0,361.0,10.0,-1883.0,0
-73.0,-660.0,-28.0,850.0,121.0,-2007.0,0
-31.0,-623.0,-24.0,1143.0,212.0,-2079.0,0
-18.0,-567.0,-3.0,1226.0,285.0,-2140.0,0
0.0,-518.0,9.0,1142.0,324.0,-2172.0,0
17.0,-465.0,18.0,931.0,311.0,-2146.0,0
35.0,-411.0,25.0,623.0,277.0,-2056.0,0
70.0,-372.0,27.0,236.0,275.0,-1916.0,0
99.0,-360.0,29.0,-193.0,331.0,-1741.0,0
124.0,-360.0,30.0,-603.0,458.0,-1539.0,0
144.0,-366.0,36.0,-936.0,648.0,-1333.0,0
160.0,-364.0,47.0,-1160.0,880.0,-1134.0,0
167.0,-354.0,47.0,-1264.0,1125.0,-942.0,0
164.0,-343.0,40.0,-1272.0,1363.0,-754.0,0
162.0,-325.0,30.0,-1228.0,1572.0,-567.0,0
159.0,-308.0,15.0,-1169.0,1718.0,-400.0,0
149.0,-288.0,-3.0,-1073.0,1787.0,-259.0,0
131.0,-253.0,-17.0,-969.0,1806.0,-148.0,0
106.0,-210.0,-37.0,-849.0,1827.0,-62.0,0
89.0,-174.0,-55.0,-692.0,1859.0,55.0,0
67.0,-136.0,-69.0,-498.0,1882.0,184.0,0
51.0,-109.0,-82.0,-266.0,1873.0,343.0,0
35.0,-74.0,-86.0,14.0,1818.0,522.0,0
38.0,-57.0,-102.0,365.0,1742.0,680.0,0
29.0,-25.0,-85.0,792.0,1624.0,788.0,0
24.0,8.0,-84.0,1237.0,1458.0,847.0,0
14.0,53.0,-82.0,1637.0,1263.0,874.0,0
17.0,82.0,-84.0,1922.0,1047.0,885.0,0
10.0,107.0,-90.0,2035.0,827.0,882.0,0
6.0,115.0,-104.0,1937.0,631.0,865.0,0
3.0,111.0,-104.0,1619.0,479.0,835.0,0
8.0,96.0,-104.0,1157.0,383.0,780.0,0
11.0,69.0,-102.0,663.0,364.0,713.0,0
16.0,32.0,-93.0,238.0,426.0,642.0,0
16.0,3.0,-85.0,-49.0,548.0,580.0,0
12.0,-23.0,-79.0,-185.0,678.0,522.0,0
4.0,-40.0,-76.0,-208.0,778.0,469.0,0
1.0,-46.0,-78.0,-152.0,835.0,429.0,0
0.0,-50.0,-91.0,-56.0,863.0,396.0,0
2.0,-47.0,-100.0,43.0,886.0,367.0,0
0.0,-39.0,-110.0,130.0,912.0,349.0,0
-10.0,-24.0,-107.0,208.0,939.0,353.0,0
-28.0,-18.0,-90.0,290.0,955.0,390.0,0
-47.0,-13.0,-61.0,385.0,934.0,445.0,0
-70.0,-14.0,-36.0,502.0,866.0,510.0,0
-93.0,-20.0,-17.0,648.0,754.0,571.0,0
-101.0,-10.0,-43.0,763.0,618.0,616.0,0
-92.0,-2.0,-132.0,856.0,517.0,643.0,0
-57.0,11.0,-217.0,808.0,465.0,645.0,0
-1.0,7.0,-286.0,620.0,568.0,615.0,0
72.0,-35.0,-274.0,416.0,808.0,533.0,0
152.0,-91.0,-294.0,284.0,1097.0,374.0,0
190.0,-145.0,-318.0,98.0,1344.0,82.0,0
166.0,-217.0,-212.0,-278.0,1286.0,-346.0,0
87.0,-323.0,-61.0,-624.0,687.0,-815.0,0
28.0,-434.0,66.0,-668.0,-188.0,-1176.0,0
42.0,-542.0,149.0,-401.0,-762.0,-1322.0,0
113.0,-619.0,208.0,-13.0,-830.0,-1343.0,0
177.0,-656.0,217.0,439.0,-567.0,-1393.0,0
167.0,-661.0,87.0,840.0,-211.0,-1563.0,0
76.0,-649.0,-104.0,903.0,222.0,-1746.0,0
-64.0,-648.0,-243.0,450.0,749.0,-1678.0,0
-206.0,-656.0,-285.0,-444.0,1098.0,-1190.0,0
-299.0,-699.0,-274.0,-1472.0,968.0,-381.0,0
-242.0,-724.0,-194.0,-2209.0,431.0,492.0,0
-165.0,-718.0,-135.0,-2284.0,-238.0,1130.0,0
-122.0,-709.0,-70.0,-1680.0,-842.0,1492.0,0
-83.0,-670.0,-24.0,-668.0,-1328.0,1689.0,0
-58.0,-611.0,4.0,480.0,-1664.0,1774.0,0
-37.0,-542.0,22.0,1522.0,-1787.0,1793.0,0
-6.0,-480.0,43.0,2283.0,-1710.0,1801.0,0
29.0,-418.0,62.0,2669.0,-1522.0,1836.0,0
70.0,-373.0,70.0,2650.0,-1324.0,1868.0,0
106.0,-335.0,75.0,2222.0,-1172.0,1833.0,0
113.0,-313.0,75.0,1470.0,-1092.0,1722.0,0
92.0,-322.0,75.0,542.0,-1091.0,1589.0,0
63.0,-348.0,105.0,-232.0,-1175.0,1494.0,0
48.0,-384.0,119.0,-1028.0,-1300.0,1435.0,0
36.0,-415.0,117.0,-1517.0,-1473.0,1378.0,0
25.0,-428.0,102.0,-1726.0,-1614.0,1337.0,0
5.0,-428.0,72.0,-1753.0,-1686.0,1307.0,0
-13.0,-400.0,34.0,-1656.0,-1687.0,1283.0,0
-24.0,-371.0,-11.0,-1486.0,-1614.0,1268.0,0
-29.0,-327.0,-59.0,-1299.0,-1480.0,1241.0,0
-35.0,-294.0,-77.0,-1124.0,-1299.0,1187.0,0
-42.0,-264.0,-88.0,-956.0,-1133.0,1088.0,0
-49.0,-237.0,-96.0,-778.0,-1019.0,955.0,0
-42.0,-209.0,-94.0,-611.0,-960.0,816.0,0
-31.0,-181.0,-93.0,-444.0,-958.0,647.0,0
-22.0,-151.0,-96.0,-260.0,-995.0,448.0,0
-7.0,-123.0,-90.0,-49.0,-1037.0,240.0,0
2.0,-94.0,-84.0,198.0,-1057.0,46.0,0
15.0,-71.0,-81.0,478.0,-1048.0,-116.0,0
32.0,-39.0,-83.0,770.0,-997.0,-234.0,0
46.0,-14.0,-89.0,1040.0,-918.0,-309.0,0
55.0,10.0,-99.0,1254.0,-819.0,-369.0,0
48.0,38.0,-116.0,1397.0,-706.0,-418.0,0
32.0,53.0,-120.0,1459.0,-583.0,-461.0,0
10.0,62.0,-136.0,1456.0,-468.0,-478.0,0
-9.0,61.0,-133.0,1385.0,-367.0,-457.0,0
-15.0,59.0,-130.0,1240.0,-283.0,-401.0,0
-20.0,38.0,-125.0,1010.0,-228.0,-339.0,0
-18.0,11.0,-99.0,717.0,-198.0,-284.0,0
-13.0,-5.0,-77.0,439.0,-187.0,-226.0,0
-12.0,-20.0,-58.0,240.0,-195.0,-165.0,0
0.0,-34.0,-56.0,149.0,-209.0,-122.0,0
17.0,-43.0,-52.0,148.0,-207.0,-94.0,0
25.0,-48.0,-58.0,232.0,-175.0,-84.0,0
31.0,-53.0,-57.0,388.0,-132.0,-97.0,0
45.0,-47.0,-70.0,577.0,-76.0,-119.0,0
43.0,-45.0,-63.0,749.0,-35.0,-151.0,0
44.0,-31.0,-54.0,878.0,-30.0,-169.0,0
42.0,-24.0,-49.0,954.0,-64.0,-169.0,0
36.0,-13.0,-46.0,1004.0,-128.0,-154.0,0
35.0,0.0,-41.0,1047.0,-192.0,-124.0,0
29.0,9.0,-48.0,1079.0,-220.0,-97.0,0
19.0,22.0,-86.0,1091.0,-198.0,-67.0,0
5.0,32.0,-159.0,1029.0,-185.0,-39.0,0
-15.0,28.0,-232.0,849.0,-234.0,-46.0,0
-43.0,9.0,-273.0,565.0,-307.0,-64.0,0
-74.0,-20.0,-335.0,195.0,-349.0,-13.0,0
-92.0,-65.0,-429.0,-345.0,-472.0,134.0,0
-50.0,-153.0,-375.0,-1056.0,-699.0,344.0,0
30.0,-291.0,-130.0,-1620.0,-763.0,588.0,0
49.0,-436.0,121.0,-1721.0,-587.0,832.0,0
10.0,-540.0,274.0,-1485.0,-405.0,1028.0,0
-57.0,-594.0,276.0,-1103.0,-391.0,1158.0,0
-103.0,-618.0,171.0,-755.0,-358.0,1296.0,0
-131.0,-645.0,70.0,-605.0,-110.0,1448.0,0
-147.0,-704.0,-50.0,-751.0,87.0,1501.0,0
-164.0,-783.0,-185.0,-1264.0,-53.0,1342.0,0
-121.0,-875.0,-275.0,-2049.0,-398.0,975.0,0
-43.0,-954.0,-276.0,-2728.0,-604.0,473.0,0
33.0,-994.0,-208.0,-2825.0,-463.0,-159.0,0
24.0,-967.0,-109.0,-2111.0,-30.0,-864.0,0
0.0,-912.0,-29.0,-777.0,444.0,-1394.0,0
-13.0,-830.0,15.0,773.0,732.0,-1706.0,0
-4.0,-734.0,42.0,2177.0,843.0,-1875.0,0
19.0,-624.0,49.0,3206.0,873.0,-1938.0,0
47.0,-516.0,50.0,3663.0,857.0,-1936.0,0
69.0,-374.0,51.0,3751.0,819.0,-1896.0,0
71.0,-256.0,48.0,3355.0,759.0,-1842.0,0
72.0,-166.0,40.0,2593.0,732.0,-1733.0,0
66.0,-89.0,27.0,1590.0,803.0,-1577.0,0
64.0,-61.0,18.0,485.0,985.0,-1404.0,0
78.0,-94.0,16.0,-582.0,1237.0,-1256.0,0
102.0,-147.0,15.0,-1513.0,1477.0,-1147.0,0
119.0,-205.0,42.0,-2223.0,1643.0,-1027.0,0
135.0,-266.0,63.0,-2587.0,1740.0,-860.0,0
151.0,-311.0,63.0,-2600.0,1756.0,-654.0,0
158.0,-340.0,42.0,-2404.0,1691.0,-430.0,0
152.0,-346.0,29.0,-2098.0,1603.0,-218.0,0
145.0,-345.0,11.0,-1722.0,1531.0,-45.0,0
114.0,-323.0,-10.0,-1298.0,1485.0,88.0,0
72.0,-291.0,-25.0,-860.0,1490.0,206.0,0
31.0,-253.0,-45.0,-438.0,1553.0,332.0,0
-5.0,-210.0,-59.0,-55.0,1654.0,460.0,0
-44.0,-169.0,-70.0,274.0,1754.0,599.0,0
-71.0,-129.0,-66.0,548.0,1803.0,746.0,0
-86.0,-87.0,-69.0,774.0,1779.0,861.0,0
-93.0,-60.0,-66.0,962.0,1682.0,922.0,0
-79.0,-28.0,-63.0,1116.0,1523.0,942.0,0
-63.0,0.0,-67.0,1250.0,1330.0,929.0,0
-45.0,17.0,-81.0,1353.0,1122.0,875.0,0
-20.0,30.0,-86.0,1402.0,924.0,793.0,0
8.0,39.0,-93.0,1388.0,748.0,702.0,0
28.0,37.0,-101.0,1298.0,611.0,610.0,0
47.0,31.0,-111.0,1110.0,517.0,519.0,0
57.0,19.0,-116.0,826.0,467.0,450.0,0
62.0,9.0,-98.0,560.0,465.0,409.0,0
71.0,0.0,-74.0,252.0,489.0,372.0,0
71.0,-8.0,-52.0,33.0,542.0,337.0,0
67.0,-9.0,-44.0,-92.0,611.0,314.0,0
61.0,-8.0,-34.0,-142.0,688.0,291.0,0
55.0,-3.0,-31.0,-142.0,765.0,275.0,0
43.0,3.0,-23.0,-116.0,845.0,272.0,0
41.0,10.0,-23.0,-62.0,916.0,287.0,0
26.0,14.0,-19.0,32.0,970.0,322.0,0
8.0,23.0,-19.0,158.0,995.0,364.0,0
-13.0,22.0,-21.0,294.0,982.0,393.0,0
-34.0,28.0,-14.0,409.0,932.0,405.0,0
-51.0,26.0,-15.0,480.0,853.0,406.0,0
-58.0,24.0,-21.0,508.0,744.0,402.0,0
-50.0,15.0,-85.0,490.0,624.0,400.0,0
-26.0,3.0,-179.0,375.0,555.0,407.0,0
12.0,-18.0,-243.0,141.0,618.0,398.0,0
66.0,-59.0,-290.0,-95.0,854.0,356.0,0
121.0,-101.0,-352.0,-247.0,1262.0,263.0,0
158.0,-129.0,-435.0,-493.0,1707.0,109.0,0
158.0,-187.0,-393.0,-1025.0,1857.0,-103.0,0
122.0,-293.0,-216.0,-1614.0,1441.0,-328.0,0
76.0,-433.0,-36.0,-1827.0,698.0,-504.0,0
62.0,-585.0,96.0,-1618.0,147.0,-621.0,0
82.0,-725.0,209.0,-1221.0,-42.0,-743.0,0
98.0,-810.0,294.0,-725.0,-19.0,-886.0,0
83.0,-886.0,244.0,-182.0,20.0,-1026.0,0
16.0,-915.0,-76.0,124.0,187.0,-1084.0,0
-65.0,-912.0,-330.0,-241.0,665.0,-947.0,0
-185.0,-922.0,-417.0,-1218.0,1202.0,-604.0,0
-279.0,-940.0,-362.0,-2198.0,1369.0,-152.0,0
-249.0,-893.0,-235.0,-2560.0,1026.0,304.0,0
-184.0,-841.0,-119.0,-2153.0,557.0,587.0,0
-118.0,-782.0,-27.0,-998.0,16.0,709.0,0
-71.0,-697.0,30.0,466.0,-383.0,723.0,0
-50.0,-600.0,64.0,1830.0,-652.0,678.0,0
-33.0,-498.0,77.0,2823.0,-778.0,644.0,0
-14.0,-387.0,94.0,3323.0,-756.0,664.0,0
21.0,-297.0,104.0,3390.0,-662.0,726.0,0
55.0,-227.0,105.0,3137.0,-587.0,813.0,0
86.0,-179.0,101.0,2608.0,-558.0,874.0,0
108.0,-148.0,85.0,1808.0,-549.0,894.0,0
109.0,-140.0,80.0,821.0,-525.0,892.0,0
86.0,-167.0,84.0,-226.0,-497.0,889.0,0
55.0,-229.0,105.0,-1214.0,-518.0,897.0,0
16.0,-278.0,131.0,-2020.0,-620.0,877.0,0
-26.0,-320.0,139.0,-2567.0,-781.0,851.0,0
-44.0,-339.0,117.0,-2830.0,-968.0,847.0,0
-53.0,-342.0,74.0,-2857.0,-1144.0,866.0,0
-62.0,-335.0,29.0,-2711.0,-1243.0,901.0,0
-63.0,-322.0,-14.0,-2434.0,-1236.0,937.0,0
-67.0,-299.0,-46.0,-2064.0,-1144.0,980.0,0
-68.0,-270.0,-68.0,-1658.0,-1026.0,1043.0,0
-63.0,-237.0,-69.0,-1261.0,-935.0,1089.0,0
-50.0,-209.0,-67.0,-871.0,-893.0,1098.0,0
-42.0,-175.0,-54.0,-488.0,-876.0,1042.0,0
-31.0,-140.0,-45.0,-125.0,-872.0,908.0,0
-18.0,-100.0,-30.0,228.0,-869.0,699.0,0
0.0,-61.0,-28.0,598.0,-853.0,440.0,0
9.0,-34.0,-56.0,959.0,-815.0,123.0,0
15.0,14.0,-82.0,1161.0,-700.0,-238.0,0
22.0,56.0,-102.0,1198.0,-567.0,-562.0,0
13.0,102.0,-126.0,1127.0,-500.0,-790.0,0
3.0,131.0,-131.0,986.0,-474.0,-880.0,0
5.0,147.0,-149.0,819.0,-466.0,-903.0,0
1.0,142.0,-160.0,621.0,-430.0,-876.0,0
-1.0,120.0,-158.0,395.0,-341.0,-837.0,0
-1.0,78.0,-147.0,121.0,-215.0,-784.0,0
4.0,39.0,-120.0,-142.0,-91.0,-739.0,0
22.0,3.0,-83.0,-293.0,7.0,-692.0,0
32.0,-19.0,-60.0,-308.0,70.0,-637.0,0
38.0,-40.0,-53.0,-225.0,111.0,-573.0,0
40.0,-50.0,-58.0,-108.0,134.0,-504.0,0
32.0,-52.0,-65.0,10.0,136.0,-454.0,0
33.0,-44.0,-75.0,108.0,121.0,-422.0,0
35.0,-42.0,-89.0,194.0,95.0,-407.0,0
37.0,-45.0,-100.0,256.0,64.0,-414.0,0
31.0,-37.0,-106.0,279.0,43.0,-426.0,0
25.0,-31.0,-108.0,286.0,28.0,-430.0,0
17.0,-26.0,-103.0,304.0,17.0,-416.0,0
4.0,-14.0,-110.0,337.0,2.0,-389.0,0
1.0,-6.0,-119.0,368.0,-13.0,-347.0,0
-12.0,7.0,-142.0,394.0,-24.0,-311.0,0
-36.0,21.0,-215.0,367.0,-39.0,-267.0,0
-50.0,24.0,-296.0,237.0,-91.0,-224.0,0
-70.0,14.0,-354.0,-21.0,-144.0,-187.0,0
-84.0,-3.0,-449.0,-458.0,-137.0,-116.0,0
-95.0,-38.0,-534.0,-1123.0,-195.0,21.0,0
-72.0,-133.0,-470.0,-1905.0,-436.0,209.0,0
5.0,-311.0,-246.0,-2365.0,-679.0,487.0,0
59.0,-501.0,14.0,-2299.0,-684.0,891.0,0
45.0,-663.0,290.0,-1819.0,-467.0,1317.0,0
14.0,-766.0,455.0,-1051.0,-180.0,1551.0,0
-50.0,-760.0,367.0,-112.0,-198.0,1546.0,0
-98.0,-708.0,142.0,659.0,-363.0,1503.0,0
-105.0,-677.0,-85.0,931.0,-424.0,1536.0,0
-76.0,-675.0,-235.0,613.0,-409.0,1541.0,0
-22.0,-723.0,-290.0,-180.0,-513.0,1384.0,0
35.0,-789.0,-292.0,-1095.0,-761.0,968.0,0
49.0,-812.0,-250.0,-1698.0,-796.0,293.0,0
19.0,-791.0,-165.0,-1696.0,-385.0,-410.0,0
-15.0,-764.0,-72.0,-1119.0,216.0,-877.0,0
-51.0,-702.0,22.0,-234.0,689.0,-1154.0,0
-77.0,-641.0,69.0,712.0,995.0,-1344.0,0
-82.0,-587.0,86.0,1540.0,1182.0,-1484.0,0
-78.0,-535.0,79.0,2088.0,1199.0,-1614.0,0
-68.0,-473.0,54.0,2280.0,1054.0,-1746.0,0
-70.0,-400.0,44.0,2136.0,854.0,-1819.0,0
-77.0,-328.0,40.0,1728.0,705.0,-1784.0,0
-78.0,-273.0,35.0,1147.0,624.0,-1672.0,0
-61.0,-251.0,27.0,462.0,603.0,-1544.0,0
-29.0,-264.0,29.0,-255.0,653.0,-1412.0,0
18.0,-302.0,38.0,-913.0,797.0,-1275.0,0
76.0,-345.0,48.0,-1426.0,1014.0,-1121.0,0
119.0,-381.0,51.0,-1758.0,1231.0,-969.0,0
145.0,-401.0,36.0,-1915.0,1395.0,-828.0,0
167.0,-400.0,31.0,-1949.0,1496.0,-685.0,0
179.0,-398.0,26.0,-1867.0,1555.0,-548.0,0
191.0,-381.0,25.0,-1681.0,1565.0,-430.0,0
200.0,-358.0,11.0,-1416.0,1545.0,-334.0,0
185.0,-325.0,-3.0,-1164.0,1540.0,-259.0,0
146.0,-278.0,-21.0,-814.0,1555.0,-192.0,0
103.0,-228.0,-22.0,-423.0,1580.0,-140.0,0
67.0,-182.0,-38.0,-15.0,1618.0,-113.0,0
36.0,-131.0,-47.0,349.0,1652.0,-58.0,0
16.0,-84.0,-53.0,653.0,1657.0,29.0,0
20.0,-42.0,-54.0,936.0,1638.0,122.0,0
18.0,2.0,-65.0,1199.0,1593.0,191.0,0
25.0,35.0,-72.0,1422.0,1517.0,232.0,0
29.0,67.0,-79.0,1573.0,1411.0,268.0,0
30.0,93.0,-95.0,1640.0,1292.0,288.0,0
25.0,114.0,-105.0,1590.0,1175.0,302.0,0
11.0,108.0,-107.0,1409.0,1080.0,333.0,0
11.0,112.0,-117.0,1113.0,1013.0,389.0,0
2.0,78.0,-111.0,719.0,972.0,435.0,0
0.0,41.0,-97.0,276.0,961.0,481.0,0
-5.0,4.0,-84.0,-116.0,968.0,498.0,0
-9.0,-30.0,-73.0,-369.0,995.0,483.0,0
-20.0,-56.0,-65.0,-465.0,1031.0,453.0,0
-25.0,-70.0,-63.0,-427.0,1049.0,426.0,0
-28.0,-80.0,-52.0,-292.0,1031.0,404.0,0
-35.0,-72.0,-49.0,-98.0,972.0,392.0,0
-41.0,-62.0,-44.0,123.0,882.0,401.0,0
-42.0,-47.0,-44.0,363.0,778.0,442.0,0
-45.0,-31.0,-45.0,610.0,685.0,498.0,0
-48.0,-12.0,-47.0,820.0,612.0,564.0,0
-54.0,6.0,-51.0,961.0,551.0,624.0,0
-57.0,13.0,-49.0,1021.0,502.0,661.0,0
-62.0,21.0,-55.0,1014.0,455.0,671.0,0
-61.0,23.0,-73.0,941.0,408.0,654.0,0
-46.0,29.0,-166.0,826.0,366.0,615.0,0
-8.0,20.0,-223.0,567.0,373.0,552.0,0
47.0,-14.0,-272.0,224.0,442.0,453.0,0
126.0,-54.0,-314.0,-38.0,583.0,349.0,0
190.0,-71.0,-390.0,-272.0,852.0,201.0,0
224.0,-131.0,-375.0,-733.0,1097.0,-8.0,0
193.0,-242.0,-192.0,-1301.0,940.0,-351.0,0
119.0,-391.0,-14.0,-1605.0,350.0,-769.0,0
69.0,-532.0,112.0,-1555.0,-284.0,-1132.0,0
82.0,-664.0,208.0,-1319.0,-593.0,-1384.0,0
128.0,-731.0,258.0,-961.0,-588.0,-1570.0,0
126.0,-755.0,201.0,-504.0,-495.0,-1809.0,0
61.0,-757.0,-1.0,-143.0,-348.0,-2050.0,0
-37.0,-772.0,-221.0,-236.0,107.0,-2036.0,0
-166.0,-798.0,-338.0,-982.0,760.0,-1619.0,0
-294.0,-839.0,-322.0,-1990.0,1128.0,-819.0,0
-294.0,-854.0,-243.0,-2588.0,884.0,133.0,0
-211.0,-823.0,-173.0,-2349.0,167.0,836.0,0
-154.0,-780.0,-113.0,-1348.0,-564.0,1160.0,0
-100.0,-715.0,-49.0,5.0,-1038.0,1281.0,0
-63.0,-632.0,1.0,1370.0,-1273.0,1281.0,0
-44.0,-543.0,42.0,2503.0,-1303.0,1219.0,0
-17.0,-448.0,55.0,3250.0,-1191.0,1187.0,0
21.0,-359.0,71.0,3575.0,-1050.0,1199.0,0
73.0,-279.0,61.0,3503.0,-965.0,1220.0,0
102.0,-216.0,64.0,3040.0,-941.0,1206.0,0
125.0,-171.0,48.0,2222.0,-959.0,1149.0,0
120.0,-153.0,37.0,1167.0,-999.0,1093.0,0
85.0,-190.0,29.0,35.0,-1026.0,1085.0,0
57.0,-279.0,53.0,-1045.0,-1038.0,1105.0,0
21.0,-351.0,96.0,-1776.0,-1080.0,1068.0,0
-14.0,-405.0,118.0,-2392.0,-1138.0,1006.0,0
-36.0,-441.0,103.0,-2649.0,-1206.0,956.0,0
-56.0,-445.0,59.0,-2622.0,-1231.0,927.0,0
-71.0,-430.0,3.0,-2402.0,-1196.0,906.0,0
-74.0,-388.0,-41.0,-2060.0,-1109.0,897.0,0
-83.0,-342.0,-69.0,-1659.0,-1017.0,895.0,0
-87.0,-298.0,-76.0,-1236.0,-953.0,895.0,0
-85.0,-252.0,-71.0,-795.0,-960.0,828.0,0
-89.0,-210.0,-63.0,-346.0,-1008.0,704.0,0
-86.0,-160.0,-63.0,79.0,-1061.0,545.0,0
-81.0,-117.0,-65.0,446.0,-1100.0,377.0,0
-69.0,-80.0,-61.0,767.0,-1129.0,214.0,0
-36.0,-48.0,-61.0,1073.0,-1165.0,37.0,0
-19.0,-16.0,-69.0,1353.0,-1193.0,-146.0,0
12.0,6.0,-98.0,1544.0,-1182.0,-304.0,0
34.0,39.0,-98.0,1607.0,-1125.0,-413.0,0
60.0,63.0,-100.0,1556.0,-1054.0,-486.0,0
70.0,71.0,-102.0,1429.0,-978.0,-520.0,0
83.0,70.0,-102.0,1254.0,-899.0,-545.0,0
79.0,60.0,-97.0,1050.0,-815.0,-576.0,0
65.0,44.0,-81.0,835.0,-729.0,-603.0,0
43.0,25.0,-62.0,627.0,-656.0,-595.0,0
23.0,8.0,-39.0,488.0,-596.0,-546.0,0
6.0,-8.0,-31.0,449.0,-556.0,-465.0,0
-2.0,-23.0,-29.0,493.0,-523.0,-345.0,0
-12.0,-28.0,-40.0,605.0,-490.0,-221.0,0
-15.0,-37.0,-63.0,734.0,-435.0,-113.0,0
-6.0,-41.0,-80.0,825.0,-340.0,-38.0,0
-2.0,-40.0,-92.0,863.0,-218.0,-8.0,0
4.0,-35.0,-101.0,860.0,-102.0,-27.0,0
14.0,-38.0,-101.0,825.0,-25.0,-84.0,0
21.0,-34.0,-94.0,752.0,-11.0,-165.0,0
31.0,-31.0,-81.0,680.0,-57.0,-230.0,0
43.0,-32.0,-73.0,620.0,-162.0,-310.0,0
44.0,-30.0,-83.0,583.0,-300.0,-382.0,0
37.0,-31.0,-140.0,570.0,-461.0,-431.0,0
22.0,-35.0,-216.0,526.0,-670.0,-481.0,0
-6.0,-38.0,-248.0,402.0,-890.0,-547.0,0
-50.0,-57.0,-246.0,209.0,-1009.0,-599.0,0
-94.0,-76.0,-253.0,-25.0,-979.0,-567.0,0
-121.0,-108.0,-310.0,-375.0,-821.0,-419.0,0
-109.0,-180.0,-309.0,-972.0,-525.0,-211.0,0
-68.0,-314.0,-152.0,-1637.0,-58.0,21.0,0
-42.0,-481.0,66.0,-2046.0,445.0,295.0,0
-49.0,-636.0,237.0,-2109.0,737.0,616.0,0
-65.0,-729.0,304.0,-1886.0,701.0,945.0,0
-77.0,-766.0,243.0,-1462.0,412.0,1247.0,0
-64.0,-776.0,54.0,-1051.0,6.0,1521.0,0
-14.0,-770.0,-171.0,-939.0,-450.0,1703.0,0
65.0,-792.0,-310.0,-1217.0,-910.0,1634.0,0
108.0,-813.0,-329.0,-1567.0,-1187.0,1169.0,0
38.0,-773.0,-264.0,-1593.0,-1054.0,441.0,0
-20.0,-726.0,-186.0,-1112.0,-537.0,-156.0,0
-62.0,-674.0,-83.0,-272.0,84.0,-576.0,0
-82.0,-624.0,-14.0,710.0,560.0,-937.0,0
-114.0,-550.0,38.0,1656.0,821.0,-1262.0,0
-125.0,-479.0,66.0,2391.0,914.0,-1517.0,0
-121.0,-409.0,87.0,2766.0,882.0,-1693.0,0
-108.0,-350.0,84.0,2717.0,752.0,-1798.0,0
-84.0,-294.0,71.0,2281.0,597.0,-1879.0,0
-73.0,-245.0,59.0,1567.0,501.0,-1947.0,0
-72.0,-208.0,46.0,874.0,476.0,-1969.0,0
-59.0,-198.0,41.0,-59.0,483.0,-1923.0,0
-23.0,-226.0,46.0,-978.0,521.0,-1802.0,0
12.0,-290.0,53.0,-1795.0,609.0,-1674.0,0
49.0,-358.0,66.0,-2408.0,761.0,-1501.0,0
87.0,-415.0,72.0,-2753.0,937.0,-1337.0,0
115.0,-458.0,65.0,-2847.0,1105.0,-1189.0,0
134.0,-475.0,61.0,-2761.0,1239.0,-1050.0,0
150.0,-464.0,56.0,-2548.0,1339.0,-926.0,0
158.0,-445.0,54.0,-2236.0,1396.0,-821.0,0
170.0,-406.0,48.0,-1863.0,1395.0,-713.0,0
189.0,-352.0,32.0,-1486.0,1365.0,-602.0,0
199.0,-310.0,12.0,-1154.0,1358.0,-501.0,0
188.0,-258.0,0.0,-844.0,1410.0,-423.0,0
162.0,-207.0,-15.0,-524.0,1528.0,-363.0,0
129.0,-161.0,-43.0,-226.0,1676.0,-308.0,0
93.0,-110.0,-56.0,22.0,1795.0,-245.0,0
48.0,-65.0,-69.0,244.0,1868.0,-176.0,0
40.0,-15.0,-64.0,473.0,1877.0,-94.0,0
24.0,23.0,-67.0,719.0,1810.0,-17.0,0
4.0,53.0,-71.0,970.0,1676.0,47.0,0
-24.0,82.0,-81.0,1194.0,1501.0,98.0,0
-59.0,109.0,-93.0,1352.0,1320.0,149.0,0
-102.0,127.0,-104.0,1382.0,1141.0,242.0,0
-127.0,131.0,-110.0,1275.0,963.0,392.0,0
-146.0,115.0,-114.0,1028.0,771.0,563.0,0
-137.0,74.0,-112.0,664.0,596.0,703.0,0
-102.0,26.0,-89.0,251.0,435.0,784.0,0
-69.0,-18.0,-70.0,-55.0,318.0,787.0,0
-52.0,-52.0,-52.0,-166.0,266.0,746.0,0
-32.0,-78.0,-40.0,-112.0,255.0,671.0,0
-19.0,-80.0,-44.0,3.0,254.0,565.0,0
-9.0,-75.0,-54.0,177.0,239.0,439.0,0
3.0,-56.0,-64.0,335.0,225.0,328.0,0
14.0,-31.0,-71.0,468.0,212.0,261.0,0
22.0,-4.0,-80.0,580.0,221.0,218.0,0
16.0,24.0,-83.0,662.0,254.0,217.0,0
15.0,36.0,-86.0,702.0,301.0,271.0,0
1.0,36.0,-78.0,682.0,347.0,359.0,0
-16.0,20.0,-55.0,625.0,382.0,452.0,0
-32.0,19.0,-49.0,543.0,387.0,521.0,0
-46.0,10.0,-101.0,464.0,358.0,568.0,0
-28.0,17.0,-199.0,357.0,354.0,608.0,0
11.0,14.0,-246.0,165.0,484.0,629.0,0
75.0,-22.0,-352.0,-116.0,806.0,639.0,0
168.0,-73.0,-441.0,-494.0,1321.0,588.0,0
240.0,-150.0,-532.0,-1103.0,1938.0,384.0,0
251.0,-292.0,-401.0,-1975.0,2194.0,-79.0,0
137.0,-461.0,-82.0,-2633.0,1518.0,-772.0,0
-9.0,-650.0,199.0,-2584.0,186.0,-1404.0,0
2.0,-780.0,300.0,-1986.0,-945.0,-1714.0,0
66.0,-848.0,315.0,-1199.0,-1451.0,-1782.0,0
118.0,-885.0,243.0,-413.0,-1412.0,-1820.0,0
80.0,-900.0,-6.0,276.0,-998.0,-1959.0,0
-27.0,-887.0,-317.0,478.0,-247.0,-2052.0,0
-194.0,-844.0,-474.0,-118.0,640.0,-1835.0,0
-368.0,-827.0,-457.0,-1124.0,1188.0,-1174.0,0
-382.0,-775.0,-326.0,-1843.0,1053.0,-210.0,0
-279.0,-723.0,-212.0,-1769.0,331.0,622.0,0
-181.0,-667.0,-112.0,-980.0,-518.0,1074.0,0
-100.0,-607.0,-16.0,224.0,-1165.0,1245.0,0
-39.0,-525.0,46.0,1516.0,-1573.0,1242.0,0
-2.0,-438.0,78.0,2413.0,-1768.0,1151.0,0
23.0,-351.0,86.0,3180.0,-1787.0,1069.0,0
61.0,-272.0,87.0,3488.0,-1693.0,1043.0,0
100.0,-198.0,80.0,3380.0,-1545.0,1054.0,0
136.0,-151.0,55.0,2917.0,-1418.0,1070.0,0
167.0,-133.0,24.0,2138.0,-1329.0,1059.0,0
175.0,-146.0,8.0,1139.0,-1273.0,1027.0,0
162.0,-192.0,14.0,68.0,-1235.0,989.0,0
131.0,-278.0,43.0,-917.0,-1215.0,950.0,0
93.0,-355.0,80.0,-1688.0,-1225.0,906.0,0
62.0,-413.0,99.0,-2155.0,-1271.0,852.0,0
38.0,-441.0,98.0,-2328.0,-1320.0,809.0,0
13.0,-452.0,75.0,-2315.0,-1297.0,812.0,0
-7.0,-438.0,45.0,-2197.0,-1204.0,850.0,0
-34.0,-408.0,19.0,-2019.0,-1057.0,912.0,0
-59.0,-375.0,-15.0,-1791.0,-895.0,975.0,0
-75.0,-337.0,-42.0,-1544.0,-762.0,1019.0,0
-85.0,-305.0,-61.0,-1308.0,-690.0,1025.0,0
-88.0,-273.0,-63.0,-1042.0,-692.0,975.0,0
-82.0,-241.0,-65.0,-698.0,-753.0,884.0,0
-84.0,-201.0,-67.0,-290.0,-837.0,780.0,0
-70.0,-163.0,-60.0,148.0,-905.0,690.0,0
-55.0,-116.0,-44.0,602.0,-954.0,594.0,0
-39.0,-61.0,-41.0,1058.0,-974.0,460.0,0
-18.0,4.0,-54.0,1451.0,-942.0,276.0,0
-5.0,61.0,-70.0,1717.0,-862.0,64.0,0
-5.0,113.0,-79.0,1836.0,-770.0,-132.0,0
-4.0,148.0,-97.0,1820.0,-696.0,-239.0,0
12.0,166.0,-121.0,1678.0,-655.0,-271.0,0
29.0,170.0,-131.0,1429.0,-615.0,-280.0,0
46.0,158.0,-140.0,1089.0,-559.0,-306.0,0
46.0,126.0,-133.0,770.0,-476.0,-357.0,0
37.0,79.0,-110.0,344.0,-399.0,-425.0,0
27.0,39.0,-79.0,-30.0,-308.0,-457.0,0
16.0,4.0,-54.0,-255.0,-245.0,-447.0,0
12.0,-30.0,-45.0,-302.0,-205.0,-405.0,0
14.0,-56.0,-52.0,-214.0,-166.0,-360.0,0
13.0,-71.0,-63.0,-57.0,-110.0,-326.0,0
19.0,-79.0,-76.0,105.0,-40.0,-304.0,0
23.0,-87.0,-83.0,238.0,14.0,-309.0,0
17.0,-89.0,-92.0,329.0,17.0,-345.0,0
18.0,-75.0,-106.0,365.0,-42.0,-399.0,0
24.0,-67.0,-102.0,368.0,-143.0,-451.0,0
35.0,-58.0,-91.0,369.0,-248.0,-483.0,0
42.0,-55.0,-79.0,398.0,-317.0,-506.0,0
45.0,-45.0,-62.0,469.0,-327.0,-519.0,0
42.0,-40.0,-45.0,576.0,-277.0,-516.0,0
32.0,-25.0,-50.0,705.0,-193.0,-516.0,0
24.0,-10.0,-107.0,806.0,-106.0,-510.0,0
1.0,4.0,-197.0,785.0,-81.0,-502.0,0
-37.0,13.0,-273.0,595.0,-136.0,-502.0,0
-93.0,7.0,-335.0,251.0,-218.0,-474.0,0
-139.0,-18.0,-413.0,-226.0,-276.0,-337.0,0
-140.0,-68.0,-507.0,-879.0,-326.0,-68.0,0
-41.0,-199.0,-442.0,-1622.0,-275.0,283.0,0
68.0,-388.0,-149.0,-2070.0,89.0,711.0,0
87.0,-573.0,159.0,-2027.0,638.0,1123.0,0
36.0,-700.0,313.0,-1681.0,831.0,1380.0,0
-33.0,-743.0,273.0,-1274.0,474.0,1512.0,0
-77.0,-761.0,95.0,-949.0,37.0,1701.0,0
-59.0,-784.0,-98.0,-897.0,-217.0,1946.0,0
-7.0,-827.0,-242.0,-1138.0,-499.0,2058.0,0
66.0,-906.0,-290.0,-1648.0,-773.0,1898.0,0
103.0,-978.0,-292.0,-2003.0,-956.0,1391.0,0
61.0,-979.0,-245.0,-1944.0,-682.0,773.0,0
-31.0,-923.0,-158.0,-1331.0,85.0,-48.0,0
-101.0,-851.0,-84.0,-254.0,913.0,-640.0,0
-153.0,-760.0,-22.0,970.0,1432.0,-997.0,0
-183.0,-663.0,22.0,2078.0,1592.0,-1227.0,0
-182.0,-573.0,46.0,2919.0,1504.0,-1390.0,0
-174.0,-479.0,53.0,3430.0,1288.0,-1523.0,0
-164.0,-384.0,56.0,3578.0,1005.0,-1642.0,0
-161.0,-274.0,51.0,3363.0,690.0,-1748.0,0
-157.0,-164.0,44.0,2831.0,425.0,-1819.0,0
-141.0,-82.0,31.0,2045.0,291.0,-1803.0,0
-104.0,-54.0,3.0,1076.0,310.0,-1684.0,0
-60.0,-73.0,-8.0,38.0,463.0,-1568.0,0
-21.0,-134.0,11.0,-963.0,705.0,-1516.0,0
6.0,-204.0,36.0,-1800.0,969.0,-1471.0,0
40.0,-264.0,59.0,-2358.0,1179.0,-1380.0,0
63.0,-314.0,72.0,-2608.0,1317.0,-1249.0,0
88.0,-354.0,82.0,-2599.0,1380.0,-1094.0,0
105.0,-372.0,81.0,-2413.0,1353.0,-933.0,0
121.0,-363.0,79.0,-2117.0,1253.0,-780.0,0
144.0,-343.0,48.0,-1764.0,1137.0,-647.0,0
160.0,-317.0,28.0,-1415.0,1048.0,-513.0,0
170.0,-286.0,6.0,-1087.0,1017.0,-365.0,0
154.0,-251.0,-8.0,-758.0,1037.0,-208.0,0
132.0,-211.0,-22.0,-366.0,1075.0,-58.0,0
110.0,-170.0,-38.0,62.0,1121.0,86.0,0
92.0,-135.0,-44.0,483.0,1168.0,222.0,0
78.0,-98.0,-49.0,814.0,1214.0,312.0,0
65.0,-53.0,-53.0,1224.0,1242.0,344.0,0
52.0,-7.0,-61.0,1612.0,1256.0,342.0,0
35.0,28.0,-73.0,1929.0,1216.0,337.0,0
27.0,60.0,-87.0,2140.0,1110.0,342.0,0
21.0,84.0,-99.0,2213.0,962.0,363.0,0
16.0,107.0,-112.0,2151.0,817.0,397.0,0
-2.0,113.0,-123.0,1958.0,702.0,429.0,0
-13.0,101.0,-129.0,1626.0,634.0,466.0,0
-21.0,66.0,-117.0,1150.0,601.0,509.0,0
-10.0,29.0,-82.0,574.0,565.0,558.0,0
0.0,-9.0,-33.0,45.0,493.0,564.0,0
0.0,-37.0,-7.0,-275.0,400.0,538.0,0
7.0,-54.0,11.0,-352.0,316.0,504.0,0
3.0,-62.0,-2.0,-269.0,249.0,456.0,0
3.0,-61.0,-18.0,-109.0,198.0,406.0,0
3.0,-56.0,-30.0,83.0,169.0,371.0,0
9.0,-38.0,-42.0,285.0,163.0,365.0,0
1.0,-23.0,-57.0,483.0,182.0,387.0,0
-8.0,-9.0,-61.0,654.0,214.0,430.0,0
-24.0,-2.0,-65.0,773.0,248.0,481.0,0
-40.0,9.0,-67.0,831.0,275.0,515.0,0
-55.0,12.0,-74.0,815.0,286.0,531.0,0
-50.0,14.0,-115.0,726.0,278.0,536.0,0
-34.0,7.0,-196.0,554.0,294.0,516.0,0
-7.0,-20.0,-226.0,297.0,384.0,467.0,0
53.0,-71.0,-301.0,57.0,571.0,394.0,0
126.0,-99.0,-411.0,-206.0,934.0,281.0,0
181.0,-159.0,-489.0,-817.0,1375.0,91.0,0
156.0,-278.0,-316.0,-1829.0,1443.0,-281.0,0
55.0,-440.0,-20.0,-2548.0,824.0,-817.0,0
-24.0,-607.0,178.0,-2858.0,66.0,-1253.0,0
-20.0,-739.0,308.0,-2583.0,-717.0,-1432.0,0
29.0,-814.0,357.0,-1956.0,-1054.0,-1495.0,0
84.0,-856.0,302.0,-1140.0,-1017.0,-1527.0,0
96.0,-851.0,56.0,-368.0,-755.0,-1662.0,0
45.0,-835.0,-260.0,-77.0,-248.0,-1812.0,0
-80.0,-813.0,-458.0,-576.0,467.0,-1747.0,0
-237.0,-817.0,-441.0,-1487.0,1017.0,-1220.0,0
-289.0,-803.0,-315.0,-2018.0,993.0,-285.0,0
-210.0,-753.0,-202.0,-1669.0,355.0,524.0,0
-140.0,-698.0,-127.0,-606.0,-441.0,906.0,0
-75.0,-625.0,-43.0,762.0,-947.0,1066.0,0
-30.0,-534.0,26.0,2123.0,-1158.0,1132.0,0
3.0,-433.0,70.0,3213.0,-1189.0,1133.0,0
28.0,-329.0,86.0,3876.0,-1138.0,1112.0,0
61.0,-238.0,89.0,4050.0,-1060.0,1111.0,0
112.0,-142.0,80.0,3773.0,-967.0,1120.0,0
133.0,-91.0,61.0,3086.0,-875.0,1085.0,0
140.0,-67.0,38.0,2078.0,-811.0,1018.0,0
128.0,-77.0,16.0,856.0,-778.0,964.0,0
103.0,-130.0,12.0,-443.0,-764.0,935.0,0
68.0,-239.0,50.0,-1629.0,-778.0,925.0,0
32.0,-344.0,106.0,-2523.0,-834.0,891.0,0
-9.0,-435.0,143.0,-3003.0,-946.0,853.0,0
-48.0,-502.0,143.0,-3079.0,-1066.0,843.0,0
-68.0,-533.0,113.0,-2873.0,-1130.0,868.0,0
-86.0,-537.0,71.0,-2514.0,-1118.0,926.0,0
-85.0,-509.0,18.0,-2068.0,-1034.0,993.0,0
-98.0,-459.0,-20.0,-1579.0,-901.0,1055.0,0
-96.0,-396.0,-57.0,-1093.0,-776.0,1107.0,0
-89.0,-334.0,-72.0,-770.0,-687.0,1125.0,0
-82.0,-274.0,-60.0,-436.0,-650.0,1082.0,0
-73.0,-217.0,-52.0,-125.0,-651.0,982.0,0
-65.0,-170.0,-46.0,171.0,-703.0,867.0,0
-38.0,-108.0,-45.0,423.0,-783.0,702.0,0
-6.0,-64.0,-48.0,633.0,-871.0,531.0,0
21.0,-25.0,-61.0,808.0,-955.0,348.0,0
48.0,10.0,-67.0,962.0,-1019.0,149.0,0
64.0,42.0,-85.0,1064.0,-1032.0,-60.0,0
63.0,82.0,-94.0,1101.0,-985.0,-246.0,0
68.0,107.0,-97.0,1103.0,-897.0,-365.0,0
63.0,112.0,-111.0,1079.0,-789.0,-407.0,0
58.0,108.0,-126.0,998.0,-671.0,-415.0,0
41.0,92.0,-136.0,836.0,-532.0,-415.0,0
22.0,72.0,-139.0,586.0,-392.0,-414.0,0
6.0,42.0,-120.0,277.0,-281.0,-410.0,0
-13.0,9.0,-99.0,-26.0,-199.0,-386.0,0
-26.0,-14.0,-67.0,-256.0,-148.0,-332.0,0
-33.0,-35.0,-44.0,-356.0,-126.0,-263.0,0
-34.0,-53.0,-37.0,-329.0,-127.0,-204.0,0
-36.0,-63.0,-41.0,-223.0,-127.0,-159.0,0
-29.0,-71.0,-42.0,-81.0,-108.0,-128.0,0
-23.0,-78.0,-47.0,81.0,-74.0,-130.0,0
-14.0,-83.0,-57.0,245.0,-44.0,-175.0,0
-7.0,-79.0,-67.0,395.0,-29.0,-252.0,0
0.0,-76.0,-73.0,529.0,-34.0,-341.0,0
8.0,-66.0,-73.0,642.0,-61.0,-412.0,0
16.0,-58.0,-81.0,741.0,-111.0,-460.0,0
16.0,-42.0,-116.0,829.0,-177.0,-501.0,0
7.0,-23.0,-193.0,860.0,-269.0,-536.0,0
-6.0,-13.0,-271.0,801.0,-387.0,-576.0,0
-34.0,-7.0,-314.0,618.0,-469.0,-613.0,0
-69.0,-18.0,-358.0,323.0,-467.0,-587.0,0
-111.0,-30.0,-437.0,-105.0,-377.0,-490.0,0
-118.0,-62.0,-477.0,-776.0,-280.0,-295.0,0
-74.0,-168.0,-375.0,-1612.0,-188.0,-73.0,0
-2.0,-322.0,-140.0,-2256.0,-6.0,188.0,0
32.0,-494.0,140.0,-2456.0,299.0,544.0,0
39.0,-629.0,359.0,-2172.0,543.0,913.0,0
16.0,-719.0,454.0,-1435.0,467.0,1176.0,0
-8.0,-743.0,351.0,-451.0,129.0,1353.0,0
1.0,-705.0,38.0,362.0,-199.0,1547.0,0
51.0,-688.0,-200.0,551.0,-448.0,1742.0,0
119.0,-686.0,-311.0,35.0,-693.0,1774.0,0
175.0,-708.0,-311.0,-788.0,-918.0,1518.0,0
140.0,-699.0,-259.0,-1406.0,-906.0,948.0,0
53.0,-676.0,-187.0,-1526.0,-438.0,286.0,0
-17.0,-664.0,-95.0,-1136.0,282.0,-183.0,0
-67.0,-641.0,-20.0,-423.0,916.0,-531.0,0
-100.0,-600.0,36.0,424.0,1326.0,-856.0,0
-123.0,-550.0,86.0,1219.0,1554.0,-1138.0,0
-131.0,-494.0,99.0,1781.0,1594.0,-1367.0,0
-125.0,-445.0,97.0,2009.0,1462.0,-1538.0,0
-111.0,-394.0,74.0,1895.0,1245.0,-1676.0,0
-107.0,-346.0,47.0,1513.0,1053.0,-1784.0,0
-109.0,-300.0,34.0,964.0,953.0,-1825.0,0
-103.0,-275.0,16.0,321.0,924.0,-1788.0,0
-75.0,-277.0,15.0,-356.0,927.0,-1664.0,0
-32.0,-313.0,28.0,-989.0,972.0,-1490.0,0
-3.0,-363.0,23.0,-1522.0,1069.0,-1313.0,0
46.0,-425.0,54.0,-1894.0,1201.0,-1136.0,0
74.0,-454.0,66.0,-2047.0,1333.0,-979.0,0
93.0,-458.0,64.0,-2074.0,1439.0,-856.0,0
105.0,-441.0,55.0,-1981.0,1506.0,-758.0,0
113.0,-416.0,56.0,-1818.0,1561.0,-689.0,0
126.0,-379.0,46.0,-1615.0,1572.0,-611.0,0
142.0,-342.0,29.0,-1396.0,1535.0,-545.0,0
155.0,-299.0,8.0,-1169.0,1500.0,-486.0,0
153.0,-249.0,-5.0,-953.0,1515.0,-425.0,0
145.0,-199.0,-13.0,-742.0,1575.0,-373.0,0
124.0,-151.0,-23.0,-528.0,1669.0,-329.0,0
100.0,-108.0,-37.0,-318.0,1761.0,-274.0,0
77.0,-67.0,-50.0,-119.0,1820.0,-195.0,0
67.0,-26.0,-52.0,81.0,1840.0,-90.0,0
52.0,8.0,-57.0,308.0,1825.0,6.0,0
49.0,41.0,-64.0,546.0,1786.0,96.0,0
44.0,65.0,-62.0,764.0,1703.0,169.0,0
25.0,88.0,-63.0,936.0,1573.0,217.0,0
1.0,105.0,-76.0,1054.0,1415.0,257.0,0
-36.0,114.0,-95.0,1059.0,1236.0,320.0,0
-56.0,107.0,-106.0,918.0,1050.0,410.0,0
-68.0,86.0,-105.0,654.0,875.0,496.0,0
-71.0,42.0,-99.0,313.0,723.0,558.0,0
-62.0,2.0,-84.0,-40.0,614.0,595.0,0
-55.0,-35.0,-74.0,-296.0,552.0,585.0,0
-47.0,-61.0,-62.0,-401.0,543.0,527.0,0
-49.0,-67.0,-54.0,-379.0,562.0,447.0,0
-41.0,-74.0,-55.0,-269.0,587.0,367.0,0
-33.0,-73.0,-60.0,-112.0,596.0,302.0,0
-23.0,-58.0,-54.0,59.0,586.0,255.0,0
-13.0,-45.0,-53.0,229.0,559.0,239.0,0
-8.0,-20.0,-56.0,381.0,519.0,255.0,0
-13.0,0.0,-64.0,476.0,479.0,299.0,0
-16.0,16.0,-71.0,533.0,444.0,366.0,0
-27.0,32.0,-80.0,504.0,420.0,422.0,0
-39.0,47.0,-77.0,398.0,392.0,454.0,0
-51.0,45.0,-80.0,231.0,349.0,485.0,0
-54.0,42.0,-99.0,24.0,295.0,520.0,0
-34.0,43.0,-219.0,-205.0,246.0,533.0,0
13.0,38.0,-298.0,-482.0,293.0,517.0,0
87.0,24.0,-336.0,-787.0,501.0,456.0,0
183.0,-18.0,-328.0,-1077.0,836.0,361.0,0
249.0,-72.0,-403.0,-1346.0,1230.0,187.0,0
265.0,-148.0,-412.0,-1722.0,1477.0,-125.0,0
214.0,-271.0,-281.0,-2164.0,1180.0,-569.0,0
145.0,-424.0,-95.0,-2321.0,416.0,-1054.0,0
147.0,-570.0,71.0,-2017.0,-242.0,-1459.0,0
172.0,-681.0,173.0,-1443.0,-518.0,-1755.0,0
191.0,-758.0,232.0,-791.0,-570.0,-1977.0,0
178.0,-808.0,157.0,-103.0,-498.0,-2149.0,0
101.0,-825.0,-44.0,411.0,-134.0,-2241.0,0
13.0,-832.0,-243.0,461.0,634.0,-2113.0,0
-115.0,-837.0,-351.0,-50.0,1443.0,-1716.0,0
-263.0,-854.0,-364.0,-941.0,1778.0,-1079.0,0
-358.0,-892.0,-311.0,-1806.0,1497.0,-224.0,0
-295.0,-879.0,-179.0,-2281.0,790.0,729.0,0
-184.0,-849.0,-54.0,-2061.0,-101.0,1434.0,0
-129.0,-797.0,22.0,-1232.0,-928.0,1792.0,0
-103.0,-714.0,59.0,-22.0,-1533.0,1843.0,0
-86.0,-618.0,67.0,1258.0,-1862.0,1692.0,0
-60.0,-523.0,72.0,2284.0,-1894.0,1511.0,0
-10.0,-425.0,83.0,2868.0,-1735.0,1399.0,0
49.0,-342.0,86.0,2979.0,-1529.0,1382.0,0
90.0,-291.0,80.0,2754.0,-1367.0,1428.0,0
133.0,-246.0,69.0,2129.0,-1288.0,1451.0,0
136.0,-239.0,63.0,1224.0,-1251.0,1411.0,0
105.0,-268.0,63.0,237.0,-1267.0,1361.0,0
84.0,-316.0,76.0,-633.0,-1312.0,1339.0,0
67.0,-352.0,93.0,-1212.0,-1376.0,1338.0,0
51.0,-381.0,90.0,-1462.0,-1436.0,1336.0,0
37.0,-388.0,75.0,-1468.0,-1482.0,1309.0,0
11.0,-372.0,60.0,-1314.0,-1480.0,1279.0,0
-10.0,-363.0,43.0,-1064.0,-1413.0,1272.0,0
-20.0,-332.0,11.0,-795.0,-1291.0,1271.0,0
-23.0,-301.0,-25.0,-585.0,-1149.0,1265.0,0
-10.0,-248.0,-55.0,-454.0,-983.0,1244.0,0
-4.0,-208.0,-71.0,-377.0,-803.0,1168.0,0
1.0,-175.0,-79.0,-303.0,-622.0,1018.0,0
-11.0,-157.0,-90.0,-207.0,-464.0,796.0,0
-18.0,-130.0,-83.0,-99.0,-325.0,550.0,0
-30.0,-103.0,-83.0,34.0,-243.0,298.0,0
-48.0,-78.0,-84.0,194.0,-238.0,79.0,0
-53.0,-54.0,-85.0,384.0,-298.0,-117.0,0
-52.0,-18.0,-95.0,592.0,-411.0,-317.0,0
-58.0,30.0,-90.0,791.0,-550.0,-509.0,0
-39.0,64.0,-90.0,996.0,-694.0,-680.0,0
-39.0,87.0,-87.0,1183.0,-792.0,-802.0,0
-31.0,103.0,-81.0,1318.0,-810.0,-858.0,0
-22.0,109.0,-87.0,1359.0,-751.0,-869.0,0
-11.0,99.0,-94.0,1256.0,-633.0,-858.0,0
-5.0,76.0,-99.0,984.0,-509.0,-839.0,0
3.0,51.0,-83.0,607.0,-420.0,-826.0,0
10.0,21.0,-61.0,252.0,-380.0,-797.0,0
20.0,-1.0,-52.0,47.0,-381.0,-744.0,0
27.0,-19.0,-42.0,-79.0,-405.0,-665.0,0
24.0,-25.0,-44.0,-87.0,-424.0,-571.0,0
16.0,-17.0,-58.0,-32.0,-437.0,-484.0,0
11.0,-4.0,-82.0,54.0,-423.0,-381.0,0
9.0,4.0,-94.0,143.0,-360.0,-298.0,0
10.0,11.0,-109.0,222.0,-257.0,-252.0,0
17.0,16.0,-124.0,270.0,-144.0,-241.0,0
21.0,20.0,-137.0,276.0,-64.0,-245.0,0
23.0,18.0,-139.0,246.0,-53.0,-250.0,0
22.0,21.0,-133.0,192.0,-109.0,-247.0,0
23.0,15.0,-118.0,131.0,-200.0,-233.0,0
19.0,-7.0,-117.0,92.0,-285.0,-227.0,0
14.0,-1.0,-158.0,79.0,-365.0,-229.0,0
-5.0,-7.0,-231.0,39.0,-493.0,-237.0,0
-40.0,-12.0,-282.0,-71.0,-693.0,-266.0,0
-87.0,-18.0,-340.0,-258.0,-865.0,-283.0,0
-128.0,-36.0,-442.0,-586.0,-842.0,-190.0,0
-126.0,-87.0,-501.0,-1107.0,-625.0,38.0,0
-65.0,-225.0,-389.0,-1612.0,-308.0,332.0,0
13.0,-422.0,-70.0,-1736.0,-5.0,627.0,0
4.0,-565.0,150.0,-1482.0,161.0,892.0,0
-37.0,-648.0,262.0,-1109.0,51.0,1077.0,0
-93.0,-682.0,217.0,-692.0,-296.0,1178.0,0
-99.0,-709.0,84.0,-311.0,-506.0,1310.0,0
-82.0,-739.0,-48.0,-93.0,-536.0,1441.0,0
-56.0,-771.0,-172.0,-176.0,-711.0,1353.0,0
-7.0,-810.0,-276.0,-587.0,-1041.0,989.0,0
51.0,-856.0,-316.0,-1097.0,-1210.0,414.0,0
69.0,-898.0,-279.0,-1455.0,-934.0,-294.0,0
2.0,-866.0,-175.0,-1388.0,-274.0,-1010.0,0
-60.0,-816.0,-74.0,-752.0,361.0,-1506.0,0
-101.0,-746.0,-6.0,256.0,687.0,-1743.0,0
-110.0,-671.0,43.0,1139.0,765.0,-1810.0,0
-109.0,-595.0,53.0,2125.0,751.0,-1805.0,0
-86.0,-527.0,50.0,2780.0,707.0,-1783.0,0
-67.0,-453.0,40.0,2960.0,658.0,-1753.0,0
-61.0,-369.0,28.0,2646.0,609.0,-1749.0,0
-61.0,-283.0,28.0,1955.0,589.0,-1729.0,0
-50.0,-213.0,41.0,1064.0,614.0,-1627.0,0
-4.0,-216.0,42.0,132.0,686.0,-1457.0,0
38.0,-259.0,55.0,-757.0,806.0,-1304.0,0
72.0,-308.0,59.0,-1512.0,986.0,-1215.0,0
107.0,-356.0,59.0,-2065.0,1211.0,-1148.0,0
132.0,-389.0,51.0,-2402.0,1429.0,-1072.0,0
159.0,-409.0,39.0,-2527.0,1602.0,-977.0,0
188.0,-422.0,26.0,-2458.0,1711.0,-867.0,0
211.0,-420.0,22.0,-2203.0,1759.0,-774.0,0
225.0,-407.0,7.0,-1779.0,1771.0,-713.0,0
228.0,-379.0,-4.0,-1278.0,1792.0,-676.0,0
226.0,-340.0,-14.0,-759.0,1848.0,-670.0,0
198.0,-293.0,-22.0,-242.0,1921.0,-673.0,0
150.0,-234.0,-37.0,256.0,2010.0,-675.0,0
94.0,-174.0,-52.0,714.0,2083.0,-661.0,0
38.0,-111.0,-78.0,1097.0,2114.0,-627.0,0
-9.0,-67.0,-98.0,1360.0,2080.0,-548.0,0
-33.0,-12.0,-108.0,1514.0,1978.0,-437.0,0
-49.0,31.0,-109.0,1598.0,1844.0,-308.0,0
-53.0,77.0,-112.0,1637.0,1705.0,-193.0,0
-59.0,103.0,-119.0,1643.0,1574.0,-92.0,0
-68.0,124.0,-127.0,1607.0,1449.0,-3.0,0
-91.0,144.0,-125.0,1513.0,1342.0,87.0,0
-110.0,143.0,-131.0,1401.0,1252.0,207.0,0
-125.0,140.0,-124.0,1185.0,1136.0,346.0,0
-121.0,121.0,-108.0,890.0,1021.0,484.0,0
-110.0,75.0,-89.0,523.0,846.0,581.0,0
-86.0,30.0,-51.0,129.0,656.0,666.0,0
-56.0,-20.0,-19.0,-137.0,467.0,674.0,0
-27.0,-54.0,-3.0,-195.0,288.0,613.0,0
-10.0,-76.0,-4.0,-83.0,129.0,529.0,0
2.0,-77.0,-19.0,118.0,-12.0,434.0,0
16.0,-75.0,-41.0,328.0,-134.0,353.0,0
30.0,-63.0,-68.0,506.0,-233.0,305.0,0
36.0,-44.0,-96.0,637.0,-286.0,300.0,0
39.0,-31.0,-124.0,728.0,-262.0,337.0,0
30.0,-19.0,-133.0,772.0,-161.0,398.0,0
20.0,-16.0,-135.0,769.0,-18.0,473.0,0
1.0,-20.0,-104.0,737.0,120.0,544.0,0
-18.0,-24.0,-80.0,692.0,221.0,612.0,0
-32.0,-27.0,-98.0,638.0,272.0,661.0,0
-30.0,-26.0,-189.0,566.0,313.0,682.0,0
-2.0,-41.0,-269.0,422.0,405.0,692.0,0
38.0,-74.0,-255.0,253.0,569.0,694.0,0
110.0,-130.0,-316.0,194.0,820.0,671.0,0
181.0,-152.0,-434.0,95.0,1201.0,559.0,0
218.0,-212.0,-416.0,-466.0,1496.0,287.0,0
158.0,-340.0,-189.0,-1501.0,1163.0,-251.0,0
22.0,-495.0,131.0,-2291.0,117.0,-906.0,0
-28.0,-678.0,356.0,-2270.0,-975.0,-1345.0,0
4.0,-817.0,432.0,-1599.0,-1556.0,-1512.0,0
64.0,-866.0,423.0,-704.0,-1613.0,-1561.0,0
115.0,-841.0,249.0,116.0,-1306.0,-1676.0,0
90.0,-796.0,-69.0,478.0,-708.0,-1839.0,0
-4.0,-730.0,-352.0,254.0,-120.0,-1812.0,0
-156.0,-685.0,-468.0,-699.0,479.0,-1374.0,0
-294.0,-683.0,-424.0,-1780.0,595.0,-743.0,0
-255.0,-671.0,-286.0,-2223.0,237.0,123.0,0
-201.0,-633.0,-169.0,-1741.0,-359.0,679.0,0
-169.0,-601.0,-55.0,-597.0,-925.0,931.0,0
-129.0,-544.0,29.0,859.0,-1377.0,1060.0,0
-105.0,-473.0,76.0,2244.0,-1722.0,1118.0,0
-85.0,-408.0,99.0,3254.0,-1950.0,1132.0,0
-50.0,-347.0,89.0,3733.0,-2050.0,1139.0,0
2.0,-299.0,64.0,3631.0,-2059.0,1140.0,0
46.0,-267.0,45.0,3003.0,-1993.0,1123.0,0
74.0,-247.0,33.0,1989.0,-1893.0,1068.0,0
78.0,-246.0,24.0,764.0,-1810.0,989.0,0
66.0,-279.0,17.0,-465.0,-1747.0,924.0,0
48.0,-341.0,23.0,-1528.0,-1676.0,891.0,0
30.0,-402.0,27.0,-2278.0,-1590.0,882.0,0
20.0,-456.0,44.0,-2648.0,-1529.0,870.0,0
7.0,-494.0,48.0,-2664.0,-1515.0,832.0,0
0.0,-505.0,37.0,-2404.0,-1516.0,782.0,0
-11.0,-494.0,24.0,-1964.0,-1487.0,735.0,0
-26.0,-454.0,-11.0,-1447.0,-1426.0,721.0,0
-38.0,-394.0,-47.0,-967.0,-1338.0,726.0,0
-47.0,-339.0,-71.0,-605.0,-1219.0,728.0,0
-55.0,-281.0,-82.0,-364.0,-1079.0,704.0,0
-42.0,-231.0,-81.0,-172.0,-982.0,654.0,0
-24.0,-168.0,-77.0,33.0,-936.0,575.0,0
-11.0,-120.0,-79.0,282.0,-925.0,476.0,0
-4.0,-91.0,-75.0,546.0,-912.0,367.0,0
3.0,-54.0,-71.0,748.0,-898.0,253.0,0
21.0,-30.0,-69.0,972.0,-899.0,144.0,0
36.0,-1.0,-56.0,1171.0,-912.0,15.0,0
47.0,34.0,-56.0,1347.0,-914.0,-103.0,0
55.0,70.0,-54.0,1509.0,-905.0,-225.0,0
63.0,95.0,-59.0,1664.0,-902.0,-304.0,0
69.0,116.0,-63.0,1781.0,-886.0,-349.0,0
67.0,126.0,-82.0,1844.0,-852.0,-360.0,0
68.0,119.0,-94.0,1800.0,-780.0,-337.0,0
56.0,109.0,-115.0,1607.0,-693.0,-331.0,0
33.0,98.0,-119.0,1247.0,-593.0,-336.0,0
13.0,81.0,-103.0,777.0,-485.0,-332.0,0
2.0,50.0,-75.0,299.0,-384.0,-300.0,0
-3.0,19.0,-49.0,-94.0,-303.0,-248.0,0
-6.0,-6.0,-40.0,-345.0,-255.0,-191.0,0
-3.0,-36.0,-50.0,-447.0,-235.0,-132.0,0
-2.0,-59.0,-68.0,-422.0,-207.0,-75.0,0
2.0,-75.0,-82.0,-318.0,-163.0,-40.0,0
5.0,-84.0,-96.0,-151.0,-109.0,-44.0,0
5.0,-84.0,-97.0,53.0,-51.0,-97.0,0
11.0,-73.0,-96.0,262.0,0.0,-190.0,0
20.0,-67.0,-92.0,462.0,35.0,-295.0,0
30.0,-57.0,-85.0,643.0,48.0,-388.0,0
44.0,-51.0,-76.0,785.0,44.0,-463.0,0
52.0,-39.0,-64.0,889.0,37.0,-521.0,0
59.0,-40.0,-49.0,954.0,51.0,-557.0,0
63.0,-44.0,-30.0,984.0,95.0,-565.0,0
65.0,-49.0,-23.0,961.0,159.0,-561.0,0
51.0,-53.0,-66.0,879.0,206.0,-557.0,0
30.0,-55.0,-128.0,735.0,123.0,-556.0,0
-12.0,-58.0,-171.0,568.0,-146.0,-565.0,0
-103.0,-77.0,-150.0,320.0,-515.0,-544.0,0
-168.0,-88.0,-232.0,46.0,-764.0,-392.0,0
-192.0,-97.0,-473.0,-431.0,-861.0,-156.0,0
-155.0,-170.0,-581.0,-1413.0,-579.0,200.0,0
-73.0,-342.0,-339.0,-2633.0,27.0,556.0,0
-50.0,-544.0,-40.0,-3383.0,610.0,907.0,0
-84.0,-713.0,167.0,-3559.0,831.0,1251.0,0
-138.0,-819.0,240.0,-3330.0,604.0,1509.0,0
-188.0,-866.0,192.0,-2780.0,188.0,1694.0,0
-181.0,-893.0,56.0,-2077.0,-298.0,1828.0,0
-145.0,-894.0,-142.0,-1577.0,-1006.0,1846.0,0
-59.0,-914.0,-282.0,-1470.0,-1809.0,1664.0,0
18.0,-936.0,-337.0,-1542.0,-2256.0,1204.0,0
45.0,-939.0,-281.0,-1514.0,-1980.0,493.0,0
-24.0,-880.0,-179.0,-1145.0,-1112.0,-343.0,0
-97.0,-807.0,-110.0,-372.0,-149.0,-1053.0,0
-144.0,-721.0,-71.0,588.0,547.0,-1509.0,0
-161.0,-621.0,-26.0,1494.0,916.0,-1743.0,0
-133.0,-523.0,20.0,2144.0,1011.0,-1855.0,0
-110.0,-447.0,44.0,2416.0,904.0,-1935.0,0
-88.0,-375.0,58.0,2295.0,660.0,-2025.0,0
-78.0,-313.0,67.0,1872.0,383.0,-2106.0,0
-68.0,-251.0,78.0,1279.0,178.0,-2126.0,0
-47.0,-214.0,74.0,622.0,86.0,-2054.0,0
-12.0,-209.0,67.0,-60.0,64.0,-1895.0,0
30.0,-236.0,53.0,-705.0,87.0,-1739.0,0
60.0,-272.0,43.0,-1262.0,170.0,-1638.0,0
95.0,-308.0,38.0,-1687.0,336.0,-1533.0,0
126.0,-333.0,31.0,-1950.0,572.0,-1398.0,0
140.0,-353.0,25.0,-2052.0,835.0,-1243.0,0
151.0,-362.0,40.0,-2073.0,1061.0,-1094.0,0
152.0,-358.0,51.0,-1994.0,1182.0,-952.0,0
157.0,-339.0,45.0,-1830.0,1247.0,-848.0,0
155.0,-326.0,34.0,-1631.0,1234.0,-722.0,0
154.0,-312.0,18.0,-1446.0,1206.0,-562.0,0
155.0,-291.0,8.0,-1264.0,1198.0,-369.0,0
141.0,-260.0,-6.0,-1064.0,1206.0,-172.0,0
108.0,-212.0,-15.0,-814.0,1234.0,18.0,0
69.0,-167.0,-35.0,-496.0,1286.0,180.0,0
41.0,-118.0,-46.0,-151.0,1373.0,328.0,0
31.0,-74.0,-46.0,196.0,1475.0,481.0,0
30.0,-35.0,-44.0,565.0,1548.0,612.0,0
28.0,8.0,-45.0,948.0,1569.0,697.0,0
31.0,43.0,-55.0,1302.0,1516.0,738.0,0
21.0,84.0,-53.0,1594.0,1383.0,746.0,0
10.0,115.0,-69.0,1814.0,1196.0,736.0,0
-11.0,144.0,-79.0,1915.0,987.0,714.0,0
-38.0,155.0,-91.0,1854.0,781.0,705.0,0
-55.0,161.0,-105.0,1618.0,589.0,716.0,0
-64.0,142.0,-114.0,1226.0,429.0,720.0,0
-58.0,103.0,-124.0,712.0,319.0,712.0,0
-41.0,72.0,-102.0,165.0,249.0,664.0,0
-42.0,38.0,-80.0,-278.0,227.0,591.0,0
-39.0,-1.0,-65.0,-541.0,233.0,528.0,0
-42.0,-27.0,-58.0,-650.0,235.0,468.0,0
-36.0,-41.0,-58.0,-638.0,221.0,419.0,0
-25.0,-54.0,-68.0,-534.0,198.0,397.0,0
-20.0,-48.0,-77.0,-366.0,176.0,413.0,0
-11.0,-42.0,-83.0,-163.0,176.0,460.0,0
-11.0,-33.0,-88.0,54.0,205.0,524.0,0
-18.0,-29.0,-89.0,212.0,246.0,590.0,0
-30.0,-27.0,-84.0,362.0,271.0,652.0,0
-44.0,-21.0,-66.0,447.0,270.0,690.0,0
-58.0,-25.0,-46.0,498.0,216.0,709.0,0
-72.0,-26.0,-32.0,509.0,108.0,701.0,0
-78.0,-29.0,-35.0,478.0,-36.0,671.0,0
-78.0,-26.0,-71.0,415.0,-192.0,614.0,0
-56.0,-22.0,-192.0,306.0,-305.0,552.0,0
-8.0,-31.0,-257.0,98.0,-292.0,480.0,0
57.0,-57.0,-325.0,-149.0,-87.0,396.0,0
145.0,-87.0,-452.0,-385.0,346.0,294.0,0
212.0,-123.0,-605.0,-858.0,1031.0,107.0,0
236.0,-233.0,-495.0,-1737.0,1600.0,-262.0,0
150.0,-403.0,-124.0,-2455.0,1321.0,-851.0,0
57.0,-565.0,104.0,-2389.0,255.0,-1411.0,0
88.0,-734.0,281.0,-1749.0,-696.0,-1679.0,0
163.0,-808.0,336.0,-935.0,-1056.0,-1752.0,0
206.0,-836.0,284.0,-151.0,-1103.0,-1895.0,0
176.0,-835.0,75.0,521.0,-1089.0,-2161.0,0
103.0,-823.0,-227.0,841.0,-756.0,-2289.0,0
-26.0,-799.0,-431.0,491.0,37.0,-2047.0,0
-195.0,-806.0,-452.0,-488.0,839.0,-1392.0,0
-328.0,-821.0,-362.0,-1542.0,1108.0,-446.0,0
-309.0,-816.0,-221.0,-2088.0,686.0,545.0,0
-235.0,-792.0,-105.0,-1822.0,-138.0,1247.0,0
-176.0,-746.0,-9.0,-852.0,-938.0,1574.0,0
-128.0,-674.0,45.0,479.0,-1493.0,1653.0,0
-85.0,-590.0,70.0,1808.0,-1772.0,1597.0,0
-48.0,-502.0,70.0,2842.0,-1816.0,1501.0,0
-1.0,-410.0,69.0,3443.0,-1685.0,1444.0,0
58.0,-324.0,62.0,3609.0,-1460.0,1442.0,0
102.0,-261.0,44.0,3426.0,-1272.0,1435.0,0
127.0,-218.0,33.0,2814.0,-1078.0,1364.0,0
118.0,-201.0,24.0,1870.0,-977.0,1277.0,0
89.0,-215.0,35.0,776.0,-966.0,1192.0,0
65.0,-272.0,60.0,-271.0,-1041.0,1150.0,0
55.0,-343.0,95.0,-1109.0,-1191.0,1125.0,0
39.0,-381.0,110.0,-1625.0,-1356.0,1106.0,0
33.0,-402.0,95.0,-1818.0,-1449.0,1103.0,0
6.0,-400.0,57.0,-1785.0,-1443.0,1110.0,0
-8.0,-371.0,38.0,-1658.0,-1348.0,1138.0,0
-14.0,-342.0,11.0,-1464.0,-1201.0,1188.0,0
-10.0,-310.0,-12.0,-1226.0,-1053.0,1208.0,0
-12.0,-268.0,-35.0,-980.0,-913.0,1165.0,0
-16.0,-226.0,-57.0,-746.0,-804.0,1056.0,0
-20.0,-184.0,-74.0,-528.0,-743.0,893.0,0
-30.0,-146.0,-90.0,-331.0,-715.0,706.0,0
-32.0,-111.0,-108.0,-174.0,-699.0,521.0,0
-15.0,-82.0,-108.0,-47.0,-689.0,345.0,0
-12.0,-49.0,-106.0,90.0,-669.0,147.0,0
-5.0,-10.0,-103.0,263.0,-625.0,-60.0,0
-1.0,26.0,-100.0,446.0,-541.0,-244.0,0
8.0,56.0,-95.0,627.0,-437.0,-371.0,0
11.0,79.0,-85.0,805.0,-325.0,-441.0,0
9.0,86.0,-94.0,951.0,-229.0,-477.0,0
12.0,77.0,-96.0,1022.0,-144.0,-510.0,0
9.0,70.0,-102.0,993.0,-61.0,-542.0,0
10.0,51.0,-92.0,869.0,0.0,-568.0,0
10.0,37.0,-81.0,694.0,7.0,-569.0,0
5.0,23.0,-68.0,511.0,-32.0,-526.0,0
4.0,6.0,-61.0,377.0,-102.0,-437.0,0
2.0,-9.0,-57.0,235.0,-165.0,-327.0,0
2.0,-20.0,-63.0,135.0,-236.0,-220.0,0
1.0,-26.0,-80.0,92.0,-284.0,-150.0,0
-2.0,-31.0,-94.0,118.0,-288.0,-82.0,0
-16.0,-34.0,-105.0,188.0,-238.0,-39.0,0
-19.0,-41.0,-103.0,279.0,-156.0,-32.0,0
-20.0,-37.0,-107.0,369.0,-76.0,-66.0,0
-10.0,-37.0,-107.0,437.0,-21.0,-116.0,0
0.0,-25.0,-103.0,471.0,-16.0,-175.0,0
9.0,-19.0,-90.0,480.0,-55.0,-220.0,0
11.0,-10.0,-81.0,485.0,-114.0,-261.0,0
15.0,-6.0,-73.0,499.0,-172.0,-294.0,0
19.0,-4.0,-105.0,513.0,-218.0,-326.0,0
6.0,6.0,-171.0,486.0,-274.0,-347.0,0
-16.0,10.0,-238.0,356.0,-383.0,-376.0,0
-53.0,1.0,-284.0,126.0,-520.0,-400.0,0
-99.0,-28.0,-335.0,-187.0,-577.0,-356.0,0
-122.0,-65.0,-419.0,-618.0,-540.0,-197.0,0
-97.0,-149.0,-441.0,-1193.0,-471.0,57.0,0
-13.0,-309.0,-245.0,-1666.0,-278.0,374.0,0
59.0,-486.0,54.0,-1727.0,106.0,723.0,0
64.0,-638.0,298.0,-1417.0,474.0,1029.0,0
26.0,-707.0,361.0,-970.0,489.0,1214.0,0
-37.0,-731.0,232.0,-568.0,198.0,1342.0,0
-60.0,-751.0,28.0,-386.0,-19.0,1558.0,0
-32.0,-764.0,-171.0,-591.0,-169.0,1735.0,0
15.0,-807.0,-281.0,-1194.0,-439.0,1712.0,0
66.0,-867.0,-319.0,-1864.0,-744.0,1453.0,0
98.0,-934.0,-306.0,-2189.0,-767.0,941.0,0
59.0,-922.0,-232.0,-2034.0,-297.0,246.0,0
-2.0,-878.0,-130.0,-1264.0,447.0,-368.0,0
-63.0,-804.0,-26.0,-79.0,960.0,-791.0,0
-106.0,-719.0,30.0,1203.0,1361.0,-1032.0,0
-125.0,-633.0,56.0,2317.0,1548.0,-1250.0,0
-118.0,-558.0,61.0,3071.0,1585.0,-1408.0,0
-109.0,-479.0,52.0,3357.0,1525.0,-1543.0,0
-103.0,-392.0,49.0,3189.0,1406.0,-1669.0,0
-123.0,-315.0,45.0,2675.0,1253.0,-1783.0,0
-136.0,-234.0,42.0,1957.0,1119.0,-1843.0,0
-136.0,-179.0,35.0,1138.0,1032.0,-1828.0,0
-115.0,-164.0,24.0,274.0,1000.0,-1724.0,0
-66.0,-193.0,19.0,-581.0,1028.0,-1553.0,0
-10.0,-248.0,30.0,-1342.0,1135.0,-1376.0,0
39.0,-303.0,42.0,-1921.0,1312.0,-1236.0,0
70.0,-338.0,60.0,-2251.0,1529.0,-1118.0,0
86.0,-359.0,65.0,-2313.0,1710.0,-1001.0,0
100.0,-356.0,63.0,-2179.0,1783.0,-887.0,0
113.0,-341.0,57.0,-1920.0,1755.0,-781.0,0
133.0,-320.0,54.0,-1588.0,1676.0,-701.0,0
150.0,-295.0,38.0,-1234.0,1607.0,-634.0,0
151.0,-253.0,21.0,-883.0,1573.0,-581.0,0
139.0,-217.0,3.0,-546.0,1543.0,-533.0,0
113.0,-174.0,-16.0,-206.0,1516.0,-477.0,0
88.0,-135.0,-30.0,132.0,1513.0,-396.0,0
66.0,-86.0,-46.0,453.0,1548.0,-294.0,0
56.0,-43.0,-49.0,761.0,1619.0,-196.0,0
44.0,0.0,-58.0,1052.0,1691.0,-102.0,0
40.0,30.0,-63.0,1294.0,1718.0,-4.0,0
37.0,51.0,-82.0,1444.0,1660.0,85.0,0
36.0,69.0,-94.0,1485.0,1521.0,163.0,0
37.0,77.0,-115.0,1437.0,1357.0,230.0,0
35.0,81.0,-132.0,1345.0,1209.0,288.0,0
20.0,81.0,-154.0,1156.0,1097.0,351.0,0
8.0,70.0,-162.0,890.0,1031.0,436.0,0
-1.0,36.0,-155.0,537.0,974.0,520.0,0
-7.0,3.0,-130.0,109.0,930.0,626.0,0
-12.0,-39.0,-86.0,-288.0,862.0,676.0,0
-22.0,-64.0,-43.0,-542.0,769.0,678.0,0
-17.0,-81.0,-14.0,-594.0,689.0,655.0,0
-14.0,-86.0,-13.0,-465.0,645.0,617.0,0
-9.0,-82.0,-22.0,-275.0,646.0,575.0,0
-8.0,-70.0,-29.0,-101.0,675.0,547.0,0
-6.0,-54.0,-34.0,59.0,703.0,540.0,0
-12.0,-42.0,-43.0,222.0,734.0,557.0,0
-17.0,-25.0,-47.0,378.0,766.0,585.0,0
-28.0,-10.0,-56.0,508.0,795.0,627.0,0
-42.0,7.0,-55.0,596.0,809.0,665.0,0
-59.0,8.0,-42.0,643.0,790.0,680.0,0
-72.0,6.0,-35.0,652.0,731.0,679.0,0
-79.0,7.0,-36.0,625.0,629.0,666.0,0
-94.0,-9.0,-42.0,543.0,483.0,653.0,0
-95.0,-19.0,-71.0,435.0,311.0,629.0,0
-79.0,-27.0,-193.0,314.0,169.0,599.0,0
-35.0,-59.0,-222.0,153.0,134.0,553.0,0
23.0,-116.0,-291.0,57.0,189.0,480.0,0
101.0,-150.0,-380.0,62.0,366.0,379.0,0
157.0,-178.0,-452.0,-155.0,636.0,219.0,0
163.0,-283.0,-304.0,-740.0,605.0,-72.0,0
107.0,-428.0,-85.0,-1258.0,98.0,-469.0,0
77.0,-576.0,66.0,-1330.0,-487.0,-834.0,0
108.0,-725.0,184.0,-1104.0,-679.0,-1074.0,0
176.0,-826.0,292.0,-819.0,-483.0,-1238.0,0
217.0,-887.0,325.0,-529.0,-243.0,-1410.0,0
197.0,-906.0,108.0,-139.0,-101.0,-1575.0,0
167.0,-912.0,-183.0,-142.0,169.0,-1625.0,0
60.0,-946.0,-352.0,-825.0,795.0,-1533.0,0
-148.0,-944.0,-336.0,-1758.0,1360.0,-1150.0,0
-279.0,-894.0,-204.0,-2124.0,1313.0,-345.0,0
-228.0,-833.0,-88.0,-1514.0,569.0,541.0,0
-164.0,-766.0,-18.0,-211.0,-321.0,1019.0,0
-107.0,-673.0,45.0,1246.0,-865.0,1175.0,0
-76.0,-577.0,95.0,2513.0,-1097.0,1163.0,0
-62.0,-462.0,111.0,3401.0,-1172.0,1088.0,0
-29.0,-352.0,117.0,3800.0,-1139.0,1050.0,0
11.0,-243.0,114.0,3714.0,-1045.0,1085.0,0
51.0,-155.0,113.0,3244.0,-977.0,1160.0,0
74.0,-92.0,94.0,2459.0,-959.0,1227.0,0
66.0,-69.0,75.0,1440.0,-962.0,1280.0,0
55.0,-81.0,57.0,305.0,-980.0,1316.0,0
28.0,-139.0,55.0,-794.0,-1023.0,1337.0,0
-6.0,-234.0,78.0,-1723.0,-1101.0,1315.0,0
-38.0,-312.0,97.0,-2342.0,-1177.0,1242.0,0
-63.0,-373.0,101.0,-2616.0,-1202.0,1156.0,0
-80.0,-399.0,69.0,-2597.0,-1136.0,1102.0,0
-87.0,-398.0,18.0,-2409.0,-1011.0,1080.0,0
-87.0,-365.0,-18.0,-2180.0,-880.0,1075.0,0
-80.0,-320.0,-35.0,-1915.0,-789.0,1063.0,0
-65.0,-280.0,-38.0,-1595.0,-758.0,1022.0,0
-43.0,-234.0,-31.0,-1231.0,-799.0,933.0,0
-30.0,-185.0,-30.0,-843.0,-900.0,809.0,0
-22.0,-154.0,-41.0,-452.0,-1009.0,695.0,0
-25.0,-121.0,-53.0,-117.0,-1089.0,584.0,0
-13.0,-103.0,-74.0,99.0,-1122.0,470.0,0
-1.0,-84.0,-101.0,313.0,-1117.0,321.0,0
6.0,-69.0,-121.0,477.0,-1094.0,129.0,0
17.0,-36.0,-133.0,616.0,-1080.0,-51.0,0
28.0,-13.0,-150.0,772.0,-1117.0,-266.0,0
29.0,-2.0,-165.0,936.0,-1167.0,-417.0,0
38.0,8.0,-179.0,1038.0,-1170.0,-477.0,0
39.0,-8.0,-194.0,1028.0,-1091.0,-499.0,0
42.0,-17.0,-193.0,882.0,-918.0,-537.0,0
38.0,-33.0,-171.0,602.0,-682.0,-580.0,0
26.0,-46.0,-132.0,248.0,-407.0,-611.0,0
11.0,-63.0,-84.0,-70.0,-129.0,-618.0,0
-1.0,-74.0,-42.0,-257.0,98.0,-603.0,0
0.0,-89.0,4.0,-288.0,267.0,-537.0,0
-9.0,-87.0,31.0,-157.0,354.0,-484.0,0
-15.0,-76.0,35.0,95.0,358.0,-440.0,0
-19.0,-58.0,26.0,391.0,298.0,-391.0,0
-23.0,-32.0,20.0,657.0,197.0,-360.0,0
-21.0,-4.0,3.0,854.0,63.0,-344.0,0
-16.0,11.0,-7.0,959.0,-92.0,-343.0,0
-11.0,29.0,-24.0,977.0,-247.0,-362.0,0
-4.0,38.0,-46.0,915.0,-382.0,-387.0,0
3.0,60.0,-58.0,784.0,-491.0,-402.0,0
5.0,67.0,-81.0,610.0,-568.0,-401.0,0
10.0,64.0,-88.0,409.0,-611.0,-394.0,0
13.0,58.0,-103.0,198.0,-609.0,-390.0,0
16.0,45.0,-115.0,0.0,-558.0,-376.0,0
16.0,24.0,-124.0,-165.0,-455.0,-347.0,0
13.0,5.0,-161.0,-281.0,-324.0,-311.0,0
2.0,-15.0,-226.0,-375.0,-213.0,-273.0,0
-22.0,-35.0,-293.0,-485.0,-200.0,-252.0,0
-69.0,-50.0,-310.0,-621.0,-292.0,-245.0,0
-123.0,-74.0,-334.0,-755.0,-386.0,-190.0,0
-142.0,-100.0,-402.0,-999.0,-359.0,-27.0,0
-92.0,-161.0,-426.0,-1437.0,-270.0,201.0,0
3.0,-302.0,-267.0,-1988.0,-104.0,432.0,0
13.0,-468.0,14.0,-2235.0,119.0,762.0,0
-34.0,-624.0,285.0,-2023.0,307.0,1039.0,0
-96.0,-728.0,426.0,-1459.0,149.0,1187.0,0
-152.0,-762.0,366.0,-722.0,-422.0,1258.0,0
-158.0,-762.0,163.0,-89.0,-911.0,1380.0,0
-114.0,-764.0,-171.0,62.0,-1118.0,1509.0,0
-73.0,-790.0,-366.0,-450.0,-1325.0,1432.0,0
-27.0,-849.0,-420.0,-1379.0,-1566.0,1094.0,0
29.0,-900.0,-363.0,-2206.0,-1605.0,535.0,0
22.0,-896.0,-219.0,-2447.0,-1177.0,-216.0,0
-39.0,-856.0,-75.0,-1862.0,-381.0,-992.0,0
-78.0,-798.0,15.0,-639.0,326.0,-1529.0,0
-86.0,-727.0,55.0,785.0,740.0,-1777.0,0
-69.0,-658.0,89.0,1977.0,930.0,-1834.0,0
-46.0,-581.0,99.0,2684.0,955.0,-1840.0,0
-23.0,-507.0,97.0,2839.0,835.0,-1866.0,0
-12.0,-423.0,88.0,2539.0,667.0,-1898.0,0
-13.0,-336.0,87.0,1956.0,555.0,-1881.0,0
-13.0,-273.0,84.0,1247.0,522.0,-1754.0,0
5.0,-248.0,79.0,480.0,525.0,-1568.0,0
32.0,-267.0,75.0,-294.0,524.0,-1420.0,0
70.0,-303.0,73.0,-971.0,562.0,-1314.0,0
113.0,-347.0,65.0,-1470.0,690.0,-1193.0,0
144.0,-383.0,65.0,-1784.0,906.0,-1040.0,0
182.0,-415.0,63.0,-1935.0,1146.0,-886.0,0
193.0,-419.0,53.0,-1950.0,1350.0,-745.0,0
196.0,-410.0,41.0,-1863.0,1506.0,-617.0,0
190.0,-392.0,29.0,-1739.0,1632.0,-502.0,0
183.0,-353.0,10.0,-1507.0,1732.0,-410.0,0
149.0,-295.0,-7.0,-1219.0,1790.0,-340.0,0
138.0,-249.0,-21.0,-996.0,1808.0,-289.0,0
107.0,-209.0,-23.0,-795.0,1857.0,-225.0,0
76.0,-166.0,-33.0,-597.0,1904.0,-138.0,0
54.0,-130.0,-47.0,-410.0,1904.0,-19.0,0
32.0,-92.0,-49.0,-217.0,1881.0,114.0,0
28.0,-65.0,-45.0,37.0,1862.0,260.0,0
35.0,-40.0,-40.0,375.0,1845.0,379.0,0
28.0,-5.0,-31.0,772.0,1812.0,421.0,0
8.0,39.0,-33.0,1179.0,1733.0,408.0,0
-24.0,82.0,-41.0,1548.0,1592.0,390.0,0
-63.0,122.0,-59.0,1779.0,1378.0,424.0,0
-97.0,151.0,-68.0,1800.0,1081.0,519.0,0
-102.0,158.0,-88.0,1633.0,755.0,631.0,0
-101.0,146.0,-113.0,1288.0,452.0,719.0,0
-66.0,96.0,-137.0,781.0,234.0,775.0,0
-28.0,49.0,-132.0,187.0,140.0,801.0,0
-15.0,9.0,-111.0,-315.0,179.0,769.0,0
-11.0,-26.0,-95.0,-613.0,308.0,714.0,0
-8.0,-56.0,-96.0,-717.0,458.0,641.0,0
-13.0,-74.0,-87.0,-695.0,569.0,555.0,0
-18.0,-72.0,-84.0,-577.0,614.0,470.0,0
-11.0,-65.0,-85.0,-385.0,608.0,416.0,0
1.0,-50.0,-83.0,-149.0,586.0,397.0,0
5.0,-22.0,-83.0,106.0,579.0,401.0,0
9.0,0.0,-85.0,334.0,598.0,433.0,0
-1.0,20.0,-80.0,488.0,634.0,481.0,0
-16.0,32.0,-77.0,529.0,655.0,523.0,0
-35.0,43.0,-70.0,482.0,638.0,560.0,0
-47.0,41.0,-60.0,344.0,584.0,585.0,0
-49.0,36.0,-66.0,144.0,518.0,589.0,0
-46.0,19.0,-97.0,-69.0,424.0,571.0,0
-15.0,13.0,-217.0,-277.0,361.0,524.0,0
32.0,1.0,-317.0,-535.0,411.0,442.0,0
100.0,-63.0,-419.0,-736.0,634.0,326.0,0
166.0,-116.0,-512.0,-694.0,1028.0,212.0,0
223.0,-159.0,-539.0,-711.0,1521.0,92.0,0
232.0,-279.0,-275.0,-1052.0,1627.0,-181.0,0
152.0,-423.0,30.0,-1210.0,949.0,-632.0,0
82.0,-561.0,192.0,-830.0,0.0,-1005.0,0
70.0,-672.0,269.0,-243.0,-628.0,-1236.0,0
75.0,-733.0,318.0,262.0,-871.0,-1471.0,0
100.0,-742.0,292.0,763.0,-922.0,-1753.0,0
74.0,-751.0,123.0,1140.0,-813.0,-1982.0,0
18.0,-742.0,-149.0,1030.0,-236.0,-2001.0,0
-60.0,-764.0,-355.0,140.0,783.0,-1673.0,0
-213.0,-809.0,-373.0,-1301.0,1605.0,-1017.0,0
-345.0,-849.0,-272.0,-2505.0,1697.0,-120.0,0
-362.0,-879.0,-145.0,-2862.0,963.0,788.0,0
-269.0,-858.0,-24.0,-2264.0,-165.0,1428.0,0
-178.0,-804.0,36.0,-995.0,-1108.0,1657.0,0
-95.0,-722.0,63.0,476.0,-1601.0,1597.0,0
-30.0,-616.0,69.0,1791.0,-1668.0,1399.0,0
13.0,-477.0,88.0,2721.0,-1441.0,1197.0,0
44.0,-361.0,88.0,3208.0,-1093.0,1074.0,0
76.0,-275.0,81.0,3276.0,-776.0,1058.0,0
98.0,-194.0,76.0,2915.0,-593.0,1066.0,0
109.0,-134.0,64.0,2174.0,-562.0,1038.0,0
109.0,-122.0,49.0,1384.0,-647.0,1028.0,0
96.0,-133.0,42.0,304.0,-799.0,1068.0,0
79.0,-206.0,58.0,-710.0,-948.0,1144.0,0
65.0,-291.0,101.0,-1538.0,-1145.0,1183.0,0
39.0,-351.0,127.0,-2058.0,-1322.0,1175.0,0
12.0,-377.0,142.0,-2236.0,-1441.0,1161.0,0
-30.0,-391.0,118.0,-2166.0,-1487.0,1184.0,0
-66.0,-394.0,95.0,-1991.0,-1468.0,1226.0,0
-84.0,-359.0,48.0,-1760.0,-1406.0,1249.0,0
-107.0,-324.0,5.0,-1532.0,-1279.0,1253.0,0
-115.0,-290.0,-43.0,-1324.0,-1095.0,1225.0,0
-129.0,-259.0,-78.0,-1154.0,-908.0,1111.0,0
-125.0,-224.0,-114.0,-1006.0,-759.0,931.0,0
-149.0,-213.0,-136.0,-857.0,-684.0,715.0,0
-154.0,-166.0,-140.0,-687.0,-694.0,501.0,0
-141.0,-139.0,-136.0,-436.0,-785.0,261.0,0
-108.0,-105.0,-131.0,-65.0,-928.0,-14.0,0
-83.0,-71.0,-142.0,381.0,-1057.0,-297.0,0
-56.0,-20.0,-147.0,792.0,-1101.0,-565.0,0
-19.0,25.0,-143.0,1133.0,-1072.0,-751.0,0
22.0,54.0,-129.0,1410.0,-1033.0,-844.0,0
66.0,95.0,-112.0,1586.0,-1001.0,-890.0,0
93.0,98.0,-133.0,1629.0,-944.0,-939.0,0
100.0,100.0,-121.0,1517.0,-818.0,-992.0,0
78.0,75.0,-118.0,1265.0,-635.0,-1031.0,0
77.0,66.0,-92.0,934.0,-432.0,-1009.0,0
75.0,21.0,-57.0,629.0,-256.0,-925.0,0
66.0,10.0,-32.0,425.0,-145.0,-813.0,0
54.0,-9.0,-19.0,324.0,-103.0,-665.0,0
56.0,-15.0,-35.0,309.0,-106.0,-509.0,0
45.0,-13.0,-54.0,332.0,-116.0,-373.0,0
43.0,-5.0,-78.0,368.0,-110.0,-266.0,0
37.0,1.0,-100.0,389.0,-87.0,-197.0,0
34.0,3.0,-126.0,369.0,-63.0,-175.0,0
42.0,12.0,-128.0,311.0,-65.0,-173.0,0
34.0,7.0,-126.0,226.0,-113.0,-184.0,0
41.0,6.0,-114.0,149.0,-206.0,-200.0,0
40.0,4.0,-106.0,102.0,-314.0,-210.0,0
34.0,3.0,-86.0,91.0,-404.0,-238.0,0
20.0,-2.0,-92.0,141.0,-461.0,-266.0,0
13.0,4.0,-164.0,202.0,-512.0,-283.0,0
-19.0,11.0,-228.0,172.0,-598.0,-303.0,0
-61.0,-9.0,-269.0,21.0,-695.0,-329.0,0
-126.0,-34.0,-308.0,-198.0,-701.0,-294.0,0
-162.0,-55.0,-397.0,-513.0,-604.0,-130.0,0
-144.0,-144.0,-407.0,-1001.0,-474.0,125.0,0
-62.0,-301.0,-193.0,-1427.0,-229.0,408.0,0
-7.0,-468.0,87.0,-1448.0,111.0,700.0,0
-4.0,-598.0,259.0,-1204.0,293.0,963.0,0
-47.0,-657.0,278.0,-978.0,166.0,1165.0,0
-91.0,-684.0,158.0,-857.0,-83.0,1330.0,0
-96.0,-726.0,6.0,-863.0,-125.0,1478.0,0
-75.0,-777.0,-111.0,-1088.0,-139.0,1509.0,0
-59.0,-841.0,-208.0,-1599.0,-437.0,1310.0,0
-15.0,-899.0,-265.0,-2126.0,-865.0,851.0,0
15.0,-947.0,-260.0,-2309.0,-941.0,190.0,0
-5.0,-944.0,-168.0,-1913.0,-465.0,-542.0,0
-43.0,-893.0,-83.0,-884.0,220.0,-1135.0,0
-73.0,-812.0,-13.0,487.0,683.0,-1500.0,0
-71.0,-716.0,17.0,1836.0,877.0,-1680.0,0
-79.0,-627.0,44.0,2882.0,928.0,-1754.0,0
-61.0,-544.0,55.0,3375.0,893.0,-1780.0,0
-40.0,-465.0,56.0,3499.0,821.0,-1787.0,0
-25.0,-378.0,53.0,3124.0,708.0,-1791.0,0
-29.0,-296.0,42.0,2399.0,618.0,-1775.0,0
-27.0,-207.0,65.0,1488.0,601.0,-1698.0,0
-10.0,-181.0,58.0,539.0,668.0,-1553.0,0
13.0,-196.0,62.0,-381.0,813.0,-1371.0,0
59.0,-249.0,70.0,-1171.0,1022.0,-1203.0,0
90.0,-308.0,70.0,-1752.0,1268.0,-1032.0,0
112.0,-349.0,53.0,-2109.0,1464.0,-883.0,0
134.0,-373.0,42.0,-2258.0,1562.0,-761.0,0
159.0,-350.0,4.0,-2241.0,1586.0,-653.0,0
179.0,-331.0,16.0,-2095.0,1597.0,-558.0,0
197.0,-327.0,6.0,-1841.0,1647.0,-494.0,0
196.0,-291.0,27.0,-1492.0,1732.0,-473.0,0
179.0,-253.0,17.0,-1081.0,1834.0,-491.0,0
142.0,-200.0,7.0,-654.0,1943.0,-532.0,0
97.0,-154.0,-9.0,-255.0,2053.0,-560.0,0
51.0,-101.0,-28.0,91.0,2138.0,-566.0,0
6.0,-49.0,-59.0,371.0,2167.0,-552.0,0
-27.0,-12.0,-69.0,573.0,2139.0,-510.0,0
-52.0,30.0,-74.0,703.0,2063.0,-439.0,0
-63.0,59.0,-76.0,798.0,1948.0,-325.0,0
-75.0,76.0,-83.0,856.0,1790.0,-187.0,0
-84.0,85.0,-85.0,886.0,1606.0,-53.0,0
-98.0,74.0,-91.0,891.0,1428.0,73.0,0
-118.0,58.0,-92.0,857.0,1269.0,211.0,0
-110.0,36.0,-91.0,768.0,1128.0,353.0,0
-86.0,-8.0,-84.0,618.0,994.0,508.0,0
-47.0,-47.0,-80.0,459.0,874.0,666.0,0
-15.0,-91.0,-50.0,266.0,777.0,750.0,0
1.0,-117.0,-40.0,143.0,723.0,740.0,0
16.0,-124.0,-38.0,121.0,671.0,699.0,0
33.0,-120.0,-48.0,205.0,614.0,636.0,0
31.0,-104.0,-71.0,370.0,541.0,559.0,0
53.0,-90.0,-79.0,538.0,460.0,473.0,0
69.0,-59.0,-97.0,674.0,384.0,395.0,0
67.0,-29.0,-111.0,781.0,333.0,342.0,0
73.0,1.0,-121.0,849.0,322.0,344.0,0
63.0,23.0,-112.0,883.0,363.0,395.0,0
45.0,41.0,-118.0,875.0,453.0,479.0,0
21.0,48.0,-105.0,815.0,563.0,570.0,0
-1.0,52.0,-90.0,705.0,658.0,643.0,0
-22.0,50.0,-85.0,561.0,712.0,686.0,0
-30.0,35.0,-129.0,395.0,714.0,705.0,0
-17.0,23.0,-207.0,178.0,717.0,704.0,0
19.0,-11.0,-245.0,-62.0,770.0,677.0,0
70.0,-60.0,-276.0,-234.0,892.0,597.0,0
126.0,-109.0,-385.0,-389.0,1072.0,445.0,0
161.0,-155.0,-435.0,-884.0,1210.0,234.0,0
121.0,-273.0,-240.0,-1785.0,993.0,-81.0,0
9.0,-435.0,35.0,-2497.0,305.0,-545.0,0
-47.0,-604.0,248.0,-2509.0,-374.0,-979.0,0
-53.0,-730.0,336.0,-1934.0,-703.0,-1295.0,0
-4.0,-813.0,373.0,-1113.0,-735.0,-1501.0,0
64.0,-846.0,293.0,-300.0,-613.0,-1692.0,0
68.0,-813.0,43.0,305.0,-370.0,-2005.0,0
13.0,-741.0,-252.0,354.0,66.0,-2309.0,0
-117.0,-679.0,-440.0,-114.0,643.0,-2279.0,0
-246.0,-684.0,-437.0,-1043.0,931.0,-1737.0,0
-319.0,-685.0,-359.0,-1775.0,753.0,-770.0,0
-225.0,-656.0,-240.0,-1894.0,131.0,73.0,0
-144.0,-630.0,-146.0,-1308.0,-548.0,775.0,0
-87.0,-595.0,-48.0,-266.0,-974.0,1115.0,0
-48.0,-545.0,25.0,945.0,-1205.0,1281.0,0
-35.0,-480.0,68.0,2055.0,-1357.0,1352.0,0
-24.0,-417.0,91.0,2850.0,-1434.0,1378.0,0
6.0,-354.0,87.0,3194.0,-1445.0,1403.0,0
57.0,-290.0,92.0,3082.0,-1418.0,1422.0,0
98.0,-252.0,91.0,2570.0,-1353.0,1405.0,0
114.0,-232.0,81.0,1756.0,-1292.0,1312.0,0
120.0,-234.0,60.0,767.0,-1251.0,1178.0,0
90.0,-265.0,44.0,-283.0,-1219.0,1059.0,0
62.0,-327.0,53.0,-1272.0,-1202.0,989.0,0
30.0,-392.0,70.0,-2025.0,-1207.0,943.0,0
5.0,-447.0,72.0,-2438.0,-1228.0,894.0,0
-15.0,-486.0,62.0,-2543.0,-1240.0,835.0,0
-34.0,-497.0,34.0,-2437.0,-1230.0,772.0,0
-51.0,-476.0,-2.0,-2202.0,-1204.0,704.0,0
-63.0,-432.0,-49.0,-1896.0,-1158.0,655.0,0
-72.0,-380.0,-77.0,-1601.0,-1099.0,632.0,0
-70.0,-339.0,-83.0,-1321.0,-1052.0,623.0,0
-69.0,-304.0,-81.0,-1020.0,-1024.0,618.0,0
-78.0,-270.0,-69.0,-675.0,-1020.0,601.0,0
-71.0,-235.0,-56.0,-304.0,-1061.0,574.0,0
-56.0,-191.0,-46.0,72.0,-1152.0,522.0,0
-42.0,-158.0,-41.0,438.0,-1258.0,437.0,0
-23.0,-117.0,-34.0,720.0,-1350.0,328.0,0
-11.0,-80.0,-32.0,1056.0,-1396.0,205.0,0
26.0,-43.0,-29.0,1381.0,-1400.0,83.0,0
31.0,1.0,-48.0,1683.0,-1368.0,-32.0,0
39.0,40.0,-55.0,1909.0,-1275.0,-168.0,0
51.0,73.0,-84.0,2030.0,-1134.0,-285.0,0
54.0,111.0,-96.0,2030.0,-977.0,-348.0,0
51.0,132.0,-117.0,1943.0,-843.0,-351.0,0
52.0,135.0,-136.0,1772.0,-742.0,-329.0,0
45.0,130.0,-147.0,1490.0,-672.0,-305.0,0
32.0,114.0,-149.0,1095.0,-629.0,-303.0,0
11.0,87.0,-145.0,618.0,-616.0,-329.0,0
1.0,52.0,-127.0,115.0,-602.0,-355.0,0
-2.0,20.0,-106.0,-329.0,-564.0,-356.0,0
0.0,-17.0,-81.0,-619.0,-492.0,-344.0,0
1.0,-52.0,-74.0,-699.0,-385.0,-335.0,0
4.0,-77.0,-77.0,-619.0,-245.0,-337.0,0
5.0,-95.0,-77.0,-449.0,-91.0,-363.0,0
6.0,-106.0,-74.0,-239.0,50.0,-416.0,0
8.0,-113.0,-73.0,-4.0,156.0,-497.0,0
14.0,-105.0,-68.0,227.0,217.0,-583.0,0
26.0,-93.0,-56.0,429.0,226.0,-644.0,0
35.0,-88.0,-38.0,607.0,187.0,-678.0,0
42.0,-77.0,-31.0,764.0,127.0,-694.0,0
48.0,-60.0,-28.0,904.0,78.0,-699.0,0
46.0,-48.0,-46.0,1024.0,56.0,-693.0,0
32.0,-47.0,-117.0,1104.0,38.0,-686.0,0
8.0,-25.0,-215.0,1075.0,-44.0,-677.0,0
-44.0,-13.0,-263.0,873.0,-184.0,-692.0,0
-106.0,-18.0,-298.0,528.0,-298.0,-645.0,0
-152.0,-32.0,-380.0,148.0,-344.0,-445.0,0
-138.0,-64.0,-493.0,-548.0,-369.0,-130.0,0
-78.0,-166.0,-424.0,-1515.0,-312.0,236.0,0
-3.0,-346.0,-132.0,-2337.0,-23.0,586.0,0
1.0,-520.0,150.0,-2608.0,376.0,1038.0,0
-24.0,-668.0,325.0,-2404.0,555.0,1356.0,0
-79.0,-740.0,316.0,-1875.0,357.0,1515.0,0
-114.0,-760.0,161.0,-1219.0,49.0,1657.0,0
-116.0,-751.0,-83.0,-767.0,-227.0,1824.0,0
-83.0,-754.0,-227.0,-766.0,-658.0,1879.0,0
-22.0,-781.0,-279.0,-1092.0,-1224.0,1706.0,0
43.0,-815.0,-274.0,-1448.0,-1579.0,1254.0,0
51.0,-800.0,-199.0,-1560.0,-1360.0,581.0,0
-7.0,-754.0,-104.0,-1241.0,-604.0,-146.0,0
-70.0,-700.0,-34.0,-546.0,237.0,-742.0,0
-119.0,-634.0,14.0,307.0,849.0,-1183.0,0
-131.0,-564.0,51.0,1137.0,1191.0,-1480.0,0
-122.0,-497.0,63.0,1786.0,1281.0,-1666.0,0
-96.0,-449.0,63.0,2115.0,1172.0,-1776.0,0
-59.0,-407.0,48.0,2075.0,957.0,-1853.0,0
-50.0,-358.0,45.0,1720.0,752.0,-1925.0,0
-39.0,-312.0,47.0,1161.0,610.0,-1975.0,0
-34.0,-274.0,45.0,503.0,523.0,-1977.0,0
-26.0,-249.0,41.0,-191.0,493.0,-1898.0,0
2.0,-258.0,42.0,-865.0,533.0,-1755.0,0
46.0,-292.0,48.0,-1455.0,664.0,-1586.0,0
88.0,-325.0,54.0,-1901.0,873.0,-1402.0,0
131.0,-367.0,51.0,-2194.0,1107.0,-1217.0,0
158.0,-389.0,63.0,-2347.0,1324.0,-1029.0,0
187.0,-390.0,72.0,-2376.0,1499.0,-868.0,0
192.0,-380.0,73.0,-2315.0,1611.0,-742.0,0
199.0,-363.0,53.0,-2154.0,1659.0,-636.0,0
202.0,-338.0,39.0,-1921.0,1684.0,-536.0,0
197.0,-303.0,19.0,-1645.0,1679.0,-467.0,0
180.0,-260.0,-3.0,-1336.0,1658.0,-382.0,0
154.0,-216.0,-24.0,-998.0,1635.0,-284.0,0
130.0,-179.0,-39.0,-635.0,1617.0,-179.0,0
102.0,-133.0,-53.0,-271.0,1579.0,-70.0,0
69.0,-92.0,-72.0,118.0,1531.0,59.0,0
61.0,-52.0,-79.0,538.0,1490.0,201.0,0
48.0,-10.0,-84.0,978.0,1459.0,325.0,0
29.0,28.0,-85.0,1398.0,1405.0,416.0,0
2.0,72.0,-85.0,1745.0,1317.0,458.0,0
-49.0,114.0,-98.0,1986.0,1192.0,482.0,0
-95.0,140.0,-113.0,2062.0,1053.0,535.0,0
-138.0,153.0,-126.0,1937.0,904.0,650.0,0
-172.0,152.0,-131.0,1617.0,754.0,795.0,0
-177.0,134.0,-122.0,1146.0,621.0,925.0,0
-145.0,86.0,-98.0,594.0,504.0,1004.0,0
-104.0,29.0,-64.0,40.0,384.0,1012.0,0
-77.0,-25.0,-29.0,-342.0,270.0,944.0,0
-63.0,-59.0,-15.0,-458.0,185.0,851.0,0
-46.0,-82.0,-16.0,-360.0,115.0,748.0,0
-36.0,-80.0,-32.0,-145.0,45.0,653.0,0
-20.0,-64.0,-46.0,98.0,-9.0,595.0,0
0.0,-44.0,-69.0,326.0,-28.0,575.0,0
8.0,-28.0,-86.0,505.0,-3.0,584.0,0
12.0,-15.0,-100.0,607.0,65.0,617.0,0
6.0,-9.0,-110.0,629.0,150.0,655.0,0
-2.0,-3.0,-94.0,577.0,225.0,685.0,0
-11.0,-1.0,-66.0,487.0,254.0,707.0,0
-19.0,-9.0,-35.0,415.0,204.0,710.0,0
-27.0,-16.0,-19.0,346.0,120.0,690.0,0
-22.0,-26.0,-60.0,292.0,-9.0,655.0,0
3.0,-30.0,-158.0,203.0,-85.0,595.0,0
61.0,-42.0,-238.0,33.0,-43.0,512.0,0
135.0,-67.0,-290.0,-186.0,123.0,412.0,0
223.0,-102.0,-434.0,-487.0,447.0,267.0,0
287.0,-155.0,-577.0,-1067.0,929.0,8.0,0
285.0,-297.0,-493.0,-2008.0,1207.0,-422.0,0
149.0,-482.0,-192.0,-2850.0,815.0,-1046.0,0
38.0,-657.0,96.0,-2973.0,6.0,-1658.0,0
56.0,-790.0,248.0,-2347.0,-560.0,-1969.0,0
104.0,-862.0,309.0,-1431.0,-692.0,-2057.0,0
133.0,-886.0,233.0,-441.0,-572.0,-2154.0,0
94.0,-864.0,20.0,440.0,-252.0,-2328.0,0
2.0,-824.0,-217.0,916.0,350.0,-2364.0,0
-129.0,-789.0,-350.0,723.0,1015.0,-2019.0,0
-274.0,-760.0,-390.0,21.0,1313.0,-1258.0,0
-331.0,-734.0,-343.0,-827.0,1061.0,-180.0,0
-251.0,-697.0,-239.0,-1338.0,418.0,886.0,0
-187.0,-652.0,-130.0,-1227.0,-341.0,1562.0,0
-144.0,-609.0,-19.0,-531.0,-1026.0,1870.0,0
-102.0,-548.0,60.0,548.0,-1560.0,1892.0,0
-59.0,-455.0,95.0,1684.0,-1852.0,1754.0,0
-19.0,-384.0,95.0,2563.0,-1880.0,1611.0,0
27.0,-317.0,85.0,3015.0,-1728.0,1523.0,0
66.0,-259.0,70.0,3029.0,-1521.0,1470.0,0
92.0,-216.0,52.0,2630.0,-1341.0,1429.0,0
104.0,-190.0,27.0,1866.0,-1233.0,1370.0,0
91.0,-191.0,12.0,872.0,-1208.0,1275.0,0
69.0,-228.0,6.0,33.0,-1236.0,1165.0,0
44.0,-294.0,31.0,-903.0,-1268.0,1069.0,0
30.0,-354.0,57.0,-1561.0,-1325.0,983.0,0
24.0,-402.0,75.0,-1916.0,-1391.0,922.0,0
16.0,-425.0,74.0,-2001.0,-1442.0,867.0,0
-6.0,-421.0,49.0,-1881.0,-1461.0,829.0,0
-24.0,-393.0,35.0,-1703.0,-1401.0,843.0,0
-36.0,-366.0,9.0,-1502.0,-1312.0,891.0,0
-58.0,-332.0,-9.0,-1316.0,-1245.0,921.0,0
-67.0,-302.0,-34.0,-1153.0,-1203.0,905.0,0
-71.0,-264.0,-49.0,-1014.0,-1177.0,827.0,0
-77.0,-246.0,-51.0,-856.0,-1158.0,720.0,0
-89.0,-211.0,-72.0,-640.0,-1148.0,616.0,0
-95.0,-183.0,-80.0,-354.0,-1148.0,518.0,0
-76.0,-137.0,-79.0,-7.0,-1170.0,410.0,0
-43.0,-84.0,-72.0,418.0,-1215.0,269.0,0
-27.0,-25.0,-84.0,909.0,-1243.0,103.0,0
-12.0,19.0,-109.0,1303.0,-1149.0,-63.0,0
5.0,69.0,-109.0,1505.0,-921.0,-181.0,0
33.0,101.0,-111.0,1582.0,-702.0,-246.0,0
59.0,126.0,-120.0,1572.0,-559.0,-284.0,0
76.0,133.0,-132.0,1467.0,-475.0,-320.0,0
84.0,128.0,-144.0,1259.0,-418.0,-383.0,0
77.0,106.0,-145.0,946.0,-370.0,-458.0,0
64.0,75.0,-131.0,545.0,-317.0,-517.0,0
53.0,38.0,-105.0,119.0,-251.0,-534.0,0
38.0,-4.0,-81.0,-221.0,-187.0,-499.0,0
40.0,-36.0,-68.0,-407.0,-132.0,-435.0,0
41.0,-70.0,-70.0,-451.0,-78.0,-374.0,0
44.0,-91.0,-77.0,-407.0,-12.0,-343.0,0
48.0,-102.0,-84.0,-283.0,43.0,-331.0,0
41.0,-106.0,-95.0,-124.0,95.0,-339.0,0
34.0,-100.0,-117.0,36.0,116.0,-367.0,0
42.0,-89.0,-130.0,155.0,91.0,-422.0,0
49.0,-81.0,-125.0,231.0,30.0,-474.0,0
56.0,-65.0,-113.0,289.0,-47.0,-504.0,0
63.0,-65.0,-92.0,365.0,-110.0,-516.0,0
64.0,-54.0,-75.0,490.0,-135.0,-514.0,0
58.0,-42.0,-52.0,656.0,-116.0,-522.0,0
48.0,-32.0,-36.0,839.0,-65.0,-527.0,0
35.0,-19.0,-50.0,1010.0,-18.0,-515.0,0
19.0,5.0,-117.0,1101.0,-13.0,-485.0,0
-14.0,19.0,-232.0,1038.0,-98.0,-465.0,0
-71.0,29.0,-321.0,760.0,-243.0,-448.0,0
-131.0,22.0,-415.0,240.0,-339.0,-356.0,0
-168.0,-4.0,-514.0,-493.0,-355.0,-112.0,0
-159.0,-119.0,-473.0,-1267.0,-346.0,225.0,0
-85.0,-307.0,-229.0,-1675.0,-183.0,662.0,0
-20.0,-480.0,40.0,-1630.0,163.0,1124.0,0
-26.0,-597.0,212.0,-1476.0,447.0,1438.0,0
-87.0,-649.0,216.0,-1315.0,438.0,1578.0,0
-135.0,-677.0,99.0,-1057.0,305.0,1692.0,0
-138.0,-716.0,-2.0,-767.0,264.0,1853.0,0
-114.0,-754.0,-78.0,-680.0,43.0,1896.0,0
-41.0,-802.0,-157.0,-943.0,-514.0,1659.0,0
28.0,-841.0,-217.0,-1384.0,-1000.0,1206.0,0
64.0,-881.0,-226.0,-1695.0,-929.0,622.0,0
36.0,-863.0,-165.0,-1620.0,-281.0,-65.0,0
-19.0,-822.0,-94.0,-1213.0,514.0,-684.0,0
-72.0,-759.0,-44.0,-382.0,1095.0,-1127.0,0
-95.0,-685.0,-12.0,589.0,1366.0,-1390.0,0
-93.0,-618.0,9.0,1507.0,1513.0,-1499.0,0
-69.0,-558.0,17.0,2209.0,1489.0,-1554.0,0
-47.0,-495.0,14.0,2587.0,1336.0,-1589.0,0
-35.0,-425.0,19.0,2605.0,1132.0,-1635.0,0
-36.0,-345.0,31.0,2290.0,977.0,-1639.0,0
-43.0,-274.0,40.0,1720.0,917.0,-1566.0,0
-43.0,-223.0,51.0,993.0,933.0,-1452.0,0
-32.0,-205.0,61.0,213.0,987.0,-1326.0,0
5.0,-226.0,72.0,-508.0,1086.0,-1207.0,0
45.0,-264.0,79.0,-1090.0,1246.0,-1102.0,0
79.0,-306.0,63.0,-1501.0,1445.0,-984.0,0
102.0,-332.0,49.0,-1772.0,1608.0,-846.0,0
113.0,-349.0,47.0,-1917.0,1691.0,-707.0,0
127.0,-359.0,42.0,-1907.0,1707.0,-577.0,0
140.0,-347.0,33.0,-1760.0,1668.0,-467.0,0
146.0,-322.0,9.0,-1529.0,1609.0,-372.0,0
149.0,-298.0,-10.0,-1247.0,1580.0,-296.0,0
128.0,-255.0,-23.0,-937.0,1580.0,-241.0,0
90.0,-223.0,-40.0,-598.0,1587.0,-199.0,0
58.0,-176.0,-48.0,-249.0,1604.0,-130.0,0
27.0,-133.0,-57.0,113.0,1642.0,-50.0,0
6.0,-89.0,-63.0,470.0,1701.0,38.0,0
-3.0,-54.0,-59.0,808.0,1755.0,136.0,0
-6.0,-12.0,-48.0,1137.0,1755.0,227.0,0
-2.0,19.0,-46.0,1448.0,1673.0,305.0,0
1.0,54.0,-44.0,1711.0,1505.0,359.0,0
9.0,72.0,-65.0,1883.0,1278.0,403.0,0
11.0,91.0,-89.0,1908.0,1051.0,440.0,0
20.0,101.0,-106.0,1806.0,879.0,473.0,0
29.0,94.0,-122.0,1531.0,784.0,479.0,0
22.0,73.0,-130.0,1101.0,715.0,452.0,0
12.0,34.0,-120.0,544.0,689.0,437.0,0
10.0,-2.0,-96.0,-25.0,675.0,426.0,0
6.0,-35.0,-71.0,-446.0,660.0,399.0,0
3.0,-66.0,-54.0,-634.0,653.0,357.0,0
0.0,-83.0,-63.0,-626.0,671.0,308.0,0
5.0,-83.0,-61.0,-508.0,703.0,259.0,0
6.0,-75.0,-63.0,-334.0,738.0,235.0,0
11.0,-61.0,-63.0,-115.0,757.0,235.0,0
12.0,-43.0,-65.0,141.0,761.0,265.0,0
-1.0,-21.0,-67.0,403.0,758.0,324.0,0
-15.0,-4.0,-71.0,621.0,750.0,419.0,0
-42.0,4.0,-60.0,764.0,721.0,510.0,0
-62.0,7.0,-40.0,843.0,659.0,565.0,0
-75.0,8.0,-32.0,874.0,557.0,593.0,0
-84.0,8.0,-25.0,843.0,417.0,599.0,0
-85.0,3.0,-55.0,757.0,261.0,573.0,0
-69.0,2.0,-161.0,607.0,137.0,538.0,0
-29.0,-4.0,-250.0,336.0,105.0,490.0,0
39.0,-51.0,-291.0,2.0,209.0,423.0,0
125.0,-107.0,-374.0,-253.0,460.0,310.0,0
186.0,-142.0,-470.0,-523.0,811.0,134.0,0
194.0,-214.0,-434.0,-1123.0,959.0,-128.0,0
139.0,-343.0,-215.0,-1857.0,544.0,-530.0,0
61.0,-505.0,-4.0,-2181.0,-174.0,-990.0,0
36.0,-637.0,152.0,-1967.0,-576.0,-1333.0,0
86.0,-736.0,268.0,-1519.0,-566.0,-1499.0,0
135.0,-797.0,335.0,-972.0,-455.0,-1629.0,0
157.0,-837.0,253.0,-341.0,-407.0,-1829.0,0
124.0,-846.0,33.0,49.0,-113.0,-1940.0,0
61.0,-836.0,-201.0,32.0,575.0,-1766.0,0
-57.0,-826.0,-327.0,-619.0,1154.0,-1271.0,0
-224.0,-832.0,-338.0,-1410.0,1435.0,-675.0,0
-299.0,-800.0,-283.0,-1776.0,1018.0,229.0,0
-226.0,-754.0,-166.0,-1443.0,162.0,972.0,0
-134.0,-691.0,-33.0,-497.0,-629.0,1321.0,0
-76.0,-617.0,40.0,746.0,-1097.0,1419.0,0
-47.0,-518.0,86.0,1959.0,-1311.0,1369.0,0
-24.0,-414.0,118.0,2893.0,-1354.0,1260.0,0
-2.0,-315.0,125.0,3420.0,-1276.0,1168.0,0
18.0,-224.0,120.0,3518.0,-1163.0,1148.0,0
54.0,-168.0,105.0,3191.0,-1082.0,1197.0,0
81.0,-131.0,82.0,2454.0,-1068.0,1227.0,0
94.0,-120.0,47.0,1389.0,-1087.0,1203.0,0
90.0,-136.0,24.0,150.0,-1106.0,1166.0,0
61.0,-201.0,29.0,-1076.0,-1127.0,1151.0,0
38.0,-284.0,63.0,-2082.0,-1149.0,1161.0,0
15.0,-360.0,100.0,-2701.0,-1177.0,1154.0,0
-14.0,-420.0,95.0,-2926.0,-1198.0,1111.0,0
-38.0,-461.0,94.0,-2852.0,-1182.0,1042.0,0
-54.0,-470.0,56.0,-2563.0,-1115.0,998.0,0
-61.0,-450.0,18.0,-2181.0,-1000.0,1008.0,0
-63.0,-419.0,-13.0,-1770.0,-882.0,1041.0,0
-64.0,-384.0,-40.0,-1340.0,-798.0,1058.0,0
-55.0,-317.0,-68.0,-938.0,-762.0,1035.0,0
-50.0,-262.0,-75.0,-589.0,-788.0,968.0,0
-36.0,-209.0,-83.0,-282.0,-853.0,857.0,0
-35.0,-166.0,-90.0,23.0,-919.0,708.0,0
-31.0,-139.0,-102.0,339.0,-980.0,546.0,0
-27.0,-100.0,-107.0,586.0,-1040.0,362.0,0
-15.0,-82.0,-121.0,888.0,-1079.0,175.0,0
0.0,-48.0,-122.0,1183.0,-1091.0,-33.0,0
7.0,-16.0,-130.0,1452.0,-1071.0,-198.0,0
15.0,22.0,-138.0,1658.0,-1017.0,-349.0,0
34.0,62.0,-138.0,1801.0,-951.0,-427.0,0
50.0,78.0,-146.0,1857.0,-869.0,-432.0,0
56.0,97.0,-136.0,1809.0,-756.0,-433.0,0
54.0,99.0,-132.0,1664.0,-599.0,-445.0,0
45.0,94.0,-127.0,1424.0,-407.0,-471.0,0
25.0,72.0,-119.0,1099.0,-214.0,-491.0,0
5.0,38.0,-97.0,716.0,-42.0,-481.0,0
-5.0,13.0,-68.0,351.0,87.0,-425.0,0
-7.0,-13.0,-47.0,98.0,152.0,-359.0,0
0.0,-40.0,-34.0,-5.0,149.0,-312.0,0
9.0,-55.0,-44.0,30.0,101.0,-284.0,0
12.0,-57.0,-60.0,161.0,23.0,-279.0,0
17.0,-60.0,-76.0,336.0,-61.0,-298.0,0
23.0,-56.0,-92.0,494.0,-146.0,-327.0,0
30.0,-51.0,-92.0,602.0,-234.0,-365.0,0
38.0,-34.0,-95.0,651.0,-302.0,-405.0,0
49.0,-24.0,-90.0,655.0,-342.0,-425.0,0
44.0,-17.0,-83.0,633.0,-348.0,-441.0,0
41.0,-12.0,-90.0,613.0,-321.0,-461.0,0
16.0,-6.0,-137.0,582.0,-279.0,-478.0,0
-3.0,-9.0,-208.0,484.0,-267.0,-479.0,0
-28.0,-19.0,-275.0,288.0,-294.0,-471.0,0
-64.0,-34.0,-306.0,1.0,-302.0,-434.0,0
-105.0,-61.0,-328.0,-366.0,-211.0,-311.0,0
-120.0,-97.0,-368.0,-821.0,-30.0,-93.0,0
-107.0,-157.0,-348.0,-1298.0,172.0,163.0,0
-63.0,-283.0,-191.0,-1877.0,355.0,471.0,0
-28.0,-431.0,69.0,-2110.0,457.0,846.0,0
-24.0,-626.0,328.0,-1902.0,474.0,1128.0,0
-57.0,-711.0,413.0,-1367.0,278.0,1346.0,0
-91.0,-730.0,311.0,-662.0,-123.0,1422.0,0
-112.0,-704.0,87.0,-55.0,-469.0,1479.0,0
-85.0,-684.0,-146.0,127.0,-633.0,1558.0,0
-38.0,-695.0,-296.0,-224.0,-729.0,1545.0,0
32.0,-734.0,-330.0,-876.0,-814.0,1297.0,0
59.0,-755.0,-283.0,-1432.0,-773.0,759.0,0
26.0,-731.0,-191.0,-1591.0,-427.0,53.0,0
-24.0,-700.0,-79.0,-1204.0,164.0,-538.0,0
-61.0,-664.0,9.0,-403.0,682.0,-939.0,0
-79.0,-617.0,83.0,591.0,976.0,-1246.0,0
-94.0,-548.0,122.0,1569.0,1079.0,-1485.0,0
-89.0,-484.0,136.0,2321.0,1033.0,-1649.0,0
-69.0,-422.0,128.0,2676.0,894.0,-1735.0,0
-32.0,-367.0,103.0,2580.0,752.0,-1770.0,0
-12.0,-305.0,88.0,2096.0,681.0,-1799.0,0
-3.0,-249.0,69.0,1357.0,698.0,-1806.0,0
-3.0,-218.0,56.0,472.0,785.0,-1737.0,0
16.0,-223.0,39.0,-469.0,903.0,-1585.0,0
52.0,-280.0,51.0,-1359.0,1025.0,-1436.0,0
76.0,-328.0,61.0,-2086.0,1169.0,-1297.0,0
100.0,-377.0,65.0,-2580.0,1322.0,-1129.0,0
121.0,-416.0,64.0,-2830.0,1448.0,-946.0,0
137.0,-435.0,58.0,-2876.0,1532.0,-776.0,0
145.0,-435.0,66.0,-2743.0,1588.0,-639.0,0
149.0,-420.0,60.0,-2513.0,1634.0,-534.0,0
151.0,-384.0,49.0,-2113.0,1653.0,-452.0,0
156.0,-346.0,34.0,-1681.0,1646.0,-392.0,0
152.0,-304.0,12.0,-1270.0,1641.0,-359.0,0
134.0,-253.0,-6.0,-901.0,1664.0,-330.0,0
104.0,-213.0,-16.0,-569.0,1720.0,-294.0,0
76.0,-167.0,-28.0,-274.0,1799.0,-235.0,0
56.0,-126.0,-36.0,-24.0,1883.0,-146.0,0
36.0,-88.0,-42.0,215.0,1944.0,-55.0,0
24.0,-51.0,-47.0,468.0,1973.0,20.0,0
16.0,-15.0,-49.0,720.0,1973.0,84.0,0
7.0,30.0,-58.0,961.0,1924.0,125.0,0
-1.0,55.0,-77.0,1169.0,1811.0,138.0,0
-21.0,75.0,-92.0,1295.0,1645.0,138.0,0
-41.0,89.0,-113.0,1302.0,1454.0,149.0,0
-60.0,93.0,-127.0,1157.0,1237.0,190.0,0
-59.0,89.0,-146.0,877.0,1018.0,254.0,0
-64.0,73.0,-149.0,492.0,828.0,302.0,0
-48.0,28.0,-133.0,48.0,676.0,344.0,0
-34.0,-15.0,-104.0,-367.0,547.0,357.0,0
-24.0,-55.0,-80.0,-629.0,443.0,333.0,0
-22.0,-79.0,-64.0,-703.0,373.0,294.0,0
-21.0,-91.0,-42.0,-622.0,331.0,250.0,0
-19.0,-94.0,-20.0,-418.0,306.0,195.0,0
-23.0,-87.0,-18.0,-146.0,283.0,146.0,0
-27.0,-75.0,-16.0,139.0,269.0,144.0,0
-34.0,-58.0,-16.0,422.0,259.0,185.0,0
-43.0,-31.0,-33.0,672.0,246.0,256.0,0
-46.0,-17.0,-71.0,852.0,233.0,363.0,0
-43.0,-4.0,-142.0,925.0,233.0,477.0,0
-23.0,8.0,-243.0,848.0,302.0,574.0,0
28.0,20.0,-331.0,648.0,492.0,643.0,0
85.0,10.0,-392.0,261.0,724.0,678.0,0
150.0,-15.0,-458.0,-215.0,1075.0,668.0,0
202.0,-59.0,-491.0,-775.0,1427.0,593.0,0
226.0,-153.0,-385.0,-1447.0,1599.0,438.0,0
197.0,-299.0,-161.0,-2064.0,1328.0,154.0,0
110.0,-460.0,65.0,-2305.0,586.0,-257.0,0
43.0,-603.0,254.0,-2072.0,-328.0,-695.0,0
27.0,-714.0,347.0,-1440.0,-1010.0,-1052.0,0
51.0,-773.0,366.0,-525.0,-1206.0,-1269.0,0
80.0,-785.0,265.0,523.0,-952.0,-1416.0,0
70.0,-771.0,31.0,1385.0,-462.0,-1606.0,0
-20.0,-730.0,-212.0,1691.0,77.0,-1877.0,0
-194.0,-658.0,-358.0,1279.0,518.0,-2050.0,0
-343.0,-622.0,-400.0,328.0,672.0,-1828.0,0
-413.0,-599.0,-359.0,-763.0,454.0,-1200.0,0
-308.0,-581.0,-268.0,-1533.0,-25.0,-377.0,0
-199.0,-568.0,-187.0,-1692.0,-587.0,228.0,0
-133.0,-557.0,-92.0,-1324.0,-1075.0,587.0,0
-76.0,-531.0,16.0,-587.0,-1473.0,838.0,0
-44.0,-494.0,66.0,360.0,-1784.0,1038.0,0
-14.0,-448.0,85.0,1308.0,-1949.0,1202.0,0
25.0,-400.0,81.0,2044.0,-1937.0,1329.0,0
69.0,-353.0,79.0,2450.0,-1798.0,1398.0,0
102.0,-306.0,65.0,2504.0,-1622.0,1408.0,0
116.0,-261.0,52.0,2201.0,-1456.0,1373.0,0
126.0,-228.0,44.0,1565.0,-1325.0,1298.0,0
126.0,-215.0,32.0,672.0,-1253.0,1205.0,0
117.0,-245.0,14.0,-386.0,-1235.0,1103.0,0
96.0,-308.0,21.0,-1279.0,-1256.0,1004.0,0
75.0,-381.0,39.0,-2278.0,-1293.0,921.0,0
64.0,-449.0,54.0,-2962.0,-1326.0,847.0,0
50.0,-500.0,47.0,-3263.0,-1340.0,812.0,0
37.0,-518.0,52.0,-3211.0,-1299.0,782.0,0
8.0,-505.0,32.0,-2873.0,-1233.0,763.0,0
0.0,-473.0,19.0,-2355.0,-1135.0,763.0,0
-19.0,-435.0,1.0,-1757.0,-1038.0,774.0,0
-36.0,-376.0,-25.0,-1168.0,-979.0,773.0,0
-46.0,-329.0,-46.0,-632.0,-936.0,769.0,0
-37.0,-274.0,-53.0,-136.0,-924.0,771.0,0
-44.0,-224.0,-70.0,368.0,-956.0,741.0,0
-55.0,-175.0,-72.0,849.0,-987.0,692.0,0
-62.0,-104.0,-73.0,1274.0,-998.0,634.0,0
-54.0,-47.0,-71.0,1620.0,-1009.0,552.0,0
-44.0,21.0,-67.0,1859.0,-1015.0,419.0,0
-40.0,95.0,-68.0,1986.0,-996.0,242.0,0
-37.0,160.0,-78.0,2013.0,-944.0,71.0,0
-35.0,215.0,-87.0,1947.0,-862.0,-42.0,0
-7.0,247.0,-100.0,1799.0,-792.0,-70.0,0
18.0,244.0,-136.0,1557.0,-757.0,-44.0,0
38.0,222.0,-171.0,1169.0,-724.0,-68.0,0
39.0,191.0,-189.0,630.0,-659.0,-157.0,0
25.0,144.0,-182.0,-13.0,-587.0,-262.0,0
10.0,100.0,-151.0,-650.0,-542.0,-337.0,0
3.0,48.0,-113.0,-1143.0,-515.0,-354.0,0
1.0,-10.0,-79.0,-1382.0,-494.0,-335.0,0
4.0,-70.0,-79.0,-1360.0,-446.0,-296.0,0
9.0,-114.0,-85.0,-1186.0,-335.0,-248.0,0
13.0,-141.0,-97.0,-930.0,-172.0,-215.0,0
21.0,-159.0,-117.0,-685.0,11.0,-217.0,0
32.0,-165.0,-117.0,-367.0,182.0,-255.0,0
38.0,-162.0,-126.0,-52.0,288.0,-332.0,0
50.0,-154.0,-124.0,242.0,365.0,-411.0,0
58.0,-145.0,-104.0,524.0,369.0,-530.0,0
67.0,-131.0,-78.0,809.0,314.0,-642.0,0
71.0,-117.0,-57.0,1089.0,210.0,-729.0,0
74.0,-103.0,-41.0,1320.0,80.0,-788.0,0
71.0,-72.0,-81.0,1492.0,-51.0,-829.0,0
45.0,-50.0,-171.0,1551.0,-192.0,-855.0,0
9.0,-34.0,-266.0,1401.0,-378.0,-884.0,0
-48.0,-15.0,-309.0,1072.0,-546.0,-881.0,0
-115.0,-20.0,-364.0,644.0,-579.0,-758.0,0
-149.0,-42.0,-465.0,99.0,-431.0,-475.0,0
-106.0,-131.0,-466.0,-603.0,-91.0,-98.0,0
-14.0,-293.0,-246.0,-1199.0,450.0,312.0,0
43.0,-506.0,124.0,-1401.0,1042.0,737.0,0
15.0,-619.0,299.0,-1254.0,1355.0,1102.0,0
-33.0,-666.0,284.0,-916.0,1184.0,1362.0,0
-58.0,-657.0,131.0,-531.0,782.0,1561.0,0
-49.0,-654.0,-37.0,-259.0,477.0,1773.0,0
-17.0,-677.0,-148.0,-237.0,175.0,1928.0,0
33.0,-696.0,-208.0,-475.0,-278.0,1908.0,0
83.0,-718.0,-242.0,-813.0,-656.0,1640.0,0
89.0,-747.0,-230.0,-1075.0,-626.0,1077.0,0
21.0,-724.0,-166.0,-1080.0,-93.0,398.0,0
-50.0,-692.0,-103.0,-688.0,654.0,-126.0,0
-107.0,-657.0,-55.0,-20.0,1262.0,-492.0,0
-151.0,-615.0,-17.0,712.0,1619.0,-791.0,0
-177.0,-564.0,33.0,1370.0,1748.0,-1047.0,0
-181.0,-519.0,62.0,1774.0,1686.0,-1258.0,0
-180.0,-477.0,71.0,2080.0,1478.0,-1438.0,0
-150.0,-420.0,61.0,2145.0,1275.0,-1576.0,0
-133.0,-367.0,51.0,1978.0,1067.0,-1658.0,0
-129.0,-309.0,47.0,1594.0,930.0,-1714.0,0
-118.0,-249.0,44.0,1033.0,854.0,-1721.0,0
-90.0,-230.0,39.0,356.0,829.0,-1676.0,0
-54.0,-247.0,49.0,-361.0,851.0,-1592.0,0
-9.0,-290.0,67.0,-1023.0,943.0,-1502.0,0
42.0,-332.0,83.0,-1525.0,1107.0,-1400.0,0
89.0,-369.0,93.0,-1832.0,1302.0,-1297.0,0
112.0,-391.0,96.0,-1966.0,1470.0,-1195.0,0
123.0,-397.0,102.0,-1956.0,1579.0,-1086.0,0
132.0,-385.0,99.0,-1827.0,1604.0,-973.0,0
140.0,-366.0,86.0,-1610.0,1554.0,-852.0,0
153.0,-338.0,70.0,-1335.0,1463.0,-745.0,0
162.0,-304.0,51.0,-1034.0,1374.0,-659.0,0
159.0,-258.0,34.0,-727.0,1327.0,-600.0,0
139.0,-212.0,11.0,-402.0,1330.0,-559.0,0
107.0,-162.0,-12.0,-66.0,1352.0,-523.0,0
65.0,-111.0,-34.0,268.0,1358.0,-460.0,0
42.0,-55.0,-44.0,595.0,1340.0,-389.0,0
21.0,5.0,-60.0,907.0,1296.0,-329.0,0
10.0,51.0,-56.0,1184.0,1234.0,-251.0,0
19.0,98.0,-75.0,1392.0,1163.0,-170.0,0
14.0,120.0,-104.0,1505.0,1079.0,-100.0,0
6.0,132.0,-132.0,1512.0,1008.0,-26.0,0
-10.0,128.0,-170.0,1388.0,962.0,85.0,0
-29.0,126.0,-198.0,1103.0,945.0,243.0,0
-56.0,115.0,-194.0,704.0,929.0,421.0,0
-71.0,78.0,-179.0,341.0,895.0,592.0,0
-68.0,14.0,-143.0,-131.0,837.0,728.0,0
-63.0,-44.0,-101.0,-563.0,728.0,806.0,0
-59.0,-103.0,-50.0,-821.0,601.0,812.0,0
-49.0,-143.0,-29.0,-813.0,471.0,771.0,0
-39.0,-161.0,-20.0,-587.0,352.0,702.0,0
-32.0,-164.0,-32.0,-257.0,265.0,616.0,0
-23.0,-147.0,-50.0,81.0,228.0,545.0,0
-16.0,-120.0,-69.0,401.0,241.0,497.0,0
-1.0,-92.0,-84.0,705.0,299.0,474.0,0
-10.0,-59.0,-97.0,993.0,385.0,478.0,0
-11.0,-34.0,-100.0,1241.0,464.0,514.0,0
-20.0,-6.0,-98.0,1427.0,501.0,576.0,0
-27.0,15.0,-93.0,1529.0,497.0,647.0,0
-32.0,19.0,-98.0,1529.0,456.0,709.0,0
-10.0,31.0,-161.0,1406.0,399.0,741.0,0
28.0,32.0,-243.0,1108.0,393.0,736.0,0
79.0,22.0,-306.0,634.0,485.0,694.0,0
154.0,-21.0,-403.0,57.0,687.0,612.0,0
239.0,-80.0,-499.0,-537.0,1022.0,483.0,0
304.0,-124.0,-549.0,-1227.0,1312.0,272.0,0
324.0,-246.0,-403.0,-2204.0,1179.0,-76.0,0
200.0,-436.0,-73.0,-3091.0,453.0,-658.0,0
85.0,-619.0,180.0,-3170.0,-351.0,-1288.0,0
53.0,-759.0,297.0,-2489.0,-755.0,-1719.0,0
82.0,-825.0,326.0,-1478.0,-783.0,-1948.0,0
112.0,-816.0,253.0,-403.0,-587.0,-2116.0,0
128.0,-794.0,88.0,506.0,-190.0,-2311.0,0
68.0,-729.0,-117.0,1038.0,427.0,-2459.0,0
-41.0,-665.0,-272.0,968.0,1133.0,-2262.0,0
-211.0,-644.0,-330.0,492.0,1551.0,-1581.0,0
-341.0,-633.0,-322.0,-305.0,1430.0,-536.0,0
-339.0,-617.0,-263.0,-882.0,958.0,525.0,0
-245.0,-590.0,-166.0,-951.0,116.0,1153.0,0
-161.0,-557.0,-55.0,-487.0,-684.0,1561.0,0
-99.0,-518.0,43.0,359.0,-1263.0,1703.0,0
-40.0,-467.0,92.0,1373.0,-1608.0,1681.0,0
-7.0,-411.0,106.0,2298.0,-1698.0,1578.0,0
22.0,-359.0,103.0,2919.0,-1580.0,1465.0,0
63.0,-311.0,86.0,3123.0,-1375.0,1374.0,0
101.0,-272.0,60.0,2881.0,-1177.0,1285.0,0
133.0,-248.0,43.0,2228.0,-1019.0,1171.0,0
153.0,-241.0,30.0,1278.0,-933.0,1014.0,0
147.0,-259.0,14.0,171.0,-914.0,870.0,0
129.0,-318.0,30.0,-936.0,-925.0,797.0,0
115.0,-373.0,63.0,-1823.0,-939.0,793.0,0
95.0,-434.0,92.0,-2316.0,-960.0,826.0,0
64.0,-482.0,89.0,-2422.0,-975.0,866.0,0
33.0,-508.0,74.0,-2267.0,-955.0,898.0,0
-9.0,-509.0,53.0,-1972.0,-893.0,941.0,0
-44.0,-489.0,29.0,-1608.0,-821.0,995.0,0
-74.0,-442.0,13.0,-1232.0,-746.0,1031.0,0
-104.0,-395.0,-8.0,-863.0,-694.0,1026.0,0
-130.0,-348.0,-30.0,-536.0,-641.0,1008.0,0
-148.0,-302.0,-38.0,-285.0,-612.0,953.0,0
-153.0,-260.0,-35.0,-95.0,-611.0,875.0,0
-135.0,-217.0,-19.0,113.0,-657.0,775.0,0
-107.0,-183.0,-20.0,382.0,-736.0,657.0,0
-74.0,-135.0,-29.0,668.0,-794.0,538.0,0
-43.0,-96.0,-34.0,925.0,-811.0,418.0,0
-7.0,-60.0,-35.0,1125.0,-861.0,244.0,0
6.0,-15.0,-36.0,1364.0,-958.0,15.0,0
21.0,25.0,-58.0,1570.0,-1052.0,-206.0,0
20.0,80.0,-64.0,1700.0,-1163.0,-345.0,0
26.0,130.0,-73.0,1753.0,-1247.0,-440.0,0
39.0,162.0,-102.0,1746.0,-1307.0,-433.0,0
48.0,172.0,-129.0,1626.0,-1324.0,-376.0,0
55.0,169.0,-150.0,1327.0,-1286.0,-327.0,0
60.0,155.0,-155.0,846.0,-1195.0,-310.0,0
41.0,124.0,-136.0,270.0,-1082.0,-326.0,0
10.0,87.0,-116.0,-331.0,-951.0,-355.0,0
-6.0,43.0,-83.0,-862.0,-787.0,-340.0,0
-10.0,3.0,-59.0,-1250.0,-608.0,-284.0,0
-14.0,-36.0,-36.0,-1446.0,-428.0,-237.0,0
-4.0,-75.0,-33.0,-1418.0,-238.0,-207.0,0
0.0,-97.0,-38.0,-1183.0,-30.0,-179.0,0
11.0,-118.0,-55.0,-840.0,184.0,-153.0,0
8.0,-126.0,-71.0,-478.0,354.0,-167.0,0
13.0,-126.0,-82.0,-141.0,441.0,-227.0,0
15.0,-116.0,-84.0,158.0,438.0,-312.0,0
28.0,-107.0,-87.0,421.0,356.0,-398.0,0
37.0,-93.0,-82.0,651.0,230.0,-465.0,0
49.0,-75.0,-79.0,850.0,92.0,-516.0,0
59.0,-62.0,-75.0,1013.0,-23.0,-544.0,0
64.0,-56.0,-93.0,1143.0,-77.0,-562.0,0
55.0,-47.0,-163.0,1203.0,-94.0,-581.0,0
31.0,-31.0,-240.0,1122.0,-145.0,-607.0,0
-18.0,-37.0,-266.0,899.0,-224.0,-623.0,0
-108.0,-42.0,-304.0,584.0,-273.0,-567.0,0
-149.0,-60.0,-398.0,119.0,-290.0,-342.0,0
-127.0,-114.0,-539.0,-509.0,-343.0,1.0,0
-47.0,-251.0,-423.0,-1608.0,-246.0,391.0,0
8.0,-445.0,-71.0,-2541.0,90.0,853.0,0
36.0,-639.0,250.0,-2786.0,655.0,1208.0,0
0.0,-789.0,440.0,-2421.0,942.0,1499.0,0
-71.0,-840.0,402.0,-1572.0,690.0,1602.0,0
-107.0,-828.0,163.0,-611.0,241.0,1642.0,0
-78.0,-787.0,-131.0,-73.0,-74.0,1758.0,0
-30.0,-792.0,-336.0,-299.0,-438.0,1825.0,0
45.0,-854.0,-392.0,-1006.0,-933.0,1662.0,0
92.0,-873.0,-344.0,-1596.0,-1209.0,1149.0,0
57.0,-831.0,-230.0,-1606.0,-841.0,370.0,0
-16.0,-773.0,-107.0,-926.0,23.0,-359.0,0
-88.0,-699.0,-26.0,178.0,797.0,-890.0,0
-138.0,-617.0,26.0,1369.0,1214.0,-1250.0,0
-158.0,-526.0,56.0,2384.0,1331.0,-1468.0,0
-155.0,-443.0,67.0,3022.0,1247.0,-1578.0,0
-137.0,-357.0,61.0,3169.0,997.0,-1634.0,0
-125.0,-289.0,51.0,2861.0,666.0,-1679.0,0
-124.0,-227.0,43.0,2232.0,385.0,-1698.0,0
-128.0,-173.0,38.0,1432.0,233.0,-1675.0,0
-129.0,-144.0,37.0,573.0,206.0,-1604.0,0
-103.0,-151.0,41.0,-288.0,231.0,-1485.0,0
-60.0,-197.0,34.0,-1095.0,272.0,-1366.0,0
-21.0,-268.0,45.0,-1784.0,367.0,-1239.0,0
27.0,-333.0,66.0,-2287.0,514.0,-1093.0,0
65.0,-385.0,79.0,-2555.0,679.0,-948.0,0
94.0,-420.0,87.0,-2603.0,836.0,-820.0,0
112.0,-435.0,90.0,-2483.0,962.0,-717.0,0
121.0,-428.0,93.0,-2247.0,1053.0,-639.0,0
132.0,-412.0,87.0,-1996.0,1098.0,-579.0,0
147.0,-365.0,67.0,-1645.0,1109.0,-531.0,0
171.0,-328.0,44.0,-1297.0,1128.0,-475.0,0
190.0,-294.0,31.0,-983.0,1175.0,-412.0,0
189.0,-250.0,14.0,-719.0,1263.0,-319.0,0
174.0,-204.0,2.0,-481.0,1388.0,-221.0,0
136.0,-148.0,-13.0,-228.0,1527.0,-115.0,0
111.0,-105.0,-34.0,34.0,1635.0,-26.0,0
93.0,-58.0,-36.0,305.0,1699.0,60.0,0
87.0,-20.0,-41.0,632.0,1724.0,110.0,0
92.0,19.0,-51.0,1006.0,1714.0,110.0,0
84.0,55.0,-63.0,1386.0,1672.0,46.0,0
58.0,88.0,-83.0,1694.0,1574.0,-43.0,0
6.0,123.0,-99.0,1881.0,1428.0,-87.0,0
-41.0,154.0,-106.0,1941.0,1258.0,-49.0,0
-81.0,174.0,-125.0,1858.0,1059.0,77.0,0
-100.0,167.0,-141.0,1592.0,839.0,257.0,0
-108.0,148.0,-156.0,1156.0,622.0,404.0,0
-72.0,105.0,-148.0,587.0,435.0,490.0,0
-44.0,69.0,-121.0,0.0,292.0,510.0,0
-27.0,36.0,-80.0,-427.0,219.0,493.0,0
-18.0,-2.0,-60.0,-627.0,189.0,456.0,0
-11.0,-36.0,-57.0,-666.0,171.0,402.0,0
-6.0,-52.0,-63.0,-629.0,167.0,342.0,0
-2.0,-58.0,-70.0,-545.0,181.0,300.0,0
0.0,-58.0,-69.0,-415.0,224.0,291.0,0
0.0,-56.0,-70.0,-233.0,290.0,316.0,0
-10.0,-52.0,-71.0,2.0,372.0,368.0,0
-24.0,-47.0,-71.0,242.0,454.0,429.0,0
-39.0,-37.0,-69.0,416.0,519.0,488.0,0
-50.0,-32.0,-64.0,584.0,552.0,533.0,0
-55.0,-25.0,-61.0,677.0,558.0,555.0,0
-55.0,-20.0,-101.0,697.0,527.0,563.0,0
-34.0,-7.0,-179.0,633.0,494.0,550.0,0
6.0,-3.0,-272.0,441.0,542.0,531.0,0
65.0,-17.0,-373.0,86.0,754.0,514.0,0
141.0,-65.0,-518.0,-402.0,1192.0,480.0,0
212.0,-129.0,-635.0,-987.0,1873.0,370.0,0
246.0,-256.0,-535.0,-1777.0,2431.0,93.0,0
164.0,-457.0,-152.0,-2607.0,2107.0,-504.0,0
8.0,-618.0,180.0,-2860.0,739.0,-1302.0,0
-45.0,-759.0,354.0,-2348.0,-749.0,-1868.0,0
-9.0,-859.0,361.0,-1418.0,-1552.0,-2060.0,0
43.0,-899.0,301.0,-412.0,-1605.0,-2077.0,0
72.0,-873.0,21.0,469.0,-1268.0,-2191.0,0
38.0,-828.0,-274.0,972.0,-657.0,-2377.0,0
-53.0,-785.0,-483.0,797.0,221.0,-2375.0,0
-206.0,-799.0,-488.0,-49.0,1073.0,-2006.0,0
-352.0,-788.0,-379.0,-1043.0,1451.0,-1205.0,0
-302.0,-762.0,-257.0,-1542.0,1098.0,-142.0,0
-210.0,-717.0,-149.0,-1310.0,189.0,660.0,0
-131.0,-661.0,-52.0,-493.0,-808.0,994.0,0
-57.0,-588.0,17.0,641.0,-1589.0,1028.0,0
-11.0,-501.0,52.0,1771.0,-2038.0,926.0,0
18.0,-414.0,61.0,2621.0,-2150.0,833.0,0
57.0,-338.0,63.0,3085.0,-2019.0,813.0,0
96.0,-271.0,60.0,3174.0,-1763.0,822.0,0
130.0,-220.0,49.0,2912.0,-1457.0,846.0,0
148.0,-194.0,39.0,2328.0,-1178.0,862.0,0
145.0,-183.0,30.0,1677.0,-995.0,832.0,0
129.0,-190.0,28.0,741.0,-912.0,796.0,0
104.0,-227.0,40.0,-199.0,-903.0,793.0,0
84.0,-292.0,57.0,-999.0,-950.0,810.0,0
67.0,-368.0,77.0,-1560.0,-1032.0,829.0,0
55.0,-409.0,90.0,-1862.0,-1130.0,840.0,0
27.0,-440.0,87.0,-1936.0,-1220.0,866.0,0
-3.0,-443.0,67.0,-1836.0,-1278.0,905.0,0
-33.0,-427.0,49.0,-1630.0,-1307.0,964.0,0
-63.0,-408.0,26.0,-1377.0,-1297.0,1030.0,0
-88.0,-380.0,4.0,-1133.0,-1256.0,1083.0,0
-105.0,-345.0,-12.0,-905.0,-1186.0,1109.0,0
-104.0,-312.0,-30.0,-710.0,-1102.0,1110.0,0
-91.0,-278.0,-39.0,-545.0,-1009.0,1085.0,0
-74.0,-250.0,-39.0,-381.0,-916.0,1009.0,0
-62.0,-212.0,-49.0,-192.0,-844.0,883.0,0
-51.0,-176.0,-55.0,11.0,-778.0,730.0,0
-37.0,-139.0,-71.0,230.0,-721.0,559.0,0
-27.0,-82.0,-75.0,464.0,-672.0,336.0,0
-16.0,-26.0,-88.0,740.0,-635.0,83.0,0
-21.0,31.0,-93.0,986.0,-574.0,-149.0,0
-9.0,88.0,-95.0,1181.0,-495.0,-299.0,0
14.0,148.0,-95.0,1349.0,-436.0,-352.0,0
43.0,181.0,-96.0,1480.0,-394.0,-374.0,0
66.0,187.0,-112.0,1529.0,-348.0,-436.0,0
63.0,186.0,-127.0,1421.0,-286.0,-570.0,0
52.0,169.0,-134.0,1135.0,-230.0,-704.0,0
44.0,136.0,-140.0,692.0,-197.0,-755.0,0
37.0,90.0,-121.0,149.0,-196.0,-751.0,0
37.0,41.0,-96.0,-355.0,-206.0,-717.0,0
38.0,0.0,-66.0,-700.0,-211.0,-663.0,0
45.0,-42.0,-54.0,-825.0,-200.0,-605.0,0
49.0,-70.0,-60.0,-804.0,-160.0,-549.0,0
42.0,-85.0,-73.0,-651.0,-100.0,-505.0,0
31.0,-90.0,-87.0,-425.0,0.0,-481.0,0
19.0,-87.0,-100.0,-167.0,105.0,-469.0,0
14.0,-78.0,-108.0,97.0,190.0,-490.0,0
12.0,-67.0,-101.0,335.0,246.0,-524.0,0
15.0,-56.0,-101.0,532.0,272.0,-573.0,0
20.0,-46.0,-100.0,675.0,279.0,-625.0,0
27.0,-29.0,-91.0,763.0,290.0,-671.0,0
31.0,-21.0,-76.0,802.0,304.0,-707.0,0
30.0,-19.0,-55.0,807.0,328.0,-728.0,0
33.0,-16.0,-32.0,793.0,356.0,-730.0,0
33.0,-16.0,-17.0,777.0,384.0,-706.0,0
29.0,-13.0,-33.0,757.0,410.0,-647.0,0
24.0,-8.0,-96.0,673.0,414.0,-568.0,0
16.0,-20.0,-206.0,458.0,348.0,-502.0,0
4.0,-47.0,-252.0,121.0,224.0,-458.0,0
-50.0,-91.0,-303.0,-250.0,69.0,-381.0,0
-80.0,-119.0,-455.0,-689.0,-232.0,-197.0,0
-48.0,-232.0,-492.0,-1357.0,-597.0,163.0,0
42.0,-432.0,-315.0,-1943.0,-621.0,774.0,0
86.0,-638.0,-31.0,-2105.0,-212.0,1460.0,0
60.0,-807.0,255.0,-1972.0,322.0,1869.0,0
-9.0,-868.0,370.0,-1561.0,487.0,1921.0,0
-86.0,-869.0,237.0,-908.0,206.0,1807.0,0
-117.0,-820.0,17.0,-324.0,-28.0,1733.0,0
-96.0,-821.0,-196.0,-156.0,-107.0,1716.0,0
-74.0,-897.0,-305.0,-542.0,-261.0,1593.0,0
-31.0,-1017.0,-344.0,-1130.0,-494.0,1158.0,0
-39.0,-999.0,-266.0,-1452.0,-456.0,346.0,0
-79.0,-909.0,-130.0,-1235.0,-10.0,-559.0,0
-106.0,-814.0,-9.0,-308.0,385.0,-1119.0,0
-130.0,-694.0,66.0,1048.0,668.0,-1334.0,0
-148.0,-571.0,94.0,2447.0,730.0,-1366.0,0
-152.0,-459.0,85.0,3547.0,701.0,-1321.0,0
-159.0,-345.0,83.0,4118.0,579.0,-1291.0,0
-161.0,-232.0,83.0,4082.0,333.0,-1332.0,0
-157.0,-126.0,76.0,3522.0,36.0,-1433.0,0
-141.0,-31.0,57.0,2624.0,-170.0,-1526.0,0
-133.0,8.0,26.0,1567.0,-190.0,-1547.0,0
-112.0,-24.0,12.0,420.0,-44.0,-1498.0,0
-66.0,-99.0,43.0,-689.0,160.0,-1438.0,0
-27.0,-179.0,62.0,-1563.0,338.0,-1419.0,0
4.0,-262.0,76.0,-2155.0,475.0,-1375.0,0
42.0,-334.0,86.0,-2470.0,555.0,-1302.0,0
84.0,-380.0,77.0,-2533.0,559.0,-1242.0,0
116.0,-402.0,67.0,-2396.0,509.0,-1193.0,0
157.0,-415.0,50.0,-2125.0,451.0,-1138.0,0
188.0,-403.0,40.0,-1772.0,408.0,-1076.0,0
208.0,-382.0,27.0,-1367.0,405.0,-1006.0,0
214.0,-346.0,11.0,-952.0,446.0,-910.0,0
209.0,-312.0,-1.0,-565.0,537.0,-784.0,0
184.0,-274.0,-6.0,-212.0,668.0,-630.0,0
146.0,-236.0,-13.0,135.0,822.0,-477.0,0
96.0,-191.0,-20.0,487.0,970.0,-358.0,0
55.0,-148.0,-20.0,843.0,1087.0,-286.0,0
18.0,-98.0,-31.0,1205.0,1157.0,-246.0,0
-3.0,-54.0,-43.0,1551.0,1155.0,-199.0,0
-9.0,-20.0,-67.0,1851.0,1078.0,-149.0,0
7.0,21.0,-84.0,2064.0,943.0,-131.0,0
14.0,51.0,-99.0,2163.0,792.0,-171.0,0
-7.0,89.0,-108.0,2202.0,661.0,-243.0,0
-26.0,113.0,-129.0,2174.0,577.0,-259.0,0
-44.0,126.0,-140.0,2051.0,486.0,-210.0,0
-63.0,130.0,-146.0,1818.0,408.0,-82.0,0
-73.0,109.0,-149.0,1486.0,339.0,72.0,0
-79.0,64.0,-140.0,1060.0,262.0,203.0,0
-56.0,9.0,-117.0,540.0,172.0,308.0,0
-38.0,-34.0,-87.0,12.0,73.0,376.0,0
-31.0,-66.0,-63.0,-363.0,4.0,399.0,0
-27.0,-82.0,-33.0,-511.0,-19.0,402.0,0
-25.0,-93.0,-20.0,-442.0,-16.0,395.0,0
-22.0,-96.0,-20.0,-202.0,-10.0,389.0,0
-12.0,-87.0,-19.0,144.0,-8.0,395.0,0
-7.0,-67.0,-35.0,532.0,-4.0,401.0,0
0.0,-44.0,-50.0,893.0,3.0,401.0,0
3.0,-22.0,-64.0,1164.0,14.0,392.0,0
2.0,1.0,-69.0,1317.0,24.0,376.0,0
-1.0,25.0,-62.0,1364.0,10.0,357.0,0
-15.0,34.0,-32.0,1309.0,-40.0,337.0,0
-21.0,43.0,-28.0,1158.0,-127.0,327.0,0
-19.0,32.0,-57.0,935.0,-239.0,321.0,0
-5.0,12.0,-106.0,648.0,-337.0,313.0,0
14.0,-28.0,-176.0,330.0,-409.0,291.0,0
58.0,-105.0,-224.0,57.0,-453.0,258.0,0
98.0,-148.0,-462.0,-236.0,-342.0,173.0,0
120.0,-183.0,-677.0,-984.0,95.0,8.0,0
98.0,-316.0,-567.0,-2369.0,627.0,-242.0,0
-7.0,-578.0,-84.0,-3853.0,679.0,-677.0,0
-141.0,-843.0,288.0,-4376.0,153.0,-1283.0,0
-144.0,-1012.0,459.0,-3834.0,-423.0,-1665.0,0
-53.0,-1096.0,457.0,-2925.0,-784.0,-1755.0,0
36.0,-1086.0,244.0,-1571.0,-1075.0,-1885.0,0
86.0,-1025.0,-129.0,-488.0,-1228.0,-2158.0,0
118.0,-974.0,-386.0,-164.0,-1116.0,-2340.0,0
66.0,-923.0,-407.0,-495.0,-719.0,-2413.0,0
-19.0,-834.0,-300.0,-758.0,-349.0,-2056.0,0
-39.0,-745.0,-210.0,-395.0,-288.0,-1225.0,0
-44.0,-646.0,-159.0,538.0,-418.0,-374.0,0
-71.0,-552.0,-82.0,1647.0,-594.0,205.0,0
-125.0,-465.0,18.0,2676.0,-850.0,588.0,0
-168.0,-362.0,111.0,3480.0,-1213.0,894.0,0
-173.0,-281.0,131.0,3921.0,-1586.0,1149.0,0
-125.0,-184.0,137.0,3921.0,-1843.0,1344.0,0
-74.0,-133.0,125.0,3481.0,-1934.0,1464.0,0
-41.0,-111.0,105.0,2674.0,-1909.0,1497.0,0
-29.0,-105.0,88.0,1635.0,-1841.0,1440.0,0
-22.0,-125.0,76.0,521.0,-1795.0,1352.0,0
-2.0,-173.0,66.0,-524.0,-1793.0,1274.0,0
12.0,-231.0,58.0,-1381.0,-1815.0,1198.0,0
24.0,-298.0,58.0,-1987.0,-1847.0,1111.0,0
24.0,-354.0,64.0,-2335.0,-1900.0,1017.0,0
24.0,-402.0,64.0,-2415.0,-1978.0,940.0,0
12.0,-435.0,52.0,-2267.0,-2057.0,886.0,0
4.0,-449.0,31.0,-2006.0,-2066.0,843.0,0
0.0,-441.0,6.0,-1709.0,-1971.0,820.0,0
-6.0,-422.0,-4.0,-1426.0,-1777.0,811.0,0
-30.0,-393.0,-12.0,-1170.0,-1534.0,807.0,0
-51.0,-374.0,-18.0,-946.0,-1288.0,803.0,0
-75.0,-338.0,-25.0,-773.0,-1083.0,790.0,0
-89.0,-304.0,-35.0,-655.0,-929.0,755.0,0
-83.0,-271.0,-47.0,-537.0,-813.0,673.0,0
-73.0,-243.0,-64.0,-437.0,-712.0,536.0,0
-45.0,-211.0,-79.0,-315.0,-620.0,354.0,0
-21.0,-177.0,-90.0,-167.0,-484.0,139.0,0
4.0,-144.0,-92.0,46.0,-329.0,-48.0,0
19.0,-112.0,-109.0,290.0,-172.0,-267.0,0
36.0,-66.0,-112.0,492.0,-34.0,-465.0,0
50.0,-17.0,-102.0,671.0,70.0,-613.0,0
67.0,28.0,-105.0,865.0,126.0,-695.0,0
83.0,70.0,-110.0,1066.0,142.0,-731.0,0
90.0,95.0,-117.0,1244.0,141.0,-763.0,0
94.0,113.0,-121.0,1359.0,129.0,-799.0,0
92.0,124.0,-131.0,1368.0,103.0,-847.0,0
85.0,129.0,-123.0,1252.0,76.0,-890.0,0
74.0,132.0,-110.0,1018.0,44.0,-896.0,0
81.0,107.0,-86.0,694.0,7.0,-866.0,0
75.0,80.0,-65.0,336.0,-28.0,-851.0,0
62.0,61.0,-47.0,23.0,-55.0,-839.0,0
46.0,44.0,-30.0,-163.0,-86.0,-818.0,0
27.0,27.0,-23.0,-186.0,-129.0,-796.0,0
6.0,20.0,-37.0,-110.0,-187.0,-760.0,0
-9.0,17.0,-46.0,13.0,-246.0,-714.0,0
-16.0,17.0,-56.0,147.0,-289.0,-674.0,0
-26.0,15.0,-64.0,268.0,-303.0,-641.0,0
-36.0,17.0,-69.0,358.0,-293.0,-624.0,0
-32.0,17.0,-61.0,418.0,-264.0,-622.0,0
-23.0,8.0,-58.0,461.0,-216.0,-626.0,0
-18.0,2.0,-58.0,484.0,-169.0,-630.0,0
-4.0,-9.0,-47.0,489.0,-129.0,-632.0,0
2.0,-23.0,-50.0,484.0,-93.0,-621.0,0
8.0,-35.0,-83.0,452.0,-55.0,-594.0,0
0.0,-49.0,-143.0,348.0,-68.0,-564.0,0
-28.0,-66.0,-191.0,179.0,-183.0,-552.0,0
-85.0,-83.0,-233.0,24.0,-394.0,-532.0,0
-136.0,-94.0,-319.0,-282.0,-580.0,-408.0,0
-179.0,-128.0,-440.0,-852.0,-753.0,-211.0,0
-190.0,-230.0,-482.0,-1646.0,-775.0,154.0,0
-111.0,-413.0,-359.0,-2416.0,-427.0,717.0,0
-5.0,-645.0,-94.0,-2901.0,186.0,1445.0,0
34.0,-877.0,248.0,-2988.0,669.0,2000.0,0
1.0,-971.0,422.0,-2626.0,678.0,2179.0,0
-53.0,-968.0,345.0,-1754.0,-23.0,2026.0,0
-59.0,-893.0,59.0,-670.0,-1064.0,1783.0,0
38.0,-878.0,-209.0,-4.0,-1879.0,1651.0,0
147.0,-874.0,-349.0,-61.0,-2304.0,1483.0,0
224.0,-933.0,-384.0,-494.0,-2365.0,1079.0,0
198.0,-918.0,-281.0,-892.0,-2019.0,398.0,0
80.0,-832.0,-141.0,-756.0,-1262.0,-359.0,0
-32.0,-742.0,-34.0,68.0,-357.0,-881.0,0
-124.0,-648.0,34.0,1278.0,311.0,-1154.0,0
-191.0,-551.0,70.0,2461.0,581.0,-1230.0,0
-214.0,-454.0,91.0,3290.0,488.0,-1185.0,0
-205.0,-367.0,92.0,3572.0,146.0,-1135.0,0
-202.0,-280.0,86.0,3279.0,-269.0,-1148.0,0
-214.0,-196.0,78.0,2552.0,-596.0,-1187.0,0
-221.0,-139.0,75.0,1609.0,-796.0,-1208.0,0
-247.0,-105.0,61.0,610.0,-894.0,-1158.0,0
-260.0,-127.0,47.0,-318.0,-908.0,-1006.0,0
-217.0,-219.0,51.0,-1109.0,-862.0,-815.0,0
-168.0,-287.0,55.0,-1689.0,-813.0,-735.0,0
-129.0,-344.0,58.0,-2026.0,-783.0,-761.0,0
-82.0,-397.0,59.0,-2154.0,-746.0,-802.0,0
-50.0,-434.0,47.0,-2143.0,-710.0,-843.0,0
-13.0,-456.0,34.0,-2057.0,-688.0,-882.0,0
10.0,-463.0,23.0,-1923.0,-658.0,-915.0,0
37.0,-451.0,19.0,-1785.0,-590.0,-930.0,0
61.0,-435.0,17.0,-1560.0,-513.0,-909.0,0
80.0,-415.0,27.0,-1291.0,-404.0,-845.0,0
96.0,-392.0,34.0,-1020.0,-306.0,-757.0,0
114.0,-365.0,31.0,-782.0,-234.0,-627.0,0
134.0,-329.0,18.0,-574.0,-177.0,-493.0,0
138.0,-281.0,9.0,-353.0,-112.0,-386.0,0
137.0,-235.0,-6.0,-71.0,-14.0,-332.0,0
122.0,-182.0,-24.0,252.0,112.0,-312.0,0
101.0,-129.0,-38.0,594.0,230.0,-301.0,0
89.0,-84.0,-47.0,937.0,307.0,-267.0,0
87.0,-49.0,-63.0,1275.0,314.0,-204.0,0
93.0,7.0,-59.0,1586.0,239.0,-150.0,0
96.0,52.0,-69.0,1889.0,115.0,-146.0,0
80.0,111.0,-78.0,2133.0,-23.0,-212.0,0
45.0,169.0,-88.0,2273.0,-129.0,-298.0,0
16.0,210.0,-106.0,2275.0,-189.0,-303.0,0
10.0,236.0,-134.0,2118.0,-216.0,-184.0,0
11.0,240.0,-163.0,1767.0,-238.0,-1.0,0
21.0,223.0,-189.0,1236.0,-272.0,151.0,0
36.0,182.0,-197.0,579.0,-313.0,227.0,0
31.0,131.0,-195.0,-131.0,-363.0,259.0,0
22.0,76.0,-167.0,-754.0,-420.0,290.0,0
3.0,24.0,-129.0,-1189.0,-486.0,315.0,0
-8.0,-23.0,-103.0,-1380.0,-558.0,342.0,0
-24.0,-54.0,-85.0,-1340.0,-626.0,359.0,0
-35.0,-80.0,-82.0,-1127.0,-676.0,375.0,0
-52.0,-88.0,-78.0,-808.0,-692.0,387.0,0
-63.0,-89.0,-76.0,-425.0,-691.0,397.0,0
-73.0,-86.0,-80.0,-33.0,-683.0,419.0,0
-84.0,-73.0,-78.0,323.0,-689.0,453.0,0
-90.0,-57.0,-120.0,602.0,-723.0,487.0,0
-88.0,-40.0,-169.0,738.0,-771.0,509.0,0
-81.0,-35.0,-207.0,733.0,-845.0,515.0,0
-62.0,-33.0,-273.0,625.0,-924.0,493.0,0
-20.0,-47.0,-378.0,365.0,-980.0,438.0,0
28.0,-87.0,-428.0,-164.0,-865.0,354.0,0
58.0,-177.0,-313.0,-937.0,-670.0,168.0,0
18.0,-328.0,-123.0,-1596.0,-685.0,-133.0,0
-53.0,-496.0,-15.0,-1836.0,-844.0,-463.0,0
-116.0,-638.0,41.0,-1800.0,-897.0,-739.0,0
-154.0,-743.0,42.0,-1667.0,-900.0,-1007.0,0
-196.0,-810.0,-17.0,-1498.0,-1088.0,-1346.0,0
-225.0,-821.0,-128.0,-1294.0,-1413.0,-1724.0,0
-166.0,-800.0,-214.0,-1124.0,-1627.0,-2025.0,0
-54.0,-786.0,-231.0,-1057.0,-1627.0,-2131.0,0
28.0,-745.0,-204.0,-993.0,-1485.0,-1953.0,0
89.0,-700.0,-159.0,-752.0,-1294.0,-1527.0,0
121.0,-651.0,-116.0,-290.0,-1165.0,-1021.0,0
138.0,-604.0,-81.0,272.0,-1184.0,-560.0,0
159.0,-538.0,-46.0,779.0,-1323.0,-175.0,0
168.0,-490.0,-21.0,1149.0,-1483.0,143.0,0
179.0,-453.0,3.0,1372.0,-1550.0,415.0,0
171.0,-422.0,28.0,1448.0,-1495.0,630.0,0
154.0,-394.0,44.0,1375.0,-1388.0,792.0,0
132.0,-378.0,59.0,1165.0,-1282.0,907.0,0
109.0,-373.0,64.0,849.0,-1212.0,973.0,0
79.0,-370.0,77.0,466.0,-1176.0,987.0,0
52.0,-386.0,76.0,59.0,-1167.0,954.0,0
10.0,-408.0,84.0,-334.0,-1184.0,878.0,0
-21.0,-431.0,85.0,-674.0,-1227.0,781.0,0
-53.0,-459.0,72.0,-930.0,-1266.0,685.0,0
-74.0,-503.0,63.0,-1112.0,-1278.0,577.0,0
-104.0,-537.0,56.0,-1217.0,-1275.0,432.0,0
-132.0,-548.0,55.0,-1192.0,-1271.0,279.0,0
-158.0,-545.0,59.0,-1064.0,-1273.0,161.0,0
-181.0,-529.0,61.0,-790.0,-1276.0,62.0,0
-200.0,-504.0,58.0,-455.0,-1259.0,-17.0,0
-219.0,-476.0,55.0,-93.0,-1197.0,-60.0,0
-241.0,-436.0,41.0,269.0,-1104.0,-127.0,0
-247.0,-392.0,26.0,599.0,-1004.0,-209.0,0
-249.0,-342.0,12.0,898.0,-918.0,-286.0,0
-235.0,-265.0,-11.0,1170.0,-875.0,-328.0,0
-202.0,-182.0,-32.0,1412.0,-897.0,-313.0,0
-159.0,-84.0,-46.0,1625.0,-974.0,-257.0,0
-114.0,-8.0,-62.0,1803.0,-1072.0,-172.0,0
-79.0,70.0,-62.0,1906.0,-1156.0,-83.0,0
-56.0,131.0,-63.0,1922.0,-1232.0,-11.0,0
-45.0,174.0,-68.0,1847.0,-1290.0,49.0,0
-44.0,200.0,-72.0,1677.0,-1318.0,108.0,0
-30.0,220.0,-69.0,1434.0,-1318.0,167.0,0
-12.0,227.0,-71.0,1167.0,-1333.0,210.0,0
6.0,218.0,-71.0,909.0,-1365.0,215.0,0
23.0,192.0,-82.0,654.0,-1406.0,151.0,0
44.0,148.0,-97.0,351.0,-1440.0,15.0,0
33.0,105.0,-109.0,-21.0,-1453.0,-189.0,0
32.0,61.0,-110.0,-392.0,-1437.0,-406.0,0
40.0,8.0,-100.0,-676.0,-1390.0,-582.0,0
57.0,-35.0,-92.0,-807.0,-1306.0,-722.0,0
74.0,-61.0,-88.0,-751.0,-1181.0,-823.0,0
84.0,-81.0,-90.0,-547.0,-1006.0,-905.0,0
96.0,-90.0,-86.0,-277.0,-793.0,-969.0,0
99.0,-86.0,-90.0,-3.0,-567.0,-1026.0,0
96.0,-80.0,-87.0,219.0,-372.0,-1070.0,0
93.0,-67.0,-76.0,406.0,-238.0,-1093.0,0
97.0,-61.0,-66.0,587.0,-171.0,-1097.0,0
96.0,-48.0,-61.0,744.0,-166.0,-1094.0,0
98.0,-31.0,-61.0,836.0,-196.0,-1082.0,0
102.0,-21.0,-59.0,894.0,-237.0,-1053.0,0
104.0,-9.0,-57.0,898.0,-271.0,-1018.0,0
99.0,-8.0,-54.0,849.0,-303.0,-963.0,0
88.0,-4.0,-53.0,760.0,-326.0,-905.0,0
65.0,0.0,-79.0,647.0,-352.0,-813.0,0
27.0,1.0,-124.0,510.0,-417.0,-703.0,0
-32.0,-4.0,-197.0,324.0,-579.0,-599.0,0
-97.0,-13.0,-228.0,67.0,-818.0,-468.0,0
-175.0,-30.0,-325.0,-279.0,-1044.0,-263.0,0
-205.0,-77.0,-487.0,-821.0,-1096.0,38.0,0
-194.0,-176.0,-561.0,-1607.0,-743.0,436.0,0
-161.0,-334.0,-396.0,-2498.0,39.0,870.0,0
-154.0,-519.0,-90.0,-3143.0,801.0,1274.0,0
-170.0,-688.0,159.0,-3346.0,1051.0,1620.0,0
-202.0,-802.0,287.0,-3092.0,608.0,1873.0,0
-204.0,-880.0,232.0,-2385.0,-277.0,2056.0,0
-145.0,-895.0,47.0,-1456.0,-1193.0,2160.0,0
-67.0,-862.0,-148.0,-773.0,-1874.0,2115.0,0
26.0,-867.0,-292.0,-579.0,-2246.0,1900.0,0
124.0,-898.0,-328.0,-777.0,-2277.0,1449.0,0
183.0,-923.0,-279.0,-933.0,-1874.0,799.0,0
143.0,-908.0,-196.0,-714.0,-1099.0,42.0,0
30.0,-818.0,-97.0,-26.0,-318.0,-636.0,0
-65.0,-717.0,-37.0,1010.0,180.0,-1068.0,0
-127.0,-623.0,10.0,2106.0,342.0,-1291.0,0
-158.0,-529.0,28.0,3005.0,270.0,-1377.0,0
-153.0,-445.0,31.0,3492.0,70.0,-1393.0,0
-128.0,-349.0,29.0,3443.0,-187.0,-1385.0,0
-128.0,-286.0,35.0,2884.0,-409.0,-1397.0,0
-137.0,-258.0,43.0,1979.0,-491.0,-1422.0,0
-164.0,-230.0,45.0,939.0,-427.0,-1421.0,0
-179.0,-247.0,69.0,-41.0,-308.0,-1352.0,0
-164.0,-296.0,84.0,-688.0,-223.0,-1233.0,0
-129.0,-351.0,90.0,-1274.0,-205.0,-1111.0,0
-88.0,-402.0,97.0,-1603.0,-216.0,-1031.0,0
-47.0,-440.0,89.0,-1729.0,-234.0,-1001.0,0
0.0,-470.0,77.0,-1731.0,-225.0,-987.0,0
33.0,-482.0,62.0,-1657.0,-156.0,-999.0,0
56.0,-475.0,48.0,-1516.0,-38.0,-1027.0,0
71.0,-446.0,27.0,-1295.0,93.0,-1075.0,0
75.0,-409.0,9.0,-1028.0,216.0,-1106.0,0
86.0,-375.0,2.0,-778.0,319.0,-1087.0,0
97.0,-343.0,9.0,-568.0,392.0,-1037.0,0
116.0,-312.0,12.0,-399.0,438.0,-973.0,0
124.0,-285.0,6.0,-261.0,491.0,-907.0,0
128.0,-247.0,-9.0,-142.0,577.0,-852.0,0
112.0,-179.0,-27.0,0.0,713.0,-815.0,0
88.0,-124.0,-49.0,190.0,888.0,-781.0,0
72.0,-78.0,-53.0,387.0,1046.0,-724.0,0
53.0,-40.0,-64.0,619.0,1151.0,-625.0,0
60.0,-13.0,-78.0,880.0,1195.0,-498.0,0
65.0,8.0,-94.0,1134.0,1186.0,-377.0,0
78.0,30.0,-113.0,1345.0,1127.0,-291.0,0
88.0,49.0,-123.0,1499.0,1019.0,-255.0,0
82.0,68.0,-138.0,1570.0,888.0,-262.0,0
60.0,88.0,-140.0,1558.0,757.0,-284.0,0
20.0,102.0,-141.0,1471.0,645.0,-264.0,0
-2.0,101.0,-137.0,1301.0,540.0,-141.0,0
-20.0,85.0,-125.0,1049.0,416.0,65.0,0
-17.0,41.0,-114.0,745.0,276.0,274.0,0
0.0,0.0,-100.0,423.0,130.0,406.0,0
17.0,-39.0,-84.0,152.0,6.0,440.0,0
28.0,-58.0,-69.0,-8.0,-67.0,415.0,0
39.0,-68.0,-61.0,-33.0,-80.0,375.0,0
41.0,-66.0,-60.0,33.0,-58.0,333.0,0
37.0,-45.0,-71.0,187.0,-35.0,301.0,0
27.0,-21.0,-85.0,374.0,-29.0,298.0,0
17.0,3.0,-104.0,548.0,-44.0,321.0,0
10.0,30.0,-134.0,674.0,-59.0,370.0,0
5.0,50.0,-184.0,735.0,-43.0,421.0,0
9.0,65.0,-243.0,712.0,18.0,479.0,0
15.0,68.0,-260.0,587.0,120.0,538.0,0
28.0,49.0,-227.0,370.0,209.0,567.0,0
19.0,21.0,-197.0,116.0,212.0,545.0,0
18.0,-14.0,-171.0,-211.0,96.0,480.0,0
23.0,-66.0,-149.0,-648.0,-114.0,382.0,0
2.0,-144.0,-123.0,-1126.0,-408.0,246.0,0
-33.0,-253.0,-90.0,-1524.0,-722.0,69.0,0
-98.0,-386.0,-21.0,-1804.0,-952.0,-116.0,0
-175.0,-530.0,84.0,-1895.0,-1063.0,-292.0,0
-241.0,-657.0,154.0,-1730.0,-1125.0,-495.0,0
-335.0,-751.0,140.0,-1363.0,-1148.0,-716.0,0
-368.0,-797.0,61.0,-928.0,-1057.0,-850.0,0
-271.0,-788.0,-62.0,-641.0,-981.0,-823.0,0
-123.0,-758.0,-185.0,-667.0,-1094.0,-615.0,0
20.0,-714.0,-300.0,-929.0,-1322.0,-356.0,0
88.0,-676.0,-321.0,-1132.0,-1453.0,-79.0,0
121.0,-649.0,-256.0,-1065.0,-1372.0,214.0,0
130.0,-625.0,-173.0,-713.0,-1210.0,457.0,0
127.0,-602.0,-97.0,-170.0,-1149.0,663.0,0
128.0,-578.0,-34.0,451.0,-1217.0,872.0,0
128.0,-543.0,17.0,1058.0,-1303.0,1115.0,0
127.0,-504.0,59.0,1571.0,-1341.0,1355.0,0
126.0,-451.0,83.0,1926.0,-1354.0,1540.0,0
119.0,-420.0,86.0,2068.0,-1367.0,1671.0,0
108.0,-390.0,75.0,1936.0,-1340.0,1754.0,0
99.0,-370.0,64.0,1642.0,-1259.0,1785.0,0
76.0,-359.0,53.0,1094.0,-1178.0,1770.0,0
48.0,-360.0,42.0,412.0,-1106.0,1733.0,0
16.0,-393.0,39.0,-338.0,-1092.0,1658.0,0
-12.0,-432.0,49.0,-1065.0,-1129.0,1545.0,0
-33.0,-464.0,69.0,-1628.0,-1202.0,1431.0,0
-55.0,-486.0,97.0,-1931.0,-1289.0,1352.0,0
-78.0,-491.0,112.0,-1953.0,-1383.0,1273.0,0
-96.0,-474.0,110.0,-1762.0,-1461.0,1213.0,0
-130.0,-450.0,106.0,-1442.0,-1502.0,1158.0,0
-169.0,-424.0,102.0,-1084.0,-1507.0,1095.0,0
-215.0,-389.0,73.0,-743.0,-1499.0,1014.0,0
-243.0,-346.0,51.0,-472.0,-1466.0,921.0,0
-260.0,-300.0,16.0,-280.0,-1408.0,786.0,0
-260.0,-261.0,-19.0,-161.0,-1309.0,608.0,0
-269.0,-209.0,-53.0,-95.0,-1185.0,402.0,0
-274.0,-166.0,-61.0,-68.0,-1063.0,186.0,0
-258.0,-116.0,-75.0,-34.0,-1027.0,-37.0,0
-234.0,-71.0,-77.0,33.0,-1117.0,-259.0,0
-193.0,-27.0,-80.0,148.0,-1318.0,-479.0,0
-148.0,11.0,-85.0,305.0,-1572.0,-685.0,0
-109.0,52.0,-92.0,500.0,-1816.0,-849.0,0
-83.0,83.0,-103.0,706.0,-1989.0,-949.0,0
-55.0,114.0,-116.0,879.0,-2054.0,-961.0,0
-19.0,142.0,-125.0,1006.0,-2023.0,-896.0,0
16.0,150.0,-130.0,1076.0,-1930.0,-791.0,0
43.0,138.0,-141.0,1061.0,-1803.0,-704.0,0
69.0,103.0,-144.0,924.0,-1672.0,-671.0,0
74.0,57.0,-133.0,677.0,-1568.0,-710.0,0
61.0,11.0,-104.0,370.0,-1486.0,-783.0,0
61.0,-30.0,-81.0,138.0,-1418.0,-801.0,0
65.0,-66.0,-62.0,-73.0,-1362.0,-765.0,0
76.0,-92.0,-54.0,-153.0,-1318.0,-703.0,0
81.0,-106.0,-56.0,-105.0,-1256.0,-643.0,0
81.0,-106.0,-66.0,36.0,-1185.0,-570.0,0
83.0,-96.0,-73.0,230.0,-1099.0,-500.0,0
85.0,-85.0,-79.0,442.0,-992.0,-433.0,0
83.0,-60.0,-88.0,641.0,-870.0,-383.0,0
91.0,-38.0,-82.0,804.0,-742.0,-357.0,0
93.0,-16.0,-85.0,915.0,-622.0,-345.0,0
104.0,4.0,-84.0,966.0,-510.0,-342.0,0
115.0,12.0,-72.0,929.0,-412.0,-350.0,0
116.0,18.0,-53.0,823.0,-337.0,-369.0,0
121.0,15.0,-35.0,694.0,-295.0,-386.0,0
118.0,10.0,-69.0,601.0,-299.0,-398.0,0
104.0,9.0,-127.0,526.0,-389.0,-406.0,0
43.0,0.0,-198.0,424.0,-606.0,-431.0,0
-29.0,-1.0,-202.0,275.0,-887.0,-411.0,0
-86.0,-33.0,-224.0,66.0,-1076.0,-285.0,0
-108.0,-64.0,-319.0,-256.0,-1092.0,-55.0,0
-95.0,-121.0,-407.0,-816.0,-878.0,245.0,0
-53.0,-244.0,-346.0,-1518.0,-317.0,591.0,0
-35.0,-392.0,-150.0,-1985.0,417.0,890.0,0
-70.0,-531.0,29.0,-2079.0,885.0,1078.0,0
-113.0,-646.0,139.0,-1929.0,771.0,1217.0,0
-140.0,-718.0,164.0,-1598.0,235.0,1357.0,0
-129.0,-748.0,48.0,-1135.0,-303.0,1545.0,0
-91.0,-754.0,-122.0,-848.0,-697.0,1705.0,0
-49.0,-759.0,-243.0,-967.0,-1069.0,1635.0,0
-18.0,-803.0,-276.0,-1349.0,-1332.0,1324.0,0
-26.0,-854.0,-248.0,-1710.0,-1302.0,821.0,0
-26.0,-895.0,-195.0,-1780.0,-889.0,214.0,0
-53.0,-886.0,-118.0,-1518.0,-233.0,-451.0,0
-91.0,-831.0,-73.0,-743.0,307.0,-1057.0,0
-118.0,-760.0,-55.0,358.0,826.0,-1495.0,0
-127.0,-648.0,-26.0,1484.0,1094.0,-1734.0,0
-110.0,-552.0,-22.0,2380.0,1140.0,-1934.0,0
-96.0,-459.0,-9.0,2870.0,1051.0,-2074.0,0
-83.0,-375.0,-6.0,2899.0,913.0,-2191.0,0
-80.0,-291.0,1.0,2520.0,767.0,-2271.0,0
-77.0,-229.0,16.0,1841.0,651.0,-2264.0,0
-69.0,-192.0,25.0,1013.0,580.0,-2130.0,0
-50.0,-192.0,34.0,177.0,519.0,-1896.0,0
-16.0,-226.0,43.0,-585.0,470.0,-1626.0,0
22.0,-285.0,61.0,-1202.0,463.0,-1363.0,0
59.0,-340.0,80.0,-1582.0,518.0,-1130.0,0
80.0,-375.0,82.0,-1713.0,623.0,-928.0,0
101.0,-397.0,83.0,-1681.0,753.0,-745.0,0
102.0,-391.0,76.0,-1568.0,860.0,-577.0,0
110.0,-370.0,56.0,-1431.0,930.0,-408.0,0
108.0,-334.0,34.0,-1287.0,976.0,-262.0,0
110.0,-296.0,5.0,-1145.0,1025.0,-135.0,0
101.0,-264.0,-15.0,-983.0,1112.0,-32.0,0
83.0,-225.0,-24.0,-806.0,1229.0,35.0,0
67.0,-183.0,-48.0,-631.0,1342.0,68.0,0
52.0,-148.0,-69.0,-475.0,1406.0,73.0,0
48.0,-115.0,-80.0,-345.0,1424.0,86.0,0
54.0,-81.0,-85.0,-206.0,1422.0,131.0,0
64.0,-55.0,-81.0,-16.0,1422.0,205.0,0
69.0,-28.0,-80.0,256.0,1430.0,286.0,0
71.0,-6.0,-67.0,613.0,1423.0,350.0,0
55.0,29.0,-61.0,1006.0,1377.0,386.0,0
36.0,57.0,-65.0,1378.0,1275.0,412.0,0
13.0,84.0,-72.0,1652.0,1106.0,455.0,0
-4.0,106.0,-82.0,1756.0,882.0,498.0,0
-33.0,112.0,-95.0,1706.0,699.0,528.0,0
-39.0,101.0,-93.0,1454.0,503.0,556.0,0
-16.0,65.0,-86.0,1057.0,350.0,590.0,0
9.0,28.0,-79.0,611.0,234.0,572.0,0
28.0,-5.0,-79.0,222.0,176.0,510.0,0
31.0,-26.0,-76.0,-61.0,194.0,445.0,0
27.0,-38.0,-77.0,-238.0,256.0,389.0,0
13.0,-41.0,-84.0,-317.0,323.0,340.0,0
7.0,-43.0,-76.0,-312.0,380.0,314.0,0
-5.0,-33.0,-76.0,-227.0,424.0,302.0,0
-15.0,-24.0,-81.0,-78.0,457.0,320.0,0
-29.0,-13.0,-84.0,99.0,479.0,370.0,0
-43.0,-3.0,-85.0,270.0,490.0,427.0,0
-56.0,-4.0,-74.0,398.0,489.0,481.0,0
-68.0,-6.0,-55.0,508.0,467.0,520.0,0
-80.0,-5.0,-64.0,603.0,420.0,538.0,0
-71.0,-2.0,-152.0,660.0,366.0,545.0,0
-38.0,5.0,-223.0,582.0,375.0,543.0,0
17.0,-14.0,-267.0,390.0,494.0,516.0,0
84.0,-50.0,-251.0,234.0,659.0,434.0,0
148.0,-92.0,-333.0,121.0,824.0,279.0,0
184.0,-153.0,-348.0,-160.0,897.0,22.0,0
163.0,-237.0,-212.0,-576.0,612.0,-313.0,0
86.0,-364.0,-85.0,-837.0,-59.0,-653.0,0
24.0,-494.0,25.0,-861.0,-681.0,-891.0,0
25.0,-605.0,96.0,-779.0,-882.0,-1005.0,0
56.0,-682.0,140.0,-640.0,-765.0,-1108.0,0
53.0,-724.0,130.0,-414.0,-557.0,-1263.0,0
-9.0,-738.0,-32.0,-217.0,-337.0,-1411.0,0
-81.0,-736.0,-186.0,-350.0,-22.0,-1321.0,0
-160.0,-768.0,-256.0,-893.0,328.0,-931.0,0
-206.0,-783.0,-232.0,-1457.0,451.0,-333.0,0
-184.0,-786.0,-168.0,-1884.0,265.0,305.0,0
-127.0,-766.0,-116.0,-1706.0,-219.0,764.0,0
-74.0,-726.0,-78.0,-968.0,-703.0,965.0,0
-36.0,-667.0,-27.0,56.0,-1034.0,1092.0,0
-6.0,-603.0,8.0,1147.0,-1257.0,1147.0,0
7.0,-524.0,33.0,2113.0,-1390.0,1175.0,0
18.0,-447.0,44.0,2809.0,-1418.0,1196.0,0
26.0,-364.0,53.0,3152.0,-1374.0,1217.0,0
42.0,-303.0,49.0,3136.0,-1308.0,1253.0,0
56.0,-252.0,45.0,2755.0,-1240.0,1301.0,0
63.0,-224.0,31.0,2039.0,-1186.0,1297.0,0
49.0,-207.0,29.0,1098.0,-1144.0,1247.0,0
30.0,-222.0,36.0,90.0,-1137.0,1212.0,0
5.0,-277.0,56.0,-833.0,-1200.0,1190.0,0
-19.0,-342.0,88.0,-1526.0,-1332.0,1159.0,0
-51.0,-400.0,111.0,-1909.0,-1493.0,1111.0,0
-76.0,-420.0,112.0,-1978.0,-1638.0,1071.0,0
-96.0,-425.0,89.0,-1815.0,-1724.0,1045.0,0
-113.0,-404.0,50.0,-1537.0,-1731.0,1015.0,0
-128.0,-378.0,14.0,-1239.0,-1645.0,990.0,0
-129.0,-342.0,-29.0,-966.0,-1498.0,958.0,0
-135.0,-306.0,-68.0,-754.0,-1332.0,905.0,0
-139.0,-276.0,-83.0,-601.0,-1193.0,820.0,0
-141.0,-241.0,-88.0,-468.0,-1106.0,701.0,0
-119.0,-202.0,-86.0,-298.0,-1109.0,564.0,0
-101.0,-166.0,-89.0,-72.0,-1180.0,410.0,0
-78.0,-124.0,-91.0,182.0,-1289.0,242.0,0
-48.0,-89.0,-102.0,451.0,-1424.0,86.0,0
-6.0,-54.0,-109.0,713.0,-1552.0,-54.0,0
16.0,-15.0,-118.0,901.0,-1624.0,-186.0,0
34.0,12.0,-135.0,1080.0,-1614.0,-286.0,0
58.0,49.0,-125.0,1191.0,-1559.0,-344.0,0
84.0,74.0,-121.0,1276.0,-1469.0,-371.0,0
104.0,86.0,-127.0,1328.0,-1373.0,-399.0,0
110.0,79.0,-127.0,1303.0,-1261.0,-440.0,0
96.0,59.0,-124.0,1172.0,-1113.0,-506.0,0
65.0,31.0,-108.0,940.0,-925.0,-577.0,0
40.0,2.0,-85.0,663.0,-717.0,-600.0,0
16.0,-24.0,-63.0,425.0,-520.0,-565.0,0
10.0,-42.0,-48.0,287.0,-376.0,-495.0,0
4.0,-56.0,-49.0,263.0,-290.0,-421.0,0
1.0,-60.0,-59.0,320.0,-240.0,-347.0,0
13.0,-56.0,-79.0,407.0,-205.0,-286.0,0
20.0,-51.0,-86.0,500.0,-172.0,-241.0,0
36.0,-42.0,-87.0,587.0,-137.0,-215.0,0
47.0,-36.0,-90.0,673.0,-108.0,-218.0,0
51.0,-30.0,-82.0,753.0,-98.0,-248.0,0
60.0,-25.0,-79.0,814.0,-126.0,-287.0,0
64.0,-14.0,-73.0,848.0,-193.0,-324.0,0
65.0,-2.0,-60.0,839.0,-288.0,-341.0,0
59.0,0.0,-65.0,812.0,-392.0,-355.0,0
40.0,7.0,-112.0,779.0,-513.0,-372.0,0
9.0,10.0,-181.0,673.0,-674.0,-387.0,0
-27.0,4.0,-226.0,453.0,-838.0,-393.0,0
-94.0,-28.0,-243.0,194.0,-925.0,-337.0,0
-143.0,-55.0,-297.0,-82.0,-900.0,-172.0,0
-158.0,-111.0,-346.0,-503.0,-749.0,98.0,0
-128.0,-201.0,-230.0,-1046.0,-373.0,392.0,0
-95.0,-340.0,7.0,-1407.0,127.0,625.0,0
-66.0,-468.0,175.0,-1385.0,416.0,832.0,0
-70.0,-543.0,240.0,-1206.0,346.0,1042.0,0
-69.0,-592.0,195.0,-1051.0,87.0,1273.0,0
-66.0,-601.0,99.0,-872.0,-70.0,1498.0,0
-50.0,-622.0,-5.0,-792.0,-203.0,1648.0,0
-52.0,-643.0,-106.0,-928.0,-437.0,1744.0,0
-25.0,-675.0,-201.0,-1264.0,-779.0,1724.0,0
21.0,-714.0,-257.0,-1662.0,-1046.0,1533.0,0
33.0,-782.0,-243.0,-1936.0,-1061.0,1117.0,0
3.0,-808.0,-175.0,-1942.0,-800.0,476.0,0
-56.0,-796.0,-76.0,-1511.0,-366.0,-202.0,0
-99.0,-767.0,-15.0,-632.0,58.0,-779.0,0
-120.0,-725.0,14.0,449.0,371.0,-1236.0,0
-127.0,-662.0,21.0,1460.0,580.0,-1601.0,0
-124.0,-565.0,25.0,2217.0,694.0,-1865.0,0
-108.0,-489.0,25.0,2617.0,703.0,-2022.0,0
-81.0,-422.0,28.0,2629.0,632.0,-2097.0,0
-66.0,-349.0,36.0,2301.0,551.0,-2125.0,0
-45.0,-295.0,38.0,1711.0,520.0,-2105.0,0
-24.0,-245.0,44.0,942.0,537.0,-2024.0,0
-4.0,-225.0,61.0,92.0,606.0,-1880.0,0
34.0,-246.0,85.0,-730.0,722.0,-1679.0,0
83.0,-293.0,99.0,-1427.0,860.0,-1452.0,0
121.0,-332.0,104.0,-1918.0,1009.0,-1211.0,0
148.0,-363.0,86.0,-2188.0,1131.0,-1005.0,0
167.0,-381.0,57.0,-2282.0,1228.0,-844.0,0
183.0,-373.0,25.0,-2255.0,1310.0,-711.0,0
190.0,-352.0,2.0,-2132.0,1389.0,-584.0,0
195.0,-330.0,-14.0,-1953.0,1458.0,-466.0,0
192.0,-303.0,-10.0,-1738.0,1526.0,-381.0,0
186.0,-273.0,-19.0,-1486.0,1616.0,-327.0,0
167.0,-238.0,-44.0,-1210.0,1751.0,-291.0,0
138.0,-205.0,-82.0,-937.0,1940.0,-265.0,0
102.0,-179.0,-104.0,-739.0,2142.0,-238.0,0
44.0,-140.0,-115.0,-501.0,2272.0,-196.0,0
5.0,-120.0,-122.0,-261.0,2351.0,-142.0,0
-29.0,-97.0,-108.0,-26.0,2335.0,-54.0,0
-50.0,-75.0,-100.0,222.0,2249.0,50.0,0
-70.0,-48.0,-80.0,490.0,2127.0,141.0,0
-85.0,-26.0,-58.0,780.0,1969.0,211.0,0
-95.0,-7.0,-48.0,1064.0,1766.0,264.0,0
-108.0,8.0,-43.0,1286.0,1531.0,293.0,0
-112.0,19.0,-42.0,1414.0,1285.0,325.0,0
-97.0,17.0,-54.0,1413.0,1039.0,375.0,0
-69.0,9.0,-74.0,1263.0,799.0,429.0,0
-33.0,-5.0,-63.0,980.0,586.0,464.0,0
6.0,-18.0,-60.0,645.0,434.0,470.0,0
37.0,-23.0,-41.0,364.0,368.0,462.0,0
64.0,-29.0,-31.0,204.0,358.0,436.0,0
67.0,-32.0,-20.0,172.0,367.0,386.0,0
68.0,-25.0,-21.0,235.0,374.0,322.0,0
72.0,-18.0,-24.0,343.0,374.0,271.0,0
73.0,-2.0,-32.0,453.0,356.0,234.0,0
67.0,21.0,-48.0,549.0,325.0,218.0,0
50.0,46.0,-60.0,629.0,294.0,244.0,0
34.0,56.0,-64.0,693.0,276.0,319.0,0
7.0,64.0,-66.0,730.0,284.0,430.0,0
-13.0,60.0,-50.0,724.0,305.0,556.0,0
-36.0,55.0,-32.0,678.0,331.0,664.0,0
-60.0,44.0,-32.0,600.0,346.0,750.0,0
-64.0,31.0,-122.0,483.0,350.0,819.0,0
-49.0,21.0,-193.0,319.0,415.0,865.0,0
-17.0,-6.0,-258.0,138.0,603.0,878.0,0
47.0,-56.0,-216.0,27.0,909.0,855.0,0
129.0,-123.0,-206.0,18.0,1307.0,750.0,0
187.0,-177.0,-304.0,-18.0,1686.0,512.0,0
184.0,-234.0,-278.0,-433.0,1904.0,216.0,0
110.0,-331.0,-175.0,-1218.0,1297.0,-280.0,0
5.0,-450.0,-37.0,-1912.0,56.0,-806.0,0
-26.0,-572.0,80.0,-2128.0,-960.0,-1154.0,0
8.0,-700.0,180.0,-1944.0,-1337.0,-1290.0,0
56.0,-810.0,257.0,-1493.0,-1264.0,-1355.0,0
70.0,-917.0,115.0,-863.0,-901.0,-1441.0,0
4.0,-933.0,-128.0,-393.0,-171.0,-1527.0,0
-127.0,-908.0,-318.0,-465.0,776.0,-1494.0,0
-279.0,-894.0,-366.0,-1062.0,1454.0,-1203.0,0
-356.0,-885.0,-314.0,-1748.0,1435.0,-626.0,0
-265.0,-826.0,-192.0,-2026.0,805.0,151.0,0
-131.0,-768.0,-91.0,-1589.0,-54.0,809.0,0
-52.0,-701.0,-4.0,-582.0,-819.0,1171.0,0
-1.0,-620.0,40.0,708.0,-1398.0,1300.0,0
22.0,-526.0,53.0,1961.0,-1779.0,1303.0,0
36.0,-426.0,48.0,2891.0,-1932.0,1274.0,0
43.0,-339.0,47.0,3326.0,-1867.0,1286.0,0
55.0,-282.0,48.0,3259.0,-1686.0,1381.0,0
79.0,-245.0,49.0,2742.0,-1500.0,1507.0,0
102.0,-222.0,56.0,1884.0,-1338.0,1593.0,0
104.0,-229.0,62.0,843.0,-1198.0,1611.0,0
78.0,-258.0,81.0,-195.0,-1096.0,1596.0,0
35.0,-310.0,107.0,-1064.0,-1056.0,1582.0,0
4.0,-353.0,124.0,-1670.0,-1089.0,1556.0,0
-27.0,-381.0,133.0,-2010.0,-1173.0,1509.0,0
-66.0,-381.0,114.0,-2132.0,-1284.0,1438.0,0
-79.0,-368.0,89.0,-2115.0,-1374.0,1376.0,0
-92.0,-339.0,54.0,-2029.0,-1415.0,1326.0,0
-98.0,-308.0,22.0,-1872.0,-1413.0,1271.0,0
-89.0,-283.0,-18.0,-1678.0,-1376.0,1201.0,0
-92.0,-267.0,-53.0,-1474.0,-1306.0,1127.0,0
-72.0,-238.0,-73.0,-1274.0,-1215.0,1024.0,0
-58.0,-210.0,-84.0,-1055.0,-1147.0,885.0,0
-49.0,-184.0,-89.0,-792.0,-1134.0,705.0,0
-44.0,-148.0,-92.0,-492.0,-1171.0,490.0,0
-29.0,-131.0,-90.0,-166.0,-1251.0,269.0,0
-23.0,-109.0,-96.0,172.0,-1335.0,13.0,0
-8.0,-89.0,-112.0,480.0,-1366.0,-272.0,0
-8.0,-66.0,-124.0,696.0,-1291.0,-582.0,0
11.0,-6.0,-108.0,839.0,-1136.0,-852.0,0
21.0,45.0,-92.0,984.0,-969.0,-995.0,0
65.0,101.0,-92.0,1142.0,-804.0,-1024.0,0
81.0,136.0,-108.0,1273.0,-633.0,-1009.0,0
83.0,148.0,-109.0,1273.0,-430.0,-984.0,0
57.0,139.0,-117.0,1123.0,-222.0,-976.0,0
23.0,107.0,-118.0,837.0,-38.0,-950.0,0
-6.0,72.0,-103.0,448.0,96.0,-887.0,0
-13.0,23.0,-83.0,71.0,152.0,-777.0,0
-11.0,-15.0,-64.0,-192.0,130.0,-668.0,0
0.0,-41.0,-54.0,-297.0,53.0,-573.0,0
13.0,-58.0,-44.0,-243.0,-35.0,-480.0,0
15.0,-65.0,-47.0,-102.0,-104.0,-391.0,0
17.0,-62.0,-61.0,56.0,-153.0,-323.0,0
17.0,-57.0,-66.0,204.0,-197.0,-288.0,0
23.0,-50.0,-77.0,322.0,-234.0,-278.0,0
30.0,-42.0,-86.0,384.0,-264.0,-270.0,0
40.0,-35.0,-97.0,387.0,-278.0,-258.0,0
48.0,-35.0,-98.0,364.0,-276.0,-247.0,0
46.0,-27.0,-94.0,323.0,-263.0,-244.0,0
37.0,-20.0,-91.0,299.0,-252.0,-240.0,0
21.0,-20.0,-99.0,322.0,-243.0,-230.0,0
4.0,-17.0,-152.0,363.0,-260.0,-210.0,0
-23.0,-19.0,-241.0,354.0,-336.0,-199.0,0
-53.0,-7.0,-312.0,238.0,-452.0,-198.0,0
-101.0,-15.0,-379.0,-11.0,-520.0,-163.0,0
-125.0,-36.0,-437.0,-415.0,-436.0,-30.0,0
-113.0,-81.0,-491.0,-981.0,-275.0,193.0,0
-49.0,-194.0,-414.0,-1646.0,-190.0,443.0,0
30.0,-360.0,-223.0,-2104.0,-140.0,727.0,0
40.0,-519.0,43.0,-2123.0,13.0,1035.0,0
11.0,-668.0,310.0,-1737.0,211.0,1277.0,0
-18.0,-753.0,446.0,-1013.0,140.0,1374.0,0
-72.0,-749.0,339.0,-70.0,-314.0,1316.0,0
-85.0,-692.0,71.0,679.0,-806.0,1260.0,0
-73.0,-629.0,-191.0,812.0,-1102.0,1268.0,0
-34.0,-615.0,-341.0,290.0,-1247.0,1269.0,0
16.0,-654.0,-381.0,-550.0,-1349.0,1096.0,0
53.0,-714.0,-327.0,-1313.0,-1286.0,683.0,0
29.0,-744.0,-211.0,-1709.0,-854.0,70.0,0
-33.0,-730.0,-81.0,-1498.0,-122.0,-546.0,0
-88.0,-701.0,10.0,-706.0,534.0,-960.0,0
-123.0,-663.0,50.0,355.0,884.0,-1197.0,0
-127.0,-613.0,65.0,1344.0,1005.0,-1330.0,0
-115.0,-551.0,64.0,2041.0,1012.0,-1435.0,0
-100.0,-497.0,48.0,2349.0,937.0,-1550.0,0
-81.0,-448.0,40.0,2290.0,823.0,-1660.0,0
-81.0,-394.0,28.0,1970.0,723.0,-1727.0,0
-78.0,-337.0,26.0,1493.0,667.0,-1711.0,0
-64.0,-300.0,23.0,1042.0,633.0,-1608.0,0
-30.0,-288.0,28.0,421.0,611.0,-1426.0,0
14.0,-313.0,44.0,-229.0,610.0,-1224.0,0
47.0,-346.0,61.0,-820.0,675.0,-1071.0,0
77.0,-375.0,76.0,-1257.0,829.0,-909.0,0
107.0,-392.0,70.0,-1511.0,1026.0,-777.0,0
134.0,-388.0,59.0,-1603.0,1221.0,-663.0,0
153.0,-373.0,44.0,-1592.0,1361.0,-571.0,0
166.0,-349.0,36.0,-1523.0,1441.0,-481.0,0
174.0,-330.0,30.0,-1414.0,1468.0,-371.0,0
171.0,-314.0,19.0,-1255.0,1459.0,-251.0,0
163.0,-292.0,0.0,-1042.0,1452.0,-136.0,0
139.0,-264.0,-15.0,-781.0,1475.0,-45.0,0
102.0,-226.0,-22.0,-459.0,1516.0,24.0,0
49.0,-173.0,-31.0,-68.0,1577.0,77.0,0
-6.0,-123.0,-43.0,347.0,1643.0,123.0,0
-26.0,-84.0,-43.0,607.0,1589.0,155.0,0
-31.0,-42.0,-35.0,806.0,1512.0,222.0,0
-15.0,-13.0,-29.0,1024.0,1440.0,302.0,0
2.0,18.0,-25.0,1234.0,1360.0,331.0,0
2.0,56.0,-31.0,1387.0,1264.0,286.0,0
-8.0,89.0,-44.0,1460.0,1151.0,224.0,0
0.0,114.0,-53.0,1444.0,1010.0,188.0,0
2.0,124.0,-79.0,1331.0,858.0,164.0,0
4.0,125.0,-102.0,1106.0,704.0,133.0,0
4.0,114.0,-130.0,765.0,552.0,105.0,0
3.0,83.0,-139.0,346.0,412.0,101.0,0
3.0,38.0,-143.0,-80.0,306.0,126.0,0
3.0,15.0,-117.0,-413.0,241.0,156.0,0
12.0,-10.0,-103.0,-583.0,210.0,183.0,0
14.0,-31.0,-104.0,-615.0,215.0,199.0,0
13.0,-46.0,-103.0,-574.0,270.0,205.0,0
5.0,-53.0,-100.0,-486.0,344.0,216.0,0
-9.0,-51.0,-89.0,-376.0,457.0,243.0,0
-36.0,-40.0,-67.0,-239.0,553.0,301.0,0
-59.0,-40.0,-42.0,-59.0,601.0,388.0,0
-77.0,-47.0,-20.0,142.0,585.0,502.0,0
-80.0,-51.0,6.0,346.0,503.0,628.0,0
-92.0,-51.0,14.0,527.0,378.0,725.0,0
-93.0,-48.0,11.0,655.0,235.0,777.0,0
-86.0,-40.0,-12.0,720.0,95.0,789.0,0
-63.0,-30.0,-117.0,714.0,-12.0,770.0,0
-8.0,-20.0,-227.0,570.0,-12.0,725.0,0
56.0,-29.0,-297.0,320.0,138.0,648.0,0
131.0,-62.0,-348.0,110.0,415.0,528.0,0
199.0,-90.0,-476.0,-61.0,790.0,357.0,0
249.0,-130.0,-530.0,-505.0,1146.0,80.0,0
245.0,-222.0,-374.0,-1239.0,1132.0,-350.0,0
162.0,-360.0,-142.0,-1815.0,631.0,-861.0,0
92.0,-483.0,38.0,-1921.0,55.0,-1268.0,0
105.0,-599.0,163.0,-1719.0,-166.0,-1453.0,0
177.0,-702.0,255.0,-1318.0,-146.0,-1541.0,0
214.0,-771.0,246.0,-735.0,-111.0,-1729.0,0
174.0,-770.0,54.0,-124.0,-45.0,-1990.0,0
104.0,-761.0,-192.0,195.0,337.0,-2094.0,0
6.0,-781.0,-338.0,-93.0,1005.0,-1882.0,0
-168.0,-776.0,-336.0,-849.0,1504.0,-1386.0,0
-301.0,-795.0,-273.0,-1531.0,1477.0,-607.0,0
-302.0,-790.0,-188.0,-1778.0,960.0,303.0,0
-200.0,-760.0,-92.0,-1447.0,254.0,1064.0,0
-131.0,-711.0,-22.0,-604.0,-343.0,1463.0,0
-90.0,-643.0,39.0,253.0,-757.0,1597.0,0
-57.0,-563.0,73.0,1359.0,-986.0,1583.0,0
-38.0,-487.0,79.0,2313.0,-1139.0,1552.0,0
-6.0,-423.0,79.0,2951.0,-1154.0,1567.0,0
29.0,-362.0,82.0,3188.0,-1078.0,1613.0,0
63.0,-313.0,78.0,2985.0,-958.0,1643.0,0
77.0,-275.0,81.0,2373.0,-832.0,1615.0,0
67.0,-256.0,84.0,1474.0,-749.0,1537.0,0
28.0,-274.0,90.0,461.0,-743.0,1468.0,0
-1.0,-318.0,109.0,-480.0,-834.0,1451.0,0
-28.0,-361.0,123.0,-1198.0,-989.0,1457.0,0
-61.0,-401.0,114.0,-1632.0,-1141.0,1462.0,0
-67.0,-415.0,81.0,-1809.0,-1240.0,1452.0,0
-86.0,-414.0,49.0,-1803.0,-1243.0,1442.0,0
-97.0,-405.0,17.0,-1668.0,-1165.0,1418.0,0
-93.0,-383.0,-16.0,-1454.0,-1027.0,1388.0,0
-85.0,-355.0,-48.0,-1200.0,-875.0,1339.0,0
-75.0,-323.0,-66.0,-960.0,-714.0,1259.0,0
-63.0,-290.0,-73.0,-702.0,-601.0,1109.0,0
-44.0,-245.0,-66.0,-420.0,-573.0,889.0,0
-30.0,-211.0,-76.0,-125.0,-603.0,632.0,0
-23.0,-166.0,-81.0,166.0,-664.0,361.0,0
-4.0,-131.0,-91.0,431.0,-746.0,89.0,0
6.0,-99.0,-100.0,672.0,-832.0,-192.0,0
14.0,-53.0,-101.0,887.0,-896.0,-460.0,0
14.0,-10.0,-101.0,1093.0,-923.0,-660.0,0
33.0,46.0,-93.0,1273.0,-906.0,-747.0,0
45.0,98.0,-86.0,1446.0,-861.0,-763.0,0
56.0,131.0,-89.0,1608.0,-795.0,-758.0,0
53.0,137.0,-102.0,1689.0,-692.0,-775.0,0
29.0,142.0,-109.0,1625.0,-558.0,-812.0,0
10.0,131.0,-121.0,1451.0,-411.0,-814.0,0
-2.0,97.0,-117.0,1085.0,-270.0,-759.0,0
-16.0,67.0,-107.0,604.0,-178.0,-683.0,0
-10.0,31.0,-82.0,120.0,-98.0,-611.0,0
-10.0,-1.0,-70.0,-265.0,-65.0,-536.0,0
-3.0,-25.0,-64.0,-496.0,-69.0,-475.0,0
4.0,-47.0,-70.0,-572.0,-88.0,-422.0,0
3.0,-65.0,-81.0,-525.0,-112.0,-383.0,0
-2.0,-67.0,-82.0,-400.0,-141.0,-372.0,0
-7.0,-65.0,-81.0,-218.0,-183.0,-387.0,0
-10.0,-68.0,-83.0,-15.0,-247.0,-406.0,0
-12.0,-56.0,-83.0,177.0,-334.0,-421.0,0
-5.0,-43.0,-85.0,338.0,-431.0,-418.0,0
0.0,-31.0,-81.0,472.0,-511.0,-391.0,0
1.0,-15.0,-79.0,586.0,-550.0,-345.0,0
9.0,-2.0,-75.0,678.0,-529.0,-284.0,0
7.0,9.0,-82.0,746.0,-444.0,-217.0,0
1.0,12.0,-92.0,793.0,-316.0,-144.0,0
-6.0,8.0,-111.0,798.0,-180.0,-68.0,0
-22.0,13.0,-167.0,722.0,-83.0,8.0,0
-35.0,8.0,-226.0,519.0,-86.0,76.0,0
-57.0,-19.0,-288.0,208.0,-184.0,141.0,0
-87.0,-51.0,-325.0,-187.0,-278.0,234.0,0
-110.0,-85.0,-405.0,-650.0,-279.0,414.0,0
-106.0,-132.0,-471.0,-1247.0,-268.0,664.0,0
-14.0,-243.0,-380.0,-1951.0,-288.0,956.0,0
59.0,-400.0,-153.0,-2431.0,-243.0,1269.0,0
44.0,-562.0,115.0,-2458.0,-76.0,1542.0,0
7.0,-680.0,322.0,-2077.0,54.0,1686.0,0
-42.0,-731.0,371.0,-1321.0,-132.0,1684.0,0
-77.0,-723.0,241.0,-417.0,-461.0,1631.0,0
-106.0,-708.0,50.0,151.0,-623.0,1560.0,0
-97.0,-705.0,-125.0,365.0,-700.0,1427.0,0
-90.0,-725.0,-281.0,-10.0,-843.0,1161.0,0
-60.0,-806.0,-381.0,-749.0,-1060.0,842.0,0
-12.0,-869.0,-374.0,-1527.0,-1040.0,282.0,0
-4.0,-890.0,-264.0,-1869.0,-590.0,-491.0,0
-88.0,-803.0,-74.0,-1480.0,98.0,-1332.0,0
-126.0,-732.0,46.0,-405.0,669.0,-1834.0,0
-132.0,-651.0,109.0,972.0,955.0,-1971.0,0
-124.0,-569.0,142.0,2235.0,1023.0,-1946.0,0
-112.0,-486.0,144.0,3077.0,950.0,-1896.0,0
-99.0,-405.0,136.0,3325.0,747.0,-1866.0,0
-87.0,-321.0,122.0,2993.0,484.0,-1844.0,0
-84.0,-238.0,103.0,2254.0,285.0,-1817.0,0
-75.0,-179.0,83.0,1329.0,238.0,-1731.0,0
-40.0,-170.0,69.0,331.0,335.0,-1563.0,0
20.0,-203.0,74.0,-668.0,516.0,-1390.0,0
63.0,-255.0,83.0,-1559.0,738.0,-1283.0,0
84.0,-309.0,89.0,-2239.0,977.0,-1213.0,0
113.0,-354.0,76.0,-2671.0,1170.0,-1139.0,0
132.0,-385.0,45.0,-2868.0,1269.0,-1073.0,0
150.0,-402.0,14.0,-2885.0,1295.0,-1012.0,0
168.0,-418.0,15.0,-2744.0,1308.0,-946.0,0
180.0,-412.0,17.0,-2425.0,1346.0,-865.0,0
190.0,-400.0,8.0,-1981.0,1407.0,-774.0,0
187.0,-367.0,-15.0,-1502.0,1494.0,-683.0,0
165.0,-331.0,-21.0,-1050.0,1615.0,-607.0,0
133.0,-292.0,-32.0,-636.0,1756.0,-518.0,0
97.0,-256.0,-34.0,-259.0,1902.0,-405.0,0
61.0,-207.0,-39.0,93.0,2047.0,-269.0,0
29.0,-161.0,-50.0,418.0,2182.0,-114.0,0
3.0,-114.0,-58.0,695.0,2280.0,69.0,0
0.0,-73.0,-61.0,882.0,2301.0,269.0,0
7.0,-31.0,-74.0,1096.0,2261.0,431.0,0
16.0,6.0,-78.0,1305.0,2162.0,515.0,0
24.0,44.0,-84.0,1483.0,2021.0,537.0,0
24.0,76.0,-94.0,1635.0,1853.0,503.0,0
15.0,101.0,-111.0,1743.0,1673.0,444.0,0
3.0,121.0,-136.0,1786.0,1495.0,413.0,0
-7.0,134.0,-150.0,1695.0,1319.0,434.0,0
-6.0,127.0,-158.0,1438.0,1158.0,512.0,0
4.0,96.0,-151.0,969.0,1008.0,608.0,0
23.0,61.0,-123.0,342.0,879.0,679.0,0
37.0,34.0,-78.0,-305.0,787.0,694.0,0
43.0,1.0,-35.0,-818.0,759.0,682.0,0
29.0,-36.0,15.0,-1103.0,778.0,648.0,0
18.0,-56.0,33.0,-1137.0,806.0,606.0,0
14.0,-68.0,27.0,-975.0,819.0,580.0,0
3.0,-59.0,6.0,-700.0,813.0,573.0,0
-13.0,-46.0,-15.0,-393.0,804.0,596.0,0
-34.0,-26.0,-34.0,-111.0,799.0,646.0,0
-49.0,-13.0,-46.0,132.0,792.0,730.0,0
-64.0,-1.0,-62.0,313.0,765.0,806.0,0
-81.0,8.0,-60.0,412.0,704.0,850.0,0
-92.0,9.0,-76.0,433.0,612.0,866.0,0
-94.0,6.0,-162.0,382.0,505.0,861.0,0
-65.0,3.0,-278.0,224.0,446.0,831.0,0
-23.0,-21.0,-314.0,-13.0,487.0,769.0,0
33.0,-59.0,-338.0,-193.0,648.0,670.0,0
89.0,-98.0,-404.0,-307.0,915.0,513.0,0
127.0,-124.0,-451.0,-629.0,1218.0,297.0,0
140.0,-186.0,-384.0,-1280.0,1292.0,-15.0,0
84.0,-306.0,-208.0,-1994.0,809.0,-482.0,0
11.0,-434.0,-19.0,-2334.0,-30.0,-970.0,0
10.0,-599.0,155.0,-2235.0,-647.0,-1305.0,0
59.0,-711.0,258.0,-1795.0,-834.0,-1469.0,0
98.0,-810.0,302.0,-1154.0,-796.0,-1619.0,0
82.0,-844.0,204.0,-376.0,-557.0,-1816.0,0
9.0,-810.0,-14.0,320.0,-127.0,-2085.0,0
-97.0,-772.0,-247.0,598.0,514.0,-2147.0,0
-197.0,-747.0,-375.0,247.0,1120.0,-1852.0,0
-301.0,-717.0,-362.0,-564.0,1314.0,-1283.0,0
-308.0,-718.0,-264.0,-1319.0,954.0,-535.0,0
-194.0,-697.0,-142.0,-1583.0,287.0,201.0,0
-99.0,-678.0,-48.0,-1234.0,-377.0,701.0,0
-26.0,-640.0,29.0,-454.0,-837.0,998.0,0
15.0,-586.0,69.0,527.0,-1133.0,1159.0,0
34.0,-524.0,76.0,1438.0,-1312.0,1245.0,0
56.0,-459.0,69.0,2061.0,-1357.0,1328.0,0
74.0,-409.0,59.0,2313.0,-1285.0,1450.0,0
102.0,-372.0,57.0,2184.0,-1142.0,1585.0,0
114.0,-343.0,57.0,1735.0,-1001.0,1636.0,0
110.0,-317.0,69.0,1087.0,-891.0,1567.0,0
89.0,-307.0,78.0,379.0,-826.0,1426.0,0
55.0,-322.0,94.0,-294.0,-814.0,1312.0,0
25.0,-345.0,109.0,-879.0,-874.0,1235.0,0
-2.0,-367.0,118.0,-1328.0,-997.0,1153.0,0
-35.0,-372.0,118.0,-1604.0,-1147.0,1068.0,0
-65.0,-363.0,103.0,-1720.0,-1278.0,1001.0,0
-86.0,-350.0,76.0,-1708.0,-1343.0,950.0,0
-90.0,-330.0,40.0,-1601.0,-1331.0,899.0,0
-92.0,-306.0,1.0,-1432.0,-1253.0,839.0,0
-94.0,-283.0,-36.0,-1252.0,-1127.0,772.0,0
-92.0,-248.0,-61.0,-1067.0,-997.0,702.0,0
-87.0,-224.0,-77.0,-861.0,-920.0,622.0,0
-63.0,-197.0,-71.0,-646.0,-927.0,505.0,0
-64.0,-158.0,-83.0,-288.0,-994.0,324.0,0
-68.0,-121.0,-80.0,85.0,-1065.0,120.0,0
-76.0,-92.0,-79.0,460.0,-1155.0,-50.0,0
-73.0,-55.0,-87.0,842.0,-1222.0,-274.0,0
-80.0,-13.0,-99.0,1200.0,-1225.0,-498.0,0
-71.0,41.0,-104.0,1490.0,-1159.0,-664.0,0
-34.0,109.0,-121.0,1718.0,-1074.0,-721.0,0
1.0,146.0,-140.0,1868.0,-984.0,-697.0,0
28.0,153.0,-155.0,1917.0,-882.0,-666.0,0
44.0,152.0,-178.0,1808.0,-758.0,-690.0,0
37.0,126.0,-198.0,1500.0,-591.0,-753.0,0
11.0,81.0,-194.0,1000.0,-394.0,-810.0,0
0.0,42.0,-161.0,400.0,-204.0,-824.0,0
0.0,-1.0,-115.0,-122.0,-78.0,-787.0,0
7.0,-45.0,-79.0,-436.0,-59.0,-727.0,0
27.0,-70.0,-55.0,-517.0,-119.0,-664.0,0
42.0,-87.0,-45.0,-416.0,-195.0,-597.0,0
52.0,-91.0,-43.0,-214.0,-232.0,-516.0,0
50.0,-82.0,-49.0,33.0,-232.0,-436.0,0
46.0,-61.0,-53.0,301.0,-222.0,-389.0,0
39.0,-48.0,-60.0,565.0,-215.0,-365.0,0
38.0,-32.0,-69.0,783.0,-226.0,-349.0,0
36.0,-20.0,-73.0,940.0,-266.0,-328.0,0
33.0,-2.0,-77.0,1033.0,-336.0,-302.0,0
29.0,5.0,-81.0,1063.0,-416.0,-275.0,0
13.0,11.0,-97.0,1046.0,-492.0,-263.0,0
-11.0,22.0,-157.0,986.0,-563.0,-263.0,0
-39.0,36.0,-233.0,829.0,-664.0,-265.0,0
-81.0,47.0,-323.0,502.0,-806.0,-266.0,0
-131.0,45.0,-394.0,-35.0,-937.0,-242.0,0
-186.0,24.0,-479.0,-762.0,-945.0,-117.0,0
-205.0,-28.0,-573.0,-1441.0,-835.0,134.0,0
-146.0,-145.0,-527.0,-2376.0,-706.0,475.0,0
-31.0,-335.0,-300.0,-3124.0,-603.0,925.0,0
15.0,-529.0,-8.0,-3291.0,-420.0,1308.0,0
11.0,-693.0,287.0,-2850.0,-97.0,1675.0,0
-5.0,-796.0,458.0,-1922.0,135.0,1807.0,0
-44.0,-797.0,382.0,-709.0,-40.0,1710.0,0
-65.0,-739.0,155.0,387.0,-515.0,1525.0,0
-56.0,-680.0,-90.0,965.0,-1013.0,1331.0,0
-20.0,-644.0,-238.0,859.0,-1358.0,1110.0,0
54.0,-651.0,-298.0,229.0,-1555.0,825.0,0
111.0,-696.0,-295.0,-596.0,-1547.0,384.0,0
115.0,-747.0,-251.0,-1242.0,-1108.0,-254.0,0
-7.0,-724.0,-116.0,-1407.0,-303.0,-980.0,0
-79.0,-698.0,-38.0,-957.0,477.0,-1487.0,0
-113.0,-653.0,7.0,-128.0,984.0,-1712.0,0
-113.0,-613.0,30.0,760.0,1257.0,-1758.0,0
-93.0,-577.0,46.0,1443.0,1368.0,-1745.0,0
-80.0,-540.0,55.0,1771.0,1311.0,-1766.0,0
-83.0,-493.0,58.0,1742.0,1125.0,-1814.0,0
-93.0,-436.0,67.0,1471.0,921.0,-1828.0,0
-94.0,-383.0,71.0,1068.0,783.0,-1725.0,0
-94.0,-331.0,62.0,584.0,711.0,-1538.0,0
-63.0,-318.0,44.0,48.0,657.0,-1342.0,0
-23.0,-325.0,30.0,-505.0,630.0,-1193.0,0
11.0,-349.0,23.0,-1017.0,693.0,-1073.0,0
55.0,-367.0,22.0,-1429.0,845.0,-969.0,0
91.0,-381.0,14.0,-1694.0,1043.0,-881.0,0
126.0,-391.0,11.0,-1816.0,1244.0,-816.0,0
143.0,-390.0,21.0,-1811.0,1419.0,-762.0,0
155.0,-381.0,24.0,-1698.0,1559.0,-697.0,0
160.0,-357.0,24.0,-1516.0,1662.0,-612.0,0
165.0,-333.0,17.0,-1300.0,1727.0,-518.0,0
157.0,-294.0,4.0,-1125.0,1759.0,-431.0,0
138.0,-257.0,-2.0,-895.0,1769.0,-357.0,0
114.0,-206.0,-17.0,-628.0,1761.0,-299.0,0
79.0,-162.0,-27.0,-320.0,1740.0,-239.0,0
51.0,-117.0,-40.0,4.0,1700.0,-164.0,0
33.0,-77.0,-43.0,330.0,1638.0,-15.0,0
39.0,-44.0,-41.0,683.0,1553.0,164.0,0
59.0,-12.0,-54.0,1062.0,1471.0,307.0,0
56.0,37.0,-66.0,1402.0,1428.0,355.0,0
55.0,90.0,-82.0,1642.0,1418.0,335.0,0
36.0,130.0,-83.0,1759.0,1394.0,296.0,0
5.0,166.0,-90.0,1736.0,1336.0,284.0,0
-23.0,186.0,-105.0,1569.0,1244.0,315.0,0
-48.0,183.0,-108.0,1252.0,1115.0,381.0,0
-61.0,151.0,-121.0,813.0,960.0,448.0,0
-54.0,107.0,-116.0,296.0,803.0,495.0,0
-35.0,56.0,-105.0,-169.0,651.0,491.0,0
-22.0,9.0,-105.0,-482.0,537.0,450.0,0
-9.0,-27.0,-99.0,-635.0,482.0,406.0,0
1.0,-59.0,-97.0,-650.0,463.0,356.0,0
2.0,-72.0,-101.0,-573.0,456.0,313.0,0
4.0,-73.0,-108.0,-446.0,449.0,291.0,0
2.0,-67.0,-109.0,-292.0,444.0,307.0,0
1.0,-59.0,-117.0,-131.0,455.0,370.0,0
-12.0,-49.0,-115.0,24.0,487.0,465.0,0
-29.0,-47.0,-96.0,170.0,527.0,572.0,0
-48.0,-46.0,-74.0,314.0,554.0,669.0,0
-71.0,-48.0,-39.0,450.0,544.0,741.0,0
-82.0,-49.0,-11.0,590.0,486.0,782.0,0
-92.0,-41.0,6.0,721.0,385.0,787.0,0
-87.0,-35.0,-16.0,823.0,255.0,762.0,0
-60.0,-9.0,-116.0,859.0,175.0,703.0,0
-15.0,5.0,-211.0,749.0,232.0,607.0,0
43.0,-12.0,-295.0,568.0,441.0,480.0,0
110.0,-47.0,-411.0,300.0,688.0,335.0,0
178.0,-86.0,-545.0,-112.0,1089.0,154.0,0
207.0,-179.0,-481.0,-834.0,1353.0,-113.0,0
103.0,-354.0,-120.0,-1586.0,1030.0,-664.0,0
3.0,-495.0,108.0,-1856.0,130.0,-1261.0,0
-2.0,-626.0,210.0,-1561.0,-729.0,-1629.0,0
66.0,-703.0,245.0,-1015.0,-1029.0,-1747.0,0
143.0,-746.0,229.0,-412.0,-825.0,-1787.0,0
160.0,-753.0,85.0,174.0,-527.0,-1990.0,0
93.0,-701.0,-140.0,524.0,-155.0,-2267.0,0
-10.0,-665.0,-315.0,368.0,483.0,-2289.0,0
-130.0,-705.0,-362.0,-391.0,1121.0,-1885.0,0
-253.0,-728.0,-281.0,-1363.0,1349.0,-1163.0,0
-265.0,-756.0,-168.0,-1927.0,969.0,-312.0,0
-182.0,-750.0,-73.0,-1841.0,171.0,457.0,0
-97.0,-732.0,-14.0,-1133.0,-656.0,950.0,0
-35.0,-690.0,19.0,-75.0,-1260.0,1227.0,0
14.0,-630.0,33.0,1024.0,-1596.0,1369.0,0
34.0,-558.0,44.0,1926.0,-1695.0,1431.0,0
48.0,-496.0,26.0,2505.0,-1628.0,1473.0,0
66.0,-433.0,28.0,2732.0,-1471.0,1526.0,0
94.0,-379.0,33.0,2633.0,-1278.0,1580.0,0
115.0,-322.0,44.0,2229.0,-1097.0,1600.0,0
109.0,-292.0,56.0,1566.0,-960.0,1562.0,0
75.0,-282.0,66.0,756.0,-888.0,1486.0,0
35.0,-302.0,93.0,-69.0,-903.0,1410.0,0
-1.0,-330.0,113.0,-773.0,-1015.0,1363.0,0
-28.0,-363.0,127.0,-1262.0,-1210.0,1338.0,0
-63.0,-376.0,127.0,-1544.0,-1414.0,1315.0,0
-77.0,-371.0,95.0,-1656.0,-1562.0,1276.0,0
-99.0,-367.0,62.0,-1655.0,-1561.0,1238.0,0
-120.0,-355.0,22.0,-1587.0,-1417.0,1181.0,0
-125.0,-338.0,-20.0,-1453.0,-1243.0,1108.0,0
-124.0,-303.0,-66.0,-1300.0,-1010.0,1020.0,0
-119.0,-274.0,-93.0,-1153.0,-805.0,951.0,0
-109.0,-246.0,-88.0,-962.0,-698.0,828.0,0
-95.0,-212.0,-91.0,-657.0,-731.0,635.0,0
-76.0,-181.0,-95.0,-254.0,-865.0,396.0,0
-61.0,-146.0,-99.0,164.0,-1026.0,127.0,0
-48.0,-113.0,-99.0,538.0,-1164.0,-137.0,0
-14.0,-79.0,-101.0,858.0,-1256.0,-362.0,0
4.0,-28.0,-102.0,1135.0,-1298.0,-563.0,0
30.0,22.0,-111.0,1343.0,-1276.0,-694.0,0
47.0,76.0,-100.0,1477.0,-1195.0,-724.0,0
81.0,108.0,-102.0,1568.0,-1099.0,-682.0,0
100.0,132.0,-106.0,1600.0,-999.0,-652.0,0
85.0,126.0,-115.0,1527.0,-884.0,-673.0,0
59.0,111.0,-119.0,1316.0,-753.0,-710.0,0
33.0,91.0,-119.0,959.0,-608.0,-729.0,0
6.0,54.0,-102.0,514.0,-467.0,-691.0,0
-2.0,17.0,-82.0,113.0,-361.0,-613.0,0
-3.0,-13.0,-65.0,-149.0,-299.0,-534.0,0
0.0,-39.0,-60.0,-237.0,-272.0,-479.0,0
8.0,-56.0,-71.0,-183.0,-248.0,-428.0,0
17.0,-68.0,-81.0,-58.0,-191.0,-382.0,0
20.0,-70.0,-89.0,100.0,-110.0,-366.0,0
19.0,-73.0,-96.0,277.0,-45.0,-387.0,0
15.0,-67.0,-105.0,447.0,-29.0,-436.0,0
18.0,-59.0,-113.0,571.0,-73.0,-488.0,0
29.0,-51.0,-108.0,644.0,-169.0,-516.0,0
38.0,-38.0,-93.0,689.0,-296.0,-523.0,0
50.0,-23.0,-74.0,737.0,-397.0,-510.0,0
55.0,-20.0,-47.0,807.0,-428.0,-477.0,0
54.0,-15.0,-22.0,888.0,-375.0,-442.0,0
47.0,-7.0,-8.0,1013.0,-283.0,-400.0,0
39.0,-5.0,-12.0,1134.0,-148.0,-355.0,0
29.0,1.0,-84.0,1208.0,-40.0,-310.0,0
5.0,2.0,-206.0,1131.0,-43.0,-248.0,0
-34.0,-15.0,-291.0,841.0,-232.0,-197.0,0
-96.0,-34.0,-312.0,418.0,-535.0,-127.0,0
-145.0,-49.0,-353.0,-2.0,-719.0,42.0,0
-135.0,-83.0,-481.0,-521.0,-675.0,353.0,0
-50.0,-210.0,-377.0,-1331.0,-380.0,745.0,0
3.0,-395.0,-41.0,-1950.0,92.0,1131.0,0
-40.0,-558.0,208.0,-2004.0,370.0,1384.0,0
-112.0,-656.0,301.0,-1773.0,243.0,1476.0,0
-179.0,-704.0,274.0,-1391.0,-42.0,1554.0,0
-190.0,-732.0,180.0,-921.0,-144.0,1703.0,0
-197.0,-738.0,45.0,-601.0,-236.0,1782.0,0
-202.0,-745.0,-189.0,-694.0,-662.0,1672.0,0
-139.0,-825.0,-303.0,-1213.0,-1266.0,1437.0,0
-6.0,-905.0,-314.0,-1813.0,-1615.0,1027.0,0
90.0,-986.0,-219.0,-2045.0,-1427.0,318.0,0
65.0,-947.0,-82.0,-1648.0,-729.0,-656.0,0
3.0,-867.0,2.0,-593.0,136.0,-1524.0,0
-27.0,-777.0,57.0,817.0,794.0,-2016.0,0
-38.0,-681.0,88.0,2192.0,1162.0,-2247.0,0
-26.0,-577.0,106.0,3224.0,1291.0,-2332.0,0
3.0,-485.0,107.0,3715.0,1229.0,-2325.0,0
32.0,-394.0,105.0,3611.0,1067.0,-2263.0,0
52.0,-308.0,102.0,3017.0,939.0,-2177.0,0
69.0,-226.0,101.0,2084.0,932.0,-2028.0,0
72.0,-163.0,107.0,971.0,1036.0,-1817.0,0
73.0,-132.0,116.0,-134.0,1202.0,-1572.0,0
87.0,-155.0,111.0,-1096.0,1385.0,-1339.0,0
106.0,-198.0,107.0,-1719.0,1561.0,-1146.0,0
118.0,-243.0,85.0,-2284.0,1707.0,-991.0,0
128.0,-268.0,59.0,-2604.0,1803.0,-856.0,0
141.0,-293.0,42.0,-2694.0,1918.0,-760.0,0
138.0,-296.0,28.0,-2580.0,2021.0,-662.0,0
137.0,-284.0,10.0,-2312.0,2074.0,-587.0,0
128.0,-260.0,-17.0,-1961.0,2084.0,-539.0,0
103.0,-234.0,-40.0,-1602.0,2100.0,-520.0,0
66.0,-197.0,-57.0,-1284.0,2125.0,-511.0,0
35.0,-183.0,-75.0,-1012.0,2128.0,-480.0,0
-6.0,-160.0,-88.0,-780.0,2087.0,-432.0,0
-44.0,-133.0,-94.0,-571.0,2034.0,-366.0,0
-62.0,-114.0,-102.0,-373.0,1980.0,-258.0,0
-74.0,-90.0,-100.0,-191.0,1933.0,-129.0,0
-83.0,-67.0,-94.0,-2.0,1890.0,3.0,0
-83.0,-48.0,-82.0,208.0,1828.0,126.0,0
-77.0,-31.0,-80.0,417.0,1715.0,225.0,0
-71.0,-17.0,-82.0,601.0,1556.0,288.0,0
-68.0,-15.0,-91.0,734.0,1384.0,317.0,0
-64.0,-13.0,-104.0,787.0,1201.0,344.0,0
-51.0,-22.0,-111.0,744.0,1019.0,381.0,0
-29.0,-49.0,-109.0,604.0,852.0,428.0,0
9.0,-90.0,-84.0,384.0,698.0,482.0,0
33.0,-117.0,-45.0,194.0,558.0,522.0,0
36.0,-131.0,-19.0,149.0,435.0,540.0,0
43.0,-133.0,-17.0,270.0,314.0,543.0,0
51.0,-123.0,-17.0,509.0,202.0,517.0,0
63.0,-94.0,-28.0,799.0,117.0,478.0,0
71.0,-59.0,-33.0,1072.0,72.0,447.0,0
73.0,-14.0,-51.0,1282.0,61.0,446.0,0
64.0,33.0,-66.0,1403.0,76.0,495.0,0
40.0,54.0,-70.0,1437.0,107.0,590.0,0
18.0,72.0,-72.0,1378.0,156.0,693.0,0
-6.0,82.0,-70.0,1273.0,212.0,769.0,0
-32.0,82.0,-60.0,1095.0,257.0,814.0,0
-47.0,75.0,-63.0,871.0,297.0,828.0,0
-57.0,60.0,-118.0,616.0,330.0,806.0,0
-32.0,34.0,-225.0,320.0,382.0,753.0,0
11.0,9.0,-256.0,-29.0,525.0,668.0,0
62.0,-35.0,-249.0,-358.0,753.0,562.0,0
133.0,-70.0,-290.0,-615.0,1042.0,428.0,0
191.0,-97.0,-396.0,-1038.0,1394.0,191.0,0
191.0,-198.0,-384.0,-1837.0,1546.0,-193.0,0
99.0,-336.0,-168.0,-2738.0,1084.0,-701.0,0
16.0,-495.0,31.0,-3175.0,193.0,-1168.0,0
15.0,-638.0,161.0,-2959.0,-468.0,-1440.0,0
74.0,-765.0,241.0,-2337.0,-623.0,-1525.0,0
120.0,-865.0,275.0,-1485.0,-485.0,-1624.0,0
109.0,-916.0,154.0,-487.0,-240.0,-1872.0,0
38.0,-906.0,-71.0,338.0,142.0,-2159.0,0
-79.0,-849.0,-267.0,587.0,688.0,-2183.0,0
-218.0,-807.0,-341.0,203.0,1113.0,-1717.0,0
-318.0,-783.0,-313.0,-458.0,1060.0,-833.0,0
-283.0,-738.0,-209.0,-981.0,520.0,205.0,0
-193.0,-686.0,-109.0,-984.0,-217.0,1028.0,0
-129.0,-634.0,-18.0,-470.0,-848.0,1480.0,0
-89.0,-571.0,57.0,378.0,-1280.0,1663.0,0
-64.0,-497.0,102.0,1346.0,-1530.0,1662.0,0
-52.0,-419.0,112.0,2169.0,-1596.0,1598.0,0
-26.0,-352.0,103.0,2640.0,-1522.0,1569.0,0
9.0,-302.0,89.0,2667.0,-1401.0,1591.0,0
68.0,-262.0,66.0,2249.0,-1272.0,1600.0,0
96.0,-243.0,55.0,1469.0,-1148.0,1552.0,0
102.0,-240.0,48.0,493.0,-1075.0,1470.0,0
84.0,-272.0,57.0,-320.0,-1081.0,1396.0,0
64.0,-318.0,79.0,-1236.0,-1165.0,1331.0,0
44.0,-374.0,92.0,-1889.0,-1248.0,1291.0,0
18.0,-407.0,96.0,-2238.0,-1347.0,1253.0,0
-3.0,-438.0,91.0,-2341.0,-1435.0,1199.0,0
-28.0,-437.0,71.0,-2282.0,-1494.0,1152.0,0
-39.0,-413.0,47.0,-2139.0,-1505.0,1138.0,0
-62.0,-377.0,31.0,-1941.0,-1459.0,1146.0,0
-65.0,-343.0,3.0,-1708.0,-1369.0,1149.0,0
-71.0,-307.0,-19.0,-1469.0,-1265.0,1137.0,0
-58.0,-260.0,-43.0,-1225.0,-1180.0,1080.0,0
-43.0,-231.0,-59.0,-980.0,-1125.0,957.0,0
-62.0,-200.0,-81.0,-722.0,-1097.0,759.0,0
-71.0,-176.0,-90.0,-436.0,-1102.0,534.0,0
-73.0,-146.0,-107.0,-106.0,-1153.0,315.0,0
-75.0,-119.0,-122.0,267.0,-1237.0,91.0,0
-82.0,-80.0,-135.0,641.0,-1286.0,-172.0,0
-63.0,-29.0,-134.0,987.0,-1276.0,-418.0,0
-28.0,42.0,-126.0,1303.0,-1235.0,-598.0,0
16.0,97.0,-133.0,1599.0,-1176.0,-657.0,0
70.0,147.0,-145.0,1830.0,-1065.0,-657.0,0
100.0,157.0,-161.0,1927.0,-891.0,-666.0,0
115.0,160.0,-184.0,1821.0,-648.0,-761.0,0
95.0,156.0,-187.0,1500.0,-363.0,-881.0,0
53.0,121.0,-169.0,992.0,-82.0,-934.0,0
16.0,82.0,-134.0,384.0,155.0,-890.0,0
2.0,37.0,-75.0,-164.0,289.0,-757.0,0
-15.0,-8.0,-27.0,-516.0,291.0,-599.0,0
-20.0,-46.0,7.0,-617.0,188.0,-442.0,0
-7.0,-65.0,21.0,-508.0,54.0,-295.0,0
0.0,-90.0,13.0,-277.0,-58.0,-175.0,0
0.0,-98.0,-16.0,-13.0,-122.0,-101.0,0
2.0,-98.0,-47.0,178.0,-150.0,-77.0,0
2.0,-85.0,-79.0,363.0,-161.0,-88.0,0
9.0,-76.0,-101.0,452.0,-166.0,-107.0,0
19.0,-70.0,-113.0,442.0,-183.0,-122.0,0
29.0,-57.0,-117.0,365.0,-218.0,-139.0,0
35.0,-55.0,-106.0,258.0,-266.0,-150.0,0
35.0,-49.0,-88.0,177.0,-321.0,-166.0,0
33.0,-46.0,-73.0,164.0,-356.0,-176.0,0
22.0,-33.0,-77.0,229.0,-360.0,-188.0,0
6.0,-19.0,-142.0,333.0,-357.0,-205.0,0
-15.0,2.0,-242.0,369.0,-416.0,-240.0,0
-61.0,25.0,-325.0,224.0,-557.0,-282.0,0
-112.0,29.0,-392.0,-156.0,-693.0,-271.0,0
-151.0,22.0,-459.0,-711.0,-663.0,-148.0,0
-126.0,-29.0,-529.0,-1386.0,-418.0,104.0,0
-24.0,-161.0,-471.0,-2134.0,-48.0,434.0,0
53.0,-345.0,-230.0,-2636.0,348.0,802.0,0
39.0,-529.0,52.0,-2569.0,659.0,1108.0,0
-2.0,-665.0,295.0,-2011.0,717.0,1300.0,0
-47.0,-724.0,383.0,-1115.0,356.0,1324.0,0
-74.0,-719.0,286.0,-116.0,-262.0,1272.0,0
-63.0,-678.0,87.0,580.0,-809.0,1301.0,0
-17.0,-636.0,-115.0,716.0,-1258.0,1371.0,0
50.0,-628.0,-288.0,352.0,-1615.0,1302.0,0
117.0,-674.0,-320.0,-313.0,-1694.0,1058.0,0
149.0,-758.0,-291.0,-1011.0,-1295.0,647.0,0
115.0,-794.0,-198.0,-1496.0,-421.0,73.0,0
7.0,-756.0,-91.0,-1477.0,605.0,-611.0,0
-74.0,-716.0,-16.0,-911.0,1378.0,-1102.0,0
-118.0,-674.0,34.0,-50.0,1762.0,-1353.0,0
-118.0,-632.0,69.0,847.0,1848.0,-1442.0,0
-102.0,-585.0,84.0,1567.0,1713.0,-1496.0,0
-97.0,-539.0,84.0,1911.0,1438.0,-1572.0,0
-99.0,-479.0,83.0,2047.0,1140.0,-1644.0,0
-113.0,-418.0,78.0,1924.0,953.0,-1687.0,0
-128.0,-356.0,81.0,1582.0,813.0,-1651.0,0
-129.0,-309.0,69.0,1056.0,761.0,-1493.0,0
-108.0,-296.0,69.0,412.0,749.0,-1310.0,0
-63.0,-310.0,64.0,-254.0,767.0,-1183.0,0
-29.0,-347.0,67.0,-840.0,859.0,-1110.0,0
29.0,-356.0,53.0,-1286.0,1034.0,-1049.0,0
65.0,-365.0,42.0,-1601.0,1244.0,-1005.0,0
93.0,-373.0,46.0,-1803.0,1438.0,-959.0,0
95.0,-355.0,54.0,-1859.0,1584.0,-898.0,0
106.0,-339.0,42.0,-1769.0,1642.0,-820.0,0
115.0,-313.0,27.0,-1590.0,1624.0,-714.0,0
112.0,-286.0,10.0,-1358.0,1587.0,-587.0,0
104.0,-256.0,-3.0,-1073.0,1567.0,-458.0,0
81.0,-219.0,-20.0,-740.0,1564.0,-334.0,0
59.0,-185.0,-35.0,-376.0,1564.0,-221.0,0
39.0,-143.0,-43.0,-9.0,1548.0,-97.0,0
26.0,-111.0,-55.0,369.0,1516.0,44.0,0
20.0,-69.0,-59.0,744.0,1468.0,179.0,0
31.0,-31.0,-62.0,1111.0,1392.0,297.0,0
34.0,8.0,-63.0,1439.0,1280.0,379.0,0
35.0,51.0,-74.0,1696.0,1158.0,399.0,0
20.0,88.0,-92.0,1833.0,1023.0,380.0,0
-8.0,124.0,-108.0,1828.0,884.0,359.0,0
-23.0,138.0,-133.0,1672.0,740.0,380.0,0
-35.0,140.0,-142.0,1374.0,592.0,440.0,0
-31.0,122.0,-147.0,983.0,454.0,499.0,0
-11.0,44.0,-134.0,532.0,344.0,520.0,0
17.0,-5.0,-117.0,86.0,283.0,487.0,0
38.0,-50.0,-85.0,-223.0,299.0,414.0,0
42.0,-81.0,-72.0,-316.0,391.0,330.0,0
39.0,-102.0,-68.0,-278.0,531.0,253.0,0
33.0,-110.0,-59.0,-148.0,649.0,202.0,0
28.0,-101.0,-54.0,23.0,758.0,192.0,0
23.0,-90.0,-48.0,225.0,812.0,212.0,0
11.0,-74.0,-41.0,472.0,814.0,272.0,0
0.0,-58.0,-37.0,749.0,787.0,363.0,0
-8.0,-46.0,-38.0,1016.0,755.0,460.0,0
-14.0,-25.0,-25.0,1237.0,718.0,546.0,0
-26.0,-7.0,-40.0,1378.0,664.0,607.0,0
-30.0,12.0,-113.0,1400.0,616.0,653.0,0
-4.0,42.0,-229.0,1227.0,632.0,680.0,0
34.0,51.0,-339.0,811.0,799.0,682.0,0
96.0,32.0,-419.0,252.0,1147.0,662.0,0
167.0,-1.0,-494.0,-310.0,1607.0,585.0,0
219.0,-53.0,-499.0,-915.0,1977.0,430.0,0
199.0,-222.0,-232.0,-1568.0,1884.0,160.0,0
92.0,-396.0,60.0,-1996.0,1150.0,-255.0,0
12.0,-558.0,261.0,-1889.0,185.0,-678.0,0
-3.0,-674.0,319.0,-1343.0,-517.0,-1008.0,0
39.0,-708.0,277.0,-644.0,-827.0,-1238.0,0
99.0,-724.0,172.0,-49.0,-833.0,-1393.0,0
105.0,-719.0,-19.0,265.0,-612.0,-1587.0,0
47.0,-725.0,-220.0,135.0,-32.0,-1763.0,0
-46.0,-735.0,-336.0,-518.0,776.0,-1759.0,0
-171.0,-799.0,-347.0,-1443.0,1431.0,-1484.0,0
-270.0,-843.0,-285.0,-2208.0,1630.0,-937.0,0
-266.0,-853.0,-179.0,-2410.0,1302.0,-186.0,0
-198.0,-817.0,-65.0,-1875.0,585.0,538.0,0
-139.0,-762.0,-5.0,-747.0,-171.0,1014.0,0
-95.0,-687.0,42.0,585.0,-734.0,1234.0,0
-65.0,-596.0,61.0,1832.0,-1050.0,1312.0,0
-36.0,-508.0,66.0,2777.0,-1146.0,1358.0,0
-9.0,-422.0,61.0,3238.0,-1105.0,1401.0,0
31.0,-351.0,53.0,3430.0,-995.0,1466.0,0
88.0,-286.0,53.0,3227.0,-894.0,1511.0,0
113.0,-247.0,54.0,2669.0,-781.0,1493.0,0
110.0,-224.0,68.0,1851.0,-714.0,1432.0,0
78.0,-233.0,75.0,910.0,-735.0,1376.0,0
46.0,-269.0,91.0,-10.0,-839.0,1358.0,0
8.0,-334.0,105.0,-764.0,-986.0,1353.0,0
-17.0,-385.0,108.0,-1253.0,-1117.0,1308.0,0
-35.0,-416.0,99.0,-1476.0,-1199.0,1232.0,0
-49.0,-417.0,73.0,-1467.0,-1225.0,1158.0,0
-72.0,-398.0,46.0,-1270.0,-1203.0,1102.0,0
-88.0,-364.0,8.0,-926.0,-1164.0,1063.0,0
-102.0,-321.0,-26.0,-545.0,-1097.0,1059.0,0
-112.0,-274.0,-50.0,-215.0,-1022.0,1055.0,0
-119.0,-234.0,-54.0,52.0,-949.0,1048.0,0
-113.0,-184.0,-52.0,289.0,-913.0,999.0,0
-113.0,-140.0,-59.0,524.0,-925.0,923.0,0
-111.0,-105.0,-54.0,744.0,-985.0,818.0,0
-107.0,-69.0,-66.0,956.0,-1081.0,690.0,0
-98.0,-44.0,-77.0,1145.0,-1190.0,523.0,0
-90.0,-23.0,-86.0,1320.0,-1286.0,327.0,0
-45.0,21.0,-71.0,1502.0,-1375.0,108.0,0
0.0,67.0,-72.0,1767.0,-1469.0,-82.0,0
50.0,111.0,-81.0,2096.0,-1530.0,-217.0,0
86.0,128.0,-105.0,2402.0,-1513.0,-337.0,0
112.0,133.0,-135.0,2532.0,-1389.0,-452.0,0
114.0,139.0,-144.0,2398.0,-1174.0,-579.0,0
105.0,128.0,-144.0,2007.0,-920.0,-716.0,0
95.0,100.0,-129.0,1421.0,-663.0,-813.0,0
57.0,63.0,-94.0,718.0,-426.0,-866.0,0
36.0,20.0,-50.0,166.0,-243.0,-874.0,0
36.0,-17.0,-12.0,-390.0,-141.0,-823.0,0
27.0,-48.0,13.0,-739.0,-49.0,-729.0,0
26.0,-71.0,24.0,-867.0,17.0,-606.0,0
29.0,-80.0,21.0,-812.0,54.0,-508.0,0
25.0,-86.0,3.0,-632.0,47.0,-435.0,0
23.0,-79.0,-17.0,-406.0,-17.0,-383.0,0
16.0,-71.0,-39.0,-187.0,-126.0,-370.0,0
20.0,-63.0,-56.0,-9.0,-265.0,-387.0,0
32.0,-56.0,-62.0,105.0,-407.0,-411.0,0
35.0,-45.0,-64.0,157.0,-534.0,-442.0,0
40.0,-45.0,-55.0,165.0,-618.0,-468.0,0
38.0,-49.0,-42.0,177.0,-641.0,-483.0,0
34.0,-51.0,-43.0,225.0,-606.0,-494.0,0
23.0,-49.0,-89.0,299.0,-534.0,-496.0,0
10.0,-44.0,-172.0,345.0,-493.0,-495.0,0
-15.0,-40.0,-268.0,272.0,-537.0,-496.0,0
-57.0,-37.0,-330.0,14.0,-645.0,-482.0,0
-123.0,-34.0,-410.0,-459.0,-765.0,-389.0,0
-142.0,-52.0,-551.0,-1217.0,-862.0,-163.0,0
-132.0,-120.0,-630.0,-2319.0,-830.0,159.0,0
-55.0,-301.0,-394.0,-3581.0,-476.0,594.0,0
2.0,-529.0,-21.0,-4348.0,140.0,1096.0,0
-9.0,-760.0,333.0,-4280.0,758.0,1495.0,0
-63.0,-904.0,536.0,-3420.0,1055.0,1694.0,0
-127.0,-927.0,496.0,-2005.0,782.0,1725.0,0
-170.0,-842.0,219.0,-598.0,192.0,1709.0,0
-160.0,-750.0,-113.0,98.0,-403.0,1768.0,0
-98.0,-700.0,-337.0,-165.0,-1001.0,1751.0,0
43.0,-731.0,-405.0,-886.0,-1599.0,1469.0,0
134.0,-772.0,-390.0,-1339.0,-1805.0,898.0,0
132.0,-790.0,-294.0,-1494.0,-1443.0,83.0,0
61.0,-735.0,-140.0,-1161.0,-491.0,-810.0,0
3.0,-675.0,-16.0,-306.0,488.0,-1369.0,0
-48.0,-589.0,68.0,854.0,1113.0,-1829.0,0
-79.0,-512.0,113.0,2026.0,1409.0,-2082.0,0
-96.0,-440.0,131.0,2937.0,1447.0,-2182.0,0
-91.0,-378.0,127.0,3383.0,1230.0,-2167.0,0
-86.0,-319.0,101.0,3293.0,834.0,-2085.0,0
-93.0,-251.0,80.0,2725.0,445.0,-1975.0,0
-73.0,-202.0,58.0,1854.0,234.0,-1849.0,0
-75.0,-164.0,51.0,847.0,233.0,-1687.0,0
-67.0,-156.0,45.0,-156.0,364.0,-1476.0,0
-34.0,-201.0,44.0,-1066.0,549.0,-1249.0,0
9.0,-263.0,53.0,-1835.0,749.0,-1037.0,0
37.0,-315.0,73.0,-2387.0,974.0,-851.0,0
69.0,-357.0,89.0,-2679.0,1189.0,-701.0,0
90.0,-377.0,83.0,-2756.0,1323.0,-601.0,0
106.0,-386.0,72.0,-2693.0,1373.0,-537.0,0
105.0,-373.0,61.0,-2522.0,1362.0,-518.0,0
114.0,-353.0,46.0,-2262.0,1323.0,-525.0,0
122.0,-326.0,20.0,-1944.0,1287.0,-525.0,0
129.0,-298.0,-6.0,-1621.0,1284.0,-523.0,0
120.0,-259.0,-20.0,-1300.0,1343.0,-520.0,0
98.0,-221.0,-34.0,-963.0,1454.0,-499.0,0
66.0,-183.0,-44.0,-607.0,1574.0,-438.0,0
40.0,-145.0,-56.0,-255.0,1676.0,-331.0,0
21.0,-110.0,-51.0,60.0,1743.0,-184.0,0
22.0,-72.0,-42.0,359.0,1767.0,-26.0,0
11.0,-31.0,-27.0,673.0,1756.0,75.0,0
9.0,11.0,-25.0,990.0,1695.0,113.0,0
-5.0,40.0,-25.0,1219.0,1561.0,95.0,0
-29.0,77.0,-31.0,1426.0,1404.0,53.0,0
-55.0,106.0,-41.0,1521.0,1175.0,47.0,0
-70.0,119.0,-54.0,1504.0,943.0,103.0,0
-71.0,122.0,-66.0,1361.0,706.0,231.0,0
-54.0,103.0,-82.0,1067.0,478.0,375.0,0
-6.0,39.0,-80.0,620.0,279.0,492.0,0
18.0,-8.0,-60.0,98.0,135.0,530.0,0
34.0,-48.0,-31.0,-352.0,66.0,514.0,0
34.0,-78.0,-23.0,-625.0,60.0,465.0,0
34.0,-100.0,-33.0,-743.0,93.0,404.0,0
37.0,-99.0,-38.0,-769.0,137.0,334.0,0
31.0,-94.0,-38.0,-721.0,185.0,276.0,0
16.0,-79.0,-44.0,-590.0,234.0,258.0,0
2.0,-70.0,-42.0,-379.0,283.0,297.0,0
-12.0,-61.0,-27.0,-111.0,348.0,384.0,0
-22.0,-53.0,-14.0,197.0,428.0,486.0,0
-35.0,-46.0,-9.0,514.0,498.0,561.0,0
-52.0,-31.0,-53.0,775.0,542.0,603.0,0
-61.0,-4.0,-184.0,884.0,594.0,641.0,0
-39.0,15.0,-282.0,773.0,741.0,692.0,0
9.0,17.0,-370.0,484.0,1062.0,729.0,0
81.0,-19.0,-490.0,47.0,1562.0,718.0,0
154.0,-64.0,-612.0,-563.0,2149.0,617.0,0
207.0,-147.0,-574.0,-1401.0,2486.0,384.0,0
190.0,-342.0,-235.0,-2301.0,2054.0,-80.0,0
79.0,-505.0,89.0,-2832.0,864.0,-722.0,0
37.0,-646.0,320.0,-2675.0,-396.0,-1249.0,0
83.0,-759.0,406.0,-1902.0,-1165.0,-1549.0,0
147.0,-837.0,369.0,-1036.0,-1394.0,-1745.0,0
191.0,-855.0,169.0,75.0,-1237.0,-1958.0,0
166.0,-830.0,-147.0,827.0,-695.0,-2236.0,0
82.0,-785.0,-389.0,855.0,154.0,-2379.0,0
-51.0,-760.0,-488.0,179.0,1040.0,-2342.0,0
-247.0,-736.0,-442.0,-861.0,1489.0,-2023.0,0
-334.0,-706.0,-348.0,-1699.0,1389.0,-1289.0,0
-295.0,-675.0,-220.0,-1982.0,879.0,-324.0,0
-201.0,-648.0,-106.0,-1632.0,170.0,556.0,0
-143.0,-615.0,-11.0,-784.0,-555.0,1154.0,0
-110.0,-566.0,51.0,331.0,-1208.0,1484.0,0
-92.0,-500.0,85.0,1485.0,-1712.0,1610.0,0
-72.0,-433.0,87.0,2444.0,-2001.0,1645.0,0
-51.0,-366.0,83.0,3040.0,-2077.0,1666.0,0
-21.0,-317.0,62.0,3223.0,-1983.0,1698.0,0
31.0,-274.0,50.0,3031.0,-1786.0,1741.0,0
62.0,-249.0,42.0,2494.0,-1554.0,1760.0,0
77.0,-236.0,41.0,1644.0,-1342.0,1726.0,0
78.0,-247.0,43.0,597.0,-1197.0,1653.0,0
61.0,-289.0,62.0,-472.0,-1133.0,1568.0,0
35.0,-333.0,89.0,-1363.0,-1155.0,1483.0,0
18.0,-375.0,104.0,-1950.0,-1259.0,1408.0,0
1.0,-405.0,111.0,-2225.0,-1420.0,1349.0,0
-19.0,-414.0,102.0,-2252.0,-1579.0,1277.0,0
-32.0,-413.0,76.0,-2111.0,-1686.0,1210.0,0
-36.0,-392.0,43.0,-1881.0,-1701.0,1153.0,0
-40.0,-375.0,16.0,-1621.0,-1620.0,1124.0,0
-33.0,-345.0,-8.0,-1337.0,-1480.0,1102.0,0
-22.0,-306.0,-36.0,-1038.0,-1315.0,1063.0,0
-19.0,-264.0,-64.0,-750.0,-1135.0,982.0,0
-10.0,-231.0,-74.0,-460.0,-952.0,861.0,0
-4.0,-202.0,-83.0,-221.0,-804.0,682.0,0
-6.0,-178.0,-90.0,81.0,-724.0,455.0,0
0.0,-152.0,-100.0,366.0,-675.0,264.0,0
-6.0,-117.0,-106.0,628.0,-663.0,33.0,0
7.0,-60.0,-95.0,877.0,-667.0,-192.0,0
18.0,2.0,-86.0,1114.0,-671.0,-391.0,0
45.0,58.0,-85.0,1353.0,-661.0,-534.0,0
66.0,123.0,-80.0,1576.0,-605.0,-635.0,0
67.0,164.0,-91.0,1785.0,-510.0,-696.0,0
67.0,190.0,-108.0,1899.0,-386.0,-760.0,0
43.0,204.0,-122.0,1850.0,-240.0,-853.0,0
-12.0,200.0,-139.0,1598.0,-79.0,-935.0,0
-55.0,166.0,-146.0,1130.0,77.0,-942.0,0
-69.0,118.0,-129.0,496.0,192.0,-851.0,0
-71.0,68.0,-100.0,-156.0,237.0,-724.0,0
-64.0,17.0,-70.0,-681.0,207.0,-619.0,0
-44.0,-23.0,-50.0,-1001.0,133.0,-544.0,0
-21.0,-60.0,-47.0,-1113.0,64.0,-478.0,0
-3.0,-84.0,-53.0,-1073.0,28.0,-425.0,0
6.0,-103.0,-56.0,-938.0,8.0,-406.0,0
13.0,-110.0,-66.0,-752.0,-24.0,-420.0,0
16.0,-113.0,-76.0,-568.0,-93.0,-444.0,0
27.0,-113.0,-83.0,-415.0,-206.0,-467.0,0
33.0,-96.0,-84.0,-281.0,-344.0,-470.0,0
37.0,-90.0,-83.0,-149.0,-476.0,-464.0,0
33.0,-76.0,-80.0,3.0,-554.0,-449.0,0
33.0,-59.0,-71.0,179.0,-545.0,-429.0,0
29.0,-41.0,-67.0,351.0,-459.0,-395.0,0
24.0,-21.0,-87.0,484.0,-329.0,-330.0,0
18.0,6.0,-175.0,505.0,-242.0,-250.0,0
-11.0,21.0,-295.0,376.0,-304.0,-182.0,0
-58.0,37.0,-376.0,18.0,-477.0,-104.0,0
-102.0,51.0,-447.0,-544.0,-717.0,15.0,0
-119.0,21.0,-555.0,-1230.0,-817.0,267.0,0
-62.0,-92.0,-545.0,-1970.0,-745.0,586.0,0
46.0,-281.0,-298.0,-2434.0,-455.0,951.0,0
59.0,-450.0,16.0,-2251.0,-50.0,1250.0,0
12.0,-590.0,268.0,-1624.0,300.0,1435.0,0
-54.0,-664.0,360.0,-828.0,292.0,1449.0,0
-106.0,-672.0,243.0,-35.0,-15.0,1413.0,0
-126.0,-654.0,75.0,510.0,-236.0,1482.0,0
-118.0,-653.0,-84.0,620.0,-401.0,1544.0,0
-104.0,-695.0,-222.0,233.0,-704.0,1471.0,0
-49.0,-797.0,-298.0,-581.0,-1016.0,1223.0,0
23.0,-896.0,-299.0,-1546.0,-954.0,818.0,0
59.0,-1022.0,-255.0,-2308.0,-347.0,202.0,0
-12.0,-1018.0,-145.0,-2529.0,569.0,-704.0,0
-106.0,-944.0,-60.0,-1985.0,1410.0,-1555.0,0
-141.0,-857.0,-5.0,-818.0,1872.0,-2030.0,0
-125.0,-774.0,28.0,610.0,1973.0,-2187.0,0
-95.0,-699.0,43.0,1955.0,1845.0,-2174.0,0
-65.0,-618.0,42.0,2960.0,1596.0,-2104.0,0
-53.0,-520.0,42.0,3486.0,1317.0,-2030.0,0
-49.0,-406.0,48.0,3500.0,1072.0,-1982.0,0
-56.0,-289.0,54.0,3053.0,930.0,-1937.0,0
-54.0,-189.0,67.0,2286.0,922.0,-1844.0,0
-21.0,-131.0,71.0,1370.0,1020.0,-1702.0,0
26.0,-120.0,72.0,431.0,1187.0,-1545.0,0
77.0,-139.0,60.0,-464.0,1398.0,-1404.0,0
113.0,-182.0,44.0,-1261.0,1620.0,-1273.0,0
147.0,-216.0,35.0,-1915.0,1820.0,-1132.0,0
150.0,-240.0,40.0,-2302.0,1950.0,-979.0,0
146.0,-247.0,43.0,-2548.0,1981.0,-814.0,0
142.0,-252.0,26.0,-2500.0,1936.0,-633.0,0
136.0,-246.0,3.0,-2212.0,1804.0,-497.0,0
112.0,-226.0,-24.0,-1766.0,1640.0,-352.0,0
72.0,-198.0,-52.0,-1248.0,1513.0,-218.0,0
31.0,-166.0,-70.0,-715.0,1447.0,-83.0,0
-7.0,-124.0,-83.0,-212.0,1421.0,59.0,0
-31.0,-82.0,-82.0,233.0,1407.0,236.0,0
-33.0,-45.0,-80.0,620.0,1377.0,432.0,0
-34.0,-10.0,-66.0,952.0,1345.0,573.0,0
-30.0,19.0,-60.0,1223.0,1326.0,648.0,0
-34.0,51.0,-51.0,1396.0,1282.0,677.0,0
-38.0,71.0,-44.0,1481.0,1216.0,687.0,0
-35.0,80.0,-53.0,1478.0,1124.0,698.0,0
-27.0,77.0,-69.0,1374.0,1003.0,717.0,0
-6.0,60.0,-89.0,1160.0,858.0,719.0,0
25.0,11.0,-105.0,833.0,710.0,698.0,0
43.0,-32.0,-109.0,437.0,592.0,629.0,0
53.0,-57.0,-89.0,102.0,555.0,521.0,0
49.0,-80.0,-77.0,-44.0,577.0,442.0,0
39.0,-91.0,-78.0,-13.0,629.0,377.0,0
45.0,-91.0,-82.0,98.0,682.0,311.0,0
46.0,-74.0,-82.0,220.0,712.0,269.0,0
44.0,-53.0,-97.0,327.0,722.0,260.0,0
38.0,-28.0,-95.0,398.0,715.0,298.0,0
18.0,-7.0,-106.0,436.0,716.0,386.0,0
4.0,7.0,-91.0,449.0,740.0,505.0,0
-16.0,11.0,-86.0,455.0,776.0,624.0,0
-39.0,15.0,-67.0,463.0,801.0,716.0,0
-58.0,14.0,-31.0,488.0,791.0,773.0,0
-71.0,9.0,-8.0,542.0,747.0,792.0,0
-84.0,4.0,0.0,588.0,654.0,775.0,0
-93.0,3.0,-15.0,581.0,539.0,745.0,0
-89.0,-3.0,-96.0,490.0,435.0,691.0,0
-63.0,11.0,-253.0,258.0,384.0,624.0,0
-6.0,2.0,-355.0,-186.0,460.0,556.0,0
64.0,-40.0,-453.0,-694.0,662.0,462.0,0
145.0,-93.0,-515.0,-1089.0,915.0,323.0,0
205.0,-170.0,-500.0,-1455.0,1079.0,91.0,0
192.0,-340.0,-209.0,-1817.0,862.0,-326.0,0
102.0,-514.0,42.0,-1843.0,221.0,-880.0,0
71.0,-668.0,190.0,-1361.0,-390.0,-1368.0,0
112.0,-768.0,281.0,-622.0,-605.0,-1706.0,0
171.0,-803.0,328.0,116.0,-540.0,-1959.0,0
174.0,-782.0,222.0,836.0,-396.0,-2245.0,0
127.0,-736.0,-40.0,1316.0,-49.0,-2426.0,0
86.0,-715.0,-280.0,1056.0,690.0,-2354.0,0
-36.0,-737.0,-389.0,-73.0,1452.0,-2104.0,0
-238.0,-730.0,-366.0,-1485.0,1722.0,-1613.0,0
-359.0,-773.0,-306.0,-2465.0,1319.0,-752.0,0
-315.0,-785.0,-160.0,-2701.0,458.0,310.0,0
-217.0,-782.0,-45.0,-2092.0,-530.0,1174.0,0
-142.0,-747.0,13.0,-891.0,-1331.0,1614.0,0
-82.0,-677.0,51.0,530.0,-1814.0,1720.0,0
-43.0,-579.0,70.0,1859.0,-1973.0,1614.0,0
-13.0,-474.0,81.0,2875.0,-1886.0,1430.0,0
19.0,-367.0,84.0,3447.0,-1683.0,1291.0,0
62.0,-277.0,82.0,3551.0,-1480.0,1220.0,0
98.0,-196.0,77.0,3200.0,-1342.0,1174.0,0
109.0,-155.0,70.0,2609.0,-1292.0,1124.0,0
96.0,-147.0,60.0,1552.0,-1300.0,1064.0,0
51.0,-177.0,57.0,307.0,-1326.0,1027.0,0
7.0,-246.0,76.0,-916.0,-1324.0,1028.0,0
-22.0,-318.0,98.0,-1891.0,-1296.0,1032.0,0
-48.0,-383.0,116.0,-2532.0,-1267.0,966.0,0
-55.0,-422.0,103.0,-2825.0,-1245.0,856.0,0
-70.0,-435.0,76.0,-2862.0,-1185.0,762.0,0
-68.0,-415.0,29.0,-2694.0,-1095.0,700.0,0
-92.0,-387.0,-33.0,-2396.0,-991.0,693.0,0
-104.0,-365.0,-69.0,-2053.0,-920.0,720.0,0
-115.0,-319.0,-88.0,-1691.0,-901.0,748.0,0
-89.0,-289.0,-102.0,-1298.0,-934.0,744.0,0
-64.0,-248.0,-109.0,-887.0,-1017.0,689.0,0
-44.0,-200.0,-104.0,-468.0,-1119.0,591.0,0
-13.0,-165.0,-110.0,-16.0,-1234.0,468.0,0
6.0,-127.0,-103.0,434.0,-1342.0,328.0,0
20.0,-106.0,-92.0,862.0,-1425.0,160.0,0
22.0,-93.0,-95.0,1239.0,-1465.0,-16.0,0
50.0,-48.0,-79.0,1556.0,-1488.0,-165.0,0
68.0,-3.0,-84.0,1834.0,-1524.0,-259.0,0
101.0,41.0,-86.0,2043.0,-1528.0,-287.0,0
134.0,84.0,-88.0,2189.0,-1479.0,-282.0,0
153.0,120.0,-106.0,2253.0,-1371.0,-286.0,0
151.0,130.0,-125.0,2177.0,-1201.0,-305.0,0
112.0,134.0,-134.0,1915.0,-983.0,-357.0,0
52.0,122.0,-122.0,1488.0,-724.0,-389.0,0
-13.0,95.0,-97.0,980.0,-472.0,-374.0,0
-61.0,58.0,-70.0,472.0,-285.0,-302.0,0
-84.0,15.0,-38.0,78.0,-190.0,-201.0,0
-91.0,-18.0,-26.0,-94.0,-158.0,-111.0,0
-83.0,-35.0,-37.0,-123.0,-151.0,-56.0,0
-66.0,-55.0,-58.0,-19.0,-157.0,-38.0,0
-49.0,-60.0,-87.0,119.0,-183.0,-58.0,0
-29.0,-60.0,-118.0,228.0,-232.0,-128.0,0
-11.0,-60.0,-135.0,280.0,-302.0,-226.0,0
14.0,-58.0,-138.0,289.0,-387.0,-340.0,0
38.0,-54.0,-127.0,267.0,-478.0,-452.0,0
62.0,-61.0,-100.0,226.0,-560.0,-550.0,0
76.0,-67.0,-69.0,214.0,-618.0,-630.0,0
81.0,-72.0,-38.0,273.0,-639.0,-693.0,0
81.0,-74.0,-33.0,419.0,-616.0,-734.0,0
67.0,-77.0,-91.0,620.0,-564.0,-753.0,0
37.0,-69.0,-199.0,792.0,-540.0,-764.0,0
-9.0,-72.0,-289.0,856.0,-581.0,-776.0,0
-75.0,-78.0,-319.0,812.0,-635.0,-762.0,0
-133.0,-94.0,-361.0,653.0,-582.0,-651.0,0
-149.0,-101.0,-436.0,230.0,-399.0,-408.0,0
-121.0,-175.0,-417.0,-584.0,-127.0,-61.0,0
-65.0,-342.0,-148.0,-1435.0,165.0,398.0,0
-47.0,-530.0,141.0,-1826.0,375.0,913.0,0
-70.0,-678.0,328.0,-1798.0,356.0,1314.0,0
-104.0,-770.0,374.0,-1472.0,100.0,1540.0,0
-152.0,-791.0,260.0,-929.0,-153.0,1722.0,0
-145.0,-785.0,64.0,-458.0,-296.0,1914.0,0
-103.0,-785.0,-144.0,-427.0,-597.0,1958.0,0
-19.0,-791.0,-272.0,-855.0,-1138.0,1699.0,0
90.0,-836.0,-293.0,-1332.0,-1537.0,1184.0,0
166.0,-883.0,-225.0,-1440.0,-1340.0,415.0,0
109.0,-823.0,-101.0,-1031.0,-508.0,-480.0,0
61.0,-753.0,-12.0,-121.0,455.0,-1165.0,0
16.0,-676.0,43.0,1008.0,1143.0,-1607.0,0
-14.0,-589.0,87.0,1883.0,1528.0,-1889.0,0
-13.0,-507.0,103.0,2770.0,1675.0,-2017.0,0
5.0,-430.0,98.0,3255.0,1678.0,-2026.0,0
36.0,-363.0,77.0,3239.0,1519.0,-2007.0,0
57.0,-292.0,58.0,2757.0,1318.0,-2001.0,0
59.0,-225.0,46.0,1946.0,1207.0,-1991.0,0
47.0,-171.0,44.0,978.0,1251.0,-1893.0,0
26.0,-141.0,35.0,-17.0,1393.0,-1726.0,0
22.0,-146.0,27.0,-953.0,1554.0,-1534.0,0
43.0,-185.0,25.0,-1787.0,1722.0,-1355.0,0
75.0,-233.0,40.0,-2438.0,1910.0,-1189.0,0
107.0,-279.0,59.0,-2834.0,2096.0,-1027.0,0
127.0,-305.0,69.0,-2951.0,2264.0,-879.0,0
125.0,-315.0,77.0,-2826.0,2377.0,-761.0,0
129.0,-305.0,65.0,-2546.0,2410.0,-672.0,0
125.0,-272.0,39.0,-2190.0,2398.0,-609.0,0
117.0,-243.0,8.0,-1849.0,2375.0,-558.0,0
92.0,-208.0,-17.0,-1582.0,2335.0,-503.0,0
67.0,-176.0,-44.0,-1435.0,2243.0,-445.0,0
51.0,-144.0,-59.0,-1335.0,2161.0,-330.0,0
37.0,-126.0,-70.0,-1229.0,2113.0,-138.0,0
22.0,-105.0,-67.0,-1080.0,2086.0,91.0,0
4.0,-80.0,-56.0,-825.0,2067.0,291.0,0
-4.0,-68.0,-59.0,-448.0,2038.0,423.0,0
-30.0,-54.0,-64.0,-3.0,1959.0,488.0,0
-47.0,-37.0,-73.0,450.0,1804.0,507.0,0
-75.0,-22.0,-88.0,845.0,1579.0,507.0,0
-93.0,1.0,-109.0,1128.0,1294.0,513.0,0
-104.0,17.0,-126.0,1260.0,962.0,548.0,0
-99.0,19.0,-151.0,1237.0,617.0,593.0,0
-86.0,18.0,-167.0,1109.0,307.0,625.0,0
-46.0,-9.0,-166.0,839.0,114.0,660.0,0
-8.0,-42.0,-141.0,535.0,-40.0,656.0,0
13.0,-64.0,-113.0,327.0,-106.0,622.0,0
20.0,-79.0,-94.0,257.0,-100.0,567.0,0
25.0,-73.0,-93.0,316.0,-49.0,500.0,0
36.0,-57.0,-85.0,449.0,22.0,431.0,0
45.0,-38.0,-92.0,590.0,101.0,381.0,0
51.0,-17.0,-107.0,704.0,183.0,361.0,0
48.0,4.0,-111.0,750.0,276.0,375.0,0
32.0,19.0,-106.0,722.0,389.0,408.0,0
12.0,33.0,-87.0,638.0,503.0,450.0,0
-7.0,37.0,-55.0,536.0,593.0,499.0,0
-27.0,35.0,-40.0,433.0,625.0,537.0,0
-39.0,28.0,-28.0,331.0,592.0,557.0,0
-45.0,27.0,-62.0,228.0,505.0,547.0,0
-33.0,33.0,-152.0,92.0,398.0,503.0,0
-3.0,46.0,-313.0,-136.0,359.0,437.0,0
50.0,43.0,-442.0,-533.0,499.0,363.0,0
110.0,-26.0,-568.0,-932.0,885.0,292.0,0
189.0,-107.0,-589.0,-1037.0,1476.0,231.0,0
247.0,-200.0,-459.0,-1054.0,1878.0,108.0,0
198.0,-360.0,-142.0,-1195.0,1425.0,-280.0,0
27.0,-561.0,222.0,-1027.0,264.0,-821.0,0
-29.0,-668.0,360.0,-339.0,-756.0,-1220.0,0
7.0,-725.0,393.0,454.0,-1305.0,-1433.0,0
59.0,-754.0,344.0,1153.0,-1554.0,-1631.0,0
87.0,-764.0,186.0,1715.0,-1580.0,-1920.0,0
61.0,-719.0,-80.0,1914.0,-1105.0,-2215.0,0
28.0,-651.0,-292.0,1355.0,-77.0,-2231.0,0
-69.0,-685.0,-385.0,334.0,892.0,-2010.0,0
-241.0,-689.0,-362.0,-1319.0,1219.0,-1574.0,0
-359.0,-730.0,-279.0,-2768.0,972.0,-826.0,0
-294.0,-744.0,-122.0,-3597.0,268.0,-76.0,0
-195.0,-762.0,-3.0,-3499.0,-681.0,690.0,0
-115.0,-744.0,77.0,-2528.0,-1615.0,1070.0,0
-57.0,-684.0,109.0,-1008.0,-2277.0,1153.0,0
-17.0,-599.0,116.0,696.0,-2564.0,1129.0,0
11.0,-513.0,106.0,2226.0,-2521.0,1119.0,0
37.0,-430.0,102.0,3319.0,-2298.0,1144.0,0
62.0,-343.0,100.0,3865.0,-2029.0,1215.0,0
87.0,-270.0,91.0,3859.0,-1787.0,1301.0,0
95.0,-217.0,67.0,3311.0,-1601.0,1340.0,0
85.0,-164.0,54.0,2277.0,-1494.0,1324.0,0
70.0,-173.0,50.0,916.0,-1470.0,1311.0,0
54.0,-231.0,52.0,-550.0,-1496.0,1335.0,0
54.0,-313.0,95.0,-1865.0,-1518.0,1371.0,0
34.0,-387.0,125.0,-2784.0,-1534.0,1359.0,0
31.0,-429.0,127.0,-3240.0,-1560.0,1310.0,0
6.0,-451.0,111.0,-3327.0,-1583.0,1253.0,0
-6.0,-444.0,89.0,-3165.0,-1561.0,1227.0,0
-6.0,-419.0,51.0,-2854.0,-1497.0,1223.0,0
-1.0,-389.0,0.0,-2506.0,-1384.0,1214.0,0
6.0,-367.0,-29.0,-2166.0,-1216.0,1196.0,0
15.0,-336.0,-58.0,-1820.0,-1015.0,1163.0,0
9.0,-315.0,-78.0,-1452.0,-840.0,1096.0,0
17.0,-292.0,-84.0,-1065.0,-731.0,998.0,0
32.0,-258.0,-77.0,-635.0,-719.0,833.0,0
24.0,-223.0,-79.0,-169.0,-774.0,577.0,0
28.0,-183.0,-86.0,269.0,-783.0,340.0,0
16.0,-146.0,-80.0,650.0,-714.0,159.0,0
3.0,-114.0,-81.0,961.0,-606.0,-34.0,0
4.0,-38.0,-53.0,1162.0,-471.0,-228.0,0
12.0,21.0,-51.0,1400.0,-368.0,-382.0,0
28.0,102.0,-37.0,1614.0,-310.0,-490.0,0
36.0,167.0,-46.0,1811.0,-275.0,-543.0,0
37.0,212.0,-73.0,1965.0,-251.0,-593.0,0
18.0,230.0,-106.0,1990.0,-215.0,-624.0,0
-12.0,224.0,-140.0,1773.0,-166.0,-656.0,0
-45.0,195.0,-163.0,1290.0,-124.0,-645.0,0
-58.0,137.0,-164.0,616.0,-112.0,-582.0,0
-48.0,78.0,-146.0,-102.0,-122.0,-517.0,0
-45.0,29.0,-113.0,-675.0,-128.0,-491.0,0
-33.0,-18.0,-91.0,-975.0,-129.0,-488.0,0
-19.0,-59.0,-77.0,-1000.0,-135.0,-489.0,0
-1.0,-87.0,-72.0,-837.0,-158.0,-500.0,0
11.0,-106.0,-71.0,-580.0,-196.0,-539.0,0
26.0,-110.0,-73.0,-291.0,-233.0,-608.0,0
38.0,-102.0,-70.0,2.0,-257.0,-684.0,0
43.0,-95.0,-74.0,277.0,-262.0,-740.0,0
53.0,-86.0,-71.0,521.0,-246.0,-760.0,0
54.0,-71.0,-75.0,733.0,-209.0,-757.0,0
47.0,-53.0,-75.0,901.0,-161.0,-733.0,0
36.0,-34.0,-64.0,1010.0,-114.0,-680.0,0
18.0,-20.0,-68.0,1070.0,-76.0,-625.0,0
-5.0,-5.0,-88.0,1095.0,-67.0,-577.0,0
-28.0,11.0,-162.0,1054.0,-101.0,-533.0,0
-58.0,21.0,-283.0,870.0,-198.0,-482.0,0
-110.0,22.0,-391.0,520.0,-334.0,-417.0,0
-157.0,25.0,-472.0,-13.0,-398.0,-295.0,0
-195.0,3.0,-596.0,-732.0,-362.0,-60.0,0
-199.0,-83.0,-619.0,-1597.0,-380.0,261.0,0
-106.0,-250.0,-389.0,-2283.0,-447.0,643.0,0
-37.0,-435.0,-83.0,-2428.0,-458.0,1055.0,0
-46.0,-584.0,196.0,-2246.0,-385.0,1389.0,0
-86.0,-681.0,372.0,-1799.0,-399.0,1564.0,0
-121.0,-711.0,341.0,-1102.0,-563.0,1630.0,0
-127.0,-732.0,198.0,-319.0,-698.0,1728.0,0
-111.0,-724.0,13.0,248.0,-802.0,1810.0,0
-90.0,-706.0,-178.0,300.0,-1076.0,1681.0,0
-40.0,-744.0,-338.0,-234.0,-1512.0,1328.0,0
63.0,-806.0,-337.0,-1043.0,-1784.0,828.0,0
154.0,-896.0,-276.0,-1675.0,-1536.0,167.0,0
147.0,-921.0,-160.0,-1843.0,-758.0,-647.0,0
74.0,-861.0,-31.0,-1390.0,247.0,-1431.0,0
21.0,-797.0,50.0,-335.0,1056.0,-1894.0,0
0.0,-726.0,94.0,992.0,1488.0,-2055.0,0
7.0,-660.0,105.0,2222.0,1629.0,-2008.0,0
27.0,-581.0,97.0,3069.0,1558.0,-1881.0,0
50.0,-499.0,72.0,3399.0,1363.0,-1752.0,0
65.0,-410.0,54.0,3241.0,1183.0,-1626.0,0
61.0,-303.0,47.0,2688.0,1110.0,-1522.0,0
49.0,-214.0,45.0,1865.0,1146.0,-1394.0,0
33.0,-157.0,48.0,914.0,1240.0,-1191.0,0
31.0,-145.0,47.0,-29.0,1381.0,-941.0,0
63.0,-180.0,48.0,-873.0,1556.0,-713.0,0
77.0,-224.0,47.0,-1574.0,1722.0,-561.0,0
94.0,-262.0,43.0,-2080.0,1875.0,-445.0,0
106.0,-285.0,42.0,-2359.0,2000.0,-328.0,0
107.0,-307.0,39.0,-2400.0,2085.0,-211.0,0
98.0,-306.0,26.0,-2209.0,2134.0,-130.0,0
83.0,-290.0,1.0,-1868.0,2137.0,-114.0,0
57.0,-261.0,-21.0,-1468.0,2107.0,-146.0,0
23.0,-226.0,-36.0,-1059.0,2073.0,-190.0,0
-14.0,-190.0,-54.0,-736.0,2035.0,-217.0,0
-46.0,-151.0,-70.0,-362.0,1962.0,-215.0,0
-75.0,-114.0,-81.0,-47.0,1864.0,-167.0,0
-81.0,-79.0,-86.0,213.0,1706.0,-97.0,0
-80.0,-46.0,-81.0,447.0,1539.0,-13.0,0
-80.0,-14.0,-81.0,699.0,1420.0,57.0,0
-72.0,1.0,-85.0,951.0,1323.0,121.0,0
-63.0,19.0,-80.0,1159.0,1211.0,181.0,0
-59.0,31.0,-84.0,1324.0,1072.0,220.0,0
-42.0,36.0,-85.0,1416.0,915.0,260.0,0
-28.0,42.0,-101.0,1427.0,756.0,311.0,0
-11.0,35.0,-123.0,1345.0,590.0,369.0,0
6.0,26.0,-132.0,1149.0,417.0,409.0,0
26.0,8.0,-135.0,843.0,250.0,415.0,0
49.0,-16.0,-123.0,489.0,119.0,386.0,0
61.0,-33.0,-104.0,186.0,47.0,338.0,0
66.0,-54.0,-89.0,4.0,41.0,280.0,0
70.0,-61.0,-87.0,-55.0,85.0,222.0,0
67.0,-64.0,-81.0,-27.0,168.0,156.0,0
60.0,-63.0,-81.0,48.0,280.0,108.0,0
46.0,-54.0,-77.0,138.0,387.0,101.0,0
30.0,-45.0,-67.0,244.0,463.0,138.0,0
6.0,-28.0,-60.0,377.0,495.0,213.0,0
-16.0,-21.0,-51.0,536.0,489.0,301.0,0
-36.0,-13.0,-43.0,707.0,452.0,390.0,0
-49.0,-5.0,-46.0,858.0,397.0,470.0,0
-51.0,-6.0,-76.0,934.0,335.0,527.0,0
-37.0,-3.0,-174.0,886.0,288.0,556.0,0
-7.0,-3.0,-254.0,662.0,320.0,563.0,0
24.0,-15.0,-279.0,344.0,435.0,571.0,0
77.0,-44.0,-302.0,50.0,637.0,591.0,0
152.0,-85.0,-360.0,-206.0,947.0,544.0,0
200.0,-151.0,-355.0,-747.0,1185.0,344.0,0
195.0,-253.0,-204.0,-1491.0,1056.0,10.0,0
125.0,-439.0,48.0,-2021.0,375.0,-296.0,0
80.0,-596.0,195.0,-2051.0,-452.0,-632.0,0
95.0,-731.0,312.0,-1663.0,-869.0,-872.0,0
139.0,-826.0,381.0,-1013.0,-875.0,-1071.0,0
151.0,-864.0,309.0,-232.0,-751.0,-1334.0,0
94.0,-824.0,56.0,418.0,-543.0,-1623.0,0
-7.0,-762.0,-231.0,499.0,-58.0,-1728.0,0
-134.0,-751.0,-398.0,-116.0,592.0,-1514.0,0
-253.0,-775.0,-430.0,-1082.0,1019.0,-985.0,0
-279.0,-782.0,-363.0,-1844.0,965.0,-245.0,0
-197.0,-745.0,-239.0,-1982.0,532.0,496.0,0
-126.0,-701.0,-130.0,-1356.0,-27.0,999.0,0
-89.0,-652.0,-20.0,-205.0,-484.0,1251.0,0
-63.0,-583.0,61.0,1180.0,-797.0,1328.0,0
-49.0,-502.0,107.0,2490.0,-969.0,1308.0,0
-26.0,-419.0,123.0,3423.0,-1009.0,1266.0,0
13.0,-329.0,120.0,3833.0,-959.0,1249.0,0
59.0,-265.0,108.0,3696.0,-874.0,1233.0,0
87.0,-201.0,100.0,3058.0,-833.0,1156.0,0
82.0,-153.0,64.0,2047.0,-855.0,1044.0,0
62.0,-165.0,37.0,824.0,-917.0,1027.0,0
56.0,-237.0,43.0,-475.0,-986.0,1138.0,0
37.0,-333.0,77.0,-1649.0,-1050.0,1255.0,0
0.0,-426.0,117.0,-2464.0,-1121.0,1278.0,0
-39.0,-489.0,122.0,-2851.0,-1199.0,1263.0,0
-65.0,-518.0,110.0,-2878.0,-1256.0,1249.0,0
-89.0,-529.0,49.0,-2654.0,-1244.0,1265.0,0
-107.0,-512.0,-3.0,-2224.0,-1216.0,1249.0,0
-82.0,-464.0,-51.0,-1776.0,-1192.0,1205.0,0
-93.0,-415.0,-78.0,-1188.0,-1118.0,1181.0,0
-88.0,-358.0,-83.0,-619.0,-986.0,1142.0,0
-76.0,-292.0,-77.0,-95.0,-890.0,1056.0,0
-63.0,-228.0,-65.0,370.0,-865.0,928.0,0
-53.0,-165.0,-63.0,746.0,-886.0,756.0,0
-41.0,-113.0,-68.0,1020.0,-932.0,535.0,0
-22.0,-73.0,-68.0,1195.0,-978.0,286.0,0
-8.0,-45.0,-81.0,1304.0,-1012.0,23.0,0
1.0,16.0,-76.0,1365.0,-1003.0,-204.0,0
32.0,83.0,-62.0,1432.0,-997.0,-330.0,0
75.0,144.0,-56.0,1541.0,-998.0,-372.0,0
98.0,158.0,-73.0,1713.0,-991.0,-392.0,0
104.0,172.0,-117.0,1851.0,-942.0,-445.0,0
92.0,156.0,-140.0,1811.0,-834.0,-528.0,0
82.0,162.0,-156.0,1525.0,-674.0,-616.0,0
48.0,147.0,-154.0,1047.0,-500.0,-674.0,0
15.0,101.0,-143.0,441.0,-346.0,-667.0,0
3.0,50.0,-113.0,-196.0,-226.0,-605.0,0
-13.0,9.0,-73.0,-716.0,-161.0,-526.0,0
-12.0,-28.0,-51.0,-1019.0,-151.0,-466.0,0
-12.0,-54.0,-40.0,-1093.0,-174.0,-430.0,0
-15.0,-68.0,-43.0,-971.0,-200.0,-404.0,0
-23.0,-75.0,-74.0,-705.0,-213.0,-389.0,0
-34.0,-79.0,-84.0,-388.0,-221.0,-406.0,0
-37.0,-64.0,-116.0,-93.0,-241.0,-462.0,0
-28.0,-67.0,-135.0,129.0,-278.0,-538.0,0
-5.0,-54.0,-122.0,250.0,-336.0,-612.0,0
7.0,-49.0,-118.0,281.0,-397.0,-667.0,0
17.0,-53.0,-109.0,260.0,-434.0,-697.0,0
30.0,-49.0,-90.0,227.0,-438.0,-711.0,0
37.0,-50.0,-79.0,204.0,-391.0,-708.0,0
47.0,-62.0,-62.0,211.0,-315.0,-674.0,0
49.0,-65.0,-40.0,250.0,-182.0,-634.0,0
41.0,-76.0,-34.0,343.0,-13.0,-592.0,0
36.0,-90.0,-89.0,482.0,159.0,-546.0,0
27.0,-107.0,-162.0,592.0,278.0,-496.0,0
8.0,-130.0,-244.0,643.0,315.0,-456.0,0
-21.0,-144.0,-321.0,609.0,310.0,-396.0,0
-24.0,-158.0,-369.0,422.0,401.0,-245.0,0
-13.0,-168.0,-488.0,-5.0,597.0,-3.0,0
41.0,-220.0,-541.0,-788.0,757.0,256.0,0
102.0,-369.0,-337.0,-1720.0,869.0,537.0,0
88.0,-544.0,-9.0,-2283.0,943.0,830.0,0
38.0,-726.0,283.0,-2300.0,808.0,1046.0,0
-43.0,-848.0,449.0,-1766.0,342.0,1127.0,0
-105.0,-876.0,391.0,-777.0,-251.0,1201.0,0
-88.0,-845.0,108.0,270.0,-542.0,1356.0,0
-62.0,-838.0,-248.0,821.0,-560.0,1432.0,0
-30.0,-877.0,-367.0,634.0,-551.0,1251.0,0
-21.0,-865.0,-278.0,98.0,-479.0,729.0,0
-65.0,-782.0,-116.0,-180.0,-169.0,-110.0,0
-83.0,-709.0,9.0,114.0,327.0,-794.0,0
-108.0,-634.0,84.0,779.0,755.0,-1142.0,0
-109.0,-551.0,119.0,1514.0,979.0,-1313.0,0
-133.0,-482.0,151.0,2076.0,1027.0,-1434.0,0
-134.0,-396.0,155.0,2337.0,950.0,-1526.0,0
-153.0,-312.0,159.0,2279.0,762.0,-1602.0,0
-150.0,-242.0,145.0,1945.0,516.0,-1653.0,0
-133.0,-172.0,116.0,1419.0,294.0,-1669.0,0
-107.0,-136.0,80.0,775.0,209.0,-1678.0,0
-85.0,-145.0,38.0,185.0,282.0,-1696.0,0
-60.0,-194.0,45.0,-641.0,433.0,-1687.0,0
0.0,-249.0,70.0,-1417.0,579.0,-1634.0,0
55.0,-305.0,74.0,-2000.0,791.0,-1574.0,0
110.0,-366.0,92.0,-2375.0,1043.0,-1462.0,0
146.0,-410.0,108.0,-2559.0,1286.0,-1305.0,0
200.0,-448.0,113.0,-2580.0,1472.0,-1123.0,0
233.0,-464.0,114.0,-2512.0,1559.0,-966.0,0
241.0,-446.0,112.0,-2375.0,1572.0,-838.0,0
257.0,-420.0,75.0,-2169.0,1565.0,-689.0,0
245.0,-382.0,42.0,-1901.0,1566.0,-520.0,0
253.0,-330.0,2.0,-1588.0,1602.0,-361.0,0
230.0,-267.0,-14.0,-1197.0,1677.0,-237.0,0
165.0,-218.0,-22.0,-735.0,1765.0,-133.0,0
152.0,-151.0,-47.0,-252.0,1862.0,-21.0,0
123.0,-110.0,-58.0,194.0,1946.0,102.0,0
121.0,-78.0,-78.0,600.0,1992.0,244.0,0
119.0,-38.0,-84.0,1016.0,1990.0,364.0,0
117.0,13.0,-93.0,1459.0,1968.0,363.0,0
73.0,57.0,-116.0,1867.0,1926.0,224.0,0
-3.0,122.0,-117.0,2155.0,1817.0,87.0,0
-89.0,182.0,-127.0,2309.0,1608.0,97.0,0
-140.0,202.0,-160.0,2262.0,1301.0,265.0,0
-171.0,211.0,-180.0,1901.0,930.0,491.0,0
-185.0,188.0,-176.0,1269.0,555.0,681.0,0
-191.0,136.0,-158.0,467.0,239.0,800.0,0
-128.0,54.0,-125.0,-405.0,19.0,874.0,0
-85.0,-13.0,-97.0,-1156.0,-114.0,842.0,0
-65.0,-63.0,-44.0,-1618.0,-109.0,732.0,0
-53.0,-115.0,-16.0,-1712.0,8.0,612.0,0
-47.0,-145.0,-4.0,-1544.0,168.0,496.0,0
-21.0,-152.0,-5.0,-1159.0,323.0,391.0,0
-14.0,-143.0,-17.0,-683.0,427.0,300.0,0
15.0,-119.0,-38.0,-195.0,532.0,247.0,0
17.0,-88.0,-77.0,239.0,616.0,220.0,0
27.0,-60.0,-89.0,571.0,701.0,238.0,0
24.0,-33.0,-101.0,778.0,789.0,284.0,0
20.0,-6.0,-102.0,857.0,860.0,330.0,0
9.0,6.0,-91.0,810.0,893.0,361.0,0
-6.0,26.0,-68.0,672.0,873.0,389.0,0
-16.0,28.0,-44.0,475.0,786.0,420.0,0
-45.0,21.0,-19.0,261.0,617.0,457.0,0
-57.0,14.0,-3.0,61.0,394.0,488.0,0
-73.0,9.0,-51.0,-80.0,169.0,498.0,0
-38.0,11.0,-187.0,-201.0,26.0,501.0,0
12.0,15.0,-300.0,-419.0,77.0,494.0,0
90.0,1.0,-497.0,-815.0,426.0,479.0,0
176.0,-50.0,-731.0,-1360.0,1150.0,444.0,0
235.0,-174.0,-805.0,-2023.0,2088.0,305.0,0
271.0,-385.0,-477.0,-2862.0,2473.0,-111.0,0
186.0,-623.0,-20.0,-3457.0,1649.0,-896.0,0
144.0,-789.0,294.0,-3277.0,182.0,-1687.0,0
188.0,-893.0,472.0,-2452.0,-874.0,-2127.0,0
198.0,-963.0,506.0,-1259.0,-1262.0,-2290.0,0
142.0,-1000.0,362.0,128.0,-1270.0,-2387.0,0
129.0,-960.0,-14.0,1241.0,-895.0,-2417.0,0
77.0,-907.0,-361.0,1436.0,-68.0,-2399.0,0
-41.0,-911.0,-525.0,581.0,821.0,-2144.0,0
-270.0,-894.0,-510.0,-851.0,1248.0,-1535.0,0
-418.0,-881.0,-423.0,-2025.0,1018.0,-460.0,0
-365.0,-834.0,-227.0,-2405.0,267.0,727.0,0
-291.0,-786.0,-58.0,-1975.0,-788.0,1422.0,0
-228.0,-714.0,62.0,-722.0,-1604.0,1592.0,0
-152.0,-592.0,132.0,912.0,-2322.0,1482.0,0
-115.0,-492.0,134.0,2482.0,-2626.0,1255.0,0
-55.0,-392.0,123.0,3638.0,-2578.0,1105.0,0
14.0,-304.0,107.0,4182.0,-2322.0,1071.0,0
66.0,-217.0,63.0,4114.0,-2020.0,1094.0,0
100.0,-162.0,47.0,3525.0,-1781.0,1119.0,0
107.0,-125.0,13.0,2518.0,-1648.0,1110.0,0
108.0,-113.0,-3.0,1279.0,-1616.0,1114.0,0
111.0,-138.0,-10.0,48.0,-1630.0,1158.0,0
118.0,-206.0,11.0,-978.0,-1630.0,1215.0,0
117.0,-268.0,48.0,-1686.0,-1628.0,1233.0,0
111.0,-311.0,75.0,-2039.0,-1624.0,1231.0,0
80.0,-340.0,91.0,-2058.0,-1620.0,1245.0,0
68.0,-340.0,92.0,-1858.0,-1603.0,1305.0,0
39.0,-339.0,82.0,-1578.0,-1590.0,1376.0,0
21.0,-320.0,73.0,-1300.0,-1568.0,1435.0,0
6.0,-289.0,51.0,-1073.0,-1529.0,1459.0,0
-1.0,-267.0,17.0,-907.0,-1451.0,1439.0,0
-2.0,-242.0,-10.0,-798.0,-1300.0,1332.0,0
7.0,-223.0,-43.0,-705.0,-1069.0,1138.0,0
6.0,-217.0,-68.0,-617.0,-783.0,880.0,0
-8.0,-206.0,-90.0,-531.0,-479.0,576.0,0
-30.0,-212.0,-117.0,-445.0,-200.0,250.0,0
-28.0,-187.0,-117.0,-342.0,9.0,-61.0,0
-41.0,-168.0,-116.0,-145.0,86.0,-351.0,0
-32.0,-129.0,-116.0,145.0,71.0,-597.0,0
-22.0,-76.0,-106.0,533.0,-18.0,-768.0,0
5.0,-3.0,-90.0,997.0,-147.0,-852.0,0
27.0,59.0,-100.0,1393.0,-262.0,-896.0,0
55.0,116.0,-95.0,1834.0,-312.0,-945.0,0
59.0,151.0,-105.0,2111.0,-307.0,-1023.0,0
43.0,189.0,-104.0,2146.0,-243.0,-1114.0,0
20.0,197.0,-110.0,1916.0,-152.0,-1176.0,0
4.0,202.0,-100.0,1426.0,-73.0,-1134.0,0
-11.0,156.0,-75.0,775.0,-42.0,-986.0,0
-12.0,112.0,-44.0,76.0,-55.0,-830.0,0
-18.0,63.0,-20.0,-490.0,-94.0,-729.0,0
-25.0,18.0,-5.0,-804.0,-120.0,-653.0,0
-24.0,-29.0,-11.0,-831.0,-113.0,-592.0,0
-27.0,-54.0,-32.0,-650.0,-78.0,-563.0,0
-27.0,-68.0,-60.0,-364.0,-44.0,-574.0,0
-21.0,-77.0,-85.0,-66.0,-42.0,-621.0,0
-14.0,-80.0,-102.0,178.0,-85.0,-672.0,0
-5.0,-73.0,-111.0,336.0,-170.0,-722.0,0
0.0,-62.0,-126.0,413.0,-274.0,-752.0,0
6.0,-52.0,-125.0,441.0,-365.0,-750.0,0
10.0,-41.0,-115.0,450.0,-408.0,-717.0,0
9.0,-39.0,-101.0,460.0,-392.0,-658.0,0
0.0,-38.0,-87.0,482.0,-328.0,-588.0,0
-10.0,-39.0,-99.0,526.0,-241.0,-516.0,0
-29.0,-27.0,-153.0,562.0,-186.0,-441.0,0
-56.0,-20.0,-248.0,488.0,-239.0,-373.0,0
-101.0,-24.0,-336.0,233.0,-375.0,-306.0,0
-161.0,-29.0,-404.0,-215.0,-454.0,-176.0,0
-191.0,-50.0,-544.0,-876.0,-457.0,74.0,0
-163.0,-127.0,-635.0,-1798.0,-483.0,398.0,0
-51.0,-311.0,-458.0,-2645.0,-461.0,816.0,0
43.0,-564.0,-56.0,-2882.0,-370.0,1229.0,0
28.0,-743.0,290.0,-2574.0,-188.0,1524.0,0
-7.0,-838.0,489.0,-2009.0,-166.0,1633.0,0
-30.0,-852.0,366.0,-925.0,-537.0,1595.0,0
-47.0,-793.0,83.0,209.0,-888.0,1542.0,0
-36.0,-752.0,-209.0,861.0,-1152.0,1564.0,0
20.0,-786.0,-384.0,702.0,-1251.0,1624.0,0
115.0,-870.0,-411.0,-64.0,-1306.0,1534.0,0
228.0,-964.0,-373.0,-895.0,-1298.0,1085.0,0
192.0,-960.0,-264.0,-1372.0,-944.0,230.0,0
71.0,-873.0,-118.0,-1136.0,-98.0,-704.0,0
-24.0,-783.0,-3.0,-137.0,765.0,-1277.0,0
-92.0,-694.0,59.0,1195.0,1240.0,-1512.0,0
-129.0,-607.0,97.0,2416.0,1311.0,-1581.0,0
-138.0,-524.0,108.0,3257.0,1138.0,-1609.0,0
-141.0,-440.0,101.0,3627.0,848.0,-1671.0,0
-146.0,-348.0,87.0,3554.0,510.0,-1780.0,0
-169.0,-253.0,72.0,3118.0,199.0,-1865.0,0
-182.0,-176.0,57.0,2423.0,-8.0,-1854.0,0
-184.0,-127.0,41.0,1566.0,-66.0,-1740.0,0
-166.0,-151.0,38.0,631.0,13.0,-1572.0,0
-101.0,-220.0,51.0,-278.0,162.0,-1446.0,0
-62.0,-286.0,79.0,-1051.0,309.0,-1393.0,0
-6.0,-357.0,100.0,-1569.0,467.0,-1337.0,0
37.0,-395.0,108.0,-1815.0,609.0,-1279.0,0
77.0,-423.0,103.0,-1838.0,709.0,-1224.0,0
99.0,-424.0,91.0,-1720.0,761.0,-1177.0,0
122.0,-402.0,86.0,-1507.0,781.0,-1137.0,0
134.0,-376.0,75.0,-1208.0,790.0,-1086.0,0
147.0,-341.0,51.0,-885.0,782.0,-998.0,0
160.0,-309.0,33.0,-593.0,771.0,-880.0,0
169.0,-271.0,12.0,-339.0,785.0,-747.0,0
159.0,-227.0,-4.0,-83.0,845.0,-624.0,0
139.0,-183.0,-23.0,141.0,951.0,-528.0,0
103.0,-141.0,-41.0,440.0,1044.0,-446.0,0
74.0,-104.0,-55.0,735.0,1127.0,-354.0,0
57.0,-62.0,-58.0,1013.0,1138.0,-276.0,0
57.0,-33.0,-54.0,1304.0,1099.0,-196.0,0
46.0,26.0,-54.0,1615.0,1051.0,-169.0,0
16.0,77.0,-45.0,1943.0,999.0,-182.0,0
-15.0,114.0,-49.0,2283.0,926.0,-163.0,0
-29.0,148.0,-79.0,2576.0,846.0,-64.0,0
-38.0,154.0,-113.0,2696.0,765.0,125.0,0
-33.0,155.0,-143.0,2543.0,688.0,341.0,0
-14.0,140.0,-161.0,2099.0,600.0,512.0,0
-16.0,117.0,-170.0,1445.0,506.0,591.0,0
2.0,55.0,-163.0,678.0,436.0,579.0,0
8.0,2.0,-142.0,-121.0,404.0,524.0,0
14.0,-44.0,-108.0,-767.0,418.0,471.0,0
15.0,-71.0,-82.0,-1143.0,454.0,425.0,0
22.0,-92.0,-70.0,-1234.0,476.0,377.0,0
28.0,-101.0,-67.0,-1100.0,468.0,337.0,0
37.0,-95.0,-75.0,-802.0,440.0,317.0,0
41.0,-88.0,-89.0,-401.0,418.0,333.0,0
38.0,-68.0,-107.0,23.0,431.0,374.0,0
36.0,-53.0,-112.0,414.0,475.0,422.0,0
22.0,-34.0,-111.0,733.0,532.0,463.0,0
0.0,-14.0,-99.0,961.0,567.0,491.0,0
-24.0,3.0,-80.0,1073.0,560.0,514.0,0
-51.0,8.0,-60.0,1055.0,506.0,518.0,0
-69.0,10.0,-26.0,941.0,416.0,522.0,0
-85.0,5.0,-8.0,771.0,283.0,513.0,0
-99.0,-14.0,-25.0,574.0,112.0,480.0,0
-95.0,-36.0,-75.0,344.0,-50.0,437.0,0
-77.0,-64.0,-135.0,123.0,-163.0,378.0,0
-49.0,-104.0,-139.0,-143.0,-220.0,284.0,0
-11.0,-146.0,-277.0,-343.0,-187.0,157.0,0
11.0,-185.0,-546.0,-723.0,75.0,44.0,0
-12.0,-256.0,-650.0,-1647.0,460.0,-149.0,0
-86.0,-435.0,-378.0,-3040.0,480.0,-507.0,0
-184.0,-653.0,52.0,-4068.0,-81.0,-1059.0,0
-177.0,-834.0,285.0,-4019.0,-642.0,-1480.0,0
-85.0,-952.0,384.0,-3176.0,-771.0,-1492.0,0
58.0,-990.0,404.0,-1903.0,-634.0,-1372.0,0
110.0,-955.0,200.0,-486.0,-521.0,-1528.0,0
153.0,-880.0,-124.0,464.0,-424.0,-1844.0,0
183.0,-777.0,-313.0,568.0,-263.0,-2096.0,0
107.0,-674.0,-276.0,159.0,-208.0,-2113.0,0
57.0,-600.0,-219.0,-117.0,-432.0,-1686.0,0
57.0,-540.0,-177.0,51.0,-738.0,-922.0,0
58.0,-484.0,-112.0,598.0,-926.0,-211.0,0
37.0,-433.0,-21.0,1320.0,-1032.0,310.0,0
13.0,-386.0,81.0,2052.0,-1153.0,710.0,0
-9.0,-336.0,136.0,2663.0,-1295.0,1024.0,0
-28.0,-294.0,164.0,3003.0,-1419.0,1255.0,0
-27.0,-258.0,160.0,2952.0,-1481.0,1428.0,0
-20.0,-242.0,138.0,2492.0,-1459.0,1557.0,0
-19.0,-234.0,113.0,1704.0,-1361.0,1631.0,0
-26.0,-236.0,92.0,731.0,-1233.0,1637.0,0
-35.0,-266.0,74.0,-277.0,-1130.0,1591.0,0
-41.0,-322.0,74.0,-1201.0,-1090.0,1513.0,0
-50.0,-385.0,94.0,-1917.0,-1120.0,1413.0,0
-42.0,-446.0,106.0,-2313.0,-1210.0,1294.0,0
-42.0,-483.0,105.0,-2377.0,-1336.0,1163.0,0
-47.0,-512.0,97.0,-2227.0,-1458.0,1020.0,0
-61.0,-516.0,81.0,-1862.0,-1528.0,872.0,0
-76.0,-490.0,43.0,-1400.0,-1561.0,727.0,0
-76.0,-453.0,16.0,-925.0,-1520.0,641.0,0
-86.0,-423.0,2.0,-496.0,-1408.0,572.0,0
-98.0,-383.0,-12.0,-145.0,-1261.0,517.0,0
-105.0,-347.0,-25.0,104.0,-1113.0,463.0,0
-118.0,-313.0,-27.0,270.0,-985.0,389.0,0
-113.0,-268.0,-27.0,401.0,-902.0,279.0,0
-100.0,-230.0,-24.0,530.0,-863.0,175.0,0
-86.0,-206.0,-20.0,715.0,-885.0,76.0,0
-78.0,-176.0,-31.0,941.0,-975.0,-19.0,0
-55.0,-146.0,-43.0,1173.0,-1078.0,-93.0,0
-45.0,-103.0,-62.0,1417.0,-1165.0,-188.0,0
-43.0,-44.0,-71.0,1677.0,-1221.0,-292.0,0
-14.0,2.0,-87.0,1929.0,-1277.0,-329.0,0
11.0,63.0,-84.0,2160.0,-1356.0,-301.0,0
43.0,101.0,-120.0,2374.0,-1422.0,-246.0,0
66.0,140.0,-137.0,2497.0,-1414.0,-231.0,0
74.0,157.0,-164.0,2433.0,-1325.0,-291.0,0
80.0,174.0,-175.0,2126.0,-1181.0,-406.0,0
67.0,187.0,-180.0,1645.0,-1017.0,-516.0,0
61.0,175.0,-183.0,1054.0,-854.0,-580.0,0
59.0,125.0,-170.0,394.0,-697.0,-609.0,0
50.0,73.0,-145.0,-300.0,-531.0,-641.0,0
51.0,31.0,-107.0,-908.0,-360.0,-660.0,0
53.0,-16.0,-74.0,-1318.0,-201.0,-675.0,0
50.0,-55.0,-44.0,-1493.0,-70.0,-692.0,0
46.0,-86.0,-26.0,-1451.0,26.0,-710.0,0
35.0,-105.0,-10.0,-1238.0,83.0,-727.0,0
29.0,-120.0,7.0,-973.0,92.0,-749.0,0
28.0,-126.0,12.0,-545.0,52.0,-780.0,0
19.0,-123.0,11.0,-70.0,-10.0,-808.0,0
12.0,-114.0,-1.0,402.0,-101.0,-818.0,0
8.0,-100.0,-18.0,826.0,-192.0,-809.0,0
7.0,-77.0,-43.0,1171.0,-269.0,-779.0,0
2.0,-56.0,-80.0,1410.0,-329.0,-735.0,0
-8.0,-40.0,-146.0,1518.0,-395.0,-696.0,0
-38.0,-26.0,-251.0,1439.0,-485.0,-666.0,0
-80.0,-17.0,-307.0,1132.0,-576.0,-620.0,0
-160.0,-32.0,-362.0,584.0,-610.0,-526.0,0
-197.0,-61.0,-451.0,-209.0,-609.0,-310.0,0
-191.0,-111.0,-586.0,-1267.0,-646.0,16.0,0
-149.0,-238.0,-562.0,-2681.0,-667.0,431.0,0
-78.0,-443.0,-307.0,-4131.0,-492.0,962.0,0
-31.0,-689.0,19.0,-4917.0,-115.0,1504.0,0
-5.0,-913.0,366.0,-4772.0,281.0,1898.0,0
-3.0,-1057.0,582.0,-3573.0,443.0,2086.0,0
-44.0,-1094.0,511.0,-1496.0,66.0,2054.0,0
-49.0,-1022.0,151.0,630.0,-634.0,1929.0,0
1.0,-876.0,-203.0,1673.0,-1309.0,1816.0,0
88.0,-785.0,-390.0,1453.0,-1744.0,1726.0,0
234.0,-793.0,-404.0,548.0,-1890.0,1472.0,0
287.0,-783.0,-311.0,-297.0,-1655.0,812.0,0
134.0,-686.0,-166.0,-544.0,-938.0,-109.0,0
-4.0,-608.0,-65.0,-63.0,-4.0,-797.0,0
-109.0,-530.0,22.0,859.0,676.0,-1184.0,0
-168.0,-444.0,76.0,1894.0,935.0,-1373.0,0
-190.0,-365.0,91.0,2693.0,856.0,-1457.0,0
-182.0,-277.0,84.0,3002.0,563.0,-1527.0,0
-186.0,-219.0,72.0,2844.0,177.0,-1615.0,0
-204.0,-165.0,64.0,2236.0,-168.0,-1717.0,0
-231.0,-137.0,55.0,1368.0,-355.0,-1763.0,0
-256.0,-131.0,56.0,421.0,-496.0,-1710.0,0
-276.0,-158.0,67.0,-476.0,-599.0,-1562.0,0
-278.0,-228.0,82.0,-1223.0,-682.0,-1383.0,0
-202.0,-320.0,89.0,-1739.0,-742.0,-1180.0,0
-136.0,-392.0,90.0,-2039.0,-809.0,-1038.0,0
-82.0,-440.0,86.0,-2153.0,-836.0,-988.0,0
-34.0,-463.0,77.0,-2128.0,-800.0,-990.0,0
12.0,-467.0,64.0,-2013.0,-721.0,-994.0,0
56.0,-462.0,42.0,-1870.0,-634.0,-988.0,0
86.0,-437.0,31.0,-1727.0,-561.0,-982.0,0
108.0,-396.0,21.0,-1566.0,-510.0,-974.0,0
125.0,-361.0,18.0,-1370.0,-466.0,-939.0,0
137.0,-328.0,13.0,-1157.0,-421.0,-866.0,0
148.0,-304.0,16.0,-964.0,-369.0,-757.0,0
165.0,-283.0,12.0,-818.0,-317.0,-610.0,0
181.0,-264.0,9.0,-711.0,-287.0,-442.0,0
176.0,-222.0,15.0,-582.0,-282.0,-274.0,0
153.0,-182.0,6.0,-345.0,-291.0,-145.0,0
132.0,-140.0,-14.0,37.0,-274.0,-69.0,0
108.0,-109.0,-31.0,501.0,-220.0,-15.0,0
124.0,-79.0,-48.0,979.0,-147.0,49.0,0
122.0,-33.0,-47.0,1464.0,-72.0,31.0,0
111.0,35.0,-53.0,2001.0,13.0,-118.0,0
61.0,125.0,-50.0,2542.0,75.0,-333.0,0
7.0,203.0,-63.0,3017.0,81.0,-431.0,0
-29.0,262.0,-91.0,3304.0,20.0,-331.0,0
-36.0,284.0,-151.0,3320.0,-69.0,-82.0,0
-14.0,288.0,-185.0,2943.0,-163.0,160.0,0
-1.0,278.0,-213.0,2397.0,-257.0,288.0,0
-7.0,251.0,-235.0,1507.0,-314.0,317.0,0
0.0,180.0,-237.0,487.0,-298.0,327.0,0
7.0,122.0,-216.0,-559.0,-232.0,337.0,0
3.0,41.0,-176.0,-1440.0,-165.0,326.0,0
-8.0,-14.0,-148.0,-2036.0,-105.0,296.0,0
-12.0,-64.0,-121.0,-2323.0,-49.0,277.0,0
-19.0,-120.0,-68.0,-2297.0,5.0,272.0,0
-16.0,-148.0,-60.0,-1921.0,43.0,265.0,0
-11.0,-160.0,-60.0,-1340.0,76.0,256.0,0
-5.0,-153.0,-67.0,-672.0,82.0,249.0,0
2.0,-135.0,-66.0,-32.0,60.0,257.0,0
2.0,-111.0,-65.0,508.0,-12.0,267.0,0
3.0,-84.0,-46.0,907.0,-135.0,280.0,0
1.0,-58.0,-25.0,1163.0,-310.0,286.0,0
-5.0,-31.0,-18.0,1274.0,-521.0,276.0,0
-12.0,-8.0,-64.0,1234.0,-737.0,251.0,0
-13.0,12.0,-81.0,993.0,-928.0,206.0,0
0.0,34.0,-262.0,560.0,-1044.0,124.0,0
24.0,61.0,-620.0,-146.0,-923.0,54.0,0
70.0,17.0,-930.0,-1270.0,-269.0,39.0,0
100.0,-170.0,-923.0,-2673.0,753.0,-95.0,0
-9.0,-478.0,-357.0,-3919.0,1073.0,-678.0,0
-281.0,-736.0,114.0,-4129.0,270.0,-1553.0,0
-395.0,-992.0,414.0,-3495.0,-714.0,-1981.0,0
-376.0,-1158.0,561.0,-2409.0,-1281.0,-1840.0,0
-287.0,-1182.0,265.0,-1087.0,-1527.0,-1661.0,0
-176.0,-1083.0,-106.0,-260.0,-1644.0,-1699.0,0
-67.0,-1013.0,-328.0,-322.0,-1548.0,-1880.0,0
14.0,-908.0,-339.0,-986.0,-1275.0,-1970.0,0
29.0,-773.0,-248.0,-1411.0,-1113.0,-1812.0,0
60.0,-674.0,-170.0,-1231.0,-1211.0,-1375.0,0
122.0,-602.0,-118.0,-513.0,-1351.0,-820.0,0
174.0,-557.0,-72.0,392.0,-1498.0,-292.0,0
182.0,-505.0,-29.0,1226.0,-1635.0,60.0,0
151.0,-452.0,-4.0,1885.0,-1808.0,410.0,0
127.0,-397.0,15.0,2289.0,-1994.0,698.0,0
105.0,-343.0,35.0,2396.0,-2103.0,945.0,0
85.0,-297.0,58.0,2207.0,-2078.0,1128.0,0
67.0,-272.0,71.0,1761.0,-1946.0,1220.0,0
40.0,-267.0,85.0,1135.0,-1785.0,1224.0,0
16.0,-269.0,106.0,428.0,-1671.0,1184.0,0
-6.0,-280.0,113.0,-219.0,-1635.0,1109.0,0
-24.0,-305.0,109.0,-732.0,-1642.0,988.0,0
-57.0,-346.0,81.0,-1116.0,-1655.0,831.0,0
-88.0,-403.0,69.0,-1422.0,-1653.0,657.0,0
-115.0,-442.0,54.0,-1634.0,-1650.0,470.0,0
-124.0,-461.0,40.0,-1696.0,-1637.0,306.0,0
-137.0,-469.0,37.0,-1603.0,-1596.0,172.0,0
-172.0,-468.0,28.0,-1406.0,-1518.0,45.0,0
-202.0,-456.0,26.0,-1166.0,-1412.0,-74.0,0
-236.0,-436.0,23.0,-908.0,-1300.0,-174.0,0
-244.0,-408.0,3.0,-632.0,-1192.0,-232.0,0
-216.0,-370.0,-34.0,-355.0,-1077.0,-253.0,0
-187.0,-328.0,-67.0,-89.0,-933.0,-263.0,0
-146.0,-277.0,-99.0,174.0,-769.0,-267.0,0
-99.0,-218.0,-113.0,468.0,-620.0,-278.0,0
-71.0,-143.0,-113.0,793.0,-516.0,-307.0,0
-46.0,-82.0,-116.0,1108.0,-465.0,-318.0,0
-39.0,-16.0,-115.0,1359.0,-469.0,-304.0,0
-37.0,38.0,-107.0,1520.0,-521.0,-276.0,0
-33.0,98.0,-97.0,1583.0,-615.0,-210.0,0
9.0,149.0,-83.0,1613.0,-709.0,-99.0,0
39.0,182.0,-86.0,1618.0,-836.0,-35.0,0
75.0,214.0,-90.0,1543.0,-943.0,-56.0,0
80.0,218.0,-103.0,1362.0,-1022.0,-160.0,0
74.0,211.0,-110.0,1068.0,-1084.0,-302.0,0
63.0,167.0,-110.0,674.0,-1131.0,-452.0,0
53.0,110.0,-86.0,242.0,-1153.0,-595.0,0
53.0,54.0,-67.0,-125.0,-1148.0,-723.0,0
66.0,10.0,-56.0,-317.0,-1116.0,-802.0,0
86.0,-17.0,-61.0,-306.0,-1056.0,-855.0,0
95.0,-23.0,-83.0,-157.0,-959.0,-894.0,0
101.0,-16.0,-98.0,29.0,-824.0,-913.0,0
94.0,-7.0,-105.0,212.0,-676.0,-917.0,0
81.0,4.0,-106.0,349.0,-538.0,-915.0,0
65.0,8.0,-106.0,412.0,-428.0,-901.0,0
57.0,15.0,-94.0,416.0,-356.0,-875.0,0
43.0,20.0,-79.0,388.0,-319.0,-842.0,0
35.0,21.0,-63.0,347.0,-301.0,-800.0,0
31.0,19.0,-50.0,300.0,-292.0,-756.0,0
35.0,17.0,-29.0,258.0,-277.0,-710.0,0
41.0,9.0,-20.0,241.0,-251.0,-661.0,0
46.0,0.0,-11.0,256.0,-209.0,-603.0,0
46.0,-11.0,-22.0,296.0,-169.0,-533.0,0
30.0,-17.0,-57.0,350.0,-169.0,-449.0,0
-5.0,-16.0,-115.0,384.0,-254.0,-353.0,0
-50.0,-13.0,-195.0,339.0,-467.0,-239.0,0
-117.0,-13.0,-262.0,180.0,-810.0,-101.0,0
-165.0,-17.0,-368.0,-122.0,-1145.0,86.0,0
-193.0,-41.0,-489.0,-641.0,-1216.0,360.0,0
-191.0,-97.0,-594.0,-1421.0,-924.0,706.0,0
-162.0,-235.0,-530.0,-2376.0,-352.0,1129.0,0
-110.0,-444.0,-303.0,-3077.0,211.0,1613.0,0
-106.0,-638.0,-90.0,-3689.0,316.0,2005.0,0
-143.0,-804.0,45.0,-3930.0,-166.0,2197.0,0
-192.0,-968.0,94.0,-3772.0,-1024.0,2341.0,0
-176.0,-1055.0,45.0,-3227.0,-1859.0,2459.0,0
-125.0,-1126.0,-133.0,-2480.0,-2557.0,2429.0,0
-87.0,-1099.0,-292.0,-1952.0,-3010.0,2063.0,0
-12.0,-1179.0,-411.0,-1642.0,-3024.0,1359.0,0
52.0,-1222.0,-389.0,-1437.0,-2521.0,427.0,0
2.0,-1107.0,-221.0,-975.0,-1625.0,-589.0,0
-70.0,-967.0,-110.0,78.0,-705.0,-1405.0,0
-127.0,-815.0,-37.0,1553.0,-118.0,-1881.0,0
-156.0,-675.0,-12.0,3034.0,67.0,-2056.0,0
-156.0,-543.0,7.0,4158.0,-30.0,-2044.0,0
-141.0,-428.0,17.0,4665.0,-278.0,-1951.0,0
-121.0,-326.0,29.0,4464.0,-586.0,-1843.0,0
-115.0,-238.0,51.0,3679.0,-848.0,-1728.0,0
-120.0,-178.0,74.0,2555.0,-971.0,-1583.0,0
-136.0,-157.0,85.0,1373.0,-932.0,-1463.0,0
-151.0,-189.0,78.0,303.0,-782.0,-1324.0,0
-132.0,-245.0,81.0,-568.0,-591.0,-1174.0,0
-111.0,-306.0,85.0,-1175.0,-425.0,-1107.0,0
-83.0,-350.0,85.0,-1509.0,-313.0,-1121.0,0
-62.0,-378.0,74.0,-1606.0,-246.0,-1166.0,0
-30.0,-394.0,56.0,-1543.0,-211.0,-1217.0,0
12.0,-394.0,32.0,-1390.0,-200.0,-1263.0,0
52.0,-383.0,10.0,-1220.0,-185.0,-1301.0,0
93.0,-362.0,-5.0,-1050.0,-139.0,-1310.0,0
131.0,-338.0,-11.0,-882.0,-53.0,-1284.0,0
158.0,-316.0,-18.0,-749.0,59.0,-1240.0,0
175.0,-291.0,-15.0,-658.0,182.0,-1178.0,0
184.0,-266.0,-12.0,-598.0,313.0,-1109.0,0
176.0,-232.0,-5.0,-513.0,452.0,-1047.0,0
151.0,-195.0,-6.0,-381.0,565.0,-998.0,0
128.0,-159.0,-16.0,-185.0,703.0,-959.0,0
103.0,-120.0,-31.0,65.0,820.0,-894.0,0
90.0,-83.0,-45.0,347.0,906.0,-797.0,0
79.0,-59.0,-57.0,657.0,944.0,-655.0,0
82.0,-36.0,-85.0,969.0,928.0,-492.0,0
71.0,1.0,-91.0,1261.0,897.0,-348.0,0
53.0,36.0,-102.0,1526.0,855.0,-234.0,0
26.0,80.0,-99.0,1727.0,777.0,-131.0,0
-15.0,113.0,-101.0,1868.0,666.0,-17.0,0
-60.0,136.0,-98.0,1924.0,528.0,146.0,0
-100.0,144.0,-97.0,1868.0,365.0,382.0,0
-109.0,122.0,-84.0,1666.0,173.0,654.0,0
-92.0,80.0,-71.0,1329.0,-56.0,861.0,0
-60.0,15.0,-43.0,912.0,-303.0,932.0,0
-39.0,-28.0,-20.0,518.0,-526.0,895.0,0
-9.0,-55.0,-12.0,247.0,-678.0,815.0,0
11.0,-69.0,-7.0,150.0,-749.0,722.0,0
27.0,-67.0,-13.0,208.0,-764.0,624.0,0
34.0,-50.0,-32.0,365.0,-757.0,537.0,0
33.0,-28.0,-52.0,557.0,-747.0,488.0,0
29.0,5.0,-82.0,750.0,-739.0,484.0,0
25.0,27.0,-100.0,913.0,-713.0,502.0,0
23.0,45.0,-110.0,1019.0,-665.0,524.0,0
9.0,54.0,-110.0,1059.0,-601.0,542.0,0
-11.0,47.0,-86.0,1037.0,-539.0,560.0,0
-24.0,52.0,-83.0,983.0,-496.0,582.0,0
-30.0,47.0,-94.0,922.0,-467.0,595.0,0
-40.0,44.0,-185.0,829.0,-430.0,592.0,0
-31.0,34.0,-220.0,643.0,-338.0,574.0,0
-14.0,13.0,-202.0,491.0,-244.0,556.0,0
16.0,-15.0,-229.0,395.0,-222.0,523.0,0
40.0,-43.0,-385.0,224.0,-256.0,405.0,0
41.0,-124.0,-404.0,-388.0,-282.0,252.0,0
-9.0,-249.0,-219.0,-1277.0,-463.0,-9.0,0
-102.0,-427.0,42.0,-1881.0,-866.0,-319.0,0
-132.0,-617.0,210.0,-1865.0,-1111.0,-513.0,0
-94.0,-762.0,334.0,-1512.0,-1083.0,-556.0,0
-51.0,-838.0,360.0,-1033.0,-1056.0,-611.0,0
-32.0,-808.0,184.0,-569.0,-1180.0,-764.0,0
15.0,-754.0,-156.0,-488.0,-1238.0,-861.0,0
64.0,-732.0,-377.0,-1134.0,-999.0,-808.0,0
104.0,-763.0,-447.0,-2192.0,-582.0,-624.0,0
73.0,-794.0,-412.0,-3072.0,-243.0,-485.0,0
19.0,-767.0,-308.0,-3292.0,-37.0,-271.0,0
7.0,-756.0,-196.0,-2638.0,-62.0,122.0,0
19.0,-741.0,-118.0,-1310.0,-339.0,578.0,0
37.0,-704.0,-54.0,282.0,-667.0,1004.0,0
36.0,-629.0,-24.0,1800.0,-887.0,1335.0,0
26.0,-546.0,17.0,3038.0,-967.0,1552.0,0
30.0,-458.0,41.0,3854.0,-967.0,1675.0,0
43.0,-371.0,58.0,4199.0,-917.0,1714.0,0
71.0,-284.0,61.0,4066.0,-807.0,1685.0,0
83.0,-231.0,57.0,3497.0,-637.0,1594.0,0
69.0,-197.0,53.0,2564.0,-456.0,1486.0,0
42.0,-192.0,42.0,1347.0,-365.0,1378.0,0
0.0,-229.0,29.0,-17.0,-369.0,1311.0,0
-44.0,-310.0,27.0,-1335.0,-435.0,1286.0,0
-89.0,-402.0,55.0,-2437.0,-540.0,1213.0,0
-142.0,-471.0,96.0,-3129.0,-690.0,1098.0,0
-187.0,-530.0,120.0,-3310.0,-875.0,1002.0,0
-235.0,-544.0,122.0,-3123.0,-1043.0,938.0,0
-272.0,-537.0,116.0,-2592.0,-1133.0,890.0,0
-320.0,-518.0,91.0,-1864.0,-1189.0,844.0,0
-363.0,-478.0,44.0,-1063.0,-1187.0,789.0,0
-391.0,-430.0,-17.0,-326.0,-1086.0,713.0,0
-394.0,-368.0,-65.0,206.0,-897.0,599.0,0
-390.0,-300.0,-88.0,494.0,-747.0,404.0,0
-373.0,-232.0,-75.0,640.0,-752.0,124.0,0
-321.0,-154.0,-84.0,766.0,-962.0,-196.0,0
-263.0,-88.0,-100.0,922.0,-1332.0,-482.0,0
-196.0,-35.0,-144.0,1041.0,-1722.0,-654.0,0
-132.0,17.0,-146.0,1017.0,-1987.0,-699.0,0
-48.0,61.0,-133.0,907.0,-2129.0,-619.0,0
41.0,94.0,-117.0,839.0,-2218.0,-493.0,0
112.0,112.0,-112.0,873.0,-2263.0,-404.0,0
167.0,132.0,-119.0,967.0,-2243.0,-416.0,0
188.0,114.0,-134.0,1063.0,-2173.0,-509.0,0
179.0,100.0,-139.0,1043.0,-2051.0,-621.0,0
147.0,63.0,-140.0,875.0,-1892.0,-705.0,0
119.0,23.0,-124.0,569.0,-1709.0,-751.0,0
90.0,-8.0,-93.0,215.0,-1532.0,-766.0,0
75.0,-39.0,-74.0,-77.0,-1381.0,-765.0,0
64.0,-60.0,-42.0,-264.0,-1283.0,-768.0,0
53.0,-77.0,-24.0,-332.0,-1224.0,-768.0,0
47.0,-85.0,-16.0,-288.0,-1179.0,-753.0,0
37.0,-83.0,-22.0,-162.0,-1125.0,-710.0,0
30.0,-75.0,-41.0,1.0,-1059.0,-644.0,0
29.0,-66.0,-52.0,160.0,-982.0,-572.0,0
32.0,-59.0,-73.0,285.0,-890.0,-504.0,0
25.0,-39.0,-78.0,375.0,-790.0,-456.0,0
33.0,-32.0,-88.0,435.0,-697.0,-425.0,0
46.0,-16.0,-81.0,464.0,-623.0,-425.0,0
62.0,-2.0,-77.0,490.0,-575.0,-442.0,0
85.0,8.0,-68.0,503.0,-546.0,-464.0,0
103.0,6.0,-43.0,500.0,-506.0,-489.0,0
118.0,-6.0,-23.0,502.0,-460.0,-530.0,0
125.0,-14.0,-21.0,525.0,-409.0,-595.0,0
117.0,-24.0,-69.0,559.0,-381.0,-646.0,0
89.0,-35.0,-143.0,559.0,-455.0,-681.0,0
38.0,-49.0,-184.0,510.0,-684.0,-710.0,0
-23.0,-58.0,-154.0,424.0,-1026.0,-686.0,0
-71.0,-96.0,-125.0,339.0,-1331.0,-561.0,0
-102.0,-126.0,-195.0,243.0,-1429.0,-333.0,0
-99.0,-151.0,-365.0,-115.0,-1163.0,-6.0,0
-95.0,-210.0,-418.0,-947.0,-513.0,391.0,0
-115.0,-328.0,-307.0,-1926.0,274.0,790.0,0
-149.0,-495.0,-110.0,-2626.0,797.0,1142.0,0
-204.0,-678.0,69.0,-2934.0,786.0,1428.0,0
-244.0,-820.0,195.0,-2804.0,255.0,1687.0,0
-254.0,-885.0,119.0,-2241.0,-533.0,1920.0,0
-180.0,-893.0,-44.0,-1574.0,-1338.0,2085.0,0
-128.0,-835.0,-224.0,-1141.0,-2132.0,1933.0,0
-90.0,-874.0,-338.0,-1023.0,-2746.0,1450.0,0
-46.0,-906.0,-355.0,-1152.0,-2856.0,824.0,0
-7.0,-917.0,-280.0,-1230.0,-2305.0,109.0,0
-52.0,-831.0,-161.0,-866.0,-1286.0,-705.0,0
-103.0,-741.0,-92.0,34.0,-243.0,-1418.0,0
-132.0,-639.0,-44.0,1167.0,462.0,-1902.0,0
-129.0,-540.0,-11.0,2235.0,763.0,-2153.0,0
-106.0,-445.0,6.0,2975.0,761.0,-2259.0,0
-73.0,-364.0,17.0,3192.0,566.0,-2316.0,0
-48.0,-290.0,22.0,2828.0,296.0,-2365.0,0
-32.0,-234.0,30.0,2007.0,73.0,-2383.0,0
-23.0,-203.0,45.0,1176.0,-45.0,-2341.0,0
-12.0,-205.0,60.0,94.0,-68.0,-2232.0,0
20.0,-248.0,65.0,-900.0,-50.0,-2073.0,0
62.0,-328.0,70.0,-1708.0,-25.0,-1935.0,0
91.0,-391.0,57.0,-2245.0,37.0,-1751.0,0
113.0,-437.0,51.0,-2515.0,157.0,-1551.0,0
127.0,-461.0,44.0,-2550.0,314.0,-1338.0,0
146.0,-464.0,48.0,-2408.0,481.0,-1113.0,0
136.0,-447.0,53.0,-2149.0,619.0,-886.0,0
130.0,-415.0,43.0,-1800.0,722.0,-676.0,0
122.0,-372.0,17.0,-1439.0,804.0,-476.0,0
126.0,-337.0,7.0,-1124.0,904.0,-282.0,0
119.0,-303.0,-16.0,-849.0,1031.0,-118.0,0
97.0,-265.0,-19.0,-612.0,1179.0,-2.0,0
57.0,-221.0,-28.0,-393.0,1324.0,80.0,0
33.0,-181.0,-37.0,-203.0,1430.0,178.0,0
29.0,-139.0,-46.0,-73.0,1454.0,287.0,0
41.0,-114.0,-47.0,53.0,1426.0,374.0,0
51.0,-85.0,-55.0,228.0,1393.0,433.0,0
59.0,-65.0,-63.0,491.0,1395.0,471.0,0
56.0,-32.0,-44.0,871.0,1450.0,491.0,0
51.0,-1.0,-51.0,1353.0,1499.0,484.0,0
24.0,64.0,-43.0,1841.0,1475.0,467.0,0
3.0,116.0,-41.0,2260.0,1355.0,488.0,0
-11.0,146.0,-57.0,2517.0,1149.0,542.0,0
-14.0,158.0,-83.0,2505.0,896.0,607.0,0
-14.0,149.0,-122.0,2195.0,627.0,669.0,0
-6.0,117.0,-137.0,1598.0,393.0,709.0,0
14.0,73.0,-134.0,805.0,233.0,742.0,0
30.0,34.0,-103.0,36.0,168.0,741.0,0
34.0,-5.0,-85.0,-536.0,203.0,720.0,0
36.0,-43.0,-60.0,-843.0,300.0,686.0,0
32.0,-64.0,-55.0,-897.0,411.0,640.0,0
27.0,-69.0,-57.0,-809.0,506.0,591.0,0
21.0,-65.0,-58.0,-592.0,562.0,550.0,0
19.0,-50.0,-57.0,-311.0,601.0,521.0,0
14.0,-25.0,-63.0,-5.0,601.0,511.0,0
8.0,-2.0,-70.0,279.0,570.0,510.0,0
1.0,20.0,-80.0,491.0,526.0,514.0,0
-8.0,40.0,-87.0,591.0,481.0,522.0,0
-20.0,49.0,-85.0,563.0,435.0,529.0,0
-26.0,54.0,-85.0,430.0,388.0,529.0,0
-55.0,54.0,-60.0,235.0,336.0,522.0,0
-78.0,42.0,-31.0,21.0,256.0,519.0,0
-105.0,23.0,-18.0,-152.0,140.0,506.0,0
-116.0,2.0,-47.0,-260.0,6.0,469.0,0
-108.0,-17.0,-155.0,-331.0,-70.0,422.0,0
-70.0,-28.0,-264.0,-412.0,9.0,380.0,0
-9.0,-42.0,-283.0,-515.0,261.0,327.0,0
63.0,-68.0,-278.0,-602.0,594.0,233.0,0
112.0,-101.0,-370.0,-753.0,898.0,42.0,0
137.0,-151.0,-396.0,-1132.0,1096.0,-240.0,0
131.0,-240.0,-342.0,-1628.0,874.0,-582.0,0
97.0,-373.0,-203.0,-1971.0,56.0,-945.0,0
79.0,-533.0,-9.0,-1953.0,-760.0,-1171.0,0
127.0,-691.0,154.0,-1561.0,-1046.0,-1212.0,0
179.0,-827.0,272.0,-943.0,-904.0,-1204.0,0
202.0,-922.0,270.0,-178.0,-657.0,-1279.0,0
125.0,-945.0,89.0,538.0,-355.0,-1406.0,0
-3.0,-892.0,-150.0,808.0,137.0,-1309.0,0
-83.0,-875.0,-359.0,436.0,654.0,-905.0,0
-203.0,-897.0,-431.0,-502.0,892.0,-310.0,0
-226.0,-893.0,-325.0,-1496.0,701.0,467.0,0
-129.0,-823.0,-162.0,-1910.0,115.0,1296.0,0
-51.0,-750.0,-55.0,-1415.0,-580.0,1793.0,0
-9.0,-672.0,34.0,-537.0,-1056.0,1911.0,0
12.0,-587.0,83.0,861.0,-1260.0,1786.0,0
14.0,-495.0,115.0,2233.0,-1338.0,1583.0,0
8.0,-404.0,121.0,3217.0,-1269.0,1464.0,0
12.0,-323.0,119.0,3616.0,-1119.0,1426.0,0
25.0,-261.0,108.0,3397.0,-980.0,1464.0,0
37.0,-227.0,88.0,2657.0,-936.0,1496.0,0
44.0,-205.0,62.0,1596.0,-984.0,1506.0,0
29.0,-237.0,44.0,461.0,-1065.0,1515.0,0
9.0,-289.0,63.0,-567.0,-1132.0,1540.0,0
-2.0,-340.0,88.0,-1305.0,-1202.0,1539.0,0
-18.0,-377.0,101.0,-1696.0,-1285.0,1520.0,0
-36.0,-388.0,99.0,-1811.0,-1356.0,1497.0,0
-53.0,-382.0,89.0,-1739.0,-1409.0,1476.0,0
-66.0,-363.0,59.0,-1572.0,-1446.0,1451.0,0
-75.0,-328.0,32.0,-1384.0,-1472.0,1415.0,0
-80.0,-304.0,-6.0,-1213.0,-1478.0,1366.0,0
-89.0,-282.0,-43.0,-1101.0,-1466.0,1272.0,0
-92.0,-254.0,-78.0,-1078.0,-1437.0,1148.0,0
-88.0,-235.0,-102.0,-1105.0,-1379.0,1013.0,0
-78.0,-216.0,-118.0,-1139.0,-1288.0,824.0,0
-92.0,-206.0,-123.0,-1139.0,-1182.0,568.0,0
-104.0,-197.0,-128.0,-1063.0,-1085.0,305.0,0
-108.0,-187.0,-122.0,-876.0,-1037.0,75.0,0
-120.0,-167.0,-122.0,-582.0,-1035.0,-138.0,0
-106.0,-134.0,-106.0,-201.0,-1061.0,-299.0,0
-75.0,-88.0,-99.0,287.0,-1106.0,-430.0,0
-30.0,-38.0,-88.0,822.0,-1132.0,-538.0,0
-12.0,19.0,-93.0,1351.0,-1118.0,-658.0,0
8.0,64.0,-96.0,1806.0,-1048.0,-759.0,0
12.0,99.0,-115.0,2106.0,-958.0,-830.0,0
14.0,123.0,-127.0,2187.0,-884.0,-856.0,0
17.0,127.0,-135.0,2081.0,-843.0,-837.0,0
20.0,108.0,-148.0,1749.0,-836.0,-775.0,0
21.0,78.0,-137.0,1230.0,-847.0,-715.0,0
23.0,57.0,-117.0,663.0,-862.0,-623.0,0
28.0,30.0,-99.0,195.0,-870.0,-510.0,0
30.0,9.0,-87.0,-119.0,-868.0,-393.0,0
28.0,-2.0,-90.0,-281.0,-849.0,-291.0,0
36.0,-7.0,-93.0,-325.0,-805.0,-193.0,0
44.0,-9.0,-100.0,-285.0,-726.0,-103.0,0
51.0,-8.0,-99.0,-185.0,-624.0,-50.0,0
61.0,-2.0,-105.0,-56.0,-523.0,-44.0,0
71.0,2.0,-105.0,81.0,-438.0,-70.0,0
81.0,9.0,-105.0,198.0,-380.0,-115.0,0
96.0,15.0,-97.0,272.0,-344.0,-166.0,0
109.0,13.0,-94.0,303.0,-327.0,-211.0,0
111.0,11.0,-91.0,315.0,-318.0,-243.0,0
107.0,11.0,-140.0,329.0,-327.0,-266.0,0
72.0,-1.0,-202.0,297.0,-394.0,-286.0,0
36.0,9.0,-264.0,200.0,-564.0,-308.0,0
-24.0,-3.0,-262.0,72.0,-781.0,-295.0,0
-64.0,-27.0,-250.0,-57.0,-854.0,-168.0,0
-66.0,-79.0,-300.0,-218.0,-698.0,71.0,0
-33.0,-161.0,-288.0,-485.0,-363.0,357.0,0
-9.0,-273.0,-159.0,-739.0,50.0,629.0,0
-37.0,-391.0,4.0,-815.0,325.0,851.0,0
-98.0,-492.0,92.0,-773.0,300.0,1031.0,0
-154.0,-563.0,140.0,-739.0,25.0,1215.0,0
-189.0,-600.0,119.0,-630.0,-275.0,1422.0,0
-186.0,-625.0,30.0,-503.0,-396.0,1632.0,0
-170.0,-637.0,-96.0,-595.0,-544.0,1738.0,0
-160.0,-661.0,-197.0,-993.0,-934.0,1615.0,0
-123.0,-713.0,-225.0,-1423.0,-1358.0,1308.0,0
-66.0,-771.0,-206.0,-1894.0,-1509.0,856.0,0
-31.0,-849.0,-175.0,-2095.0,-1324.0,307.0,0
-37.0,-884.0,-126.0,-1931.0,-765.0,-172.0,0
-64.0,-860.0,-82.0,-1346.0,-77.0,-777.0,0
-73.0,-815.0,-48.0,-391.0,500.0,-1286.0,0
-71.0,-754.0,-29.0,699.0,845.0,-1669.0,0
-61.0,-682.0,-8.0,1682.0,969.0,-1937.0,0
-40.0,-608.0,1.0,2383.0,936.0,-2106.0,0
-18.0,-504.0,18.0,2712.0,818.0,-2187.0,0
-3.0,-422.0,36.0,2660.0,683.0,-2190.0,0
5.0,-339.0,53.0,2278.0,569.0,-2132.0,0
13.0,-271.0,61.0,1648.0,520.0,-2007.0,0
39.0,-238.0,61.0,847.0,566.0,-1806.0,0
70.0,-242.0,54.0,-19.0,716.0,-1590.0,0
103.0,-271.0,54.0,-847.0,958.0,-1420.0,0
128.0,-308.0,60.0,-1536.0,1244.0,-1277.0,0
149.0,-340.0,66.0,-2001.0,1532.0,-1116.0,0
170.0,-365.0,59.0,-2218.0,1780.0,-948.0,0
184.0,-374.0,58.0,-2215.0,1946.0,-790.0,0
188.0,-369.0,48.0,-2041.0,2018.0,-642.0,0
187.0,-359.0,42.0,-1743.0,2014.0,-506.0,0
181.0,-346.0,28.0,-1379.0,1973.0,-376.0,0
164.0,-330.0,5.0,-994.0,1944.0,-257.0,0
144.0,-310.0,-16.0,-623.0,1968.0,-150.0,0
108.0,-277.0,-24.0,-283.0,2047.0,-59.0,0
66.0,-237.0,-32.0,50.0,2162.0,27.0,0
32.0,-197.0,-38.0,386.0,2257.0,121.0,0
-4.0,-153.0,-46.0,724.0,2304.0,223.0,0
1.0,-106.0,-57.0,1035.0,2300.0,325.0,0
10.0,-63.0,-69.0,1289.0,2246.0,386.0,0
11.0,-24.0,-68.0,1482.0,2179.0,408.0,0
24.0,7.0,-84.0,1614.0,2116.0,397.0,0
17.0,48.0,-92.0,1660.0,2067.0,340.0,0
6.0,85.0,-99.0,1622.0,2027.0,282.0,0
-14.0,118.0,-103.0,1505.0,1976.0,262.0,0
-22.0,142.0,-109.0,1328.0,1871.0,304.0,0
-27.0,140.0,-107.0,1060.0,1704.0,422.0,0
-27.0,114.0,-101.0,674.0,1494.0,566.0,0
-9.0,67.0,-90.0,176.0,1290.0,688.0,0
4.0,22.0,-75.0,-357.0,1125.0,751.0,0
15.0,-14.0,-48.0,-790.0,1033.0,755.0,0
23.0,-49.0,-42.0,-1001.0,1014.0,721.0,0
29.0,-67.0,-48.0,-974.0,1055.0,665.0,0
22.0,-68.0,-60.0,-785.0,1130.0,602.0,0
18.0,-58.0,-76.0,-502.0,1200.0,552.0,0
10.0,-32.0,-87.0,-181.0,1235.0,528.0,0
-9.0,-6.0,-96.0,152.0,1234.0,538.0,0
-33.0,14.0,-96.0,465.0,1209.0,568.0,0
-58.0,32.0,-94.0,716.0,1169.0,611.0,0
-76.0,41.0,-82.0,870.0,1107.0,661.0,0
-92.0,43.0,-70.0,922.0,1020.0,690.0,0
-115.0,29.0,-46.0,887.0,907.0,692.0,0
-126.0,9.0,-26.0,810.0,772.0,709.0,0
-128.0,-14.0,-46.0,722.0,624.0,719.0,0
-107.0,-25.0,-189.0,607.0,510.0,717.0,0
-61.0,-46.0,-243.0,389.0,526.0,702.0,0
-5.0,-85.0,-277.0,162.0,634.0,649.0,0
84.0,-123.0,-273.0,73.0,790.0,571.0,0
162.0,-148.0,-302.0,-35.0,975.0,417.0,0
191.0,-192.0,-287.0,-397.0,958.0,104.0,0
182.0,-275.0,-182.0,-869.0,524.0,-309.0,0
158.0,-386.0,-65.0,-1122.0,-34.0,-700.0,0
155.0,-493.0,35.0,-1086.0,-192.0,-959.0,0
186.0,-578.0,127.0,-958.0,-55.0,-1107.0,0
250.0,-667.0,203.0,-820.0,5.0,-1307.0,0
253.0,-727.0,151.0,-602.0,-60.0,-1599.0,0
205.0,-746.0,11.0,-393.0,75.0,-1791.0,0
133.0,-756.0,-132.0,-354.0,672.0,-1770.0,0
-38.0,-769.0,-215.0,-603.0,1412.0,-1562.0,0
-199.0,-765.0,-243.0,-1062.0,1775.0,-1088.0,0
-357.0,-815.0,-231.0,-1420.0,1527.0,-426.0,0
-349.0,-825.0,-160.0,-1540.0,962.0,426.0,0
-231.0,-801.0,-80.0,-1244.0,317.0,1258.0,0
-158.0,-758.0,-16.0,-510.0,-340.0,1700.0,0
-122.0,-694.0,31.0,460.0,-906.0,1817.0,0
-94.0,-622.0,66.0,1458.0,-1278.0,1786.0,0
-61.0,-543.0,84.0,2297.0,-1404.0,1736.0,0
-33.0,-467.0,98.0,2835.0,-1343.0,1711.0,0
-6.0,-406.0,107.0,2993.0,-1216.0,1712.0,0
11.0,-353.0,106.0,2745.0,-1077.0,1690.0,0
13.0,-303.0,118.0,2150.0,-954.0,1606.0,0
-2.0,-261.0,115.0,1350.0,-905.0,1477.0,0
-44.0,-244.0,111.0,492.0,-979.0,1360.0,0
-67.0,-253.0,107.0,-321.0,-1158.0,1311.0,0
-74.0,-290.0,99.0,-1006.0,-1358.0,1293.0,0
-84.0,-310.0,84.0,-1494.0,-1500.0,1282.0,0
-94.0,-318.0,54.0,-1768.0,-1559.0,1254.0,0
-91.0,-310.0,10.0,-1860.0,-1543.0,1222.0,0
-100.0,-296.0,-18.0,-1830.0,-1466.0,1201.0,0
-104.0,-274.0,-41.0,-1713.0,-1392.0,1181.0,0
-97.0,-258.0,-55.0,-1514.0,-1350.0,1151.0,0
-75.0,-238.0,-58.0,-1266.0,-1332.0,1093.0,0
-64.0,-218.0,-73.0,-993.0,-1344.0,997.0,0
-36.0,-201.0,-78.0,-711.0,-1354.0,885.0,0
-26.0,-187.0,-97.0,-430.0,-1363.0,745.0,0
-25.0,-182.0,-111.0,-179.0,-1390.0,546.0,0
-28.0,-172.0,-122.0,9.0,-1462.0,294.0,0
-21.0,-148.0,-132.0,236.0,-1551.0,17.0,0
-22.0,-122.0,-147.0,497.0,-1682.0,-222.0,0
2.0,-83.0,-151.0,775.0,-1768.0,-369.0,0
28.0,-48.0,-156.0,1060.0,-1759.0,-511.0,0
49.0,8.0,-146.0,1329.0,-1646.0,-625.0,0
77.0,47.0,-146.0,1556.0,-1457.0,-699.0,0
94.0,62.0,-151.0,1664.0,-1215.0,-744.0,0
92.0,67.0,-149.0,1607.0,-948.0,-784.0,0
81.0,50.0,-136.0,1365.0,-679.0,-827.0,0
55.0,27.0,-109.0,963.0,-435.0,-861.0,0
33.0,9.0,-59.0,494.0,-222.0,-852.0,0
9.0,-8.0,-3.0,106.0,-64.0,-770.0,0
-10.0,-23.0,30.0,-73.0,8.0,-649.0,0
-19.0,-24.0,37.0,-36.0,6.0,-517.0,0
-16.0,-19.0,24.0,129.0,-22.0,-369.0,0
-14.0,2.0,-15.0,350.0,-39.0,-230.0,0
-9.0,18.0,-41.0,553.0,-26.0,-138.0,0
-3.0,41.0,-87.0,686.0,13.0,-103.0,0
6.0,60.0,-126.0,708.0,63.0,-104.0,0
18.0,65.0,-156.0,613.0,99.0,-129.0,0
32.0,63.0,-174.0,417.0,97.0,-170.0,0
46.0,58.0,-177.0,171.0,61.0,-214.0,0
56.0,44.0,-158.0,-75.0,10.0,-248.0,0
63.0,29.0,-128.0,-275.0,-38.0,-266.0,0
59.0,6.0,-85.0,-392.0,-59.0,-271.0,0
59.0,-8.0,-42.0,-398.0,-44.0,-264.0,0
46.0,-24.0,-41.0,-278.0,-18.0,-254.0,0
28.0,-35.0,-116.0,-94.0,-17.0,-249.0,0
-1.0,-39.0,-203.0,15.0,-124.0,-268.0,0
-59.0,-55.0,-244.0,-9.0,-376.0,-283.0,0
-136.0,-66.0,-250.0,-119.0,-640.0,-224.0,0
-192.0,-70.0,-289.0,-251.0,-763.0,8.0,0
-168.0,-121.0,-441.0,-591.0,-749.0,404.0,0
-97.0,-258.0,-347.0,-1290.0,-547.0,765.0,0
-46.0,-448.0,-57.0,-1881.0,-166.0,1187.0,0
-61.0,-613.0,174.0,-1996.0,164.0,1438.0,0
-119.0,-714.0,306.0,-1825.0,235.0,1480.0,0
-210.0,-755.0,296.0,-1493.0,31.0,1430.0,0
-263.0,-815.0,175.0,-1051.0,-155.0,1443.0,0
-256.0,-837.0,-4.0,-793.0,-327.0,1435.0,0
-185.0,-841.0,-226.0,-1006.0,-767.0,1167.0,0
-95.0,-931.0,-377.0,-1692.0,-1341.0,633.0,0
47.0,-1025.0,-393.0,-2489.0,-1438.0,-16.0,0
130.0,-1062.0,-246.0,-2838.0,-791.0,-814.0,0
84.0,-967.0,-78.0,-2315.0,258.0,-1611.0,0
32.0,-855.0,22.0,-915.0,1109.0,-2131.0,0
-5.0,-740.0,71.0,879.0,1516.0,-2341.0,0
-6.0,-639.0,91.0,2550.0,1617.0,-2342.0,0
5.0,-536.0,90.0,3711.0,1548.0,-2232.0,0
22.0,-440.0,81.0,4136.0,1361.0,-2109.0,0
36.0,-336.0,73.0,3814.0,1119.0,-2031.0,0
30.0,-226.0,74.0,2911.0,930.0,-1980.0,0
42.0,-136.0,72.0,1692.0,857.0,-1888.0,0
42.0,-100.0,63.0,416.0,903.0,-1722.0,0
52.0,-130.0,57.0,-746.0,1042.0,-1519.0,0
70.0,-191.0,51.0,-1705.0,1252.0,-1348.0,0
94.0,-251.0,58.0,-2397.0,1512.0,-1195.0,0
127.0,-295.0,54.0,-2811.0,1792.0,-1028.0,0
150.0,-320.0,58.0,-2992.0,2039.0,-867.0,0
165.0,-326.0,53.0,-3019.0,2207.0,-750.0,0
154.0,-311.0,60.0,-2910.0,2313.0,-663.0,0
141.0,-287.0,48.0,-2715.0,2374.0,-577.0,0
127.0,-255.0,28.0,-2367.0,2387.0,-469.0,0
102.0,-232.0,-2.0,-1977.0,2347.0,-341.0,0
73.0,-208.0,-27.0,-1593.0,2244.0,-222.0,0
49.0,-174.0,-48.0,-1232.0,2082.0,-48.0,0
52.0,-154.0,-70.0,-882.0,1881.0,153.0,0
49.0,-128.0,-88.0,-521.0,1680.0,318.0,0
52.0,-104.0,-107.0,-133.0,1515.0,411.0,0
53.0,-78.0,-120.0,291.0,1408.0,414.0,0
33.0,-43.0,-129.0,707.0,1349.0,349.0,0
-9.0,3.0,-119.0,1068.0,1298.0,260.0,0
-69.0,45.0,-109.0,1361.0,1217.0,228.0,0
-118.0,87.0,-100.0,1557.0,1073.0,305.0,0
-156.0,103.0,-100.0,1641.0,865.0,466.0,0
-171.0,99.0,-95.0,1582.0,615.0,677.0,0
-152.0,53.0,-96.0,1385.0,366.0,859.0,0
-111.0,-11.0,-94.0,1051.0,146.0,949.0,0
-72.0,-56.0,-77.0,685.0,-7.0,905.0,0
-47.0,-84.0,-61.0,440.0,-49.0,815.0,0
-16.0,-92.0,-63.0,361.0,8.0,736.0,0
0.0,-92.0,-64.0,411.0,104.0,649.0,0
22.0,-67.0,-63.0,534.0,195.0,546.0,0
40.0,-39.0,-67.0,686.0,255.0,450.0,0
52.0,-3.0,-78.0,833.0,277.0,373.0,0
58.0,24.0,-87.0,944.0,279.0,336.0,0
55.0,50.0,-99.0,979.0,291.0,322.0,0
51.0,68.0,-101.0,916.0,328.0,321.0,0
40.0,76.0,-91.0,774.0,393.0,340.0,0
25.0,76.0,-62.0,604.0,454.0,366.0,0
12.0,67.0,-29.0,458.0,491.0,395.0,0
1.0,56.0,-23.0,360.0,489.0,422.0,0
-1.0,45.0,-90.0,314.0,453.0,446.0,0
13.0,42.0,-189.0,223.0,465.0,462.0,0
59.0,31.0,-266.0,9.0,588.0,451.0,0
125.0,10.0,-320.0,-295.0,850.0,406.0,0
216.0,-34.0,-446.0,-667.0,1278.0,324.0,0
269.0,-89.0,-566.0,-1255.0,1862.0,146.0,0
282.0,-226.0,-468.0,-2081.0,2122.0,-220.0,0
195.0,-405.0,-178.0,-2784.0,1474.0,-797.0,0
49.0,-567.0,80.0,-2931.0,189.0,-1390.0,0
28.0,-738.0,275.0,-2505.0,-789.0,-1699.0,0
70.0,-830.0,358.0,-1732.0,-1054.0,-1763.0,0
62.0,-913.0,303.0,-719.0,-869.0,-1806.0,0
-30.0,-899.0,69.0,299.0,-437.0,-1914.0,0
-117.0,-848.0,-225.0,895.0,234.0,-1913.0,0
-202.0,-821.0,-448.0,691.0,942.0,-1660.0,0
-324.0,-814.0,-521.0,-238.0,1314.0,-1213.0,0
-435.0,-870.0,-447.0,-1392.0,1170.0,-481.0,0
-330.0,-851.0,-246.0,-2120.0,549.0,492.0,0
-199.0,-824.0,-102.0,-1856.0,-367.0,1240.0,0
-103.0,-764.0,-7.0,-770.0,-1193.0,1497.0,0
-40.0,-682.0,45.0,736.0,-1749.0,1436.0,0
-7.0,-590.0,76.0,2283.0,-2018.0,1258.0,0
7.0,-485.0,77.0,3518.0,-2023.0,1093.0,0
31.0,-381.0,79.0,4225.0,-1851.0,1051.0,0
68.0,-290.0,69.0,4380.0,-1617.0,1123.0,0
109.0,-215.0,66.0,4002.0,-1410.0,1227.0,0
135.0,-157.0,54.0,3166.0,-1279.0,1275.0,0
136.0,-124.0,34.0,2019.0,-1223.0,1255.0,0
114.0,-125.0,25.0,748.0,-1209.0,1242.0,0
103.0,-192.0,37.0,-453.0,-1210.0,1264.0,0
79.0,-268.0,73.0,-1436.0,-1226.0,1273.0,0
63.0,-324.0,102.0,-1987.0,-1262.0,1232.0,0
38.0,-352.0,107.0,-2358.0,-1288.0,1179.0,0
11.0,-362.0,96.0,-2458.0,-1283.0,1141.0,0
-10.0,-356.0,61.0,-2385.0,-1241.0,1118.0,0
-36.0,-341.0,30.0,-2231.0,-1162.0,1101.0,0
-58.0,-315.0,-11.0,-2022.0,-1080.0,1084.0,0
-71.0,-299.0,-48.0,-1791.0,-1017.0,1047.0,0
-75.0,-280.0,-71.0,-1560.0,-978.0,975.0,0
-78.0,-262.0,-74.0,-1325.0,-929.0,896.0,0
-96.0,-240.0,-70.0,-1016.0,-903.0,789.0,0
-105.0,-210.0,-66.0,-622.0,-900.0,660.0,0
-102.0,-193.0,-78.0,-186.0,-896.0,538.0,0
-119.0,-177.0,-97.0,232.0,-887.0,402.0,0
-118.0,-168.0,-109.0,562.0,-853.0,250.0,0
-114.0,-122.0,-109.0,811.0,-813.0,89.0,0
-88.0,-77.0,-110.0,1051.0,-823.0,-37.0,0
-42.0,-1.0,-82.0,1297.0,-876.0,-150.0,0
-5.0,63.0,-87.0,1572.0,-963.0,-258.0,0
36.0,117.0,-102.0,1830.0,-1045.0,-361.0,0
59.0,145.0,-134.0,2002.0,-1085.0,-461.0,0
67.0,144.0,-161.0,2006.0,-1069.0,-575.0,0
77.0,134.0,-182.0,1772.0,-982.0,-687.0,0
66.0,87.0,-195.0,1328.0,-847.0,-771.0,0
50.0,47.0,-167.0,749.0,-683.0,-811.0,0
47.0,9.0,-126.0,223.0,-523.0,-767.0,0
56.0,-28.0,-103.0,-99.0,-386.0,-676.0,0
61.0,-51.0,-96.0,-204.0,-257.0,-580.0,0
62.0,-56.0,-87.0,-141.0,-119.0,-501.0,0
58.0,-54.0,-89.0,24.0,23.0,-443.0,0
56.0,-45.0,-96.0,241.0,157.0,-423.0,0
53.0,-35.0,-100.0,465.0,246.0,-439.0,0
60.0,-30.0,-101.0,648.0,269.0,-474.0,0
68.0,-19.0,-91.0,750.0,231.0,-514.0,0
84.0,-15.0,-72.0,834.0,177.0,-552.0,0
96.0,-15.0,-50.0,890.0,120.0,-587.0,0
110.0,-15.0,-28.0,932.0,85.0,-606.0,0
97.0,-17.0,-50.0,964.0,67.0,-612.0,0
84.0,-22.0,-123.0,977.0,20.0,-591.0,0
45.0,-25.0,-205.0,922.0,-118.0,-562.0,0
-6.0,-37.0,-222.0,777.0,-330.0,-517.0,0
-69.0,-45.0,-251.0,554.0,-507.0,-409.0,0
-102.0,-70.0,-297.0,183.0,-518.0,-186.0,0
-88.0,-147.0,-292.0,-434.0,-350.0,140.0,0
-51.0,-284.0,-141.0,-1118.0,-5.0,573.0,0
-16.0,-440.0,67.0,-1571.0,436.0,1058.0,0
-29.0,-553.0,201.0,-1788.0,691.0,1423.0,0
-97.0,-621.0,215.0,-1906.0,634.0,1628.0,0
-155.0,-636.0,129.0,-1886.0,433.0,1783.0,0
-183.0,-640.0,-17.0,-1702.0,293.0,1971.0,0
-180.0,-692.0,-136.0,-1569.0,141.0,2134.0,0
-165.0,-751.0,-195.0,-1662.0,-290.0,1988.0,0
-117.0,-796.0,-233.0,-1835.0,-858.0,1469.0,0
-66.0,-857.0,-229.0,-1902.0,-1084.0,771.0,0
-44.0,-872.0,-166.0,-1682.0,-735.0,42.0,0
-65.0,-830.0,-65.0,-1033.0,-73.0,-672.0,0
-96.0,-770.0,-26.0,-19.0,502.0,-1274.0,0
-112.0,-695.0,-12.0,1122.0,858.0,-1707.0,0
-117.0,-615.0,4.0,2191.0,1053.0,-1970.0,0
-106.0,-538.0,5.0,3014.0,1118.0,-2067.0,0
-84.0,-464.0,4.0,3431.0,1056.0,-2040.0,0
-58.0,-392.0,7.0,3360.0,903.0,-1987.0,0
-39.0,-312.0,19.0,2849.0,747.0,-1950.0,0
-24.0,-245.0,36.0,2042.0,663.0,-1877.0,0
-11.0,-189.0,56.0,1098.0,661.0,-1730.0,0
13.0,-177.0,74.0,329.0,725.0,-1526.0,0
45.0,-213.0,95.0,-573.0,809.0,-1322.0,0
72.0,-267.0,118.0,-1300.0,949.0,-1168.0,0
114.0,-311.0,124.0,-1777.0,1116.0,-1065.0,0
142.0,-346.0,113.0,-2002.0,1272.0,-947.0,0
160.0,-358.0,96.0,-2049.0,1396.0,-831.0,0
182.0,-349.0,64.0,-1983.0,1463.0,-732.0,0
201.0,-330.0,39.0,-1851.0,1491.0,-644.0,0
207.0,-311.0,22.0,-1683.0,1503.0,-566.0,0
212.0,-283.0,2.0,-1483.0,1520.0,-480.0,0
210.0,-255.0,-11.0,-1248.0,1537.0,-387.0,0
190.0,-226.0,-20.0,-968.0,1584.0,-299.0,0
151.0,-192.0,-41.0,-611.0,1675.0,-228.0,0
112.0,-161.0,-65.0,-212.0,1798.0,-172.0,0
70.0,-120.0,-84.0,155.0,1910.0,-112.0,0
50.0,-85.0,-97.0,467.0,1969.0,-55.0,0
29.0,-50.0,-108.0,742.0,1999.0,-40.0,0
12.0,-9.0,-109.0,981.0,2023.0,-67.0,0
-6.0,29.0,-111.0,1207.0,2034.0,-130.0,0
-45.0,73.0,-95.0,1397.0,2002.0,-187.0,0
-81.0,99.0,-96.0,1564.0,1902.0,-175.0,0
-120.0,110.0,-98.0,1677.0,1731.0,-72.0,0
-136.0,103.0,-109.0,1665.0,1498.0,109.0,0
-133.0,80.0,-120.0,1465.0,1225.0,303.0,0
-116.0,37.0,-121.0,1069.0,952.0,462.0,0
-71.0,-22.0,-103.0,519.0,703.0,574.0,0
-38.0,-68.0,-76.0,-34.0,490.0,607.0,0
-22.0,-104.0,-37.0,-423.0,332.0,584.0,0
-3.0,-133.0,-18.0,-515.0,244.0,568.0,0
11.0,-147.0,-20.0,-363.0,220.0,550.0,0
27.0,-142.0,-36.0,-75.0,244.0,510.0,0
37.0,-115.0,-54.0,248.0,302.0,461.0,0
49.0,-78.0,-65.0,495.0,366.0,423.0,0
54.0,-42.0,-83.0,781.0,420.0,417.0,0
45.0,-6.0,-93.0,1039.0,463.0,452.0,0
28.0,19.0,-96.0,1232.0,532.0,507.0,0
9.0,40.0,-87.0,1318.0,608.0,597.0,0
-21.0,46.0,-59.0,1276.0,657.0,666.0,0
-42.0,40.0,-23.0,1158.0,647.0,723.0,0
-57.0,30.0,-19.0,1013.0,575.0,749.0,0
-69.0,23.0,-77.0,832.0,462.0,744.0,0
-50.0,12.0,-209.0,568.0,382.0,711.0,0
-3.0,-9.0,-269.0,179.0,411.0,639.0,0
73.0,-67.0,-311.0,-205.0,584.0,538.0,0
156.0,-111.0,-350.0,-469.0,828.0,369.0,0
204.0,-145.0,-382.0,-913.0,983.0,122.0,0
211.0,-288.0,-222.0,-1707.0,757.0,-259.0,0
147.0,-450.0,9.0,-2452.0,20.0,-793.0,0
98.0,-573.0,154.0,-2655.0,-664.0,-1331.0,0
115.0,-654.0,217.0,-2374.0,-807.0,-1672.0,0
170.0,-738.0,243.0,-1967.0,-702.0,-1845.0,0
201.0,-791.0,140.0,-1554.0,-662.0,-2074.0,0
168.0,-820.0,-56.0,-1188.0,-443.0,-2388.0,0
107.0,-820.0,-237.0,-1115.0,264.0,-2439.0,0
-34.0,-825.0,-325.0,-1399.0,1153.0,-2136.0,0
-208.0,-801.0,-317.0,-1793.0,1608.0,-1537.0,0
-340.0,-822.0,-277.0,-1954.0,1337.0,-684.0,0
-341.0,-789.0,-149.0,-1782.0,609.0,303.0,0
-245.0,-739.0,-41.0,-1065.0,-227.0,1137.0,0
-179.0,-667.0,21.0,84.0,-960.0,1549.0,0
-127.0,-586.0,62.0,1352.0,-1465.0,1647.0,0
-88.0,-501.0,79.0,2480.0,-1727.0,1577.0,0
-53.0,-411.0,80.0,3271.0,-1825.0,1456.0,0
-32.0,-353.0,81.0,3614.0,-1830.0,1373.0,0
-3.0,-296.0,76.0,3498.0,-1771.0,1350.0,0
36.0,-251.0,77.0,2950.0,-1650.0,1341.0,0
54.0,-232.0,80.0,2035.0,-1504.0,1297.0,0
54.0,-236.0,70.0,1136.0,-1396.0,1202.0,0
22.0,-274.0,72.0,-42.0,-1357.0,1114.0,0
2.0,-324.0,85.0,-1078.0,-1365.0,1105.0,0
0.0,-378.0,91.0,-1779.0,-1398.0,1143.0,0
5.0,-416.0,77.0,-2079.0,-1449.0,1201.0,0
-7.0,-433.0,42.0,-2074.0,-1495.0,1248.0,0
-13.0,-417.0,3.0,-1896.0,-1516.0,1275.0,0
-23.0,-382.0,-35.0,-1644.0,-1515.0,1293.0,0
-33.0,-338.0,-71.0,-1419.0,-1465.0,1342.0,0
-40.0,-297.0,-87.0,-1238.0,-1396.0,1393.0,0
-40.0,-261.0,-90.0,-1063.0,-1325.0,1417.0,0
-33.0,-230.0,-94.0,-875.0,-1266.0,1398.0,0
-18.0,-192.0,-85.0,-679.0,-1223.0,1332.0,0
-9.0,-166.0,-83.0,-471.0,-1198.0,1212.0,0
-17.0,-152.0,-83.0,-283.0,-1189.0,1035.0,0
-21.0,-136.0,-73.0,-126.0,-1180.0,826.0,0
-24.0,-127.0,-70.0,15.0,-1172.0,614.0,0
5.0,-102.0,-70.0,173.0,-1169.0,398.0,0
33.0,-81.0,-80.0,353.0,-1152.0,204.0,0
59.0,-49.0,-81.0,546.0,-1123.0,4.0,0
78.0,-17.0,-87.0,753.0,-1043.0,-207.0,0
76.0,19.0,-84.0,959.0,-917.0,-404.0,0
77.0,48.0,-87.0,1140.0,-764.0,-561.0,0
64.0,66.0,-86.0,1251.0,-596.0,-669.0,0
40.0,62.0,-93.0,1258.0,-435.0,-737.0,0
18.0,53.0,-88.0,1130.0,-303.0,-767.0,0
-4.0,32.0,-78.0,878.0,-223.0,-774.0,0
-27.0,12.0,-60.0,566.0,-194.0,-739.0,0
-39.0,-3.0,-41.0,279.0,-209.0,-658.0,0
-43.0,-16.0,-28.0,88.0,-257.0,-568.0,0
-44.0,-23.0,-34.0,27.0,-306.0,-473.0,0
-41.0,-29.0,-56.0,60.0,-327.0,-387.0,0
-39.0,-30.0,-82.0,166.0,-304.0,-323.0,0
-40.0,-31.0,-109.0,291.0,-230.0,-292.0,0
-30.0,-27.0,-125.0,400.0,-131.0,-284.0,0
-19.0,-24.0,-130.0,472.0,-41.0,-317.0,0
3.0,-26.0,-129.0,485.0,4.0,-370.0,0
26.0,-22.0,-122.0,444.0,-18.0,-431.0,0
43.0,-9.0,-102.0,378.0,-92.0,-481.0,0
58.0,-2.0,-81.0,313.0,-185.0,-507.0,0
63.0,4.0,-72.0,275.0,-272.0,-521.0,0
61.0,5.0,-86.0,270.0,-326.0,-519.0,0
46.0,9.0,-147.0,275.0,-359.0,-499.0,0
18.0,6.0,-222.0,228.0,-442.0,-465.0,0
-29.0,-14.0,-256.0,84.0,-601.0,-426.0,0
-82.0,-34.0,-272.0,-165.0,-741.0,-340.0,0
-111.0,-63.0,-292.0,-514.0,-702.0,-137.0,0
-83.0,-120.0,-370.0,-1006.0,-446.0,190.0,0
-14.0,-242.0,-298.0,-1686.0,-28.0,589.0,0
52.0,-399.0,-66.0,-2209.0,417.0,988.0,0
40.0,-551.0,173.0,-2306.0,667.0,1254.0,0
-22.0,-672.0,331.0,-2063.0,567.0,1346.0,0
-92.0,-720.0,361.0,-1601.0,141.0,1370.0,0
-133.0,-714.0,239.0,-1024.0,-371.0,1453.0,0
-102.0,-697.0,12.0,-621.0,-748.0,1571.0,0
-50.0,-700.0,-233.0,-721.0,-1088.0,1535.0,0
26.0,-727.0,-316.0,-1273.0,-1416.0,1257.0,0
73.0,-775.0,-313.0,-1894.0,-1491.0,733.0,0
86.0,-833.0,-244.0,-2242.0,-1067.0,77.0,0
27.0,-810.0,-113.0,-2075.0,-209.0,-614.0,0
-37.0,-764.0,6.0,-1215.0,684.0,-1176.0,0
-86.0,-699.0,57.0,-172.0,1273.0,-1535.0,0
-113.0,-635.0,75.0,1225.0,1568.0,-1766.0,0
-118.0,-573.0,80.0,2363.0,1653.0,-1900.0,0
-92.0,-507.0,71.0,2969.0,1580.0,-1956.0,0
-65.0,-443.0,55.0,2966.0,1359.0,-1990.0,0
-57.0,-372.0,50.0,2469.0,1111.0,-2016.0,0
-51.0,-301.0,42.0,1684.0,965.0,-2012.0,0
-46.0,-252.0,45.0,774.0,956.0,-1895.0,0
-33.0,-238.0,53.0,-137.0,1026.0,-1675.0,0
6.0,-266.0,62.0,-932.0,1106.0,-1441.0,0
39.0,-302.0,71.0,-1553.0,1162.0,-1261.0,0
77.0,-340.0,82.0,-1964.0,1221.0,-1107.0,0
118.0,-364.0,93.0,-2137.0,1318.0,-950.0,0
159.0,-375.0,86.0,-2090.0,1457.0,-798.0,0
188.0,-362.0,70.0,-1914.0,1620.0,-660.0,0
203.0,-335.0,57.0,-1699.0,1760.0,-550.0,0
207.0,-299.0,32.0,-1496.0,1861.0,-460.0,0
203.0,-264.0,8.0,-1338.0,1922.0,-359.0,0
188.0,-226.0,-13.0,-1206.0,1964.0,-239.0,0
169.0,-198.0,-21.0,-1049.0,2012.0,-132.0,0
135.0,-165.0,-40.0,-806.0,2059.0,-56.0,0
104.0,-134.0,-73.0,-531.0,2100.0,28.0,0
80.0,-111.0,-93.0,-288.0,2126.0,137.0,0
71.0,-90.0,-103.0,-88.0,2138.0,245.0,0
60.0,-67.0,-101.0,129.0,2170.0,292.0,0
48.0,-42.0,-102.0,397.0,2227.0,273.0,0
21.0,-13.0,-97.0,695.0,2266.0,188.0,0
-17.0,29.0,-87.0,999.0,2231.0,98.0,0
-62.0,70.0,-87.0,1279.0,2098.0,54.0,0
-105.0,105.0,-91.0,1466.0,1865.0,92.0,0
-132.0,120.0,-110.0,1506.0,1561.0,206.0,0
-133.0,111.0,-135.0,1367.0,1228.0,344.0,0
-109.0,65.0,-151.0,1005.0,973.0,458.0,0
-65.0,12.0,-141.0,464.0,707.0,519.0,0
-44.0,-31.0,-114.0,-53.0,529.0,527.0,0
-27.0,-68.0,-82.0,-364.0,459.0,506.0,0
-21.0,-101.0,-61.0,-439.0,444.0,462.0,0
-17.0,-113.0,-48.0,-331.0,438.0,396.0,0
-10.0,-114.0,-42.0,-123.0,417.0,318.0,0
-10.0,-97.0,-42.0,115.0,370.0,254.0,0
-6.0,-70.0,-51.0,353.0,324.0,224.0,0
-18.0,-42.0,-54.0,575.0,298.0,231.0,0
-34.0,-16.0,-60.0,758.0,299.0,285.0,0
-46.0,0.0,-64.0,890.0,328.0,383.0,0
-55.0,12.0,-73.0,947.0,370.0,483.0,0
-65.0,25.0,-89.0,901.0,415.0,552.0,0
-71.0,32.0,-172.0,746.0,466.0,593.0,0
-51.0,34.0,-265.0,452.0,575.0,626.0,0
-8.0,30.0,-335.0,42.0,801.0,637.0,0
60.0,7.0,-345.0,-420.0,1138.0,613.0,0
136.0,-25.0,-389.0,-885.0,1482.0,500.0,0
188.0,-110.0,-392.0,-1428.0,1769.0,278.0,0
186.0,-236.0,-240.0,-2001.0,1686.0,-73.0,0
111.0,-400.0,-39.0,-2344.0,963.0,-547.0,0
27.0,-538.0,106.0,-2285.0,-104.0,-1022.0,0
34.0,-665.0,197.0,-1898.0,-852.0,-1320.0,0
81.0,-748.0,240.0,-1286.0,-1015.0,-1500.0,0
116.0,-808.0,216.0,-523.0,-788.0,-1669.0,0
83.0,-824.0,54.0,226.0,-406.0,-1889.0,0
-2.0,-799.0,-177.0,635.0,82.0,-2088.0,0
-121.0,-771.0,-341.0,528.0,591.0,-2076.0,0
-211.0,-737.0,-383.0,-130.0,859.0,-1708.0,0
-237.0,-746.0,-340.0,-962.0,747.0,-1092.0,0
-189.0,-728.0,-231.0,-1536.0,269.0,-519.0,0
-92.0,-687.0,-126.0,-1513.0,-340.0,177.0,0
-24.0,-643.0,-46.0,-871.0,-885.0,640.0,0
26.0,-587.0,12.0,120.0,-1281.0,906.0,0
38.0,-517.0,49.0,1189.0,-1538.0,1036.0,0
29.0,-443.0,64.0,2109.0,-1664.0,1118.0,0
15.0,-373.0,67.0,2718.0,-1665.0,1224.0,0
25.0,-314.0,70.0,2958.0,-1591.0,1362.0,0
58.0,-259.0,57.0,2838.0,-1494.0,1494.0,0
76.0,-232.0,47.0,2372.0,-1389.0,1572.0,0
82.0,-212.0,41.0,1613.0,-1290.0,1576.0,0
72.0,-214.0,42.0,677.0,-1224.0,1533.0,0
51.0,-256.0,47.0,-273.0,-1213.0,1488.0,0
24.0,-333.0,58.0,-1108.0,-1270.0,1435.0,0
0.0,-403.0,81.0,-1756.0,-1385.0,1339.0,0
-32.0,-446.0,94.0,-2144.0,-1526.0,1227.0,0
-56.0,-466.0,85.0,-2280.0,-1646.0,1131.0,0
-57.0,-453.0,59.0,-2248.0,-1682.0,1054.0,0
-70.0,-430.0,31.0,-2100.0,-1591.0,990.0,0
-95.0,-404.0,8.0,-1851.0,-1426.0,917.0,0
-107.0,-375.0,-22.0,-1541.0,-1248.0,852.0,0
-118.0,-342.0,-49.0,-1220.0,-1105.0,797.0,0
-120.0,-310.0,-60.0,-895.0,-1026.0,728.0,0
-95.0,-274.0,-66.0,-521.0,-1019.0,633.0,0
-86.0,-228.0,-66.0,-73.0,-1074.0,494.0,0
-72.0,-176.0,-68.0,416.0,-1165.0,348.0,0
-59.0,-113.0,-90.0,857.0,-1247.0,229.0,0
-60.0,-58.0,-105.0,1138.0,-1262.0,131.0,0
-50.0,4.0,-95.0,1209.0,-1192.0,57.0,0
-25.0,79.0,-80.0,1186.0,-1123.0,26.0,0
19.0,148.0,-84.0,1157.0,-1063.0,33.0,0
69.0,197.0,-94.0,1165.0,-1023.0,26.0,0
98.0,200.0,-131.0,1157.0,-980.0,-35.0,0
119.0,194.0,-157.0,1010.0,-906.0,-184.0,0
117.0,153.0,-178.0,710.0,-815.0,-359.0,0
75.0,97.0,-156.0,278.0,-703.0,-527.0,0
48.0,37.0,-110.0,-151.0,-559.0,-623.0,0
37.0,-17.0,-64.0,-401.0,-444.0,-641.0,0
31.0,-55.0,-50.0,-433.0,-389.0,-627.0,0
26.0,-79.0,-53.0,-331.0,-369.0,-586.0,0
27.0,-103.0,-69.0,-179.0,-339.0,-527.0,0
30.0,-101.0,-99.0,-24.0,-262.0,-468.0,0
24.0,-96.0,-130.0,125.0,-130.0,-424.0,0
19.0,-93.0,-150.0,248.0,40.0,-404.0,0
9.0,-83.0,-162.0,342.0,202.0,-418.0,0
15.0,-79.0,-159.0,422.0,311.0,-469.0,0
24.0,-81.0,-140.0,488.0,338.0,-544.0,0
46.0,-81.0,-99.0,548.0,285.0,-634.0,0
57.0,-76.0,-50.0,622.0,177.0,-724.0,0
62.0,-69.0,-9.0,730.0,59.0,-778.0,0
63.0,-61.0,30.0,904.0,-46.0,-789.0,0
57.0,-38.0,22.0,1126.0,-130.0,-783.0,0
31.0,2.0,-60.0,1327.0,-217.0,-764.0,0
-8.0,36.0,-191.0,1364.0,-397.0,-744.0,0
-74.0,60.0,-265.0,1164.0,-710.0,-716.0,0
-155.0,69.0,-310.0,741.0,-1008.0,-642.0,0
-208.0,68.0,-412.0,132.0,-1064.0,-435.0,0
-200.0,19.0,-547.0,-684.0,-839.0,-99.0,0
-175.0,-141.0,-437.0,-1503.0,-371.0,330.0,0
-105.0,-350.0,-116.0,-1904.0,228.0,858.0,0
-65.0,-528.0,149.0,-2051.0,594.0,1326.0,0
-95.0,-653.0,259.0,-1949.0,640.0,1565.0,0
-140.0,-695.0,217.0,-1668.0,382.0,1766.0,0
-126.0,-723.0,138.0,-1220.0,127.0,1987.0,0
-90.0,-721.0,-42.0,-808.0,-245.0,2125.0,0
-40.0,-753.0,-181.0,-727.0,-926.0,2056.0,0
31.0,-759.0,-256.0,-1080.0,-1699.0,1785.0,0
124.0,-859.0,-288.0,-1590.0,-2086.0,1364.0,0
189.0,-944.0,-267.0,-2042.0,-1793.0,755.0,0
148.0,-947.0,-197.0,-2176.0,-871.0,-93.0,0
47.0,-884.0,-126.0,-1711.0,297.0,-993.0,0
-19.0,-812.0,-70.0,-672.0,1268.0,-1627.0,0
-69.0,-729.0,-12.0,680.0,1848.0,-1963.0,0
-91.0,-652.0,25.0,2037.0,2020.0,-2083.0,0
-71.0,-574.0,39.0,3091.0,1864.0,-2072.0,0
-41.0,-487.0,40.0,3642.0,1526.0,-2019.0,0
-19.0,-395.0,48.0,3639.0,1176.0,-1978.0,0
-13.0,-304.0,58.0,3148.0,915.0,-1931.0,0
-17.0,-204.0,64.0,2312.0,772.0,-1803.0,0
-23.0,-128.0,61.0,1300.0,765.0,-1579.0,0
-12.0,-123.0,42.0,256.0,897.0,-1288.0,0
19.0,-164.0,47.0,-736.0,1130.0,-1048.0,0
52.0,-229.0,56.0,-1532.0,1367.0,-943.0,0
77.0,-274.0,57.0,-2046.0,1567.0,-890.0,0
100.0,-310.0,48.0,-2286.0,1731.0,-839.0,0
106.0,-331.0,49.0,-2312.0,1849.0,-792.0,0
105.0,-335.0,38.0,-2183.0,1910.0,-737.0,0
101.0,-324.0,20.0,-1957.0,1908.0,-680.0,0
94.0,-308.0,6.0,-1659.0,1856.0,-626.0,0
89.0,-287.0,-9.0,-1382.0,1793.0,-583.0,0
78.0,-265.0,-18.0,-1007.0,1765.0,-540.0,0
48.0,-234.0,-25.0,-621.0,1780.0,-482.0,0
23.0,-198.0,-41.0,-225.0,1828.0,-408.0,0
3.0,-167.0,-51.0,158.0,1881.0,-266.0,0
-4.0,-119.0,-56.0,522.0,1917.0,-104.0,0
3.0,-70.0,-63.0,867.0,1945.0,39.0,0
9.0,-31.0,-64.0,1177.0,1954.0,145.0,0
15.0,1.0,-71.0,1434.0,1935.0,212.0,0
15.0,32.0,-74.0,1599.0,1861.0,236.0,0
7.0,64.0,-87.0,1653.0,1728.0,211.0,0
-13.0,97.0,-84.0,1598.0,1548.0,164.0,0
-36.0,117.0,-108.0,1484.0,1336.0,171.0,0
-47.0,112.0,-127.0,1281.0,1098.0,254.0,0
-63.0,86.0,-123.0,979.0,848.0,402.0,0
-39.0,18.0,-112.0,600.0,596.0,567.0,0
-21.0,-27.0,-70.0,196.0,338.0,662.0,0
-8.0,-70.0,-47.0,-84.0,92.0,665.0,0
-10.0,-87.0,-42.0,-166.0,-91.0,629.0,0
-15.0,-93.0,-54.0,-84.0,-179.0,590.0,0
-7.0,-83.0,-70.0,86.0,-196.0,561.0,0
3.0,-57.0,-87.0,288.0,-162.0,557.0,0
3.0,-27.0,-98.0,488.0,-67.0,590.0,0
0.0,-1.0,-103.0,655.0,89.0,641.0,0
-21.0,14.0,-103.0,774.0,284.0,693.0,0
-46.0,23.0,-87.0,840.0,459.0,734.0,0
-63.0,22.0,-58.0,870.0,568.0,761.0,0
-82.0,19.0,-26.0,894.0,592.0,763.0,0
-91.0,11.0,-14.0,912.0,551.0,731.0,0
-86.0,3.0,-37.0,914.0,490.0,680.0,0
-69.0,-7.0,-161.0,850.0,454.0,616.0,0
-10.0,-43.0,-205.0,706.0,496.0,528.0,0
40.0,-83.0,-271.0,532.0,543.0,390.0,0
104.0,-84.0,-391.0,372.0,604.0,260.0,0
164.0,-96.0,-445.0,-124.0,656.0,60.0,0
192.0,-183.0,-280.0,-940.0,621.0,-258.0,0
180.0,-325.0,-24.0,-1595.0,308.0,-646.0,0
131.0,-461.0,111.0,-1795.0,-166.0,-1003.0,0
98.0,-577.0,169.0,-1671.0,-503.0,-1321.0,0
113.0,-647.0,214.0,-1466.0,-671.0,-1575.0,0
168.0,-719.0,211.0,-1213.0,-846.0,-1794.0,0
164.0,-764.0,103.0,-902.0,-1025.0,-2091.0,0
118.0,-746.0,-79.0,-701.0,-810.0,-2258.0,0
50.0,-720.0,-244.0,-848.0,-62.0,-2022.0,0
-112.0,-723.0,-324.0,-1316.0,698.0,-1477.0,0
-242.0,-720.0,-308.0,-1867.0,923.0,-716.0,0
-295.0,-749.0,-262.0,-2112.0,550.0,114.0,0
-208.0,-757.0,-152.0,-1872.0,-43.0,922.0,0
-126.0,-733.0,-45.0,-1050.0,-567.0,1454.0,0
-67.0,-693.0,28.0,181.0,-949.0,1645.0,0
-32.0,-612.0,82.0,1515.0,-1223.0,1651.0,0
-19.0,-532.0,93.0,2675.0,-1381.0,1583.0,0
1.0,-448.0,99.0,3462.0,-1425.0,1501.0,0
27.0,-372.0,101.0,3808.0,-1406.0,1445.0,0
54.0,-308.0,101.0,3712.0,-1354.0,1419.0,0
73.0,-246.0,100.0,3178.0,-1275.0,1364.0,0
67.0,-204.0,88.0,2237.0,-1176.0,1253.0,0
58.0,-194.0,83.0,1035.0,-1108.0,1134.0,0
23.0,-221.0,82.0,-235.0,-1089.0,1066.0,0
-22.0,-302.0,94.0,-1384.0,-1119.0,1065.0,0
-42.0,-374.0,109.0,-2244.0,-1181.0,1046.0,0
-63.0,-420.0,103.0,-2637.0,-1231.0,988.0,0
-76.0,-441.0,58.0,-2747.0,-1233.0,936.0,0
-84.0,-421.0,9.0,-2582.0,-1213.0,927.0,0
-94.0,-390.0,-21.0,-2302.0,-1190.0,955.0,0
-98.0,-348.0,-47.0,-1985.0,-1188.0,989.0,0
-84.0,-304.0,-62.0,-1667.0,-1190.0,1009.0,0
-77.0,-267.0,-60.0,-1311.0,-1191.0,996.0,0
-67.0,-225.0,-65.0,-898.0,-1209.0,924.0,0
-64.0,-176.0,-74.0,-492.0,-1251.0,793.0,0
-60.0,-129.0,-80.0,-149.0,-1278.0,649.0,0
-58.0,-100.0,-88.0,123.0,-1306.0,489.0,0
-63.0,-78.0,-92.0,325.0,-1334.0,312.0,0
-62.0,-56.0,-84.0,451.0,-1355.0,130.0,0
-48.0,-30.0,-89.0,552.0,-1381.0,-31.0,0
-8.0,5.0,-76.0,638.0,-1385.0,-134.0,0
25.0,42.0,-80.0,766.0,-1357.0,-203.0,0
59.0,65.0,-89.0,922.0,-1275.0,-255.0,0
81.0,73.0,-97.0,1050.0,-1140.0,-300.0,0
89.0,80.0,-106.0,1093.0,-968.0,-356.0,0
79.0,55.0,-107.0,1018.0,-784.0,-430.0,0
54.0,15.0,-98.0,788.0,-594.0,-501.0,0
19.0,-24.0,-67.0,454.0,-423.0,-538.0,0
-4.0,-56.0,-22.0,164.0,-322.0,-515.0,0
-29.0,-81.0,1.0,18.0,-323.0,-462.0,0
-34.0,-92.0,5.0,23.0,-392.0,-417.0,0
-28.0,-89.0,-6.0,151.0,-469.0,-372.0,0
-21.0,-78.0,-35.0,355.0,-502.0,-323.0,0
-12.0,-63.0,-75.0,559.0,-485.0,-291.0,0
-10.0,-46.0,-111.0,705.0,-433.0,-293.0,0
0.0,-40.0,-131.0,789.0,-373.0,-337.0,0
9.0,-31.0,-141.0,803.0,-327.0,-423.0,0
34.0,-27.0,-138.0,759.0,-306.0,-522.0,0
49.0,-19.0,-122.0,682.0,-317.0,-618.0,0
59.0,-15.0,-98.0,615.0,-354.0,-685.0,0
62.0,-15.0,-66.0,552.0,-386.0,-712.0,0
62.0,-18.0,-28.0,534.0,-401.0,-702.0,0
61.0,-22.0,-4.0,583.0,-363.0,-678.0,0
46.0,-23.0,-36.0,697.0,-294.0,-639.0,0
18.0,-17.0,-133.0,802.0,-271.0,-612.0,0
-31.0,-21.0,-197.0,782.0,-380.0,-588.0,0
-105.0,-40.0,-192.0,652.0,-602.0,-546.0,0
-183.0,-44.0,-225.0,432.0,-799.0,-396.0,0
-211.0,-50.0,-403.0,-13.0,-813.0,-76.0,0
-187.0,-117.0,-539.0,-893.0,-579.0,310.0,0
-128.0,-265.0,-343.0,-2005.0,-132.0,723.0,0
-64.0,-437.0,-39.0,-2759.0,350.0,1123.0,0
-58.0,-614.0,214.0,-3002.0,602.0,1393.0,0
-87.0,-698.0,270.0,-2826.0,498.0,1539.0,0
-108.0,-736.0,198.0,-2305.0,173.0,1691.0,0
-81.0,-763.0,41.0,-1637.0,-212.0,1901.0,0
-38.0,-772.0,-153.0,-1255.0,-755.0,1987.0,0
24.0,-758.0,-295.0,-1321.0,-1459.0,1776.0,0
107.0,-841.0,-354.0,-1625.0,-1946.0,1300.0,0
142.0,-912.0,-311.0,-1941.0,-1753.0,651.0,0
98.0,-892.0,-171.0,-1923.0,-821.0,-167.0,0
19.0,-824.0,-71.0,-1273.0,361.0,-961.0,0
-51.0,-743.0,-17.0,-132.0,1286.0,-1498.0,0
-90.0,-647.0,27.0,1133.0,1816.0,-1789.0,0
-93.0,-568.0,52.0,2225.0,1984.0,-1889.0,0
-65.0,-493.0,54.0,2954.0,1869.0,-1866.0,0
-22.0,-410.0,38.0,3188.0,1591.0,-1813.0,0
10.0,-350.0,38.0,2950.0,1290.0,-1782.0,0
18.0,-275.0,40.0,2334.0,1079.0,-1757.0,0
5.0,-210.0,48.0,1474.0,984.0,-1666.0,0
-10.0,-163.0,55.0,702.0,958.0,-1479.0,0
-1.0,-170.0,64.0,-256.0,970.0,-1255.0,0
28.0,-217.0,76.0,-1122.0,1049.0,-1087.0,0
63.0,-272.0,85.0,-1809.0,1215.0,-1001.0,0
98.0,-322.0,89.0,-2273.0,1459.0,-892.0,0
130.0,-361.0,80.0,-2505.0,1739.0,-753.0,0
148.0,-378.0,86.0,-2529.0,2008.0,-619.0,0
152.0,-374.0,78.0,-2387.0,2202.0,-523.0,0
152.0,-355.0,59.0,-2128.0,2280.0,-454.0,0
151.0,-326.0,34.0,-1812.0,2277.0,-406.0,0
152.0,-308.0,9.0,-1500.0,2247.0,-374.0,0
150.0,-279.0,-17.0,-1219.0,2233.0,-351.0,0
123.0,-246.0,-32.0,-957.0,2240.0,-336.0,0
97.0,-212.0,-49.0,-685.0,2248.0,-310.0,0
63.0,-173.0,-63.0,-397.0,2233.0,-245.0,0
57.0,-141.0,-83.0,-113.0,2203.0,-132.0,0
50.0,-114.0,-82.0,168.0,2177.0,-18.0,0
40.0,-75.0,-76.0,458.0,2190.0,57.0,0
31.0,-48.0,-78.0,754.0,2223.0,79.0,0
11.0,-11.0,-80.0,1054.0,2228.0,52.0,0
-46.0,41.0,-73.0,1315.0,2157.0,0.0,0
-93.0,83.0,-84.0,1528.0,1996.0,0.0,0
-136.0,117.0,-100.0,1637.0,1751.0,98.0,0
-153.0,126.0,-121.0,1578.0,1439.0,295.0,0
-141.0,114.0,-145.0,1317.0,1094.0,528.0,0
-100.0,65.0,-141.0,852.0,761.0,693.0,0
-62.0,13.0,-111.0,280.0,460.0,724.0,0
-37.0,-33.0,-66.0,-164.0,246.0,687.0,0
-10.0,-64.0,-39.0,-334.0,123.0,637.0,0
-3.0,-90.0,-34.0,-278.0,70.0,552.0,0
1.0,-89.0,-44.0,-105.0,60.0,454.0,0
11.0,-61.0,-58.0,52.0,84.0,384.0,0
19.0,-28.0,-75.0,234.0,120.0,353.0,0
27.0,2.0,-90.0,393.0,200.0,373.0,0
18.0,20.0,-95.0,514.0,323.0,414.0,0
7.0,35.0,-89.0,573.0,455.0,481.0,0
-3.0,35.0,-78.0,580.0,566.0,547.0,0
-18.0,38.0,-75.0,546.0,631.0,594.0,0
-31.0,31.0,-89.0,470.0,651.0,626.0,0
-23.0,27.0,-218.0,316.0,654.0,642.0,0
17.0,31.0,-299.0,14.0,733.0,648.0,0
70.0,17.0,-393.0,-433.0,940.0,614.0,0
139.0,-9.0,-469.0,-957.0,1333.0,534.0,0
204.0,-62.0,-536.0,-1509.0,1852.0,410.0,0
259.0,-173.0,-429.0,-2091.0,2131.0,212.0,0
269.0,-373.0,-137.0,-2551.0,1616.0,-146.0,0
164.0,-559.0,110.0,-2584.0,317.0,-692.0,0
75.0,-710.0,276.0,-2079.0,-872.0,-1177.0,0
71.0,-819.0,379.0,-1258.0,-1347.0,-1410.0,0
100.0,-899.0,379.0,-271.0,-1342.0,-1575.0,0
54.0,-926.0,199.0,802.0,-1146.0,-1877.0,0
-48.0,-888.0,-77.0,1604.0,-690.0,-2166.0,0
-121.0,-795.0,-311.0,1707.0,39.0,-2196.0,0
-255.0,-771.0,-420.0,932.0,691.0,-1903.0,0
-379.0,-790.0,-452.0,-343.0,949.0,-1197.0,0
-368.0,-765.0,-344.0,-1604.0,730.0,-200.0,0
-224.0,-731.0,-208.0,-2197.0,136.0,679.0,0
-122.0,-696.0,-85.0,-1917.0,-575.0,1110.0,0
-53.0,-626.0,44.0,-953.0,-1204.0,1228.0,0
-14.0,-545.0,87.0,429.0,-1731.0,1172.0,0
12.0,-460.0,101.0,1884.0,-2072.0,1077.0,0
25.0,-375.0,86.0,3107.0,-2161.0,1037.0,0
47.0,-297.0,75.0,3773.0,-2058.0,1094.0,0
76.0,-231.0,55.0,4141.0,-1866.0,1232.0,0
100.0,-174.0,35.0,3939.0,-1691.0,1378.0,0
118.0,-126.0,27.0,3178.0,-1488.0,1453.0,0
125.0,-106.0,31.0,1983.0,-1340.0,1488.0,0
105.0,-115.0,51.0,582.0,-1280.0,1493.0,0
71.0,-174.0,75.0,-762.0,-1301.0,1498.0,0
33.0,-260.0,119.0,-1843.0,-1348.0,1531.0,0
-9.0,-340.0,139.0,-2532.0,-1410.0,1540.0,0
-46.0,-388.0,147.0,-2817.0,-1514.0,1481.0,0
-48.0,-398.0,119.0,-2775.0,-1644.0,1378.0,0
-78.0,-395.0,82.0,-2533.0,-1735.0,1308.0,0
-85.0,-368.0,25.0,-2187.0,-1732.0,1263.0,0
-84.0,-327.0,-19.0,-1820.0,-1631.0,1226.0,0
-95.0,-301.0,-46.0,-1479.0,-1488.0,1170.0,0
-96.0,-259.0,-74.0,-1189.0,-1367.0,1097.0,0
-88.0,-229.0,-80.0,-951.0,-1307.0,1022.0,0
-94.0,-185.0,-94.0,-750.0,-1304.0,886.0,0
-107.0,-160.0,-116.0,-588.0,-1322.0,687.0,0
-115.0,-144.0,-125.0,-480.0,-1308.0,443.0,0
-113.0,-116.0,-127.0,-405.0,-1244.0,182.0,0
-89.0,-93.0,-105.0,-287.0,-1149.0,-43.0,0
-49.0,-44.0,-110.0,-63.0,-1050.0,-228.0,0
11.0,10.0,-97.0,235.0,-933.0,-361.0,0
74.0,55.0,-100.0,583.0,-762.0,-460.0,0
123.0,93.0,-116.0,897.0,-547.0,-541.0,0
164.0,110.0,-124.0,1119.0,-316.0,-624.0,0
166.0,111.0,-131.0,1168.0,-112.0,-735.0,0
137.0,84.0,-125.0,1029.0,43.0,-826.0,0
101.0,46.0,-105.0,747.0,136.0,-869.0,0
79.0,10.0,-71.0,428.0,154.0,-822.0,0
64.0,-26.0,-41.0,190.0,90.0,-722.0,0
52.0,-50.0,-31.0,81.0,-35.0,-611.0,0
35.0,-58.0,-42.0,57.0,-143.0,-499.0,0
28.0,-56.0,-60.0,116.0,-240.0,-388.0,0
19.0,-44.0,-85.0,212.0,-269.0,-309.0,0
10.0,-30.0,-115.0,305.0,-225.0,-221.0,0
0.0,-18.0,-143.0,371.0,-132.0,-161.0,0
5.0,-10.0,-159.0,387.0,-23.0,-151.0,0
11.0,-5.0,-164.0,344.0,56.0,-174.0,0
27.0,-5.0,-156.0,250.0,90.0,-215.0,0
37.0,-2.0,-133.0,143.0,77.0,-262.0,0
43.0,-11.0,-106.0,71.0,38.0,-307.0,0
37.0,-19.0,-82.0,72.0,-8.0,-339.0,0
31.0,-23.0,-80.0,154.0,-56.0,-354.0,0
20.0,-11.0,-148.0,261.0,-134.0,-360.0,0
-12.0,-5.0,-238.0,281.0,-299.0,-374.0,0
-65.0,-4.0,-312.0,154.0,-564.0,-383.0,0
-128.0,-17.0,-340.0,-74.0,-761.0,-324.0,0
-160.0,-39.0,-379.0,-306.0,-672.0,-115.0,0
-138.0,-126.0,-369.0,-546.0,-326.0,192.0,0
-87.0,-277.0,-152.0,-623.0,80.0,502.0,0
-29.0,-463.0,151.0,-386.0,311.0,789.0,0
-34.0,-552.0,261.0,-49.0,259.0,1027.0,0
-67.0,-599.0,249.0,202.0,-46.0,1214.0,0
-76.0,-607.0,146.0,412.0,-279.0,1410.0,0
-73.0,-594.0,9.0,515.0,-297.0,1639.0,0
-63.0,-611.0,-142.0,303.0,-398.0,1821.0,0
-47.0,-642.0,-265.0,-293.0,-720.0,1869.0,0
3.0,-676.0,-304.0,-1105.0,-1079.0,1699.0,0
33.0,-738.0,-266.0,-1818.0,-1215.0,1280.0,0
27.0,-806.0,-203.0,-2159.0,-914.0,674.0,0
-4.0,-835.0,-91.0,-1989.0,-215.0,-27.0,0
-67.0,-821.0,-27.0,-1464.0,567.0,-739.0,0
-108.0,-786.0,12.0,-474.0,1183.0,-1321.0,0
-134.0,-734.0,45.0,651.0,1488.0,-1746.0,0
-138.0,-671.0,68.0,1719.0,1625.0,-1972.0,0
-110.0,-601.0,64.0,2554.0,1540.0,-2123.0,0
-67.0,-530.0,62.0,3010.0,1349.0,-2160.0,0
-30.0,-453.0,60.0,3028.0,1171.0,-2145.0,0
-9.0,-368.0,67.0,2628.0,1058.0,-2097.0,0
2.0,-281.0,79.0,1870.0,1007.0,-1969.0,0
31.0,-210.0,96.0,895.0,1025.0,-1752.0,0
73.0,-209.0,107.0,-124.0,1149.0,-1485.0,0
119.0,-257.0,127.0,-1046.0,1368.0,-1252.0,0
148.0,-309.0,140.0,-1759.0,1616.0,-1102.0,0
179.0,-348.0,141.0,-2216.0,1858.0,-970.0,0
210.0,-380.0,127.0,-2409.0,2059.0,-841.0,0
223.0,-380.0,100.0,-2379.0,2198.0,-722.0,0
224.0,-365.0,75.0,-2186.0,2266.0,-606.0,0
217.0,-339.0,40.0,-1864.0,2294.0,-521.0,0
203.0,-303.0,4.0,-1478.0,2303.0,-487.0,0
173.0,-265.0,-32.0,-1063.0,2306.0,-502.0,0
136.0,-225.0,-62.0,-648.0,2346.0,-536.0,0
86.0,-184.0,-90.0,-238.0,2420.0,-576.0,0
38.0,-147.0,-119.0,110.0,2484.0,-563.0,0
-1.0,-113.0,-136.0,335.0,2486.0,-489.0,0
-30.0,-75.0,-135.0,489.0,2434.0,-408.0,0
-63.0,-38.0,-121.0,641.0,2355.0,-343.0,0
-88.0,-2.0,-106.0,852.0,2270.0,-301.0,0
-129.0,30.0,-100.0,1112.0,2150.0,-261.0,0
-181.0,77.0,-96.0,1371.0,1986.0,-175.0,0
-199.0,104.0,-103.0,1606.0,1792.0,-28.0,0
-204.0,107.0,-119.0,1727.0,1564.0,194.0,0
-171.0,95.0,-125.0,1695.0,1303.0,443.0,0
-135.0,76.0,-132.0,1458.0,1025.0,632.0,0
-99.0,28.0,-127.0,1024.0,807.0,742.0,0
-58.0,-23.0,-102.0,461.0,559.0,777.0,0
-26.0,-55.0,-59.0,-65.0,359.0,763.0,0
-8.0,-85.0,-24.0,-366.0,244.0,723.0,0
5.0,-108.0,-22.0,-401.0,202.0,654.0,0
15.0,-110.0,-34.0,-271.0,187.0,558.0,0
33.0,-98.0,-58.0,-80.0,181.0,480.0,0
42.0,-76.0,-75.0,133.0,191.0,449.0,0
29.0,-50.0,-89.0,359.0,221.0,462.0,0
16.0,-31.0,-93.0,582.0,262.0,524.0,0
-3.0,-3.0,-92.0,759.0,294.0,635.0,0
-20.0,3.0,-84.0,868.0,318.0,775.0,0
-32.0,5.0,-81.0,911.0,338.0,893.0,0
-38.0,1.0,-124.0,891.0,361.0,955.0,0
-20.0,5.0,-247.0,762.0,427.0,964.0,0
19.0,4.0,-292.0,459.0,564.0,919.0,0
75.0,-26.0,-314.0,43.0,752.0,829.0,0
151.0,-78.0,-292.0,-394.0,981.0,706.0,0
211.0,-143.0,-279.0,-786.0,1116.0,520.0,0
244.0,-240.0,-203.0,-1264.0,906.0,222.0,0
224.0,-383.0,-60.0,-1818.0,176.0,-259.0,0
149.0,-538.0,96.0,-2123.0,-778.0,-841.0,0
104.0,-665.0,191.0,-1927.0,-1286.0,-1284.0,0
133.0,-771.0,230.0,-1353.0,-1138.0,-1512.0,0
182.0,-797.0,173.0,-717.0,-668.0,-1671.0,0
199.0,-771.0,-43.0,-209.0,-95.0,-1897.0,0
132.0,-745.0,-249.0,-61.0,593.0,-2177.0,0
-2.0,-675.0,-333.0,-347.0,1270.0,-2328.0,0
-179.0,-637.0,-331.0,-849.0,1563.0,-2057.0,0
-275.0,-642.0,-299.0,-1206.0,1373.0,-1211.0,0
-256.0,-633.0,-211.0,-1418.0,971.0,-126.0,0
-174.0,-627.0,-123.0,-1220.0,348.0,786.0,0
-139.0,-600.0,-43.0,-569.0,-241.0,1233.0,0
-123.0,-556.0,38.0,333.0,-723.0,1572.0,0
-109.0,-505.0,77.0,1271.0,-1130.0,1787.0,0
-96.0,-451.0,89.0,2083.0,-1464.0,1888.0,0
-67.0,-394.0,86.0,2640.0,-1643.0,1880.0,0
-37.0,-353.0,80.0,2873.0,-1674.0,1801.0,0
-18.0,-322.0,70.0,2757.0,-1631.0,1708.0,0
1.0,-299.0,52.0,2298.0,-1568.0,1633.0,0
-2.0,-293.0,43.0,1539.0,-1498.0,1557.0,0
0.0,-312.0,43.0,563.0,-1435.0,1463.0,0
-20.0,-346.0,67.0,-472.0,-1400.0,1326.0,0
-53.0,-378.0,108.0,-1341.0,-1381.0,1169.0,0
-70.0,-416.0,134.0,-1879.0,-1377.0,1038.0,0
-93.0,-445.0,136.0,-2072.0,-1363.0,954.0,0
-109.0,-464.0,109.0,-1992.0,-1345.0,862.0,0
-112.0,-442.0,65.0,-1780.0,-1321.0,735.0,0
-131.0,-417.0,17.0,-1544.0,-1290.0,606.0,0
-139.0,-380.0,-28.0,-1336.0,-1276.0,484.0,0
-142.0,-336.0,-84.0,-1176.0,-1268.0,379.0,0
-140.0,-283.0,-97.0,-1048.0,-1234.0,309.0,0
-118.0,-238.0,-116.0,-901.0,-1198.0,232.0,0
-107.0,-196.0,-124.0,-697.0,-1215.0,124.0,0
-78.0,-162.0,-126.0,-431.0,-1290.0,13.0,0
-51.0,-140.0,-103.0,-136.0,-1363.0,-25.0,0
-1.0,-113.0,-98.0,207.0,-1464.0,-37.0,0
26.0,-89.0,-90.0,513.0,-1523.0,-73.0,0
55.0,-67.0,-73.0,776.0,-1531.0,-134.0,0
74.0,-39.0,-58.0,1015.0,-1509.0,-210.0,0
111.0,3.0,-37.0,1192.0,-1455.0,-287.0,0
134.0,51.0,-23.0,1416.0,-1372.0,-345.0,0
164.0,99.0,-18.0,1636.0,-1292.0,-391.0,0
173.0,134.0,-26.0,1811.0,-1181.0,-397.0,0
179.0,156.0,-55.0,1871.0,-1068.0,-362.0,0
160.0,161.0,-95.0,1754.0,-959.0,-312.0,0
128.0,137.0,-132.0,1395.0,-839.0,-239.0,0
84.0,86.0,-146.0,819.0,-714.0,-200.0,0
29.0,35.0,-145.0,151.0,-583.0,-183.0,0
4.0,-13.0,-120.0,-416.0,-457.0,-132.0,0
-20.0,-62.0,-85.0,-751.0,-359.0,-85.0,0
-28.0,-84.0,-78.0,-801.0,-291.0,-72.0,0
-40.0,-99.0,-78.0,-621.0,-237.0,-68.0,0
-31.0,-101.0,-94.0,-312.0,-202.0,-77.0,0
-22.0,-92.0,-114.0,23.0,-191.0,-129.0,0
-10.0,-77.0,-124.0,304.0,-193.0,-215.0,0
3.0,-67.0,-124.0,513.0,-206.0,-320.0,0
19.0,-56.0,-114.0,662.0,-229.0,-418.0,0
38.0,-49.0,-97.0,760.0,-256.0,-508.0,0
51.0,-50.0,-75.0,817.0,-272.0,-583.0,0
58.0,-44.0,-51.0,867.0,-261.0,-633.0,0
61.0,-39.0,-29.0,911.0,-206.0,-656.0,0
63.0,-33.0,-13.0,946.0,-117.0,-657.0,0
59.0,-32.0,0.0,957.0,-11.0,-642.0,0
49.0,-28.0,-31.0,939.0,86.0,-610.0,0
27.0,-32.0,-117.0,855.0,98.0,-564.0,0
-2.0,-39.0,-206.0,663.0,-47.0,-513.0,0
-56.0,-55.0,-250.0,379.0,-296.0,-433.0,0
-103.0,-64.0,-274.0,21.0,-443.0,-269.0,0
-127.0,-77.0,-379.0,-467.0,-313.0,8.0,0
-102.0,-126.0,-456.0,-1040.0,15.0,350.0,0
-65.0,-246.0,-284.0,-1904.0,354.0,700.0,0
-52.0,-398.0,-24.0,-2554.0,545.0,1029.0,0
-94.0,-552.0,174.0,-2781.0,545.0,1229.0,0
-181.0,-679.0,280.0,-2656.0,253.0,1412.0,0
-250.0,-775.0,294.0,-2167.0,-150.0,1643.0,0
-267.0,-827.0,211.0,-1338.0,-388.0,1985.0,0
-220.0,-882.0,23.0,-504.0,-498.0,2252.0,0
-177.0,-885.0,-185.0,-213.0,-775.0,2126.0,0
-82.0,-880.0,-320.0,-535.0,-1236.0,1574.0,0
16.0,-925.0,-333.0,-1094.0,-1507.0,722.0,0
61.0,-939.0,-250.0,-1418.0,-1224.0,-230.0,0
23.0,-865.0,-124.0,-1183.0,-420.0,-1165.0,0
0.0,-778.0,-41.0,-340.0,463.0,-1832.0,0
-14.0,-686.0,20.0,784.0,1074.0,-2230.0,0
-16.0,-594.0,74.0,1872.0,1390.0,-2436.0,0
0.0,-504.0,103.0,2655.0,1446.0,-2476.0,0
26.0,-415.0,104.0,2959.0,1289.0,-2400.0,0
42.0,-329.0,106.0,2751.0,1012.0,-2280.0,0
44.0,-223.0,109.0,2148.0,779.0,-2141.0,0
40.0,-154.0,100.0,1318.0,690.0,-1984.0,0
36.0,-117.0,94.0,404.0,745.0,-1787.0,0
43.0,-135.0,78.0,-486.0,911.0,-1548.0,0
68.0,-195.0,72.0,-1295.0,1150.0,-1338.0,0
89.0,-260.0,74.0,-1952.0,1383.0,-1196.0,0
97.0,-312.0,67.0,-2411.0,1569.0,-1080.0,0
104.0,-342.0,70.0,-2648.0,1714.0,-957.0,0
97.0,-358.0,75.0,-2678.0,1814.0,-834.0,0
84.0,-350.0,55.0,-2518.0,1851.0,-722.0,0
82.0,-340.0,28.0,-2221.0,1834.0,-618.0,0
82.0,-312.0,-3.0,-1928.0,1813.0,-534.0,0
40.0,-267.0,-26.0,-1556.0,1799.0,-457.0,0
37.0,-230.0,-47.0,-1234.0,1762.0,-387.0,0
13.0,-186.0,-70.0,-965.0,1687.0,-305.0,0
12.0,-147.0,-79.0,-736.0,1623.0,-134.0,0
7.0,-116.0,-85.0,-512.0,1600.0,54.0,0
27.0,-82.0,-77.0,-267.0,1633.0,202.0,0
31.0,-46.0,-73.0,19.0,1704.0,256.0,0
15.0,-9.0,-69.0,320.0,1775.0,239.0,0
-3.0,21.0,-68.0,610.0,1788.0,201.0,0
-36.0,46.0,-74.0,868.0,1709.0,183.0,0
-61.0,63.0,-82.0,1078.0,1538.0,225.0,0
-70.0,64.0,-94.0,1200.0,1271.0,340.0,0
-73.0,53.0,-106.0,1219.0,946.0,472.0,0
-44.0,1.0,-124.0,1098.0,613.0,593.0,0
-15.0,-49.0,-114.0,818.0,302.0,643.0,0
4.0,-73.0,-106.0,520.0,71.0,619.0,0
16.0,-97.0,-87.0,338.0,-36.0,587.0,0
23.0,-109.0,-90.0,285.0,-34.0,548.0,0
27.0,-101.0,-95.0,311.0,25.0,489.0,0
33.0,-79.0,-97.0,374.0,107.0,425.0,0
39.0,-53.0,-100.0,458.0,199.0,381.0,0
47.0,-28.0,-89.0,561.0,287.0,376.0,0
48.0,-5.0,-85.0,674.0,367.0,408.0,0
46.0,12.0,-80.0,771.0,452.0,453.0,0
29.0,30.0,-71.0,838.0,534.0,498.0,0
4.0,47.0,-58.0,866.0,595.0,547.0,0
-18.0,45.0,-32.0,832.0,611.0,594.0,0
-38.0,44.0,-9.0,745.0,562.0,624.0,0
-50.0,33.0,2.0,635.0,447.0,622.0,0
-66.0,22.0,-33.0,505.0,309.0,598.0,0
-62.0,15.0,-156.0,375.0,215.0,570.0,0
-29.0,18.0,-233.0,135.0,238.0,540.0,0
19.0,8.0,-348.0,-199.0,446.0,493.0,0
108.0,-23.0,-404.0,-620.0,901.0,452.0,0
163.0,-82.0,-522.0,-1124.0,1517.0,332.0,0
171.0,-191.0,-497.0,-1791.0,2005.0,52.0,0
128.0,-347.0,-249.0,-2549.0,1787.0,-417.0,0
30.0,-512.0,-6.0,-2971.0,722.0,-1002.0,0
25.0,-647.0,156.0,-2751.0,-420.0,-1407.0,0
104.0,-759.0,273.0,-2113.0,-932.0,-1501.0,0
178.0,-839.0,342.0,-1314.0,-979.0,-1516.0,0
177.0,-890.0,242.0,-427.0,-941.0,-1665.0,0
109.0,-871.0,-23.0,321.0,-718.0,-1864.0,0
25.0,-857.0,-270.0,555.0,-142.0,-1769.0,0
-75.0,-850.0,-425.0,151.0,542.0,-1368.0,0
-255.0,-831.0,-416.0,-651.0,919.0,-832.0,0
-324.0,-811.0,-301.0,-1372.0,790.0,-84.0,0
-234.0,-740.0,-149.0,-1628.0,214.0,789.0,0
-159.0,-681.0,-41.0,-1147.0,-559.0,1417.0,0
-108.0,-605.0,37.0,-107.0,-1237.0,1663.0,0
-72.0,-519.0,86.0,1177.0,-1669.0,1664.0,0
-46.0,-439.0,107.0,2392.0,-1845.0,1576.0,0
-20.0,-357.0,108.0,3284.0,-1850.0,1494.0,0
7.0,-283.0,92.0,3713.0,-1754.0,1472.0,0
43.0,-231.0,78.0,3618.0,-1596.0,1505.0,0
77.0,-191.0,65.0,3008.0,-1410.0,1535.0,0
95.0,-165.0,53.0,1953.0,-1253.0,1553.0,0
89.0,-173.0,43.0,653.0,-1171.0,1546.0,0
65.0,-209.0,61.0,-632.0,-1164.0,1502.0,0
28.0,-294.0,87.0,-1696.0,-1199.0,1444.0,0
-5.0,-361.0,112.0,-2297.0,-1255.0,1388.0,0
-30.0,-408.0,116.0,-2707.0,-1315.0,1314.0,0
-46.0,-429.0,108.0,-2796.0,-1375.0,1237.0,0
-59.0,-420.0,79.0,-2661.0,-1389.0,1134.0,0
-66.0,-390.0,39.0,-2403.0,-1347.0,1029.0,0
-75.0,-363.0,5.0,-2087.0,-1241.0,933.0,0
-87.0,-326.0,-31.0,-1735.0,-1086.0,835.0,0
-81.0,-291.0,-57.0,-1391.0,-926.0,729.0,0
-64.0,-253.0,-76.0,-1057.0,-798.0,600.0,0
-75.0,-224.0,-93.0,-720.0,-722.0,406.0,0
-95.0,-190.0,-109.0,-422.0,-716.0,182.0,0
-121.0,-163.0,-125.0,-200.0,-782.0,-19.0,0
-126.0,-129.0,-114.0,-42.0,-929.0,-177.0,0
-108.0,-85.0,-121.0,152.0,-1150.0,-270.0,0
-66.0,-42.0,-102.0,401.0,-1386.0,-301.0,0
-7.0,26.0,-105.0,750.0,-1542.0,-332.0,0
54.0,83.0,-94.0,1135.0,-1540.0,-374.0,0
103.0,123.0,-107.0,1488.0,-1391.0,-440.0,0
129.0,136.0,-125.0,1683.0,-1132.0,-531.0,0
131.0,135.0,-123.0,1653.0,-824.0,-666.0,0
102.0,114.0,-135.0,1388.0,-540.0,-776.0,0
61.0,73.0,-115.0,919.0,-307.0,-799.0,0
39.0,34.0,-77.0,409.0,-154.0,-735.0,0
27.0,8.0,-42.0,31.0,-110.0,-638.0,0
31.0,-27.0,-29.0,-169.0,-143.0,-537.0,0
38.0,-40.0,-40.0,-212.0,-196.0,-437.0,0
38.0,-34.0,-57.0,-146.0,-223.0,-338.0,0
37.0,-26.0,-83.0,-32.0,-207.0,-241.0,0
25.0,-10.0,-109.0,100.0,-148.0,-170.0,0
14.0,-1.0,-134.0,214.0,-65.0,-142.0,0
15.0,3.0,-157.0,273.0,9.0,-156.0,0
28.0,0.0,-165.0,283.0,46.0,-200.0,0
43.0,-3.0,-155.0,227.0,53.0,-255.0,0
57.0,-10.0,-140.0,142.0,18.0,-299.0,0
70.0,-19.0,-109.0,75.0,-26.0,-347.0,0
86.0,-28.0,-70.0,62.0,-49.0,-378.0,0
93.0,-37.0,-25.0,125.0,-26.0,-394.0,0
97.0,-45.0,-7.0,271.0,35.0,-398.0,0
87.0,-47.0,-57.0,462.0,94.0,-402.0,0
68.0,-37.0,-161.0,586.0,68.0,-421.0,0
16.0,-36.0,-223.0,536.0,-120.0,-443.0,0
-38.0,-34.0,-259.0,329.0,-405.0,-409.0,0
-77.0,-41.0,-312.0,-21.0,-549.0,-246.0,0
-58.0,-68.0,-474.0,-578.0,-398.0,55.0,0
17.0,-203.0,-426.0,-1386.0,44.0,448.0,0
68.0,-384.0,-156.0,-1995.0,639.0,821.0,0
37.0,-539.0,123.0,-2065.0,1082.0,1041.0,0
-48.0,-643.0,269.0,-1825.0,1068.0,1119.0,0
-155.0,-704.0,276.0,-1500.0,583.0,1150.0,0
-229.0,-734.0,153.0,-1105.0,91.0,1306.0,0
-229.0,-755.0,-7.0,-802.0,-157.0,1591.0,0
-212.0,-778.0,-176.0,-808.0,-503.0,1729.0,0
-158.0,-850.0,-303.0,-1170.0,-1079.0,1621.0,0
-88.0,-909.0,-328.0,-1650.0,-1505.0,1219.0,0
-25.0,-968.0,-273.0,-1885.0,-1317.0,570.0,0
-19.0,-987.0,-169.0,-1647.0,-451.0,-202.0,0
-73.0,-907.0,-78.0,-859.0,618.0,-938.0,0
-122.0,-816.0,-29.0,316.0,1350.0,-1425.0,0
-132.0,-723.0,4.0,1558.0,1626.0,-1694.0,0
-115.0,-632.0,38.0,2407.0,1590.0,-1845.0,0
-87.0,-538.0,59.0,3126.0,1379.0,-1933.0,0
-47.0,-428.0,76.0,3402.0,1149.0,-1981.0,0
-30.0,-289.0,77.0,3258.0,872.0,-2003.0,0
-20.0,-177.0,80.0,2776.0,690.0,-1997.0,0
-6.0,-97.0,74.0,2063.0,641.0,-1906.0,0
19.0,-52.0,53.0,1204.0,697.0,-1724.0,0
46.0,-53.0,38.0,287.0,819.0,-1547.0,0
74.0,-91.0,30.0,-617.0,1021.0,-1455.0,0
94.0,-151.0,37.0,-1434.0,1280.0,-1430.0,0
119.0,-207.0,50.0,-2072.0,1552.0,-1370.0,0
140.0,-256.0,67.0,-2475.0,1782.0,-1253.0,0
153.0,-279.0,79.0,-2647.0,1913.0,-1116.0,0
159.0,-292.0,81.0,-2589.0,1939.0,-957.0,0
161.0,-292.0,57.0,-2348.0,1884.0,-787.0,0
153.0,-293.0,33.0,-1995.0,1801.0,-638.0,0
127.0,-269.0,-8.0,-1588.0,1732.0,-544.0,0
82.0,-243.0,-48.0,-1173.0,1709.0,-459.0,0
45.0,-215.0,-71.0,-772.0,1724.0,-344.0,0
2.0,-182.0,-93.0,-401.0,1730.0,-199.0,0
-14.0,-149.0,-112.0,-59.0,1708.0,-20.0,0
-25.0,-119.0,-123.0,285.0,1681.0,139.0,0
-32.0,-85.0,-131.0,627.0,1679.0,240.0,0
-36.0,-53.0,-146.0,920.0,1692.0,275.0,0
-50.0,-11.0,-145.0,1125.0,1680.0,270.0,0
-73.0,15.0,-131.0,1256.0,1613.0,260.0,0
-80.0,33.0,-131.0,1310.0,1472.0,294.0,0
-84.0,42.0,-128.0,1276.0,1244.0,380.0,0
-82.0,34.0,-122.0,1155.0,955.0,502.0,0
-63.0,-1.0,-118.0,961.0,642.0,643.0,0
-27.0,-57.0,-103.0,760.0,328.0,738.0,0
0.0,-93.0,-85.0,501.0,50.0,753.0,0
17.0,-114.0,-73.0,350.0,-115.0,715.0,0
26.0,-120.0,-69.0,358.0,-219.0,670.0,0
26.0,-113.0,-61.0,488.0,-218.0,601.0,0
32.0,-93.0,-60.0,687.0,-151.0,527.0,0
36.0,-61.0,-63.0,903.0,-46.0,472.0,0
31.0,-29.0,-66.0,1102.0,70.0,448.0,0
23.0,6.0,-62.0,1255.0,187.0,462.0,0
8.0,29.0,-60.0,1352.0,291.0,511.0,0
-2.0,44.0,-50.0,1389.0,370.0,568.0,0
-20.0,56.0,-55.0,1350.0,428.0,604.0,0
-30.0,53.0,-94.0,1218.0,465.0,619.0,0
-24.0,46.0,-189.0,984.0,511.0,612.0,0
0.0,36.0,-259.0,606.0,597.0,581.0,0
31.0,18.0,-300.0,105.0,708.0,537.0,0
92.0,-16.0,-410.0,-486.0,858.0,482.0,0
145.0,-59.0,-492.0,-1148.0,1071.0,398.0,0
181.0,-146.0,-450.0,-1894.0,1133.0,250.0,0
155.0,-292.0,-240.0,-2648.0,732.0,-41.0,0
67.0,-483.0,63.0,-3057.0,-67.0,-485.0,0
13.0,-659.0,245.0,-2782.0,-730.0,-902.0,0
25.0,-775.0,309.0,-2032.0,-951.0,-1173.0,0
70.0,-841.0,296.0,-1156.0,-870.0,-1345.0,0
116.0,-846.0,119.0,-372.0,-741.0,-1573.0,0
86.0,-801.0,-166.0,48.0,-447.0,-1873.0,0
35.0,-750.0,-385.0,-169.0,183.0,-1918.0,0
-80.0,-735.0,-442.0,-898.0,869.0,-1669.0,0
-203.0,-735.0,-384.0,-1617.0,1180.0,-1095.0,0
-203.0,-728.0,-280.0,-1839.0,929.0,-286.0,0
-130.0,-694.0,-164.0,-1395.0,270.0,464.0,0
-63.0,-642.0,-59.0,-438.0,-363.0,985.0,0
-30.0,-585.0,16.0,488.0,-787.0,1293.0,0
-10.0,-518.0,61.0,1655.0,-1017.0,1441.0,0
10.0,-446.0,76.0,2656.0,-1209.0,1489.0,0
29.0,-378.0,67.0,3313.0,-1276.0,1493.0,0
66.0,-313.0,56.0,3509.0,-1234.0,1467.0,0
87.0,-262.0,50.0,3231.0,-1114.0,1419.0,0
105.0,-227.0,47.0,2556.0,-945.0,1344.0,0
95.0,-205.0,44.0,1629.0,-779.0,1252.0,0
69.0,-206.0,33.0,598.0,-663.0,1204.0,0
37.0,-248.0,39.0,-423.0,-604.0,1220.0,0
4.0,-300.0,56.0,-1297.0,-615.0,1252.0,0
-29.0,-355.0,78.0,-1902.0,-699.0,1250.0,0
-63.0,-396.0,99.0,-2213.0,-849.0,1215.0,0
-83.0,-424.0,91.0,-2280.0,-1036.0,1157.0,0
-97.0,-428.0,64.0,-2171.0,-1177.0,1086.0,0
-108.0,-416.0,20.0,-1900.0,-1190.0,1029.0,0
-111.0,-383.0,-29.0,-1513.0,-1072.0,986.0,0
-127.0,-348.0,-58.0,-1123.0,-876.0,948.0,0
-142.0,-293.0,-80.0,-781.0,-690.0,892.0,0
-147.0,-250.0,-78.0,-491.0,-581.0,801.0,0
-147.0,-204.0,-69.0,-223.0,-552.0,669.0,0
-131.0,-156.0,-54.0,45.0,-635.0,476.0,0
-122.0,-115.0,-41.0,308.0,-790.0,253.0,0
-111.0,-84.0,-48.0,551.0,-982.0,42.0,0
-101.0,-61.0,-67.0,747.0,-1162.0,-163.0,0
-72.0,-32.0,-60.0,900.0,-1295.0,-327.0,0
-31.0,11.0,-52.0,1078.0,-1392.0,-414.0,0
17.0,52.0,-50.0,1338.0,-1452.0,-428.0,0
66.0,95.0,-49.0,1637.0,-1471.0,-400.0,0
112.0,122.0,-73.0,1941.0,-1458.0,-387.0,0
128.0,137.0,-110.0,2129.0,-1399.0,-415.0,0
131.0,136.0,-145.0,2079.0,-1281.0,-464.0,0
121.0,119.0,-161.0,1838.0,-1127.0,-505.0,0
89.0,72.0,-153.0,1317.0,-961.0,-526.0,0
51.0,27.0,-118.0,655.0,-832.0,-521.0,0
19.0,-13.0,-83.0,47.0,-699.0,-471.0,0
2.0,-56.0,-50.0,-375.0,-623.0,-381.0,0
-12.0,-86.0,-39.0,-557.0,-604.0,-297.0,0
-17.0,-88.0,-49.0,-512.0,-587.0,-216.0,0
-22.0,-88.0,-69.0,-294.0,-513.0,-131.0,0
-18.0,-80.0,-94.0,21.0,-381.0,-54.0,0
-15.0,-58.0,-120.0,338.0,-224.0,-32.0,0
-7.0,-39.0,-146.0,589.0,-85.0,-80.0,0
6.0,-18.0,-155.0,738.0,-3.0,-184.0,0
26.0,-3.0,-156.0,760.0,0.0,-305.0,0
54.0,7.0,-142.0,671.0,-82.0,-425.0,0
63.0,8.0,-103.0,517.0,-228.0,-521.0,0
80.0,-3.0,-67.0,354.0,-377.0,-584.0,0
90.0,-21.0,-25.0,243.0,-471.0,-613.0,0
102.0,-34.0,7.0,204.0,-485.0,-618.0,0
105.0,-51.0,3.0,225.0,-429.0,-610.0,0
92.0,-67.0,-66.0,276.0,-364.0,-595.0,0
56.0,-81.0,-175.0,285.0,-395.0,-559.0,0
-5.0,-89.0,-229.0,166.0,-586.0,-500.0,0
-83.0,-100.0,-224.0,-80.0,-840.0,-354.0,0
-157.0,-112.0,-323.0,-420.0,-886.0,-59.0,0
-144.0,-119.0,-492.0,-937.0,-484.0,386.0,0
-87.0,-224.0,-445.0,-1858.0,229.0,894.0,0
-57.0,-398.0,-128.0,-2806.0,866.0,1410.0,0
-85.0,-577.0,151.0,-3253.0,1118.0,1787.0,0
-174.0,-716.0,290.0,-3120.0,787.0,1947.0,0
-277.0,-795.0,283.0,-2588.0,187.0,2030.0,0
-295.0,-815.0,182.0,-1779.0,-295.0,2206.0,0
-258.0,-824.0,-29.0,-973.0,-749.0,2345.0,0
-194.0,-833.0,-251.0,-658.0,-1403.0,2261.0,0
-101.0,-837.0,-368.0,-786.0,-2061.0,1871.0,0
5.0,-858.0,-353.0,-1077.0,-2221.0,1224.0,0
70.0,-881.0,-260.0,-1169.0,-1756.0,525.0,0
7.0,-811.0,-130.0,-897.0,-823.0,-512.0,0
-56.0,-733.0,-51.0,-154.0,128.0,-1404.0,0
-90.0,-648.0,-10.0,871.0,828.0,-2007.0,0
-101.0,-567.0,28.0,1901.0,1252.0,-2350.0,0
-86.0,-497.0,54.0,2669.0,1413.0,-2494.0,0
-62.0,-429.0,77.0,2969.0,1308.0,-2494.0,0
-30.0,-357.0,82.0,2732.0,1011.0,-2413.0,0
-18.0,-302.0,90.0,2064.0,684.0,-2300.0,0
-13.0,-260.0,91.0,1186.0,468.0,-2169.0,0
-13.0,-231.0,87.0,277.0,416.0,-1991.0,0
1.0,-227.0,69.0,-555.0,477.0,-1766.0,0
34.0,-257.0,56.0,-1269.0,612.0,-1530.0,0
57.0,-301.0,52.0,-1839.0,795.0,-1350.0,0
73.0,-324.0,52.0,-2209.0,1012.0,-1216.0,0
86.0,-341.0,43.0,-2364.0,1237.0,-1101.0,0
96.0,-348.0,38.0,-2359.0,1433.0,-994.0,0
107.0,-339.0,34.0,-2245.0,1573.0,-895.0,0
110.0,-321.0,31.0,-2060.0,1623.0,-809.0,0
116.0,-308.0,10.0,-1828.0,1591.0,-718.0,0
125.0,-300.0,-8.0,-1599.0,1533.0,-624.0,0
125.0,-283.0,-16.0,-1391.0,1510.0,-546.0,0
123.0,-256.0,-22.0,-1183.0,1550.0,-474.0,0
94.0,-230.0,-30.0,-945.0,1627.0,-407.0,0
71.0,-191.0,-51.0,-665.0,1716.0,-333.0,0
61.0,-157.0,-59.0,-360.0,1775.0,-247.0,0
50.0,-116.0,-75.0,-33.0,1800.0,-158.0,0
48.0,-82.0,-80.0,321.0,1799.0,-65.0,0
41.0,-52.0,-83.0,690.0,1773.0,-7.0,0
27.0,-9.0,-80.0,1052.0,1720.0,28.0,0
1.0,42.0,-88.0,1337.0,1638.0,67.0,0
-24.0,83.0,-100.0,1648.0,1546.0,151.0,0
-41.0,114.0,-115.0,1857.0,1391.0,307.0,0
-44.0,120.0,-147.0,1938.0,1202.0,467.0,0
-38.0,112.0,-168.0,1829.0,1004.0,667.0,0
-14.0,73.0,-178.0,1499.0,807.0,808.0,0
0.0,26.0,-165.0,967.0,614.0,833.0,0
7.0,-6.0,-145.0,367.0,453.0,776.0,0
16.0,-39.0,-119.0,-127.0,373.0,707.0,0
26.0,-61.0,-87.0,-443.0,368.0,626.0,0
30.0,-73.0,-61.0,-582.0,398.0,514.0,0
33.0,-69.0,-48.0,-552.0,435.0,394.0,0
39.0,-56.0,-41.0,-409.0,473.0,297.0,0
49.0,-35.0,-32.0,-208.0,505.0,237.0,0
34.0,-11.0,-44.0,-3.0,530.0,217.0,0
19.0,10.0,-49.0,158.0,555.0,225.0,0
-9.0,20.0,-53.0,256.0,592.0,258.0,0
-23.0,29.0,-50.0,285.0,618.0,313.0,0
-32.0,22.0,-57.0,258.0,630.0,353.0,0
-39.0,12.0,-127.0,197.0,637.0,354.0,0
-32.0,15.0,-219.0,86.0,701.0,327.0,0
2.0,9.0,-264.0,-82.0,888.0,289.0,0
46.0,-12.0,-304.0,-277.0,1202.0,247.0,0
86.0,-19.0,-395.0,-552.0,1586.0,177.0,0
116.0,-54.0,-478.0,-1116.0,1940.0,31.0,0
115.0,-133.0,-436.0,-1974.0,1986.0,-245.0,0
65.0,-276.0,-229.0,-2736.0,1399.0,-649.0,0
-19.0,-420.0,-13.0,-2978.0,426.0,-1021.0,0
-24.0,-546.0,120.0,-2639.0,-259.0,-1198.0,0
44.0,-656.0,208.0,-1997.0,-418.0,-1214.0,0
108.0,-764.0,261.0,-1257.0,-349.0,-1300.0,0
104.0,-808.0,197.0,-467.0,-271.0,-1519.0,0
35.0,-797.0,0.0,81.0,-109.0,-1731.0,0
-39.0,-769.0,-206.0,435.0,169.0,-1755.0,0
-142.0,-751.0,-323.0,279.0,550.0,-1570.0,0
-240.0,-705.0,-344.0,-246.0,711.0,-1005.0,0
-239.0,-709.0,-309.0,-793.0,524.0,-220.0,0
-151.0,-680.0,-217.0,-1146.0,125.0,570.0,0
-73.0,-635.0,-116.0,-1056.0,-324.0,1141.0,0
-29.0,-590.0,-22.0,-500.0,-732.0,1405.0,0
-13.0,-529.0,42.0,353.0,-1063.0,1471.0,0
-7.0,-468.0,64.0,1312.0,-1308.0,1463.0,0
4.0,-415.0,69.0,2127.0,-1430.0,1462.0,0
29.0,-362.0,68.0,2605.0,-1424.0,1511.0,0
64.0,-328.0,68.0,2672.0,-1336.0,1585.0,0
98.0,-303.0,58.0,2333.0,-1219.0,1651.0,0
113.0,-300.0,43.0,1628.0,-1090.0,1686.0,0
100.0,-307.0,46.0,695.0,-977.0,1684.0,0
64.0,-333.0,57.0,-299.0,-918.0,1669.0,0
24.0,-374.0,87.0,-1147.0,-961.0,1668.0,0
-21.0,-410.0,106.0,-1723.0,-1111.0,1658.0,0
-42.0,-434.0,102.0,-2019.0,-1317.0,1595.0,0
-72.0,-440.0,89.0,-2115.0,-1456.0,1512.0,0
-92.0,-431.0,54.0,-2033.0,-1518.0,1374.0,0
-112.0,-402.0,21.0,-1818.0,-1509.0,1222.0,0
-134.0,-379.0,-15.0,-1525.0,-1449.0,1091.0,0
-158.0,-350.0,-41.0,-1193.0,-1374.0,973.0,0
-152.0,-312.0,-70.0,-862.0,-1312.0,848.0,0
-140.0,-274.0,-79.0,-530.0,-1296.0,686.0,0
-151.0,-229.0,-106.0,-193.0,-1319.0,469.0,0
-147.0,-186.0,-112.0,120.0,-1352.0,253.0,0
-130.0,-147.0,-107.0,414.0,-1388.0,59.0,0
-117.0,-103.0,-114.0,719.0,-1419.0,-143.0,0
-96.0,-64.0,-114.0,963.0,-1410.0,-327.0,0
-80.0,-5.0,-108.0,1248.0,-1367.0,-469.0,0
-36.0,56.0,-101.0,1516.0,-1296.0,-503.0,0
18.0,108.0,-87.0,1776.0,-1237.0,-481.0,0
82.0,142.0,-96.0,2000.0,-1172.0,-447.0,0
127.0,153.0,-109.0,2111.0,-1083.0,-482.0,0
143.0,151.0,-127.0,2021.0,-941.0,-587.0,0
138.0,145.0,-128.0,1705.0,-761.0,-705.0,0
109.0,114.0,-127.0,1212.0,-586.0,-771.0,0
72.0,68.0,-103.0,607.0,-427.0,-779.0,0
44.0,13.0,-68.0,32.0,-309.0,-721.0,0
43.0,-25.0,-49.0,-379.0,-264.0,-625.0,0
37.0,-53.0,-52.0,-586.0,-264.0,-536.0,0
44.0,-66.0,-59.0,-608.0,-254.0,-453.0,0
46.0,-79.0,-76.0,-500.0,-188.0,-354.0,0
54.0,-79.0,-94.0,-323.0,-74.0,-264.0,0
60.0,-76.0,-115.0,-108.0,46.0,-221.0,0
62.0,-72.0,-123.0,115.0,136.0,-236.0,0
69.0,-71.0,-119.0,311.0,162.0,-295.0,0
79.0,-64.0,-100.0,464.0,114.0,-368.0,0
88.0,-63.0,-67.0,574.0,8.0,-425.0,0
85.0,-65.0,-31.0,678.0,-117.0,-459.0,0
86.0,-65.0,6.0,809.0,-237.0,-468.0,0
80.0,-60.0,10.0,978.0,-317.0,-468.0,0
65.0,-46.0,-62.0,1137.0,-355.0,-466.0,0
38.0,-24.0,-181.0,1166.0,-403.0,-463.0,0
-16.0,5.0,-309.0,961.0,-546.0,-468.0,0
-89.0,23.0,-386.0,453.0,-783.0,-446.0,0
-170.0,31.0,-446.0,-287.0,-951.0,-313.0,0
-178.0,-36.0,-604.0,-1019.0,-886.0,-2.0,0
-125.0,-196.0,-489.0,-1701.0,-530.0,425.0,0
-56.0,-376.0,-159.0,-2142.0,-9.0,905.0,0
-71.0,-531.0,135.0,-2190.0,393.0,1262.0,0
-148.0,-627.0,275.0,-1952.0,460.0,1410.0,0
-236.0,-658.0,218.0,-1474.0,265.0,1457.0,0
-268.0,-670.0,78.0,-925.0,83.0,1580.0,0
-283.0,-664.0,-51.0,-499.0,-1.0,1747.0,0
-252.0,-680.0,-159.0,-319.0,-290.0,1771.0,0
-151.0,-733.0,-234.0,-472.0,-875.0,1557.0,0
-13.0,-783.0,-258.0,-861.0,-1412.0,1117.0,0
104.0,-829.0,-229.0,-1258.0,-1454.0,443.0,0
127.0,-836.0,-136.0,-1398.0,-875.0,-406.0,0
81.0,-791.0,-48.0,-1017.0,25.0,-1185.0,0
60.0,-741.0,8.0,-136.0,815.0,-1659.0,0
46.0,-686.0,40.0,988.0,1333.0,-1930.0,0
28.0,-627.0,60.0,2072.0,1634.0,-2105.0,0
20.0,-568.0,72.0,2877.0,1764.0,-2194.0,0
31.0,-512.0,78.0,3243.0,1707.0,-2220.0,0
63.0,-428.0,68.0,3121.0,1528.0,-2216.0,0
83.0,-356.0,67.0,2595.0,1355.0,-2186.0,0
104.0,-281.0,69.0,1798.0,1280.0,-2087.0,0
115.0,-237.0,58.0,885.0,1339.0,-1875.0,0
120.0,-222.0,59.0,-20.0,1507.0,-1581.0,0
122.0,-246.0,61.0,-800.0,1726.0,-1264.0,0
128.0,-271.0,57.0,-1380.0,1948.0,-988.0,0
128.0,-294.0,40.0,-1737.0,2134.0,-771.0,0
124.0,-311.0,22.0,-1901.0,2274.0,-584.0,0
126.0,-309.0,20.0,-1899.0,2354.0,-422.0,0
116.0,-301.0,0.0,-1774.0,2360.0,-291.0,0
100.0,-274.0,-21.0,-1559.0,2329.0,-194.0,0
67.0,-245.0,-50.0,-1294.0,2285.0,-135.0,0
35.0,-209.0,-61.0,-1011.0,2232.0,-103.0,0
-2.0,-169.0,-76.0,-706.0,2150.0,-71.0,0
-37.0,-126.0,-82.0,-431.0,2042.0,-17.0,0
-61.0,-100.0,-93.0,-76.0,1932.0,62.0,0
-74.0,-57.0,-100.0,228.0,1845.0,157.0,0
-73.0,-26.0,-97.0,460.0,1740.0,222.0,0
-76.0,11.0,-85.0,643.0,1641.0,282.0,0
-80.0,39.0,-76.0,809.0,1553.0,316.0,0
-73.0,59.0,-75.0,952.0,1465.0,347.0,0
-65.0,70.0,-83.0,1057.0,1349.0,372.0,0
-64.0,71.0,-95.0,1102.0,1195.0,394.0,0
-40.0,62.0,-110.0,1059.0,1001.0,427.0,0
-24.0,39.0,-114.0,930.0,779.0,433.0,0
-22.0,1.0,-113.0,731.0,566.0,395.0,0
-12.0,-41.0,-113.0,465.0,387.0,369.0,0
2.0,-67.0,-98.0,185.0,248.0,350.0,0
17.0,-84.0,-86.0,-23.0,172.0,307.0,0
23.0,-80.0,-61.0,-117.0,145.0,230.0,0
12.0,-82.0,-49.0,-107.0,157.0,158.0,0
14.0,-69.0,-42.0,-38.0,177.0,124.0,0
13.0,-48.0,-48.0,63.0,200.0,142.0,0
3.0,-32.0,-49.0,180.0,232.0,208.0,0
-6.0,-17.0,-61.0,291.0,284.0,309.0,0
-24.0,-7.0,-60.0,380.0,346.0,411.0,0
-40.0,-2.0,-58.0,448.0,387.0,503.0,0
-52.0,-5.0,-58.0,493.0,387.0,564.0,0
-51.0,-5.0,-117.0,514.0,332.0,588.0,0
-30.0,0.0,-230.0,464.0,295.0,569.0,0
11.0,6.0,-281.0,247.0,359.0,520.0,0
63.0,-18.0,-313.0,-80.0,503.0,431.0,0
118.0,-44.0,-337.0,-409.0,645.0,300.0,0
163.0,-78.0,-363.0,-731.0,726.0,138.0,0
178.0,-150.0,-308.0,-1116.0,588.0,-71.0,0
145.0,-274.0,-155.0,-1468.0,107.0,-365.0,0
76.0,-434.0,23.0,-1552.0,-484.0,-721.0,0
49.0,-564.0,173.0,-1325.0,-733.0,-1030.0,0
80.0,-662.0,254.0,-889.0,-708.0,-1241.0,0
152.0,-735.0,266.0,-473.0,-622.0,-1405.0,0
192.0,-765.0,139.0,-192.0,-622.0,-1710.0,0
137.0,-751.0,-89.0,-171.0,-455.0,-2000.0,0
57.0,-731.0,-267.0,-607.0,73.0,-1932.0,0
-42.0,-739.0,-350.0,-1400.0,660.0,-1419.0,0
-180.0,-779.0,-338.0,-2181.0,861.0,-632.0,0
-222.0,-792.0,-263.0,-2557.0,547.0,237.0,0
-149.0,-774.0,-128.0,-2245.0,-43.0,980.0,0
-102.0,-731.0,-50.0,-1264.0,-588.0,1422.0,0
-77.0,-667.0,9.0,80.0,-934.0,1592.0,0
-77.0,-586.0,46.0,1474.0,-1141.0,1587.0,0
-84.0,-502.0,66.0,2674.0,-1236.0,1519.0,0
-82.0,-420.0,72.0,3487.0,-1247.0,1448.0,0
-61.0,-346.0,65.0,3829.0,-1219.0,1400.0,0
-17.0,-289.0,63.0,3691.0,-1181.0,1363.0,0
8.0,-238.0,57.0,3091.0,-1137.0,1318.0,0
22.0,-212.0,54.0,2124.0,-1098.0,1238.0,0
4.0,-213.0,46.0,953.0,-1099.0,1145.0,0
-29.0,-254.0,62.0,-225.0,-1130.0,1100.0,0
-38.0,-324.0,85.0,-1198.0,-1190.0,1106.0,0
-46.0,-384.0,98.0,-1833.0,-1271.0,1085.0,0
-62.0,-418.0,94.0,-2127.0,-1341.0,1012.0,0
-73.0,-439.0,72.0,-2137.0,-1397.0,914.0,0
-61.0,-407.0,17.0,-1955.0,-1412.0,813.0,0
-60.0,-379.0,-27.0,-1655.0,-1366.0,728.0,0
-49.0,-341.0,-68.0,-1306.0,-1279.0,672.0,0
-31.0,-279.0,-106.0,-931.0,-1212.0,615.0,0
-12.0,-214.0,-118.0,-654.0,-1194.0,545.0,0
1.0,-162.0,-118.0,-326.0,-1242.0,448.0,0
9.0,-110.0,-120.0,0.0,-1324.0,331.0,0
3.0,-60.0,-129.0,307.0,-1416.0,238.0,0
-6.0,-26.0,-121.0,560.0,-1453.0,134.0,0
1.0,10.0,-101.0,772.0,-1436.0,81.0,0
30.0,38.0,-75.0,968.0,-1395.0,68.0,0
57.0,64.0,-70.0,1181.0,-1330.0,58.0,0
92.0,89.0,-63.0,1386.0,-1230.0,5.0,0
117.0,106.0,-66.0,1546.0,-1094.0,-98.0,0
117.0,113.0,-80.0,1630.0,-945.0,-240.0,0
88.0,101.0,-99.0,1584.0,-784.0,-382.0,0
51.0,76.0,-108.0,1342.0,-608.0,-485.0,0
0.0,41.0,-118.0,922.0,-441.0,-522.0,0
-42.0,-8.0,-104.0,391.0,-313.0,-483.0,0
-62.0,-51.0,-82.0,-100.0,-250.0,-394.0,0
-65.0,-78.0,-65.0,-404.0,-266.0,-308.0,0
-78.0,-99.0,-69.0,-457.0,-333.0,-241.0,0
-64.0,-111.0,-80.0,-299.0,-407.0,-173.0,0
-48.0,-102.0,-103.0,-26.0,-466.0,-109.0,0
-38.0,-87.0,-119.0,269.0,-513.0,-81.0,0
-26.0,-69.0,-139.0,518.0,-551.0,-97.0,0
-11.0,-50.0,-146.0,688.0,-591.0,-142.0,0
5.0,-35.0,-150.0,772.0,-636.0,-202.0,0
33.0,-23.0,-144.0,780.0,-680.0,-274.0,0
44.0,-9.0,-114.0,728.0,-714.0,-349.0,0
50.0,1.0,-86.0,667.0,-739.0,-407.0,0
60.0,8.0,-54.0,623.0,-737.0,-435.0,0
68.0,13.0,-27.0,604.0,-679.0,-442.0,0
68.0,8.0,-8.0,593.0,-546.0,-445.0,0
61.0,5.0,-19.0,590.0,-385.0,-442.0,0
46.0,6.0,-94.0,559.0,-286.0,-434.0,0
11.0,-2.0,-191.0,435.0,-323.0,-416.0,0
-40.0,-14.0,-234.0,198.0,-530.0,-392.0,0
-97.0,-28.0,-252.0,-132.0,-760.0,-314.0,0
-120.0,-45.0,-283.0,-568.0,-714.0,-119.0,0
-69.0,-78.0,-402.0,-1185.0,-287.0,216.0,0
24.0,-210.0,-297.0,-2095.0,251.0,598.0,0
13.0,-356.0,-51.0,-2906.0,613.0,900.0,0
-43.0,-492.0,140.0,-3203.0,615.0,1060.0,0
-132.0,-610.0,236.0,-3047.0,204.0,1109.0,0
-240.0,-729.0,268.0,-2615.0,-333.0,1200.0,0
-273.0,-792.0,212.0,-1973.0,-630.0,1440.0,0
-241.0,-825.0,49.0,-1330.0,-767.0,1651.0,0
-183.0,-875.0,-177.0,-1034.0,-1083.0,1585.0,0
-117.0,-930.0,-315.0,-1273.0,-1518.0,1226.0,0
-4.0,-981.0,-342.0,-1715.0,-1621.0,735.0,0
72.0,-1038.0,-303.0,-1893.0,-1114.0,88.0,0
58.0,-1008.0,-177.0,-1584.0,-118.0,-724.0,0
-12.0,-898.0,-65.0,-700.0,863.0,-1524.0,0
-41.0,-796.0,12.0,544.0,1413.0,-2001.0,0
-34.0,-700.0,62.0,1768.0,1569.0,-2192.0,0
-9.0,-603.0,87.0,2668.0,1493.0,-2225.0,0
24.0,-514.0,95.0,3062.0,1303.0,-2198.0,0
43.0,-424.0,96.0,2907.0,1087.0,-2151.0,0
53.0,-325.0,102.0,2308.0,947.0,-2066.0,0
47.0,-238.0,101.0,1474.0,924.0,-1948.0,0
53.0,-167.0,89.0,596.0,1020.0,-1796.0,0
63.0,-160.0,73.0,-221.0,1210.0,-1630.0,0
90.0,-183.0,51.0,-936.0,1452.0,-1478.0,0
111.0,-211.0,46.0,-1530.0,1710.0,-1341.0,0
128.0,-242.0,47.0,-1889.0,1963.0,-1187.0,0
143.0,-263.0,49.0,-2155.0,2135.0,-1006.0,0
157.0,-279.0,43.0,-2220.0,2278.0,-810.0,0
154.0,-274.0,22.0,-2160.0,2314.0,-666.0,0
132.0,-258.0,1.0,-2010.0,2284.0,-506.0,0
104.0,-233.0,-16.0,-1803.0,2235.0,-345.0,0
68.0,-221.0,-33.0,-1554.0,2197.0,-172.0,0
40.0,-204.0,-50.0,-1276.0,2159.0,-1.0,0
14.0,-182.0,-61.0,-966.0,2115.0,195.0,0
5.0,-155.0,-78.0,-640.0,2043.0,410.0,0
-5.0,-126.0,-83.0,-299.0,1960.0,584.0,0
5.0,-103.0,-84.0,71.0,1892.0,673.0,0
3.0,-75.0,-90.0,434.0,1820.0,665.0,0
-2.0,-43.0,-93.0,758.0,1722.0,598.0,0
-23.0,5.0,-97.0,1033.0,1564.0,528.0,0
-43.0,41.0,-113.0,1246.0,1327.0,503.0,0
-56.0,64.0,-120.0,1352.0,1010.0,546.0,0
-51.0,66.0,-144.0,1343.0,663.0,650.0,0
-29.0,43.0,-170.0,1208.0,352.0,759.0,0
-3.0,3.0,-178.0,901.0,123.0,827.0,0
12.0,-30.0,-149.0,491.0,-1.0,818.0,0
20.0,-54.0,-112.0,153.0,-16.0,763.0,0
17.0,-78.0,-72.0,-1.0,61.0,688.0,0
14.0,-90.0,-53.0,24.0,177.0,600.0,0
9.0,-79.0,-42.0,174.0,274.0,504.0,0
7.0,-53.0,-50.0,385.0,316.0,421.0,0
15.0,-17.0,-57.0,604.0,317.0,378.0,0
18.0,28.0,-69.0,781.0,310.0,365.0,0
20.0,59.0,-81.0,851.0,327.0,369.0,0
11.0,87.0,-92.0,783.0,379.0,379.0,0
3.0,99.0,-93.0,638.0,462.0,387.0,0
-10.0,107.0,-101.0,368.0,551.0,388.0,0
-19.0,100.0,-99.0,29.0,607.0,380.0,0
-28.0,79.0,-111.0,-319.0,646.0,374.0,0
-19.0,56.0,-205.0,-628.0,663.0,353.0,0
8.0,33.0,-278.0,-925.0,725.0,317.0,0
57.0,17.0,-335.0,-1220.0,880.0,265.0,0
116.0,-13.0,-382.0,-1528.0,1133.0,192.0,0
165.0,-44.0,-434.0,-1838.0,1436.0,68.0,0
194.0,-113.0,-419.0,-2165.0,1617.0,-121.0,0
188.0,-230.0,-268.0,-2416.0,1371.0,-370.0,0
130.0,-360.0,-74.0,-2363.0,740.0,-654.0,0
92.0,-509.0,99.0,-1913.0,205.0,-899.0,0
111.0,-631.0,224.0,-1224.0,51.0,-1092.0,0
147.0,-725.0,292.0,-495.0,39.0,-1316.0,0
145.0,-784.0,268.0,213.0,-40.0,-1628.0,0
104.0,-775.0,103.0,809.0,-78.0,-1952.0,0
39.0,-763.0,-106.0,1078.0,189.0,-2090.0,0
-46.0,-761.0,-239.0,823.0,682.0,-1897.0,0
-139.0,-726.0,-312.0,139.0,1060.0,-1316.0,0
-250.0,-762.0,-331.0,-803.0,1124.0,-540.0,0
-261.0,-780.0,-263.0,-1700.0,948.0,330.0,0
-198.0,-760.0,-138.0,-2158.0,561.0,1108.0,0
-139.0,-739.0,-9.0,-1930.0,-1.0,1637.0,0
-115.0,-694.0,69.0,-1097.0,-613.0,1889.0,0
-93.0,-634.0,105.0,139.0,-1126.0,1959.0,0
-70.0,-566.0,100.0,1452.0,-1439.0,1958.0,0
-41.0,-496.0,96.0,2482.0,-1526.0,1971.0,0
6.0,-436.0,86.0,3012.0,-1440.0,2039.0,0
49.0,-384.0,79.0,2973.0,-1244.0,2107.0,0
72.0,-335.0,79.0,2418.0,-1020.0,2086.0,0
69.0,-298.0,83.0,1703.0,-855.0,1975.0,0
38.0,-283.0,89.0,637.0,-798.0,1859.0,0
14.0,-298.0,96.0,-438.0,-824.0,1810.0,0
-13.0,-329.0,104.0,-1323.0,-935.0,1782.0,0
-32.0,-357.0,100.0,-1932.0,-1088.0,1719.0,0
-49.0,-377.0,84.0,-2263.0,-1234.0,1583.0,0
-62.0,-376.0,53.0,-2326.0,-1316.0,1393.0,0
-79.0,-371.0,18.0,-2161.0,-1297.0,1204.0,0
-80.0,-353.0,-28.0,-1847.0,-1167.0,1044.0,0
-79.0,-327.0,-61.0,-1465.0,-975.0,890.0,0
-73.0,-286.0,-93.0,-1052.0,-794.0,721.0,0
-73.0,-245.0,-116.0,-643.0,-674.0,537.0,0
-87.0,-210.0,-125.0,-240.0,-624.0,334.0,0
-106.0,-179.0,-142.0,147.0,-651.0,137.0,0
-125.0,-144.0,-152.0,481.0,-740.0,-53.0,0
-118.0,-94.0,-160.0,741.0,-883.0,-209.0,0
-65.0,-24.0,-120.0,974.0,-1075.0,-311.0,0
-10.0,50.0,-107.0,1317.0,-1266.0,-402.0,0
63.0,118.0,-85.0,1719.0,-1370.0,-492.0,0
116.0,155.0,-98.0,2099.0,-1336.0,-618.0,0
159.0,184.0,-104.0,2287.0,-1178.0,-763.0,0
164.0,185.0,-114.0,2200.0,-947.0,-915.0,0
127.0,174.0,-115.0,1832.0,-709.0,-1038.0,0
69.0,134.0,-96.0,1235.0,-501.0,-1084.0,0
31.0,88.0,-52.0,571.0,-345.0,-1018.0,0
6.0,42.0,-11.0,48.0,-282.0,-886.0,0
-1.0,3.0,-5.0,-246.0,-312.0,-753.0,0
-8.0,-22.0,-14.0,-347.0,-382.0,-624.0,0
-12.0,-35.0,-42.0,-322.0,-411.0,-494.0,0
-18.0,-31.0,-86.0,-230.0,-374.0,-381.0,0
-29.0,-21.0,-122.0,-135.0,-271.0,-299.0,0
-30.0,-20.0,-160.0,-19.0,-159.0,-261.0,0
-26.0,-17.0,-192.0,63.0,-12.0,-278.0,0
-11.0,-27.0,-208.0,76.0,91.0,-320.0,0
7.0,-34.0,-194.0,20.0,124.0,-394.0,0
25.0,-41.0,-166.0,-70.0,80.0,-476.0,0
38.0,-48.0,-119.0,-129.0,-18.0,-549.0,0
46.0,-58.0,-80.0,-101.0,-125.0,-600.0,0
45.0,-67.0,-109.0,29.0,-229.0,-631.0,0
30.0,-59.0,-184.0,167.0,-371.0,-650.0,0
-9.0,-43.0,-267.0,182.0,-608.0,-675.0,0
-62.0,-19.0,-331.0,26.0,-892.0,-668.0,0
-108.0,-11.0,-393.0,-321.0,-1039.0,-570.0,0
-114.0,-32.0,-498.0,-832.0,-875.0,-321.0,0
-77.0,-132.0,-504.0,-1473.0,-463.0,34.0,0
16.0,-329.0,-296.0,-1933.0,-6.0,462.0,0
41.0,-501.0,8.0,-1984.0,328.0,885.0,0
11.0,-647.0,259.0,-1718.0,416.0,1209.0,0
-83.0,-746.0,316.0,-1265.0,124.0,1360.0,0
-128.0,-733.0,158.0,-720.0,-347.0,1490.0,0
-105.0,-692.0,-71.0,-262.0,-739.0,1693.0,0
-66.0,-654.0,-253.0,-110.0,-1111.0,1771.0,0
12.0,-678.0,-343.0,-273.0,-1497.0,1615.0,0
95.0,-742.0,-347.0,-676.0,-1706.0,1210.0,0
99.0,-790.0,-279.0,-1085.0,-1443.0,539.0,0
37.0,-804.0,-175.0,-1171.0,-593.0,-223.0,0
-47.0,-788.0,-90.0,-734.0,445.0,-874.0,0
-101.0,-769.0,-43.0,98.0,1243.0,-1317.0,0
-131.0,-728.0,-10.0,1031.0,1670.0,-1641.0,0
-140.0,-676.0,20.0,1842.0,1796.0,-1884.0,0
-130.0,-623.0,40.0,2395.0,1706.0,-2045.0,0
-108.0,-569.0,46.0,2619.0,1487.0,-2146.0,0
-93.0,-494.0,49.0,2620.0,1296.0,-2186.0,0
-74.0,-401.0,65.0,2338.0,1098.0,-2149.0,0
-62.0,-317.0,92.0,1830.0,972.0,-2009.0,0
-24.0,-259.0,79.0,1163.0,925.0,-1776.0,0
33.0,-245.0,58.0,418.0,957.0,-1521.0,0
93.0,-266.0,54.0,-323.0,1098.0,-1322.0,0
125.0,-285.0,66.0,-926.0,1350.0,-1194.0,0
159.0,-295.0,66.0,-1324.0,1632.0,-1103.0,0
186.0,-301.0,52.0,-1537.0,1859.0,-998.0,0
201.0,-293.0,47.0,-1613.0,2002.0,-876.0,0
204.0,-278.0,51.0,-1563.0,2068.0,-760.0,0
211.0,-267.0,43.0,-1383.0,2067.0,-647.0,0
192.0,-233.0,22.0,-1126.0,2009.0,-548.0,0
174.0,-200.0,3.0,-814.0,1978.0,-454.0,0
138.0,-152.0,-14.0,-470.0,2005.0,-385.0,0
99.0,-103.0,-36.0,-86.0,2091.0,-337.0,0
79.0,-65.0,-67.0,289.0,2205.0,-277.0,0
65.0,-29.0,-94.0,542.0,2273.0,-206.0,0
57.0,11.0,-104.0,670.0,2281.0,-146.0,0
42.0,44.0,-112.0,730.0,2254.0,-110.0,0
11.0,82.0,-104.0,790.0,2225.0,-96.0,0
-22.0,115.0,-105.0,892.0,2177.0,-73.0,0
-58.0,138.0,-99.0,1011.0,2076.0,1.0,0
-87.0,149.0,-110.0,1142.0,1922.0,144.0,0
-111.0,131.0,-145.0,1194.0,1716.0,353.0,0
-126.0,105.0,-167.0,1090.0,1464.0,552.0,0
-129.0,49.0,-182.0,808.0,1183.0,710.0,0
-114.0,-10.0,-161.0,357.0,887.0,836.0,0
-94.0,-68.0,-128.0,-128.0,599.0,893.0,0
-71.0,-119.0,-71.0,-436.0,343.0,849.0,0
-52.0,-157.0,-42.0,-603.0,167.0,738.0,0
-34.0,-176.0,-35.0,-526.0,14.0,649.0,0
-8.0,-170.0,-48.0,-309.0,-64.0,566.0,0
7.0,-148.0,-76.0,-37.0,-87.0,511.0,0
16.0,-117.0,-101.0,225.0,-63.0,487.0,0
18.0,-90.0,-124.0,437.0,19.0,485.0,0
11.0,-68.0,-128.0,590.0,153.0,502.0,0
0.0,-56.0,-117.0,706.0,319.0,515.0,0
-16.0,-43.0,-96.0,816.0,476.0,525.0,0
-38.0,-35.0,-64.0,945.0,566.0,524.0,0
-56.0,-34.0,-26.0,1092.0,555.0,522.0,0
-69.0,-34.0,10.0,1230.0,447.0,522.0,0
-83.0,-27.0,17.0,1335.0,288.0,515.0,0
-74.0,-25.0,-34.0,1346.0,127.0,499.0,0
-53.0,-20.0,-163.0,1209.0,19.0,470.0,0
-8.0,-22.0,-280.0,897.0,48.0,422.0,0
82.0,-51.0,-325.0,481.0,249.0,340.0,0
164.0,-89.0,-433.0,118.0,612.0,217.0,0
249.0,-121.0,-531.0,-262.0,1079.0,49.0,0
302.0,-202.0,-506.0,-1058.0,1289.0,-263.0,0
237.0,-357.0,-265.0,-2257.0,714.0,-885.0,0
119.0,-517.0,100.0,-3153.0,-444.0,-1689.0,0
132.0,-649.0,274.0,-3043.0,-1316.0,-2229.0,0
201.0,-760.0,344.0,-2317.0,-1535.0,-2422.0,0
221.0,-829.0,328.0,-1452.0,-1448.0,-2531.0,0
176.0,-853.0,137.0,-633.0,-1172.0,-2665.0,0
97.0,-818.0,-115.0,-105.0,-443.0,-2598.0,0
19.0,-749.0,-287.0,-115.0,603.0,-2090.0,0
-170.0,-742.0,-368.0,-576.0,1362.0,-1333.0,0
-333.0,-728.0,-399.0,-1120.0,1439.0,-331.0,0
-428.0,-728.0,-348.0,-1365.0,857.0,812.0,0
-335.0,-701.0,-174.0,-1248.0,-61.0,1899.0,0
-252.0,-653.0,-37.0,-518.0,-873.0,2496.0,0
-193.0,-575.0,68.0,718.0,-1780.0,2577.0,0
-151.0,-482.0,120.0,2156.0,-2405.0,2345.0,0
-94.0,-413.0,134.0,3374.0,-2648.0,2021.0,0
-37.0,-346.0,121.0,4063.0,-2585.0,1739.0,0
28.0,-297.0,100.0,4107.0,-2331.0,1529.0,0
79.0,-243.0,86.0,3546.0,-2011.0,1357.0,0
112.0,-206.0,58.0,2504.0,-1749.0,1176.0,0
118.0,-190.0,29.0,1193.0,-1594.0,979.0,0
99.0,-200.0,16.0,-164.0,-1532.0,807.0,0
85.0,-249.0,25.0,-1362.0,-1491.0,778.0,0
82.0,-307.0,47.0,-2219.0,-1446.0,855.0,0
78.0,-346.0,50.0,-2659.0,-1407.0,924.0,0
61.0,-376.0,42.0,-2731.0,-1363.0,976.0,0
45.0,-389.0,32.0,-2539.0,-1305.0,1029.0,0
37.0,-391.0,-11.0,-2213.0,-1215.0,1097.0,0
21.0,-379.0,-47.0,-1873.0,-1061.0,1168.0,0
6.0,-345.0,-60.0,-1564.0,-889.0,1221.0,0
-2.0,-306.0,-68.0,-1267.0,-769.0,1270.0,0
-10.0,-269.0,-66.0,-945.0,-722.0,1266.0,0
-15.0,-238.0,-63.0,-589.0,-729.0,1202.0,0
-16.0,-212.0,-65.0,-198.0,-761.0,1085.0,0
-18.0,-189.0,-72.0,224.0,-790.0,906.0,0
-24.0,-172.0,-84.0,641.0,-816.0,687.0,0
-25.0,-144.0,-85.0,1018.0,-853.0,459.0,0
2.0,-102.0,-81.0,1335.0,-919.0,266.0,0
45.0,-62.0,-65.0,1596.0,-1029.0,122.0,0
81.0,-4.0,-66.0,1838.0,-1140.0,-34.0,0
112.0,35.0,-61.0,2053.0,-1223.0,-176.0,0
128.0,70.0,-52.0,2213.0,-1267.0,-326.0,0
123.0,91.0,-71.0,2372.0,-1273.0,-487.0,0
88.0,97.0,-90.0,2377.0,-1223.0,-623.0,0
46.0,89.0,-90.0,2176.0,-1127.0,-688.0,0
0.0,72.0,-87.0,1784.0,-1027.0,-725.0,0
-39.0,47.0,-72.0,1274.0,-941.0,-705.0,0
-65.0,22.0,-48.0,756.0,-858.0,-631.0,0
-73.0,6.0,-38.0,365.0,-776.0,-556.0,0
-82.0,-9.0,-58.0,175.0,-668.0,-494.0,0
-91.0,-21.0,-89.0,180.0,-503.0,-433.0,0
-107.0,-33.0,-115.0,346.0,-287.0,-402.0,0
-103.0,-45.0,-140.0,611.0,-61.0,-418.0,0
-94.0,-44.0,-155.0,888.0,123.0,-471.0,0
-72.0,-40.0,-163.0,1100.0,216.0,-554.0,0
-39.0,-35.0,-155.0,1214.0,203.0,-639.0,0
-4.0,-27.0,-139.0,1232.0,103.0,-712.0,0
24.0,-22.0,-111.0,1206.0,-45.0,-762.0,0
39.0,-28.0,-85.0,1191.0,-194.0,-786.0,0
55.0,-19.0,-83.0,1189.0,-317.0,-792.0,0
56.0,-19.0,-132.0,1158.0,-424.0,-781.0,0
28.0,-28.0,-196.0,1040.0,-580.0,-761.0,0
-14.0,-47.0,-255.0,789.0,-770.0,-720.0,0
-71.0,-57.0,-252.0,375.0,-923.0,-630.0,0
-103.0,-75.0,-309.0,-259.0,-944.0,-428.0,0
-82.0,-123.0,-410.0,-1175.0,-715.0,-115.0,0
-16.0,-242.0,-302.0,-2294.0,-260.0,274.0,0
76.0,-420.0,-32.0,-3138.0,150.0,726.0,0
67.0,-623.0,246.0,-3385.0,321.0,1109.0,0
16.0,-731.0,320.0,-3182.0,148.0,1353.0,0
-55.0,-763.0,220.0,-2720.0,-249.0,1533.0,0
-86.0,-777.0,23.0,-2207.0,-545.0,1793.0,0
-60.0,-790.0,-137.0,-1920.0,-667.0,2102.0,0
-15.0,-798.0,-214.0,-1729.0,-791.0,2240.0,0
67.0,-826.0,-242.0,-1551.0,-1041.0,2147.0,0
117.0,-843.0,-205.0,-1320.0,-1072.0,1700.0,0
72.0,-811.0,-124.0,-951.0,-655.0,887.0,0
-4.0,-740.0,-17.0,-305.0,112.0,-25.0,0
-53.0,-681.0,59.0,628.0,859.0,-682.0,0
-80.0,-617.0,107.0,1643.0,1342.0,-1104.0,0
-72.0,-538.0,127.0,2529.0,1593.0,-1435.0,0
-63.0,-465.0,127.0,3101.0,1685.0,-1716.0,0
-39.0,-393.0,116.0,3242.0,1644.0,-1913.0,0
-18.0,-327.0,102.0,2918.0,1513.0,-2030.0,0
4.0,-280.0,89.0,2198.0,1406.0,-2096.0,0
6.0,-245.0,79.0,1234.0,1427.0,-2115.0,0
1.0,-231.0,77.0,181.0,1549.0,-2043.0,0
17.0,-259.0,79.0,-832.0,1674.0,-1865.0,0
48.0,-319.0,89.0,-1682.0,1758.0,-1656.0,0
77.0,-364.0,102.0,-2251.0,1845.0,-1483.0,0
105.0,-394.0,97.0,-2493.0,1969.0,-1348.0,0
121.0,-405.0,78.0,-2466.0,2102.0,-1239.0,0
135.0,-395.0,57.0,-2295.0,2227.0,-1130.0,0
132.0,-371.0,51.0,-2066.0,2321.0,-1020.0,0
133.0,-332.0,47.0,-1808.0,2362.0,-919.0,0
138.0,-294.0,30.0,-1530.0,2347.0,-827.0,0
137.0,-250.0,4.0,-1284.0,2309.0,-743.0,0
121.0,-211.0,-23.0,-1077.0,2303.0,-653.0,0
94.0,-178.0,-51.0,-903.0,2346.0,-529.0,0
71.0,-161.0,-81.0,-749.0,2388.0,-373.0,0
54.0,-136.0,-102.0,-602.0,2382.0,-205.0,0
24.0,-119.0,-107.0,-424.0,2316.0,-66.0,0
15.0,-85.0,-112.0,-247.0,2215.0,20.0,0
3.0,-56.0,-100.0,44.0,2127.0,51.0,0
-16.0,-20.0,-84.0,413.0,1999.0,31.0,0
-53.0,21.0,-69.0,848.0,1835.0,-23.0,0
-112.0,73.0,-63.0,1297.0,1594.0,-49.0,0
-151.0,95.0,-70.0,1689.0,1274.0,-3.0,0
-174.0,108.0,-94.0,1921.0,909.0,138.0,0
-168.0,99.0,-137.0,1924.0,543.0,334.0,0
-153.0,84.0,-165.0,1629.0,203.0,516.0,0
-116.0,50.0,-170.0,1088.0,-82.0,640.0,0
-70.0,4.0,-148.0,440.0,-278.0,695.0,0
-38.0,-40.0,-120.0,-123.0,-365.0,667.0,0
-21.0,-78.0,-67.0,-479.0,-330.0,586.0,0
-12.0,-102.0,-42.0,-548.0,-230.0,486.0,0
0.0,-108.0,-31.0,-379.0,-106.0,392.0,0
11.0,-98.0,-36.0,-80.0,24.0,325.0,0
22.0,-68.0,-64.0,249.0,159.0,298.0,0
25.0,-45.0,-86.0,530.0,300.0,300.0,0
17.0,-27.0,-93.0,738.0,455.0,339.0,0
13.0,-11.0,-82.0,889.0,615.0,405.0,0
2.0,-1.0,-67.0,988.0,730.0,476.0,0
-10.0,0.0,-27.0,1045.0,767.0,550.0,0
-18.0,-4.0,-3.0,1058.0,719.0,620.0,0
-23.0,-8.0,-28.0,1003.0,606.0,666.0,0
-15.0,-11.0,-125.0,843.0,501.0,702.0,0
28.0,-14.0,-195.0,556.0,522.0,733.0,0
96.0,-32.0,-368.0,137.0,775.0,740.0,0
196.0,-91.0,-514.0,-387.0,1352.0,705.0,0
290.0,-132.0,-635.0,-963.0,2128.0,574.0,0
370.0,-249.0,-584.0,-1865.0,2607.0,298.0,0
380.0,-443.0,-289.0,-2764.0,2005.0,-316.0,0
219.0,-626.0,45.0,-3661.0,364.0,-1244.0,0
111.0,-745.0,223.0,-3801.0,-840.0,-1960.0,0
117.0,-847.0,291.0,-3291.0,-1506.0,-2184.0,0
125.0,-916.0,281.0,-2433.0,-1492.0,-2278.0,0
68.0,-990.0,129.0,-1417.0,-1198.0,-2384.0,0
-53.0,-998.0,-156.0,-439.0,-520.0,-2522.0,0
-241.0,-932.0,-351.0,77.0,560.0,-2463.0,0
-422.0,-874.0,-448.0,27.0,1480.0,-1988.0,0
-582.0,-814.0,-403.0,-408.0,1755.0,-1134.0,0
-607.0,-771.0,-277.0,-765.0,1386.0,111.0,0
-419.0,-715.0,-117.0,-669.0,518.0,1254.0,0
-233.0,-617.0,5.0,7.0,-615.0,1776.0,0
-121.0,-507.0,57.0,1092.0,-1648.0,1767.0,0
-40.0,-399.0,68.0,2254.0,-2346.0,1502.0,0
21.0,-292.0,63.0,3181.0,-2626.0,1246.0,0
81.0,-206.0,47.0,3655.0,-2531.0,1129.0,0
140.0,-146.0,33.0,3593.0,-2201.0,1140.0,0
186.0,-102.0,17.0,3031.0,-1811.0,1194.0,0
215.0,-84.0,12.0,2084.0,-1469.0,1213.0,0
216.0,-114.0,10.0,929.0,-1247.0,1173.0,0
195.0,-173.0,22.0,-263.0,-1143.0,1064.0,0
181.0,-247.0,56.0,-1296.0,-1078.0,981.0,0
172.0,-320.0,107.0,-1984.0,-1056.0,947.0,0
153.0,-389.0,141.0,-2300.0,-1087.0,947.0,0
132.0,-424.0,146.0,-2317.0,-1159.0,959.0,0
99.0,-431.0,133.0,-2145.0,-1224.0,992.0,0
64.0,-417.0,101.0,-1875.0,-1240.0,1062.0,0
32.0,-390.0,61.0,-1583.0,-1210.0,1148.0,0
7.0,-363.0,21.0,-1328.0,-1146.0,1193.0,0
-21.0,-340.0,-18.0,-1141.0,-1052.0,1209.0,0
-44.0,-312.0,-59.0,-1033.0,-913.0,1189.0,0
-48.0,-289.0,-60.0,-984.0,-740.0,1128.0,0
-70.0,-286.0,-82.0,-929.0,-591.0,1018.0,0
-87.0,-285.0,-92.0,-838.0,-401.0,853.0,0
-92.0,-281.0,-99.0,-687.0,-256.0,688.0,0
-101.0,-271.0,-95.0,-441.0,-179.0,420.0,0
-96.0,-221.0,-90.0,-62.0,-177.0,142.0,0
-54.0,-158.0,-65.0,446.0,-243.0,-75.0,0
0.0,-63.0,-57.0,1095.0,-348.0,-242.0,0
49.0,50.0,-69.0,1751.0,-430.0,-354.0,0
97.0,151.0,-72.0,2319.0,-466.0,-411.0,0
126.0,210.0,-108.0,2719.0,-437.0,-456.0,0
132.0,249.0,-127.0,2805.0,-343.0,-565.0,0
111.0,279.0,-146.0,2561.0,-239.0,-748.0,0
60.0,281.0,-150.0,1998.0,-171.0,-905.0,0
7.0,266.0,-148.0,1224.0,-171.0,-928.0,0
-7.0,192.0,-127.0,359.0,-233.0,-805.0,0
-12.0,126.0,-92.0,-435.0,-331.0,-680.0,0
-8.0,52.0,-53.0,-979.0,-430.0,-602.0,0
-10.0,-20.0,-40.0,-1167.0,-498.0,-568.0,0
-12.0,-53.0,-53.0,-1052.0,-497.0,-527.0,0
-12.0,-74.0,-80.0,-758.0,-422.0,-475.0,0
-15.0,-80.0,-103.0,-407.0,-310.0,-430.0,0
-12.0,-73.0,-122.0,-80.0,-216.0,-427.0,0
-24.0,-76.0,-138.0,184.0,-178.0,-464.0,0
-30.0,-77.0,-133.0,373.0,-210.0,-505.0,0
-32.0,-70.0,-121.0,511.0,-298.0,-530.0,0
-29.0,-72.0,-99.0,631.0,-415.0,-531.0,0
-34.0,-75.0,-82.0,755.0,-532.0,-526.0,0
-35.0,-74.0,-69.0,892.0,-610.0,-516.0,0
-39.0,-65.0,-108.0,1010.0,-647.0,-512.0,0
-48.0,-45.0,-163.0,1009.0,-678.0,-515.0,0
-71.0,-32.0,-251.0,883.0,-733.0,-519.0,0
-122.0,-36.0,-306.0,535.0,-786.0,-493.0,0
-167.0,-57.0,-428.0,22.0,-846.0,-385.0,0
-168.0,-120.0,-563.0,-704.0,-1047.0,-225.0,0
-92.0,-263.0,-519.0,-1706.0,-1272.0,166.0,0
26.0,-467.0,-223.0,-2637.0,-1113.0,822.0,0
83.0,-723.0,185.0,-3020.0,-419.0,1498.0,0
66.0,-864.0,353.0,-2825.0,414.0,1905.0,0
24.0,-897.0,277.0,-2165.0,827.0,1986.0,0
-10.0,-866.0,51.0,-1346.0,733.0,1874.0,0
11.0,-868.0,-200.0,-743.0,337.0,1808.0,0
116.0,-949.0,-337.0,-731.0,-107.0,1821.0,0
209.0,-981.0,-324.0,-1090.0,-476.0,1579.0,0
238.0,-987.0,-255.0,-1240.0,-554.0,971.0,0
171.0,-890.0,-167.0,-836.0,-117.0,136.0,0
121.0,-787.0,-102.0,161.0,707.0,-530.0,0
66.0,-686.0,-50.0,1422.0,1477.0,-943.0,0
15.0,-587.0,-13.0,2632.0,1975.0,-1182.0,0
-22.0,-490.0,2.0,3547.0,2197.0,-1302.0,0
-44.0,-404.0,24.0,4016.0,2192.0,-1338.0,0
-50.0,-328.0,44.0,3965.0,1995.0,-1361.0,0
-65.0,-247.0,53.0,3463.0,1683.0,-1414.0,0
-100.0,-176.0,65.0,2658.0,1361.0,-1462.0,0
-134.0,-121.0,64.0,1733.0,1133.0,-1459.0,0
-173.0,-102.0,50.0,825.0,1053.0,-1394.0,0
-189.0,-140.0,43.0,-3.0,1078.0,-1312.0,0
-186.0,-200.0,46.0,-722.0,1116.0,-1272.0,0
-157.0,-270.0,54.0,-1309.0,1129.0,-1240.0,0
-120.0,-327.0,61.0,-1701.0,1146.0,-1201.0,0
-75.0,-368.0,63.0,-1867.0,1191.0,-1157.0,0
-39.0,-391.0,60.0,-1853.0,1241.0,-1120.0,0
-18.0,-391.0,65.0,-1738.0,1269.0,-1105.0,0
-2.0,-366.0,59.0,-1496.0,1265.0,-1087.0,0
10.0,-320.0,46.0,-1181.0,1235.0,-1070.0,0
24.0,-291.0,36.0,-856.0,1171.0,-1043.0,0
28.0,-248.0,21.0,-580.0,1085.0,-978.0,0
35.0,-217.0,10.0,-374.0,964.0,-865.0,0
33.0,-182.0,0.0,-206.0,822.0,-684.0,0
35.0,-149.0,-6.0,-21.0,676.0,-451.0,0
43.0,-122.0,-12.0,226.0,530.0,-239.0,0
49.0,-100.0,-13.0,533.0,379.0,-106.0,0
57.0,-70.0,-20.0,892.0,211.0,-65.0,0
62.0,-45.0,-25.0,1292.0,57.0,-104.0,0
44.0,18.0,-28.0,1694.0,-46.0,-183.0,0
34.0,54.0,-43.0,2049.0,-89.0,-233.0,0
8.0,88.0,-57.0,2307.0,-122.0,-232.0,0
-8.0,125.0,-82.0,2447.0,-167.0,-159.0,0
-20.0,131.0,-113.0,2404.0,-231.0,-27.0,0
-25.0,130.0,-135.0,2120.0,-301.0,112.0,0
-35.0,116.0,-139.0,1638.0,-332.0,235.0,0
-20.0,61.0,-132.0,1038.0,-309.0,326.0,0
-8.0,7.0,-111.0,364.0,-238.0,353.0,0
-4.0,-35.0,-88.0,-210.0,-118.0,330.0,0
1.0,-72.0,-68.0,-555.0,43.0,283.0,0
8.0,-99.0,-56.0,-660.0,207.0,214.0,0
18.0,-116.0,-44.0,-566.0,328.0,130.0,0
17.0,-105.0,-53.0,-325.0,391.0,60.0,0
20.0,-86.0,-60.0,14.0,397.0,30.0,0
29.0,-55.0,-80.0,388.0,361.0,41.0,0
33.0,-32.0,-93.0,722.0,312.0,77.0,0
37.0,-5.0,-106.0,960.0,288.0,119.0,0
35.0,9.0,-112.0,1079.0,309.0,165.0,0
21.0,28.0,-108.0,1087.0,347.0,213.0,0
5.0,32.0,-92.0,1013.0,363.0,258.0,0
-2.0,35.0,-73.0,892.0,335.0,293.0,0
-13.0,22.0,-51.0,741.0,261.0,304.0,0
-19.0,10.0,-36.0,565.0,145.0,291.0,0
-21.0,-1.0,-58.0,409.0,-1.0,263.0,0
-6.0,-21.0,-99.0,172.0,-124.0,219.0,0
28.0,-55.0,-146.0,-95.0,-265.0,146.0,0
77.0,-114.0,-199.0,-332.0,-391.0,61.0,0
140.0,-163.0,-442.0,-548.0,-427.0,-63.0,0
148.0,-177.0,-721.0,-1151.0,-285.0,-229.0,0
138.0,-290.0,-647.0,-2451.0,-202.0,-486.0,0
33.0,-523.0,-232.0,-3835.0,-557.0,-934.0,0
-82.0,-736.0,84.0,-4346.0,-969.0,-1431.0,0
-89.0,-958.0,283.0,-3934.0,-843.0,-1665.0,0
-36.0,-1158.0,449.0,-2978.0,-377.0,-1713.0,0
-32.0,-1259.0,383.0,-1565.0,-109.0,-1941.0,0
-40.0,-1214.0,-10.0,-76.0,70.0,-2244.0,0
-39.0,-1148.0,-340.0,614.0,338.0,-2423.0,0
-136.0,-933.0,-370.0,439.0,484.0,-2297.0,0
-156.0,-759.0,-270.0,235.0,147.0,-1581.0,0
-117.0,-643.0,-210.0,579.0,-572.0,-547.0,0
-75.0,-546.0,-151.0,1348.0,-1187.0,237.0,0
-50.0,-454.0,-45.0,2238.0,-1508.0,693.0,0
-44.0,-349.0,60.0,3080.0,-1650.0,938.0,0
-19.0,-252.0,133.0,3757.0,-1732.0,1094.0,0
22.0,-177.0,155.0,4101.0,-1779.0,1210.0,0
58.0,-115.0,156.0,4003.0,-1742.0,1281.0,0
93.0,-74.0,145.0,3459.0,-1618.0,1345.0,0
126.0,-61.0,126.0,2513.0,-1494.0,1392.0,0
137.0,-74.0,111.0,1318.0,-1413.0,1395.0,0
138.0,-118.0,98.0,71.0,-1380.0,1356.0,0
124.0,-189.0,100.0,-1063.0,-1381.0,1293.0,0
101.0,-265.0,105.0,-1970.0,-1393.0,1228.0,0
92.0,-332.0,120.0,-2565.0,-1433.0,1193.0,0
70.0,-386.0,120.0,-2851.0,-1498.0,1184.0,0
55.0,-443.0,104.0,-2899.0,-1537.0,1170.0,0
25.0,-483.0,56.0,-2789.0,-1474.0,1133.0,0
-27.0,-516.0,8.0,-2514.0,-1318.0,1058.0,0
-70.0,-509.0,-22.0,-2107.0,-1017.0,979.0,0
-116.0,-492.0,-40.0,-1621.0,-684.0,875.0,0
-156.0,-468.0,-54.0,-1120.0,-427.0,774.0,0
-181.0,-432.0,-53.0,-649.0,-274.0,667.0,0
-188.0,-392.0,-41.0,-239.0,-184.0,548.0,0
-187.0,-346.0,-28.0,132.0,-136.0,417.0,0
-167.0,-307.0,-26.0,480.0,-127.0,280.0,0
-143.0,-271.0,-30.0,830.0,-145.0,122.0,0
-125.0,-236.0,-47.0,1189.0,-169.0,-36.0,0
-100.0,-189.0,-59.0,1528.0,-189.0,-166.0,0
-70.0,-130.0,-54.0,1860.0,-225.0,-214.0,0
-24.0,-61.0,-44.0,2206.0,-303.0,-195.0,0
25.0,21.0,-35.0,2567.0,-427.0,-154.0,0
72.0,89.0,-41.0,2959.0,-564.0,-106.0,0
117.0,135.0,-79.0,3333.0,-685.0,-68.0,0
137.0,168.0,-119.0,3501.0,-778.0,-106.0,0
143.0,193.0,-163.0,3356.0,-839.0,-203.0,0
124.0,211.0,-183.0,2899.0,-890.0,-317.0,0
106.0,232.0,-207.0,2191.0,-926.0,-378.0,0
108.0,193.0,-188.0,1326.0,-942.0,-388.0,0
84.0,143.0,-207.0,422.0,-937.0,-377.0,0
64.0,109.0,-149.0,-462.0,-896.0,-362.0,0
54.0,68.0,-131.0,-1169.0,-816.0,-343.0,0
37.0,34.0,-82.0,-1591.0,-723.0,-341.0,0
10.0,-26.0,-69.0,-1720.0,-623.0,-351.0,0
-2.0,-34.0,-63.0,-1608.0,-512.0,-364.0,0
-23.0,-45.0,-39.0,-1338.0,-389.0,-375.0,0
-25.0,-54.0,-42.0,-987.0,-261.0,-399.0,0
-38.0,-65.0,-23.0,-682.0,-140.0,-440.0,0
-46.0,-65.0,-18.0,-301.0,-58.0,-495.0,0
-46.0,-64.0,-23.0,59.0,21.0,-540.0,0
-40.0,-58.0,-28.0,378.0,62.0,-588.0,0
-28.0,-61.0,-36.0,624.0,74.0,-631.0,0
-9.0,-59.0,-49.0,790.0,69.0,-674.0,0
1.0,-48.0,-55.0,861.0,74.0,-706.0,0
12.0,-44.0,-76.0,841.0,107.0,-721.0,0
31.0,-34.0,-146.0,730.0,124.0,-714.0,0
8.0,-50.0,-220.0,519.0,45.0,-688.0,0
-52.0,-52.0,-265.0,155.0,-175.0,-638.0,0
-102.0,-76.0,-304.0,-379.0,-508.0,-528.0,0
-139.0,-111.0,-352.0,-1078.0,-852.0,-319.0,0
-122.0,-176.0,-496.0,-2010.0,-1036.0,65.0,0
-38.0,-320.0,-489.0,-3284.0,-842.0,690.0,0
8.0,-547.0,-246.0,-4449.0,-210.0,1436.0,0
-1.0,-768.0,25.0,-4907.0,548.0,2010.0,0
-44.0,-979.0,295.0,-4632.0,1011.0,2286.0,0
-106.0,-1114.0,445.0,-3698.0,806.0,2296.0,0
-157.0,-1164.0,308.0,-2205.0,-52.0,2174.0,0
-119.0,-1115.0,-38.0,-875.0,-1070.0,2079.0,0
12.0,-1105.0,-296.0,-364.0,-1891.0,2074.0,0
193.0,-1139.0,-381.0,-622.0,-2315.0,1825.0,0
337.0,-1154.0,-340.0,-1005.0,-2214.0,1053.0,0
198.0,-1023.0,-149.0,-857.0,-1467.0,-95.0,0
38.0,-894.0,-16.0,134.0,-283.0,-1001.0,0
-81.0,-758.0,41.0,1578.0,720.0,-1457.0,0
-167.0,-578.0,65.0,2984.0,1238.0,-1584.0,0
-187.0,-443.0,67.0,3947.0,1313.0,-1585.0,0
-176.0,-278.0,59.0,4232.0,1060.0,-1593.0,0
-180.0,-160.0,62.0,3952.0,719.0,-1645.0,0
-194.0,-40.0,77.0,3098.0,240.0,-1698.0,0
-225.0,26.0,81.0,1962.0,-155.0,-1717.0,0
-260.0,46.0,68.0,771.0,-395.0,-1689.0,0
-307.0,20.0,74.0,-342.0,-486.0,-1596.0,0
-339.0,-44.0,57.0,-1299.0,-482.0,-1445.0,0
-333.0,-145.0,50.0,-2030.0,-446.0,-1274.0,0
-263.0,-240.0,56.0,-2470.0,-458.0,-1143.0,0
-186.0,-313.0,58.0,-2613.0,-548.0,-1143.0,0
-131.0,-353.0,38.0,-2529.0,-627.0,-1240.0,0
-80.0,-365.0,16.0,-2319.0,-649.0,-1356.0,0
-48.0,-364.0,15.0,-2076.0,-627.0,-1425.0,0
-20.0,-350.0,24.0,-1850.0,-597.0,-1428.0,0
4.0,-326.0,23.0,-1628.0,-582.0,-1378.0,0
11.0,-308.0,28.0,-1385.0,-588.0,-1282.0,0
35.0,-290.0,36.0,-1151.0,-629.0,-1133.0,0
52.0,-274.0,19.0,-941.0,-721.0,-946.0,0
62.0,-272.0,0.0,-748.0,-862.0,-721.0,0
61.0,-261.0,-17.0,-539.0,-1038.0,-460.0,0
63.0,-232.0,-30.0,-249.0,-1216.0,-174.0,0
71.0,-230.0,-50.0,167.0,-1365.0,84.0,0
91.0,-209.0,-79.0,656.0,-1450.0,269.0,0
105.0,-180.0,-85.0,1151.0,-1449.0,367.0,0
125.0,-138.0,-111.0,1643.0,-1333.0,349.0,0
114.0,-51.0,-91.0,2117.0,-1128.0,241.0,0
103.0,43.0,-77.0,2602.0,-897.0,130.0,0
88.0,139.0,-65.0,3061.0,-733.0,95.0,0
73.0,196.0,-92.0,3400.0,-688.0,162.0,0
84.0,236.0,-143.0,3502.0,-731.0,308.0,0
103.0,252.0,-204.0,3318.0,-810.0,456.0,0
114.0,262.0,-235.0,2764.0,-871.0,514.0,0
94.0,255.0,-234.0,1980.0,-931.0,478.0,0
63.0,211.0,-237.0,1112.0,-958.0,440.0,0
45.0,153.0,-215.0,259.0,-944.0,453.0,0
29.0,88.0,-173.0,-461.0,-909.0,479.0,0
25.0,53.0,-142.0,-941.0,-826.0,480.0,0
25.0,20.0,-100.0,-1162.0,-681.0,461.0,0
31.0,-5.0,-73.0,-1172.0,-496.0,419.0,0
23.0,-33.0,-54.0,-1036.0,-305.0,355.0,0
23.0,-34.0,-36.0,-813.0,-149.0,273.0,0
38.0,-44.0,-33.0,-554.0,-59.0,178.0,0
46.0,-33.0,-44.0,-311.0,-48.0,79.0,0
31.0,-23.0,-31.0,-123.0,-103.0,-14.0,0
45.0,-46.0,-38.0,-1.0,-217.0,-94.0,0
30.0,-14.0,-58.0,38.0,-354.0,-171.0,0
30.0,-17.0,-94.0,-30.0,-476.0,-243.0,0
21.0,-24.0,-127.0,-227.0,-547.0,-304.0,0
11.0,-25.0,-184.0,-553.0,-572.0,-339.0,0
-5.0,-27.0,-349.0,-945.0,-569.0,-381.0,0
-40.0,-18.0,-719.0,-1476.0,-238.0,-377.0,0
-61.0,-47.0,-957.0,-2343.0,758.0,-248.0,0
-43.0,-256.0,-704.0,-3413.0,2124.0,-101.0,0
-147.0,-589.0,-50.0,-3933.0,2624.0,-376.0,0
-390.0,-950.0,472.0,-3360.0,1723.0,-1022.0,0
-432.0,-1167.0,626.0,-2286.0,86.0,-1516.0,0
-385.0,-1234.0,531.0,-1007.0,-1446.0,-1759.0,0
-267.0,-1125.0,159.0,201.0,-2374.0,-1981.0,0
-136.0,-961.0,-228.0,711.0,-2569.0,-2305.0,0
-11.0,-837.0,-414.0,317.0,-2173.0,-2619.0,0
50.0,-724.0,-386.0,-374.0,-1469.0,-2693.0,0
32.0,-638.0,-267.0,-1021.0,-933.0,-2404.0,0
18.0,-572.0,-184.0,-951.0,-574.0,-1812.0,0
28.0,-515.0,-150.0,-324.0,-560.0,-1257.0,0
32.0,-446.0,-93.0,471.0,-743.0,-625.0,0
12.0,-388.0,8.0,1156.0,-1049.0,-103.0,0
4.0,-345.0,46.0,1652.0,-1455.0,309.0,0
4.0,-299.0,78.0,1930.0,-1897.0,649.0,0
40.0,-274.0,77.0,1974.0,-2223.0,955.0,0
79.0,-264.0,80.0,1775.0,-2298.0,1205.0,0
96.0,-275.0,89.0,1353.0,-2168.0,1360.0,0
83.0,-303.0,105.0,764.0,-1989.0,1401.0,0
55.0,-346.0,108.0,109.0,-1858.0,1343.0,0
16.0,-411.0,102.0,-502.0,-1759.0,1208.0,0
-8.0,-465.0,79.0,-1019.0,-1693.0,1009.0,0
-40.0,-530.0,62.0,-1427.0,-1679.0,752.0,0
-58.0,-571.0,23.0,-1731.0,-1713.0,467.0,0
-58.0,-600.0,-5.0,-1913.0,-1723.0,227.0,0
-67.0,-609.0,-19.0,-1921.0,-1660.0,29.0,0
-88.0,-600.0,-18.0,-1733.0,-1550.0,-144.0,0
-111.0,-587.0,2.0,-1385.0,-1446.0,-246.0,0
-137.0,-569.0,19.0,-922.0,-1373.0,-281.0,0
-163.0,-537.0,34.0,-401.0,-1316.0,-269.0,0
-180.0,-503.0,23.0,112.0,-1259.0,-222.0,0
-190.0,-466.0,5.0,559.0,-1198.0,-161.0,0
-194.0,-421.0,-16.0,928.0,-1139.0,-121.0,0
-203.0,-364.0,-29.0,1232.0,-1083.0,-87.0,0
-205.0,-285.0,-51.0,1479.0,-1027.0,-30.0,0
-169.0,-219.0,-63.0,1669.0,-964.0,24.0,0
-147.0,-139.0,-73.0,1773.0,-887.0,51.0,0
-130.0,-71.0,-75.0,1843.0,-829.0,44.0,0
-130.0,-10.0,-87.0,1838.0,-782.0,25.0,0
-136.0,53.0,-105.0,1744.0,-775.0,36.0,0
-115.0,111.0,-84.0,1560.0,-805.0,115.0,0
-77.0,163.0,-85.0,1411.0,-900.0,232.0,0
-29.0,210.0,-74.0,1348.0,-1053.0,292.0,0
23.0,242.0,-91.0,1380.0,-1221.0,274.0,0
57.0,262.0,-108.0,1416.0,-1380.0,172.0,0
76.0,269.0,-136.0,1357.0,-1507.0,19.0,0
86.0,280.0,-160.0,1150.0,-1584.0,-141.0,0
97.0,270.0,-168.0,808.0,-1615.0,-265.0,0
112.0,216.0,-181.0,379.0,-1621.0,-354.0,0
116.0,145.0,-184.0,-141.0,-1608.0,-475.0,0
105.0,72.0,-162.0,-681.0,-1556.0,-619.0,0
109.0,5.0,-116.0,-1120.0,-1449.0,-712.0,0
117.0,-59.0,-83.0,-1316.0,-1306.0,-762.0,0
126.0,-109.0,-62.0,-1274.0,-1120.0,-796.0,0
125.0,-137.0,-52.0,-1063.0,-887.0,-817.0,0
104.0,-163.0,-48.0,-759.0,-630.0,-822.0,0
98.0,-147.0,-47.0,-412.0,-387.0,-804.0,0
81.0,-141.0,-52.0,-57.0,-203.0,-783.0,0
70.0,-131.0,-59.0,280.0,-84.0,-776.0,0
70.0,-115.0,-61.0,575.0,-9.0,-774.0,0
78.0,-94.0,-69.0,800.0,34.0,-772.0,0
86.0,-74.0,-59.0,948.0,54.0,-767.0,0
91.0,-55.0,-54.0,1010.0,68.0,-748.0,0
87.0,-38.0,-66.0,1002.0,80.0,-715.0,0
66.0,-21.0,-105.0,928.0,60.0,-664.0,0
25.0,-2.0,-159.0,808.0,-58.0,-597.0,0
-32.0,12.0,-202.0,571.0,-329.0,-490.0,0
-104.0,11.0,-223.0,240.0,-638.0,-322.0,0
-161.0,2.0,-290.0,-188.0,-985.0,-137.0,0
-189.0,-29.0,-398.0,-765.0,-1015.0,176.0,0
-173.0,-100.0,-494.0,-1522.0,-505.0,572.0,0
-138.0,-254.0,-437.0,-2352.0,427.0,974.0,0
-106.0,-451.0,-194.0,-3052.0,1334.0,1323.0,0
-118.0,-645.0,44.0,-3411.0,1581.0,1601.0,0
-161.0,-794.0,159.0,-3402.0,893.0,1799.0,0
-197.0,-895.0,146.0,-3064.0,-365.0,1973.0,0
-130.0,-936.0,-49.0,-2476.0,-1536.0,2203.0,0
-64.0,-932.0,-225.0,-1973.0,-2212.0,2268.0,0
-6.0,-952.0,-303.0,-1808.0,-2406.0,2053.0,0
35.0,-1011.0,-306.0,-1863.0,-2252.0,1507.0,0
0.0,-1004.0,-224.0,-1844.0,-1780.0,708.0,0
-69.0,-924.0,-126.0,-1318.0,-1043.0,-86.0,0
-134.0,-832.0,-79.0,-151.0,-309.0,-688.0,0
-188.0,-732.0,-39.0,1286.0,139.0,-1052.0,0
-220.0,-621.0,-14.0,2611.0,238.0,-1238.0,0
-223.0,-522.0,5.0,3564.0,100.0,-1320.0,0
-206.0,-426.0,12.0,3954.0,-168.0,-1360.0,0
-191.0,-340.0,25.0,3701.0,-482.0,-1402.0,0
-185.0,-265.0,42.0,2908.0,-742.0,-1430.0,0
-183.0,-210.0,67.0,1822.0,-893.0,-1427.0,0
-191.0,-184.0,95.0,773.0,-952.0,-1365.0,0
-183.0,-196.0,105.0,-49.0,-947.0,-1213.0,0
-171.0,-231.0,103.0,-618.0,-898.0,-1056.0,0
-152.0,-262.0,90.0,-977.0,-846.0,-968.0,0
-131.0,-296.0,74.0,-1163.0,-844.0,-962.0,0
-91.0,-333.0,42.0,-1244.0,-888.0,-1003.0,0
-42.0,-362.0,20.0,-1316.0,-931.0,-1056.0,0
4.0,-386.0,3.0,-1381.0,-947.0,-1112.0,0
47.0,-389.0,-8.0,-1419.0,-895.0,-1156.0,0
79.0,-395.0,-14.0,-1417.0,-786.0,-1202.0,0
105.0,-387.0,-12.0,-1377.0,-648.0,-1214.0,0
121.0,-383.0,9.0,-1293.0,-500.0,-1185.0,0
138.0,-376.0,22.0,-1150.0,-351.0,-1114.0,0
151.0,-366.0,33.0,-967.0,-203.0,-1021.0,0
155.0,-347.0,33.0,-753.0,-46.0,-928.0,0
152.0,-314.0,24.0,-509.0,133.0,-844.0,0
136.0,-277.0,5.0,-238.0,329.0,-769.0,0
120.0,-233.0,-13.0,69.0,526.0,-707.0,0
100.0,-185.0,-39.0,417.0,716.0,-645.0,0
96.0,-144.0,-68.0,781.0,897.0,-562.0,0
109.0,-97.0,-96.0,1144.0,1045.0,-476.0,0
128.0,-60.0,-122.0,1472.0,1141.0,-404.0,0
153.0,-25.0,-139.0,1748.0,1176.0,-361.0,0
155.0,29.0,-145.0,1973.0,1143.0,-365.0,0
125.0,110.0,-148.0,2199.0,1060.0,-370.0,0
92.0,174.0,-134.0,2416.0,921.0,-288.0,0
61.0,218.0,-139.0,2564.0,744.0,-94.0,0
43.0,226.0,-151.0,2564.0,545.0,203.0,0
34.0,212.0,-147.0,2283.0,343.0,509.0,0
34.0,164.0,-150.0,1698.0,160.0,737.0,0
51.0,108.0,-128.0,887.0,3.0,833.0,0
58.0,66.0,-101.0,50.0,-108.0,805.0,0
52.0,27.0,-82.0,-645.0,-142.0,717.0,0
50.0,-7.0,-55.0,-1094.0,-85.0,604.0,0
35.0,-24.0,-41.0,-1254.0,22.0,503.0,0
27.0,-30.0,-48.0,-1241.0,141.0,433.0,0
13.0,-20.0,-64.0,-1067.0,224.0,395.0,0
-1.0,-5.0,-84.0,-800.0,299.0,382.0,0
-15.0,13.0,-101.0,-507.0,340.0,377.0,0
-30.0,36.0,-111.0,-238.0,357.0,372.0,0
-38.0,47.0,-119.0,-12.0,355.0,365.0,0
-36.0,55.0,-162.0,161.0,333.0,346.0,0
-40.0,54.0,-210.0,253.0,298.0,299.0,0
-27.0,37.0,-240.0,246.0,254.0,233.0,0
-13.0,16.0,-277.0,152.0,123.0,142.0,0
-15.0,-2.0,-378.0,-97.0,-156.0,-6.0,0
-21.0,-55.0,-426.0,-665.0,-501.0,-196.0,0
-45.0,-158.0,-366.0,-1432.0,-781.0,-405.0,0
-113.0,-301.0,-208.0,-2051.0,-867.0,-599.0,0
-184.0,-475.0,-15.0,-2284.0,-685.0,-747.0,0
-229.0,-657.0,129.0,-2145.0,-444.0,-857.0,0
-292.0,-769.0,198.0,-1835.0,-472.0,-1001.0,0
-353.0,-814.0,146.0,-1493.0,-787.0,-1120.0,0
-289.0,-827.0,-29.0,-1274.0,-1123.0,-1056.0,0
-145.0,-825.0,-199.0,-1424.0,-1311.0,-747.0,0
-7.0,-842.0,-301.0,-1941.0,-1344.0,-421.0,0
66.0,-833.0,-315.0,-2487.0,-1215.0,-191.0,0
101.0,-806.0,-274.0,-2606.0,-958.0,-14.0,0
98.0,-785.0,-212.0,-2148.0,-746.0,175.0,0
109.0,-774.0,-152.0,-1226.0,-734.0,443.0,0
142.0,-756.0,-101.0,-93.0,-891.0,748.0,0
163.0,-717.0,-57.0,1037.0,-1062.0,1007.0,0
173.0,-652.0,-15.0,2000.0,-1137.0,1192.0,0
163.0,-587.0,9.0,2561.0,-1115.0,1300.0,0
147.0,-510.0,31.0,2941.0,-1037.0,1354.0,0
136.0,-430.0,44.0,2993.0,-951.0,1365.0,0
129.0,-355.0,52.0,2764.0,-825.0,1357.0,0
118.0,-298.0,47.0,2290.0,-697.0,1327.0,0
88.0,-257.0,33.0,1633.0,-596.0,1256.0,0
56.0,-249.0,24.0,875.0,-543.0,1174.0,0
14.0,-263.0,15.0,109.0,-542.0,1116.0,0
-24.0,-306.0,23.0,-584.0,-575.0,1095.0,0
-60.0,-343.0,58.0,-1106.0,-617.0,1086.0,0
-95.0,-373.0,76.0,-1354.0,-666.0,1064.0,0
-142.0,-387.0,83.0,-1338.0,-700.0,1043.0,0
-194.0,-388.0,74.0,-1124.0,-695.0,1023.0,0
-244.0,-380.0,36.0,-817.0,-641.0,996.0,0
-293.0,-369.0,-14.0,-548.0,-533.0,946.0,0
-321.0,-347.0,-43.0,-366.0,-378.0,882.0,0
-335.0,-317.0,-61.0,-208.0,-242.0,756.0,0
-349.0,-278.0,-53.0,-27.0,-194.0,568.0,0
-344.0,-224.0,-51.0,206.0,-317.0,325.0,0
-324.0,-176.0,-49.0,477.0,-605.0,32.0,0
-277.0,-132.0,-60.0,757.0,-981.0,-268.0,0
-226.0,-90.0,-79.0,993.0,-1353.0,-547.0,0
-172.0,-54.0,-100.0,1142.0,-1645.0,-773.0,0
-119.0,-20.0,-101.0,1173.0,-1829.0,-933.0,0
-74.0,15.0,-101.0,1137.0,-1898.0,-1016.0,0
-23.0,53.0,-85.0,1090.0,-1877.0,-1030.0,0
9.0,88.0,-74.0,1085.0,-1792.0,-1016.0,0
43.0,116.0,-45.0,1136.0,-1672.0,-985.0,0
63.0,124.0,-41.0,1214.0,-1551.0,-945.0,0
58.0,114.0,-20.0,1246.0,-1444.0,-920.0,0
55.0,104.0,-35.0,1201.0,-1358.0,-911.0,0
42.0,80.0,-32.0,1041.0,-1297.0,-900.0,0
36.0,49.0,-26.0,783.0,-1260.0,-879.0,0
29.0,21.0,-21.0,475.0,-1221.0,-855.0,0
21.0,7.0,-17.0,172.0,-1177.0,-812.0,0
5.0,0.0,-13.0,-62.0,-1112.0,-746.0,0
0.0,1.0,-20.0,-193.0,-1057.0,-669.0,0
-4.0,9.0,-42.0,-232.0,-1021.0,-596.0,0
-5.0,20.0,-62.0,-203.0,-993.0,-525.0,0
-4.0,35.0,-82.0,-148.0,-973.0,-467.0,0
0.0,49.0,-94.0,-88.0,-954.0,-432.0,0
9.0,56.0,-103.0,-32.0,-933.0,-414.0,0
19.0,61.0,-102.0,13.0,-916.0,-418.0,0
31.0,65.0,-92.0,29.0,-911.0,-434.0,0
38.0,65.0,-78.0,20.0,-925.0,-446.0,0
42.0,51.0,-76.0,-14.0,-950.0,-436.0,0
37.0,35.0,-127.0,-69.0,-1012.0,-395.0,0
26.0,2.0,-174.0,-155.0,-1157.0,-337.0,0
6.0,-25.0,-211.0,-255.0,-1374.0,-273.0,0
-13.0,-53.0,-205.0,-361.0,-1574.0,-191.0,0
-30.0,-73.0,-209.0,-484.0,-1631.0,-49.0,0
-24.0,-120.0,-238.0,-673.0,-1447.0,171.0,0
1.0,-181.0,-287.0,-989.0,-1077.0,407.0,0
9.0,-262.0,-274.0,-1430.0,-657.0,626.0,0
5.0,-371.0,-175.0,-1824.0,-271.0,877.0,0
1.0,-484.0,-56.0,-2026.0,-60.0,1136.0,0
-33.0,-599.0,67.0,-1994.0,-152.0,1330.0,0
-64.0,-669.0,90.0,-1708.0,-465.0,1470.0,0
-69.0,-733.0,37.0,-1241.0,-871.0,1585.0,0
-61.0,-719.0,-77.0,-826.0,-1341.0,1625.0,0
-48.0,-719.0,-228.0,-630.0,-1824.0,1557.0,0
-31.0,-729.0,-325.0,-738.0,-2162.0,1404.0,0
-6.0,-764.0,-351.0,-928.0,-2132.0,1150.0,0
3.0,-828.0,-294.0,-1116.0,-1659.0,688.0,0
-54.0,-844.0,-177.0,-1069.0,-1078.0,-65.0,0
-136.0,-805.0,-91.0,-539.0,-298.0,-921.0,0
-172.0,-752.0,-45.0,369.0,297.0,-1461.0,0
-165.0,-694.0,-28.0,1355.0,669.0,-1908.0,0
-152.0,-629.0,-17.0,2167.0,876.0,-2180.0,0
-133.0,-565.0,12.0,2636.0,936.0,-2352.0,0
-128.0,-501.0,22.0,2709.0,867.0,-2449.0,0
-108.0,-452.0,44.0,2424.0,721.0,-2476.0,0
-103.0,-390.0,57.0,1885.0,567.0,-2461.0,0
-87.0,-351.0,59.0,1212.0,478.0,-2383.0,0
-62.0,-333.0,64.0,496.0,472.0,-2234.0,0
21.0,-347.0,79.0,-174.0,532.0,-2048.0,0
72.0,-359.0,82.0,-736.0,618.0,-1905.0,0
123.0,-372.0,87.0,-1164.0,739.0,-1781.0,0
160.0,-365.0,85.0,-1464.0,895.0,-1644.0,0
197.0,-344.0,77.0,-1649.0,1073.0,-1505.0,0
226.0,-314.0,70.0,-1742.0,1255.0,-1355.0,0
248.0,-287.0,50.0,-1786.0,1432.0,-1185.0,0
257.0,-256.0,41.0,-1827.0,1595.0,-1001.0,0
259.0,-238.0,34.0,-1874.0,1723.0,-819.0,0
261.0,-220.0,27.0,-1893.0,1820.0,-630.0,0
250.0,-210.0,10.0,-1838.0,1904.0,-441.0,0
224.0,-196.0,-10.0,-1689.0,1992.0,-256.0,0
195.0,-189.0,-39.0,-1461.0,2069.0,-82.0,0
156.0,-174.0,-70.0,-1177.0,2115.0,72.0,0
124.0,-152.0,-92.0,-852.0,2140.0,210.0,0
92.0,-134.0,-113.0,-485.0,2162.0,338.0,0
60.0,-121.0,-138.0,-56.0,2180.0,443.0,0
25.0,-106.0,-156.0,427.0,2162.0,521.0,0
-11.0,-70.0,-165.0,940.0,2082.0,566.0,0
-63.0,-22.0,-162.0,1351.0,1950.0,591.0,0
-97.0,20.0,-150.0,1813.0,1769.0,639.0,0
-121.0,51.0,-147.0,2174.0,1594.0,737.0,0
-128.0,73.0,-146.0,2386.0,1339.0,839.0,0
-121.0,76.0,-148.0,2394.0,1058.0,964.0,0
-100.0,53.0,-146.0,2169.0,790.0,1041.0,0
-82.0,14.0,-127.0,1713.0,571.0,1060.0,0
-65.0,-17.0,-88.0,1162.0,409.0,1045.0,0
-45.0,-54.0,-58.0,686.0,303.0,1010.0,0
-33.0,-67.0,-34.0,394.0,247.0,964.0,0
-20.0,-69.0,-20.0,292.0,238.0,902.0,0
-15.0,-57.0,-20.0,334.0,260.0,835.0,0
-12.0,-31.0,-34.0,457.0,297.0,771.0,0
-8.0,5.0,-47.0,601.0,334.0,712.0,0
-7.0,43.0,-66.0,722.0,363.0,663.0,0
-4.0,71.0,-79.0,779.0,379.0,630.0,0
-9.0,91.0,-84.0,751.0,373.0,608.0,0
-11.0,97.0,-88.0,635.0,340.0,594.0,0
-21.0,101.0,-115.0,427.0,296.0,581.0,0
-23.0,99.0,-207.0,125.0,301.0,592.0,0
5.0,80.0,-279.0,-279.0,424.0,625.0,0
53.0,67.0,-277.0,-733.0,662.0,639.0,0
115.0,25.0,-246.0,-1151.0,941.0,605.0,0
161.0,-38.0,-243.0,-1463.0,1130.0,482.0,0
178.0,-109.0,-227.0,-1707.0,1129.0,283.0,0
164.0,-214.0,-214.0,-1922.0,805.0,9.0,0
126.0,-343.0,-150.0,-2083.0,154.0,-348.0,0
72.0,-479.0,-54.0,-2071.0,-517.0,-721.0,0
45.0,-616.0,73.0,-1807.0,-949.0,-1024.0,0
44.0,-739.0,175.0,-1309.0,-1126.0,-1217.0,0
40.0,-805.0,176.0,-655.0,-1066.0,-1322.0,0
9.0,-800.0,60.0,-119.0,-694.0,-1340.0,0
-35.0,-785.0,-142.0,306.0,-190.0,-1216.0,0
-87.0,-760.0,-302.0,120.0,500.0,-991.0,0
-138.0,-767.0,-387.0,-575.0,977.0,-579.0,0
-182.0,-765.0,-365.0,-1407.0,1042.0,-37.0,0
-162.0,-751.0,-267.0,-1923.0,702.0,586.0,0
-91.0,-713.0,-133.0,-1795.0,90.0,1141.0,0
-36.0,-681.0,-53.0,-1053.0,-551.0,1471.0,0
-11.0,-638.0,4.0,62.0,-1089.0,1579.0,0
-11.0,-590.0,33.0,1284.0,-1484.0,1551.0,0
-22.0,-542.0,51.0,2342.0,-1726.0,1483.0,0
-13.0,-489.0,61.0,3017.0,-1810.0,1440.0,0
0.0,-444.0,66.0,3203.0,-1759.0,1452.0,0
12.0,-401.0,69.0,2895.0,-1631.0,1474.0,0
25.0,-366.0,76.0,2176.0,-1504.0,1467.0,0
25.0,-343.0,78.0,1236.0,-1404.0,1423.0,0
7.0,-346.0,82.0,304.0,-1355.0,1345.0,0
-19.0,-364.0,87.0,-453.0,-1363.0,1263.0,0
-44.0,-385.0,86.0,-935.0,-1432.0,1176.0,0
-64.0,-393.0,83.0,-1149.0,-1555.0,1057.0,0
-84.0,-377.0,72.0,-1165.0,-1717.0,917.0,0
-118.0,-351.0,61.0,-1075.0,-1886.0,793.0,0
-131.0,-314.0,36.0,-947.0,-2024.0,699.0,0
-149.0,-286.0,1.0,-825.0,-2092.0,635.0,0
-161.0,-260.0,-33.0,-717.0,-2089.0,560.0,0
-168.0,-223.0,-79.0,-621.0,-2043.0,455.0,0
-156.0,-191.0,-103.0,-501.0,-1970.0,339.0,0
-152.0,-167.0,-130.0,-353.0,-1868.0,202.0,0
-148.0,-136.0,-144.0,-226.0,-1753.0,61.0,0
-143.0,-112.0,-153.0,-146.0,-1675.0,-65.0,0
-135.0,-91.0,-146.0,-72.0,-1654.0,-180.0,0
-122.0,-60.0,-144.0,-13.0,-1673.0,-278.0,0
-73.0,-25.0,-116.0,52.0,-1743.0,-336.0,0
-26.0,5.0,-120.0,184.0,-1843.0,-399.0,0
31.0,41.0,-114.0,351.0,-1920.0,-465.0,0
84.0,75.0,-108.0,549.0,-1914.0,-532.0,0
127.0,81.0,-116.0,761.0,-1813.0,-577.0,0
147.0,79.0,-128.0,906.0,-1625.0,-636.0,0
149.0,61.0,-127.0,952.0,-1375.0,-703.0,0
131.0,27.0,-122.0,897.0,-1097.0,-736.0,0
99.0,-10.0,-102.0,762.0,-829.0,-739.0,0
68.0,-37.0,-74.0,627.0,-610.0,-697.0,0
43.0,-56.0,-51.0,562.0,-490.0,-616.0,0
18.0,-65.0,-46.0,571.0,-481.0,-511.0,0
3.0,-61.0,-58.0,618.0,-544.0,-389.0,0
0.0,-49.0,-76.0,667.0,-619.0,-257.0,0
1.0,-32.0,-90.0,695.0,-664.0,-129.0,0
0.0,-10.0,-107.0,696.0,-653.0,-23.0,0
14.0,5.0,-123.0,668.0,-584.0,61.0,0
27.0,20.0,-130.0,613.0,-487.0,111.0,0
48.0,35.0,-144.0,544.0,-392.0,110.0,0
71.0,36.0,-141.0,457.0,-318.0,61.0,0
86.0,35.0,-134.0,338.0,-267.0,-15.0,0
99.0,33.0,-102.0,218.0,-255.0,-94.0,0
105.0,23.0,-68.0,124.0,-297.0,-172.0,0
93.0,16.0,-38.0,94.0,-391.0,-242.0,0
88.0,12.0,-23.0,138.0,-510.0,-297.0,0
73.0,11.0,-70.0,234.0,-643.0,-333.0,0
49.0,10.0,-137.0,290.0,-819.0,-361.0,0
10.0,11.0,-195.0,261.0,-1068.0,-374.0,0
-47.0,3.0,-207.0,127.0,-1289.0,-332.0,0
-92.0,-26.0,-215.0,-82.0,-1473.0,-209.0,0
-116.0,-60.0,-298.0,-309.0,-1465.0,57.0,0
-96.0,-144.0,-383.0,-646.0,-1240.0,375.0,0
-72.0,-261.0,-266.0,-1088.0,-793.0,672.0,0
-63.0,-384.0,-68.0,-1369.0,-229.0,929.0,0
-84.0,-483.0,78.0,-1374.0,167.0,1091.0,0
-134.0,-554.0,161.0,-1235.0,164.0,1170.0,0
-183.0,-601.0,166.0,-967.0,-180.0,1237.0,0
-192.0,-613.0,73.0,-608.0,-604.0,1397.0,0
-161.0,-620.0,-59.0,-420.0,-1068.0,1593.0,0
-126.0,-644.0,-179.0,-546.0,-1631.0,1632.0,0
-86.0,-749.0,-236.0,-924.0,-2103.0,1463.0,0
-44.0,-856.0,-217.0,-1421.0,-2205.0,1119.0,0
6.0,-966.0,-165.0,-1783.0,-1780.0,632.0,0
0.0,-1026.0,-121.0,-1797.0,-942.0,-7.0,0
-62.0,-1010.0,-71.0,-1351.0,-5.0,-794.0,0
-116.0,-932.0,-46.0,-467.0,726.0,-1501.0,0
-128.0,-854.0,-34.0,587.0,1115.0,-1936.0,0
-116.0,-777.0,-25.0,1543.0,1202.0,-2147.0,0
-84.0,-694.0,-7.0,2260.0,1100.0,-2237.0,0
-63.0,-606.0,19.0,2661.0,900.0,-2253.0,0
-45.0,-482.0,53.0,2744.0,681.0,-2232.0,0
-33.0,-387.0,82.0,2553.0,494.0,-2175.0,0
-27.0,-291.0,92.0,2135.0,388.0,-2071.0,0
-8.0,-229.0,100.0,1533.0,395.0,-1920.0,0
21.0,-201.0,104.0,832.0,519.0,-1747.0,0
62.0,-204.0,97.0,111.0,738.0,-1604.0,0
106.0,-219.0,96.0,-540.0,1004.0,-1502.0,0
139.0,-235.0,91.0,-1061.0,1270.0,-1379.0,0
168.0,-251.0,72.0,-1365.0,1496.0,-1215.0,0
179.0,-262.0,48.0,-1618.0,1643.0,-1024.0,0
175.0,-258.0,22.0,-1765.0,1692.0,-821.0,0
175.0,-254.0,-7.0,-1825.0,1678.0,-658.0,0
159.0,-245.0,-40.0,-1794.0,1622.0,-450.0,0
137.0,-232.0,-53.0,-1652.0,1579.0,-249.0,0
113.0,-204.0,-83.0,-1381.0,1591.0,-64.0,0
77.0,-178.0,-94.0,-996.0,1656.0,115.0,0
60.0,-157.0,-110.0,-536.0,1748.0,300.0,0
47.0,-132.0,-99.0,-55.0,1836.0,471.0,0
39.0,-110.0,-101.0,418.0,1899.0,598.0,0
27.0,-75.0,-98.0,832.0,1914.0,686.0,0
11.0,-45.0,-88.0,1181.0,1883.0,724.0,0
-8.0,-3.0,-72.0,1479.0,1829.0,730.0,0
-25.0,35.0,-63.0,1712.0,1733.0,734.0,0
-36.0,71.0,-51.0,1852.0,1582.0,772.0,0
-26.0,82.0,-61.0,1897.0,1373.0,842.0,0
-5.0,68.0,-78.0,1809.0,1125.0,907.0,0
9.0,45.0,-92.0,1548.0,860.0,913.0,0
19.0,16.0,-100.0,1146.0,611.0,846.0,0
31.0,-7.0,-103.0,684.0,417.0,745.0,0
45.0,-32.0,-91.0,294.0,323.0,657.0,0
55.0,-44.0,-76.0,45.0,322.0,560.0,0
59.0,-49.0,-72.0,-46.0,389.0,452.0,0
58.0,-44.0,-76.0,-18.0,499.0,359.0,0
60.0,-22.0,-86.0,65.0,620.0,292.0,0
61.0,9.0,-101.0,154.0,733.0,247.0,0
62.0,32.0,-109.0,241.0,833.0,231.0,0
49.0,64.0,-112.0,334.0,925.0,253.0,0
21.0,73.0,-105.0,421.0,1002.0,309.0,0
-5.0,75.0,-99.0,485.0,1049.0,383.0,0
-33.0,70.0,-86.0,500.0,1051.0,458.0,0
-63.0,57.0,-70.0,463.0,1007.0,512.0,0
-84.0,40.0,-51.0,369.0,940.0,532.0,0
-93.0,21.0,-67.0,235.0,824.0,527.0,0
-83.0,8.0,-198.0,70.0,703.0,498.0,0
-42.0,-11.0,-240.0,-182.0,673.0,453.0,0
11.0,-47.0,-268.0,-474.0,757.0,373.0,0
86.0,-104.0,-249.0,-658.0,959.0,253.0,0
129.0,-140.0,-309.0,-701.0,1216.0,75.0,0
150.0,-193.0,-286.0,-957.0,1322.0,-163.0,0
142.0,-285.0,-139.0,-1424.0,965.0,-472.0,0
87.0,-399.0,-1.0,-1760.0,178.0,-863.0,0
70.0,-508.0,105.0,-1708.0,-436.0,-1150.0,0
110.0,-622.0,170.0,-1416.0,-537.0,-1260.0,0
165.0,-706.0,242.0,-1089.0,-397.0,-1304.0,0
180.0,-736.0,209.0,-767.0,-312.0,-1426.0,0
148.0,-761.0,22.0,-523.0,-155.0,-1589.0,0
53.0,-734.0,-217.0,-617.0,342.0,-1609.0,0
-58.0,-779.0,-358.0,-1106.0,1012.0,-1314.0,0
-211.0,-769.0,-355.0,-1852.0,1398.0,-762.0,0
-279.0,-779.0,-280.0,-2393.0,1235.0,51.0,0
-227.0,-758.0,-158.0,-2425.0,615.0,911.0,0
-172.0,-732.0,-63.0,-1753.0,-154.0,1455.0,0
-137.0,-693.0,6.0,-575.0,-792.0,1657.0,0
-116.0,-642.0,60.0,768.0,-1200.0,1685.0,0
-96.0,-577.0,93.0,1973.0,-1394.0,1646.0,0
-72.0,-514.0,103.0,2819.0,-1458.0,1597.0,0
-42.0,-454.0,96.0,3184.0,-1448.0,1581.0,0
-10.0,-398.0,90.0,3060.0,-1386.0,1583.0,0
4.0,-350.0,82.0,2522.0,-1307.0,1556.0,0
-11.0,-313.0,71.0,1684.0,-1253.0,1472.0,0
-38.0,-302.0,58.0,685.0,-1250.0,1408.0,0
-70.0,-312.0,55.0,-120.0,-1294.0,1417.0,0
-99.0,-348.0,54.0,-976.0,-1330.0,1491.0,0
-101.0,-383.0,69.0,-1597.0,-1335.0,1544.0,0
-110.0,-412.0,62.0,-1927.0,-1322.0,1529.0,0
-111.0,-420.0,28.0,-1960.0,-1295.0,1453.0,0
-117.0,-403.0,-2.0,-1772.0,-1271.0,1341.0,0
-111.0,-366.0,-31.0,-1458.0,-1265.0,1224.0,0
-101.0,-319.0,-61.0,-1107.0,-1254.0,1151.0,0
-57.0,-272.0,-95.0,-752.0,-1263.0,1084.0,0
-31.0,-224.0,-111.0,-439.0,-1253.0,973.0,0
-3.0,-178.0,-132.0,-191.0,-1202.0,823.0,0
7.0,-131.0,-141.0,-8.0,-1169.0,610.0,0
7.0,-94.0,-150.0,110.0,-1182.0,353.0,0
21.0,-56.0,-156.0,188.0,-1222.0,97.0,0
31.0,-32.0,-162.0,251.0,-1282.0,-128.0,0
75.0,-14.0,-143.0,313.0,-1346.0,-282.0,0
127.0,7.0,-128.0,432.0,-1391.0,-424.0,0
174.0,20.0,-111.0,604.0,-1377.0,-584.0,0
215.0,38.0,-92.0,794.0,-1272.0,-756.0,0
229.0,43.0,-74.0,984.0,-1079.0,-907.0,0
213.0,38.0,-64.0,1129.0,-815.0,-1009.0,0
182.0,25.0,-45.0,1185.0,-526.0,-1047.0,0
126.0,-12.0,-43.0,1151.0,-254.0,-1016.0,0
71.0,-41.0,-22.0,1033.0,-24.0,-892.0,0
12.0,-57.0,-12.0,897.0,114.0,-731.0,0
-27.0,-59.0,-9.0,799.0,140.0,-576.0,0
-51.0,-54.0,-11.0,757.0,70.0,-432.0,0
-74.0,-36.0,-31.0,751.0,-50.0,-288.0,0
-80.0,-14.0,-52.0,760.0,-164.0,-152.0,0
-90.0,9.0,-71.0,764.0,-242.0,-39.0,0
-84.0,27.0,-88.0,740.0,-281.0,38.0,0
-68.0,27.0,-103.0,685.0,-288.0,87.0,0
-46.0,26.0,-114.0,567.0,-286.0,91.0,0
-27.0,20.0,-114.0,409.0,-280.0,60.0,0
-12.0,10.0,-105.0,247.0,-285.0,-5.0,0
0.0,3.0,-89.0,120.0,-322.0,-71.0,0
13.0,-7.0,-76.0,62.0,-387.0,-124.0,0
23.0,-17.0,-60.0,81.0,-445.0,-157.0,0
30.0,-28.0,-49.0,167.0,-475.0,-172.0,0
30.0,-30.0,-89.0,297.0,-476.0,-182.0,0
22.0,-34.0,-166.0,413.0,-486.0,-201.0,0
-4.0,-38.0,-241.0,464.0,-561.0,-244.0,0
-65.0,-33.0,-273.0,423.0,-674.0,-286.0,0
-103.0,-36.0,-326.0,260.0,-665.0,-241.0,0
-105.0,-48.0,-414.0,-106.0,-445.0,-64.0,0
-81.0,-105.0,-445.0,-803.0,-125.0,180.0,0
-59.0,-235.0,-276.0,-1637.0,128.0,447.0,0
-57.0,-398.0,-31.0,-2159.0,223.0,724.0,0
-92.0,-543.0,160.0,-2255.0,64.0,908.0,0
-161.0,-640.0,275.0,-2033.0,-358.0,970.0,0
-208.0,-706.0,278.0,-1566.0,-789.0,1040.0,0
-224.0,-733.0,156.0,-947.0,-988.0,1183.0,0
-197.0,-742.0,-49.0,-537.0,-1065.0,1318.0,0
-138.0,-769.0,-247.0,-618.0,-1320.0,1268.0,0
-70.0,-780.0,-345.0,-1112.0,-1684.0,968.0,0
50.0,-869.0,-350.0,-1705.0,-1773.0,478.0,0
126.0,-907.0,-260.0,-2079.0,-1311.0,-217.0,0
102.0,-874.0,-114.0,-1854.0,-390.0,-981.0,0
51.0,-816.0,-21.0,-961.0,509.0,-1548.0,0
16.0,-751.0,30.0,289.0,1080.0,-1888.0,0
3.0,-688.0,52.0,1296.0,1352.0,-2077.0,0
6.0,-598.0,60.0,2288.0,1401.0,-2158.0,0
25.0,-534.0,59.0,2805.0,1301.0,-2142.0,0
29.0,-460.0,63.0,2809.0,1096.0,-2099.0,0
27.0,-383.0,72.0,2394.0,884.0,-2033.0,0
26.0,-311.0,74.0,1701.0,755.0,-1931.0,0
35.0,-263.0,77.0,868.0,730.0,-1778.0,0
58.0,-252.0,76.0,-2.0,799.0,-1579.0,0
86.0,-277.0,72.0,-828.0,938.0,-1356.0,0
119.0,-318.0,66.0,-1524.0,1134.0,-1134.0,0
138.0,-348.0,74.0,-2011.0,1393.0,-917.0,0
154.0,-370.0,73.0,-2273.0,1680.0,-710.0,0
163.0,-369.0,74.0,-2330.0,1927.0,-517.0,0
155.0,-359.0,68.0,-2220.0,2077.0,-344.0,0
145.0,-340.0,47.0,-1998.0,2115.0,-194.0,0
133.0,-313.0,19.0,-1709.0,2061.0,-73.0,0
117.0,-273.0,-6.0,-1397.0,1974.0,20.0,0
77.0,-233.0,-25.0,-1065.0,1911.0,110.0,0
55.0,-191.0,-40.0,-706.0,1889.0,223.0,0
34.0,-140.0,-54.0,-332.0,1885.0,368.0,0
23.0,-102.0,-74.0,49.0,1877.0,512.0,0
34.0,-66.0,-88.0,426.0,1883.0,609.0,0
43.0,-34.0,-91.0,781.0,1913.0,637.0,0
21.0,7.0,-98.0,1087.0,1949.0,575.0,0
0.0,57.0,-102.0,1360.0,1976.0,470.0,0
-51.0,122.0,-92.0,1603.0,1949.0,401.0,0
-92.0,172.0,-87.0,1811.0,1830.0,462.0,0
-99.0,194.0,-99.0,1923.0,1590.0,640.0,0
-86.0,195.0,-125.0,1835.0,1250.0,848.0,0
-70.0,170.0,-135.0,1493.0,868.0,958.0,0
-55.0,114.0,-136.0,904.0,503.0,933.0,0
-46.0,61.0,-117.0,319.0,195.0,839.0,0
-33.0,8.0,-93.0,-372.0,5.0,755.0,0
-10.0,-35.0,-56.0,-876.0,-50.0,675.0,0
7.0,-71.0,-31.0,-1102.0,-41.0,578.0,0
9.0,-93.0,-26.0,-1040.0,20.0,435.0,0
12.0,-98.0,-35.0,-811.0,121.0,300.0,0
10.0,-87.0,-58.0,-507.0,234.0,201.0,0
12.0,-63.0,-76.0,-192.0,334.0,158.0,0
5.0,-35.0,-96.0,97.0,413.0,172.0,0
0.0,-22.0,-104.0,337.0,484.0,223.0,0
-4.0,-10.0,-106.0,524.0,537.0,278.0,0
-18.0,-7.0,-98.0,625.0,550.0,311.0,0
-32.0,-2.0,-86.0,631.0,518.0,341.0,0
-40.0,4.0,-96.0,555.0,474.0,384.0,0
-43.0,7.0,-140.0,402.0,426.0,415.0,0
-29.0,25.0,-262.0,174.0,399.0,419.0,0
4.0,38.0,-350.0,-201.0,506.0,404.0,0
46.0,24.0,-415.0,-630.0,842.0,387.0,0
113.0,-20.0,-462.0,-903.0,1367.0,362.0,0
175.0,-77.0,-489.0,-1075.0,1910.0,315.0,0
228.0,-203.0,-357.0,-1363.0,1992.0,142.0,0
216.0,-393.0,-87.0,-1611.0,1172.0,-292.0,0
117.0,-544.0,147.0,-1461.0,-107.0,-871.0,0
66.0,-664.0,279.0,-889.0,-899.0,-1268.0,0
91.0,-754.0,355.0,-155.0,-1058.0,-1428.0,0
144.0,-802.0,350.0,592.0,-1002.0,-1568.0,0
155.0,-799.0,164.0,1256.0,-952.0,-1828.0,0
113.0,-767.0,-176.0,1430.0,-551.0,-2034.0,0
43.0,-784.0,-355.0,796.0,352.0,-1893.0,0
-85.0,-796.0,-369.0,-521.0,1259.0,-1449.0,0
-259.0,-814.0,-322.0,-1628.0,1627.0,-771.0,0
-325.0,-816.0,-226.0,-2663.0,1445.0,151.0,0
-245.0,-804.0,-72.0,-3012.0,771.0,882.0,0
-185.0,-782.0,31.0,-2450.0,-134.0,1424.0,0
-133.0,-730.0,88.0,-1202.0,-976.0,1558.0,0
-105.0,-654.0,105.0,356.0,-1593.0,1490.0,0
-78.0,-570.0,95.0,1871.0,-1915.0,1379.0,0
-57.0,-474.0,80.0,3045.0,-1946.0,1327.0,0
-23.0,-385.0,65.0,3734.0,-1735.0,1383.0,0
5.0,-310.0,60.0,3905.0,-1397.0,1499.0,0
23.0,-241.0,51.0,3558.0,-1056.0,1592.0,0
31.0,-182.0,49.0,2747.0,-807.0,1612.0,0
42.0,-132.0,58.0,1609.0,-695.0,1574.0,0
23.0,-137.0,61.0,360.0,-713.0,1531.0,0
9.0,-194.0,69.0,-802.0,-815.0,1486.0,0
-5.0,-267.0,87.0,-1748.0,-950.0,1422.0,0
-31.0,-322.0,102.0,-2356.0,-1089.0,1298.0,0
-41.0,-351.0,98.0,-2597.0,-1200.0,1152.0,0
-46.0,-342.0,66.0,-2539.0,-1266.0,1002.0,0
-44.0,-320.0,24.0,-2310.0,-1271.0,877.0,0
-37.0,-288.0,-11.0,-2010.0,-1198.0,782.0,0
-33.0,-251.0,-57.0,-1701.0,-1078.0,669.0,0
-27.0,-218.0,-98.0,-1430.0,-944.0,542.0,0
-21.0,-186.0,-135.0,-1220.0,-825.0,371.0,0
-50.0,-175.0,-160.0,-1067.0,-716.0,156.0,0
-83.0,-152.0,-168.0,-959.0,-625.0,-40.0,0
-101.0,-132.0,-143.0,-822.0,-601.0,-166.0,0
-98.0,-108.0,-142.0,-548.0,-672.0,-257.0,0
-52.0,-76.0,-126.0,-151.0,-788.0,-351.0,0
-5.0,-31.0,-138.0,388.0,-866.0,-479.0,0
33.0,22.0,-126.0,821.0,-840.0,-582.0,0
69.0,75.0,-129.0,1313.0,-770.0,-661.0,0
103.0,120.0,-122.0,1661.0,-662.0,-732.0,0
122.0,142.0,-126.0,1829.0,-538.0,-835.0,0
95.0,132.0,-117.0,1773.0,-392.0,-928.0,0
66.0,98.0,-111.0,1494.0,-241.0,-979.0,0
40.0,58.0,-82.0,1029.0,-102.0,-962.0,0
25.0,23.0,-53.0,520.0,-30.0,-862.0,0
17.0,-2.0,-41.0,108.0,-40.0,-733.0,0
8.0,-17.0,-45.0,-151.0,-89.0,-608.0,0
4.0,-22.0,-63.0,-268.0,-132.0,-495.0,0
-6.0,-18.0,-87.0,-281.0,-128.0,-390.0,0
-13.0,-14.0,-113.0,-241.0,-76.0,-299.0,0
-27.0,-10.0,-135.0,-188.0,13.0,-233.0,0
-32.0,-12.0,-150.0,-156.0,102.0,-203.0,0
-30.0,-21.0,-159.0,-163.0,151.0,-202.0,0
-22.0,-24.0,-151.0,-192.0,142.0,-221.0,0
-8.0,-30.0,-126.0,-204.0,78.0,-253.0,0
3.0,-33.0,-87.0,-158.0,-9.0,-297.0,0
17.0,-37.0,-38.0,-29.0,-71.0,-335.0,0
24.0,-34.0,3.0,180.0,-80.0,-357.0,0
32.0,-42.0,28.0,444.0,-60.0,-362.0,0
27.0,-39.0,12.0,719.0,-68.0,-368.0,0
14.0,-14.0,-147.0,895.0,-176.0,-384.0,0
-26.0,-4.0,-224.0,833.0,-485.0,-425.0,0
-92.0,10.0,-311.0,576.0,-948.0,-467.0,0
-161.0,29.0,-327.0,155.0,-1279.0,-408.0,0
-169.0,19.0,-462.0,-412.0,-1204.0,-140.0,0
-114.0,-109.0,-494.0,-1135.0,-773.0,319.0,0
-35.0,-323.0,-278.0,-1606.0,-166.0,823.0,0
-4.0,-505.0,-31.0,-1818.0,262.0,1205.0,0
-50.0,-631.0,111.0,-1840.0,464.0,1366.0,0
-140.0,-722.0,187.0,-1863.0,229.0,1396.0,0
-176.0,-780.0,169.0,-1774.0,-116.0,1526.0,0
-165.0,-842.0,86.0,-1472.0,-360.0,1791.0,0
-114.0,-884.0,-85.0,-1167.0,-792.0,1979.0,0
-47.0,-866.0,-239.0,-1153.0,-1491.0,1884.0,0
48.0,-962.0,-353.0,-1365.0,-2045.0,1478.0,0
121.0,-1021.0,-327.0,-1682.0,-1997.0,781.0,0
106.0,-1013.0,-212.0,-1693.0,-1256.0,-155.0,0
29.0,-934.0,-115.0,-1033.0,-191.0,-1036.0,0
-24.0,-840.0,-63.0,203.0,718.0,-1599.0,0
-60.0,-738.0,-30.0,1664.0,1276.0,-1881.0,0
-83.0,-616.0,-6.0,2956.0,1511.0,-2004.0,0
-79.0,-518.0,6.0,3767.0,1497.0,-2040.0,0
-73.0,-420.0,15.0,3948.0,1295.0,-2073.0,0
-63.0,-312.0,36.0,3496.0,1006.0,-2108.0,0
-79.0,-219.0,54.0,2586.0,751.0,-2093.0,0
-82.0,-147.0,73.0,1480.0,628.0,-1968.0,0
-71.0,-125.0,81.0,389.0,652.0,-1711.0,0
-38.0,-168.0,80.0,-554.0,770.0,-1401.0,0
11.0,-234.0,78.0,-1292.0,935.0,-1192.0,0
53.0,-301.0,80.0,-1790.0,1110.0,-1088.0,0
85.0,-341.0,70.0,-2036.0,1271.0,-1005.0,0
118.0,-370.0,68.0,-2069.0,1387.0,-901.0,0
135.0,-370.0,59.0,-1924.0,1438.0,-789.0,0
146.0,-354.0,44.0,-1666.0,1433.0,-688.0,0
147.0,-324.0,29.0,-1359.0,1417.0,-597.0,0
133.0,-295.0,15.0,-1026.0,1433.0,-523.0,0
107.0,-257.0,-6.0,-743.0,1483.0,-450.0,0
74.0,-229.0,-18.0,-375.0,1522.0,-354.0,0
37.0,-190.0,-44.0,-24.0,1549.0,-233.0,0
20.0,-157.0,-70.0,279.0,1527.0,-119.0,0
15.0,-120.0,-77.0,532.0,1479.0,6.0,0
14.0,-82.0,-91.0,770.0,1462.0,86.0,0
15.0,-42.0,-99.0,993.0,1498.0,120.0,0
4.0,5.0,-103.0,1187.0,1555.0,120.0,0
-5.0,54.0,-93.0,1369.0,1597.0,115.0,0
-30.0,103.0,-88.0,1560.0,1576.0,148.0,0
-43.0,141.0,-85.0,1756.0,1461.0,246.0,0
-35.0,154.0,-108.0,1887.0,1228.0,403.0,0
-18.0,153.0,-134.0,1857.0,917.0,577.0,0
0.0,132.0,-147.0,1608.0,594.0,714.0,0
21.0,77.0,-149.0,1163.0,297.0,783.0,0
41.0,26.0,-136.0,561.0,59.0,785.0,0
56.0,-16.0,-109.0,-19.0,-93.0,734.0,0
60.0,-51.0,-83.0,-410.0,-150.0,663.0,0
43.0,-76.0,-60.0,-563.0,-134.0,593.0,0
34.0,-91.0,-64.0,-501.0,-68.0,546.0,0
31.0,-90.0,-70.0,-309.0,45.0,523.0,0
26.0,-69.0,-75.0,-49.0,198.0,517.0,0
13.0,-48.0,-78.0,223.0,371.0,539.0,0
0.0,-20.0,-76.0,479.0,537.0,584.0,0
-19.0,-6.0,-67.0,703.0,671.0,622.0,0
-35.0,7.0,-54.0,874.0,750.0,636.0,0
-53.0,9.0,-48.0,984.0,763.0,627.0,0
-63.0,13.0,-58.0,1013.0,730.0,605.0,0
-59.0,16.0,-94.0,951.0,673.0,584.0,0
-42.0,19.0,-201.0,826.0,634.0,557.0,0
-10.0,11.0,-284.0,523.0,663.0,519.0,0
25.0,-22.0,-341.0,138.0,805.0,454.0,0
66.0,-63.0,-373.0,-149.0,1015.0,377.0,0
105.0,-85.0,-389.0,-463.0,1197.0,231.0,0
119.0,-148.0,-300.0,-1074.0,1190.0,-5.0,0
99.0,-283.0,-76.0,-1758.0,773.0,-362.0,0
41.0,-425.0,134.0,-2013.0,164.0,-754.0,0
-7.0,-540.0,233.0,-1726.0,-198.0,-1035.0,0
-7.0,-619.0,269.0,-1226.0,-308.0,-1166.0,0
33.0,-684.0,253.0,-757.0,-403.0,-1244.0,0
78.0,-700.0,123.0,-431.0,-589.0,-1383.0,0
96.0,-718.0,-67.0,-321.0,-595.0,-1548.0,0
65.0,-694.0,-232.0,-613.0,-154.0,-1575.0,0
3.0,-726.0,-347.0,-1308.0,503.0,-1300.0,0
-126.0,-741.0,-373.0,-2178.0,933.0,-839.0,0
-207.0,-757.0,-325.0,-2793.0,912.0,-218.0,0
-219.0,-761.0,-232.0,-2826.0,491.0,444.0,0
-169.0,-751.0,-112.0,-2163.0,-100.0,972.0,0
-129.0,-723.0,-24.0,-896.0,-595.0,1259.0,0
-102.0,-671.0,37.0,668.0,-903.0,1335.0,0
-82.0,-606.0,75.0,2185.0,-1072.0,1306.0,0
-61.0,-535.0,89.0,3374.0,-1154.0,1267.0,0
-34.0,-456.0,88.0,4077.0,-1164.0,1243.0,0
-1.0,-377.0,101.0,4254.0,-1115.0,1219.0,0
24.0,-305.0,101.0,3940.0,-1027.0,1173.0,0
31.0,-238.0,96.0,3179.0,-921.0,1089.0,0
13.0,-195.0,81.0,2079.0,-841.0,997.0,0
-12.0,-192.0,55.0,806.0,-825.0,947.0,0
-53.0,-248.0,36.0,-460.0,-869.0,943.0,0
-66.0,-322.0,42.0,-1353.0,-948.0,932.0,0
-83.0,-380.0,55.0,-2182.0,-1026.0,836.0,0
-92.0,-411.0,52.0,-2595.0,-1132.0,708.0,0
-96.0,-420.0,28.0,-2616.0,-1233.0,615.0,0
-91.0,-397.0,-8.0,-2382.0,-1303.0,553.0,0
-86.0,-361.0,-34.0,-1996.0,-1310.0,562.0,0
-73.0,-317.0,-44.0,-1538.0,-1238.0,610.0,0
-64.0,-281.0,-62.0,-1039.0,-1139.0,614.0,0
-63.0,-246.0,-70.0,-558.0,-1056.0,558.0,0
-52.0,-203.0,-72.0,-135.0,-1025.0,458.0,0
-41.0,-160.0,-73.0,218.0,-1063.0,331.0,0
-31.0,-122.0,-75.0,523.0,-1153.0,194.0,0
-24.0,-96.0,-84.0,783.0,-1252.0,39.0,0
-26.0,-74.0,-105.0,986.0,-1299.0,-120.0,0
-15.0,-44.0,-93.0,1118.0,-1290.0,-235.0,0
12.0,-14.0,-83.0,1223.0,-1240.0,-307.0,0
47.0,25.0,-74.0,1356.0,-1166.0,-347.0,0
81.0,72.0,-55.0,1514.0,-1078.0,-368.0,0
104.0,111.0,-68.0,1714.0,-992.0,-388.0,0
108.0,131.0,-85.0,1859.0,-903.0,-418.0,0
102.0,131.0,-97.0,1852.0,-804.0,-445.0,0
60.0,118.0,-117.0,1618.0,-693.0,-466.0,0
12.0,92.0,-113.0,1165.0,-567.0,-447.0,0
-17.0,55.0,-92.0,576.0,-445.0,-379.0,0
-42.0,17.0,-72.0,7.0,-369.0,-280.0,0
-51.0,-19.0,-57.0,-415.0,-356.0,-199.0,0
-47.0,-45.0,-56.0,-645.0,-383.0,-151.0,0
-35.0,-63.0,-67.0,-693.0,-405.0,-113.0,0
-31.0,-81.0,-86.0,-606.0,-387.0,-91.0,0
-20.0,-88.0,-99.0,-436.0,-332.0,-100.0,0
-14.0,-95.0,-110.0,-232.0,-259.0,-142.0,0
-3.0,-97.0,-121.0,-26.0,-204.0,-223.0,0
7.0,-102.0,-123.0,120.0,-196.0,-329.0,0
14.0,-93.0,-113.0,270.0,-233.0,-429.0,0
37.0,-74.0,-103.0,399.0,-330.0,-493.0,0
30.0,-83.0,-84.0,535.0,-461.0,-548.0,0
39.0,-79.0,-82.0,687.0,-565.0,-567.0,0
25.0,-63.0,-172.0,837.0,-637.0,-571.0,0
-8.0,-52.0,-220.0,870.0,-746.0,-587.0,0
-65.0,-52.0,-226.0,737.0,-892.0,-603.0,0
-130.0,-62.0,-211.0,563.0,-993.0,-550.0,0
-161.0,-65.0,-302.0,375.0,-935.0,-355.0,0
-153.0,-114.0,-358.0,-58.0,-622.0,-72.0,0
-139.0,-232.0,-186.0,-685.0,-86.0,219.0,0
-99.0,-389.0,54.0,-1141.0,479.0,511.0,0
-63.0,-537.0,208.0,-1338.0,774.0,783.0,0
-45.0,-635.0,261.0,-1385.0,689.0,1013.0,0
-30.0,-703.0,234.0,-1297.0,472.0,1252.0,0
12.0,-769.0,151.0,-1116.0,292.0,1520.0,0
59.0,-771.0,1.0,-987.0,-71.0,1691.0,0
104.0,-758.0,-160.0,-1095.0,-654.0,1627.0,0
147.0,-779.0,-270.0,-1447.0,-1159.0,1361.0,0
147.0,-797.0,-298.0,-1813.0,-1252.0,938.0,0
98.0,-788.0,-245.0,-1924.0,-710.0,373.0,0
15.0,-742.0,-153.0,-1565.0,204.0,-257.0,0
-54.0,-687.0,-78.0,-776.0,1048.0,-795.0,0
-110.0,-614.0,-3.0,229.0,1572.0,-1198.0,0
-128.0,-550.0,29.0,1212.0,1769.0,-1469.0,0
-127.0,-492.0,42.0,1950.0,1722.0,-1634.0,0
-105.0,-437.0,36.0,2258.0,1510.0,-1740.0,0
-93.0,-378.0,17.0,2058.0,1237.0,-1833.0,0
-96.0,-329.0,11.0,1582.0,1001.0,-1899.0,0
-113.0,-283.0,20.0,745.0,877.0,-1894.0,0
-126.0,-251.0,35.0,-192.0,803.0,-1771.0,0
-120.0,-254.0,47.0,-1056.0,809.0,-1605.0,0
-64.0,-306.0,59.0,-1752.0,896.0,-1346.0,0
-14.0,-353.0,70.0,-2240.0,1049.0,-1133.0,0
29.0,-394.0,82.0,-2484.0,1250.0,-984.0,0
65.0,-418.0,82.0,-2510.0,1474.0,-861.0,0
85.0,-413.0,75.0,-2384.0,1683.0,-766.0,0
106.0,-388.0,71.0,-2163.0,1857.0,-681.0,0
111.0,-353.0,71.0,-1877.0,1967.0,-609.0,0
125.0,-312.0,65.0,-1554.0,2008.0,-568.0,0
139.0,-272.0,59.0,-1244.0,2018.0,-556.0,0
138.0,-229.0,47.0,-943.0,2046.0,-561.0,0
137.0,-185.0,20.0,-633.0,2100.0,-534.0,0
147.0,-152.0,-8.0,-341.0,2130.0,-461.0,0
152.0,-120.0,-39.0,-95.0,2096.0,-363.0,0
165.0,-84.0,-69.0,106.0,2037.0,-274.0,0
175.0,-48.0,-85.0,280.0,1977.0,-238.0,0
174.0,-2.0,-94.0,462.0,1948.0,-289.0,0
137.0,57.0,-91.0,701.0,1948.0,-404.0,0
85.0,124.0,-97.0,1024.0,1942.0,-473.0,0
31.0,165.0,-113.0,1399.0,1880.0,-399.0,0
-11.0,179.0,-141.0,1718.0,1735.0,-162.0,0
-37.0,169.0,-183.0,1852.0,1504.0,147.0,0
-40.0,155.0,-218.0,1695.0,1201.0,426.0,0
-65.0,138.0,-234.0,1282.0,853.0,586.0,0
-74.0,91.0,-242.0,698.0,534.0,674.0,0
-58.0,35.0,-211.0,35.0,309.0,752.0,0
-43.0,-22.0,-162.0,-528.0,166.0,772.0,0
-40.0,-79.0,-78.0,-832.0,98.0,733.0,0
-44.0,-126.0,-52.0,-823.0,79.0,672.0,0
-50.0,-158.0,-23.0,-598.0,98.0,614.0,0
-48.0,-165.0,-20.0,-249.0,139.0,556.0,0
-39.0,-157.0,-22.0,138.0,195.0,514.0,0
-36.0,-132.0,-34.0,518.0,264.0,481.0,0
-32.0,-111.0,-42.0,877.0,342.0,479.0,0
-27.0,-81.0,-44.0,1201.0,414.0,498.0,0
-36.0,-64.0,-34.0,1471.0,464.0,535.0,0
-42.0,-46.0,-23.0,1671.0,474.0,573.0,0
-54.0,-29.0,-9.0,1775.0,435.0,593.0,0
-61.0,-11.0,-19.0,1774.0,350.0,596.0,0
-60.0,8.0,-77.0,1652.0,256.0,602.0,0
-47.0,26.0,-206.0,1380.0,219.0,607.0,0
-7.0,44.0,-253.0,915.0,329.0,610.0,0
43.0,43.0,-417.0,289.0,680.0,601.0,0
119.0,21.0,-515.0,-502.0,1305.0,577.0,0
181.0,-72.0,-517.0,-1366.0,2007.0,482.0,0
185.0,-241.0,-322.0,-2164.0,2057.0,166.0,0
98.0,-452.0,-7.0,-2704.0,998.0,-468.0,0
0.0,-599.0,207.0,-2618.0,-460.0,-1156.0,0
-14.0,-741.0,336.0,-2008.0,-1388.0,-1547.0,0
59.0,-801.0,347.0,-1232.0,-1764.0,-1701.0,0
83.0,-803.0,229.0,-399.0,-1918.0,-1886.0,0
65.0,-796.0,-25.0,320.0,-1783.0,-2065.0,0
34.0,-772.0,-279.0,555.0,-1044.0,-2100.0,0
-65.0,-784.0,-434.0,44.0,130.0,-1921.0,0
-208.0,-769.0,-422.0,-1017.0,1110.0,-1496.0,0
-278.0,-762.0,-323.0,-2007.0,1372.0,-810.0,0
-232.0,-735.0,-205.0,-2480.0,928.0,49.0,0
-151.0,-720.0,-64.0,-2212.0,121.0,730.0,0
-89.0,-682.0,25.0,-1487.0,-741.0,1030.0,0
-46.0,-630.0,61.0,-212.0,-1497.0,1080.0,0
-3.0,-567.0,70.0,1145.0,-1953.0,1030.0,0
28.0,-502.0,51.0,2282.0,-2242.0,997.0,0
51.0,-425.0,37.0,3014.0,-2229.0,975.0,0
77.0,-349.0,28.0,3292.0,-2009.0,1010.0,0
116.0,-294.0,20.0,3118.0,-1687.0,1109.0,0
142.0,-248.0,11.0,2531.0,-1327.0,1184.0,0
159.0,-219.0,16.0,1639.0,-1014.0,1201.0,0
139.0,-216.0,32.0,574.0,-806.0,1200.0,0
105.0,-250.0,44.0,-466.0,-739.0,1195.0,0
65.0,-309.0,72.0,-1323.0,-776.0,1199.0,0
33.0,-346.0,101.0,-1884.0,-881.0,1174.0,0
-4.0,-370.0,114.0,-2101.0,-1039.0,1134.0,0
-17.0,-355.0,106.0,-2065.0,-1199.0,1104.0,0
-10.0,-318.0,91.0,-1896.0,-1297.0,1108.0,0
-58.0,-295.0,59.0,-1653.0,-1348.0,1122.0,0
-80.0,-256.0,37.0,-1411.0,-1311.0,1171.0,0
-101.0,-229.0,6.0,-1215.0,-1239.0,1219.0,0
-125.0,-205.0,-8.0,-1075.0,-1147.0,1249.0,0
-132.0,-193.0,-18.0,-951.0,-1067.0,1244.0,0
-136.0,-175.0,-20.0,-833.0,-1032.0,1178.0,0
-149.0,-164.0,-45.0,-728.0,-1036.0,1034.0,0
-153.0,-155.0,-63.0,-662.0,-1051.0,837.0,0
-159.0,-145.0,-75.0,-625.0,-1072.0,619.0,0
-145.0,-131.0,-77.0,-581.0,-1088.0,412.0,0
-124.0,-106.0,-82.0,-436.0,-1090.0,212.0,0
-83.0,-57.0,-82.0,-144.0,-1071.0,36.0,0
-29.0,-5.0,-99.0,299.0,-1013.0,-82.0,0
55.0,77.0,-127.0,790.0,-889.0,-175.0,0
114.0,126.0,-162.0,1147.0,-703.0,-272.0,0
151.0,150.0,-187.0,1414.0,-516.0,-406.0,0
176.0,151.0,-197.0,1405.0,-261.0,-538.0,0
158.0,129.0,-204.0,1121.0,-28.0,-717.0,0
100.0,75.0,-186.0,595.0,153.0,-858.0,0
85.0,23.0,-144.0,-30.0,299.0,-884.0,0
82.0,-29.0,-97.0,-524.0,378.0,-853.0,0
77.0,-70.0,-58.0,-775.0,388.0,-824.0,0
71.0,-106.0,-26.0,-774.0,354.0,-798.0,0
67.0,-129.0,-20.0,-571.0,295.0,-763.0,0
54.0,-136.0,-10.0,-234.0,222.0,-717.0,0
44.0,-132.0,-12.0,159.0,126.0,-671.0,0
32.0,-117.0,-28.0,553.0,4.0,-643.0,0
27.0,-96.0,-37.0,889.0,-122.0,-632.0,0
27.0,-76.0,-40.0,1139.0,-218.0,-615.0,0
23.0,-56.0,-45.0,1293.0,-265.0,-585.0,0
21.0,-38.0,-41.0,1362.0,-256.0,-532.0,0
7.0,-13.0,-33.0,1374.0,-198.0,-463.0,0
-13.0,-2.0,-26.0,1343.0,-99.0,-394.0,0
-32.0,9.0,-31.0,1285.0,6.0,-334.0,0
-54.0,17.0,-80.0,1197.0,91.0,-282.0,0
-65.0,29.0,-174.0,1033.0,100.0,-235.0,0
-85.0,46.0,-292.0,697.0,-18.0,-224.0,0
-127.0,51.0,-369.0,166.0,-246.0,-225.0,0
-177.0,41.0,-412.0,-517.0,-444.0,-149.0,0
-187.0,12.0,-509.0,-1217.0,-430.0,117.0,0
-131.0,-116.0,-536.0,-1957.0,-202.0,533.0,0
-30.0,-311.0,-320.0,-2531.0,126.0,1001.0,0
-20.0,-485.0,0.0,-2596.0,324.0,1342.0,0
-87.0,-634.0,261.0,-2297.0,288.0,1548.0,0
-144.0,-734.0,372.0,-1658.0,25.0,1699.0,0
-168.0,-746.0,294.0,-820.0,-252.0,1798.0,0
-153.0,-719.0,117.0,44.0,-493.0,1863.0,0
-141.0,-718.0,-81.0,595.0,-677.0,1912.0,0
-126.0,-690.0,-270.0,533.0,-981.0,1827.0,0
-82.0,-776.0,-380.0,-73.0,-1369.0,1561.0,0
28.0,-881.0,-359.0,-985.0,-1588.0,1067.0,0
90.0,-976.0,-260.0,-1740.0,-1328.0,335.0,0
46.0,-951.0,-118.0,-1927.0,-583.0,-597.0,0
-4.0,-891.0,-25.0,-1307.0,317.0,-1438.0,0
-45.0,-809.0,16.0,-42.0,1018.0,-1955.0,0
-74.0,-715.0,41.0,1451.0,1394.0,-2227.0,0
-76.0,-629.0,56.0,2783.0,1480.0,-2299.0,0
-62.0,-533.0,64.0,3706.0,1345.0,-2236.0,0
-41.0,-433.0,61.0,4119.0,1070.0,-2097.0,0
-27.0,-312.0,69.0,3991.0,735.0,-1949.0,0
-29.0,-190.0,70.0,3408.0,437.0,-1783.0,0
-26.0,-87.0,76.0,2554.0,271.0,-1570.0,0
-24.0,-13.0,76.0,1613.0,269.0,-1314.0,0
-7.0,8.0,71.0,695.0,409.0,-1062.0,0
30.0,-25.0,63.0,-169.0,657.0,-877.0,0
66.0,-88.0,71.0,-969.0,960.0,-794.0,0
88.0,-141.0,78.0,-1637.0,1269.0,-751.0,0
112.0,-181.0,99.0,-2087.0,1562.0,-696.0,0
141.0,-209.0,107.0,-2296.0,1797.0,-637.0,0
150.0,-216.0,103.0,-2297.0,1935.0,-591.0,0
154.0,-220.0,84.0,-2152.0,1967.0,-554.0,0
155.0,-215.0,56.0,-1935.0,1917.0,-530.0,0
147.0,-210.0,34.0,-1691.0,1841.0,-496.0,0
131.0,-199.0,2.0,-1474.0,1781.0,-454.0,0
116.0,-186.0,-27.0,-1191.0,1761.0,-395.0,0
104.0,-168.0,-51.0,-911.0,1774.0,-320.0,0
88.0,-146.0,-78.0,-633.0,1822.0,-271.0,0
75.0,-122.0,-101.0,-367.0,1910.0,-220.0,0
61.0,-92.0,-107.0,-112.0,2018.0,-168.0,0
37.0,-64.0,-119.0,154.0,2111.0,-133.0,0
19.0,-39.0,-135.0,405.0,2136.0,-118.0,0
-12.0,-8.0,-139.0,638.0,2054.0,-98.0,0
-44.0,11.0,-148.0,847.0,1866.0,-50.0,0
-62.0,18.0,-155.0,989.0,1598.0,30.0,0
-77.0,17.0,-158.0,1029.0,1295.0,141.0,0
-81.0,-12.0,-165.0,950.0,1021.0,299.0,0
-57.0,-59.0,-149.0,749.0,810.0,487.0,0
-23.0,-112.0,-109.0,501.0,638.0,608.0,0
-9.0,-134.0,-71.0,342.0,495.0,627.0,0
0.0,-147.0,-48.0,355.0,395.0,620.0,0
14.0,-146.0,-41.0,524.0,336.0,610.0,0
25.0,-129.0,-43.0,786.0,305.0,590.0,0
33.0,-106.0,-55.0,1079.0,309.0,570.0,0
31.0,-68.0,-72.0,1340.0,362.0,569.0,0
26.0,-38.0,-86.0,1524.0,462.0,594.0,0
12.0,-5.0,-89.0,1622.0,591.0,637.0,0
0.0,17.0,-86.0,1630.0,733.0,686.0,0
-14.0,36.0,-89.0,1548.0,861.0,727.0,0
-22.0,43.0,-120.0,1373.0,960.0,745.0,0
-16.0,50.0,-208.0,1080.0,1041.0,731.0,0
10.0,49.0,-260.0,625.0,1145.0,684.0,0
63.0,28.0,-292.0,40.0,1258.0,598.0,0
124.0,-11.0,-285.0,-572.0,1353.0,461.0,0
185.0,-61.0,-273.0,-1045.0,1375.0,264.0,0
207.0,-130.0,-240.0,-1638.0,1255.0,-12.0,0
150.0,-285.0,-85.0,-2233.0,764.0,-314.0,0
68.0,-437.0,79.0,-2630.0,-36.0,-760.0,0
11.0,-577.0,198.0,-2567.0,-734.0,-1161.0,0
13.0,-684.0,272.0,-2061.0,-992.0,-1428.0,0
64.0,-751.0,302.0,-1334.0,-860.0,-1551.0,0
82.0,-774.0,188.0,-594.0,-541.0,-1677.0,0
50.0,-793.0,-63.0,-47.0,-59.0,-1861.0,0
-30.0,-729.0,-273.0,-49.0,584.0,-2064.0,0
-174.0,-723.0,-372.0,-568.0,1050.0,-2125.0,0
-313.0,-708.0,-397.0,-1288.0,1012.0,-1815.0,0
-354.0,-732.0,-361.0,-1795.0,477.0,-1053.0,0
-268.0,-721.0,-271.0,-1870.0,-281.0,-126.0,0
-169.0,-696.0,-166.0,-1356.0,-999.0,563.0,0
-91.0,-661.0,-73.0,-355.0,-1513.0,916.0,0
-27.0,-605.0,7.0,865.0,-1818.0,1031.0,0
10.0,-524.0,45.0,2071.0,-1971.0,995.0,0
33.0,-441.0,67.0,2997.0,-1944.0,934.0,0
42.0,-364.0,76.0,3476.0,-1794.0,911.0,0
58.0,-285.0,72.0,3480.0,-1639.0,957.0,0
65.0,-244.0,56.0,3042.0,-1544.0,1020.0,0
80.0,-210.0,45.0,2237.0,-1509.0,1053.0,0
83.0,-196.0,39.0,1203.0,-1522.0,999.0,0
71.0,-221.0,36.0,119.0,-1552.0,926.0,0
55.0,-275.0,59.0,-865.0,-1578.0,926.0,0
47.0,-338.0,88.0,-1590.0,-1580.0,992.0,0
25.0,-396.0,122.0,-1978.0,-1557.0,1041.0,0
5.0,-437.0,123.0,-2055.0,-1532.0,1065.0,0
-32.0,-454.0,109.0,-1926.0,-1514.0,1082.0,0
-62.0,-449.0,72.0,-1710.0,-1497.0,1119.0,0
-83.0,-434.0,25.0,-1528.0,-1479.0,1172.0,0
-92.0,-401.0,-25.0,-1330.0,-1431.0,1210.0,0
-110.0,-374.0,-69.0,-1173.0,-1334.0,1260.0,0
-104.0,-330.0,-100.0,-1026.0,-1181.0,1285.0,0
-100.0,-294.0,-108.0,-907.0,-1020.0,1284.0,0
-91.0,-266.0,-112.0,-765.0,-915.0,1233.0,0
-91.0,-238.0,-115.0,-586.0,-873.0,1130.0,0
-69.0,-206.0,-110.0,-385.0,-872.0,1006.0,0
-41.0,-188.0,-95.0,-162.0,-890.0,865.0,0
-19.0,-157.0,-76.0,123.0,-933.0,687.0,0
12.0,-123.0,-49.0,477.0,-1004.0,506.0,0
56.0,-84.0,-39.0,882.0,-1087.0,336.0,0
85.0,-27.0,-34.0,1290.0,-1155.0,180.0,0
106.0,43.0,-28.0,1676.0,-1188.0,39.0,0
136.0,106.0,-24.0,2040.0,-1191.0,-72.0,0
133.0,154.0,-55.0,2395.0,-1177.0,-165.0,0
120.0,179.0,-104.0,2616.0,-1138.0,-234.0,0
94.0,186.0,-157.0,2574.0,-1057.0,-273.0,0
57.0,164.0,-195.0,2211.0,-941.0,-298.0,0
21.0,111.0,-214.0,1568.0,-810.0,-292.0,0
-1.0,44.0,-195.0,750.0,-682.0,-259.0,0
-14.0,-11.0,-161.0,-42.0,-565.0,-225.0,0
-14.0,-51.0,-120.0,-638.0,-467.0,-221.0,0
-9.0,-75.0,-85.0,-939.0,-382.0,-243.0,0
0.0,-88.0,-64.0,-942.0,-289.0,-259.0,0
1.0,-91.0,-55.0,-734.0,-187.0,-255.0,0
9.0,-87.0,-57.0,-412.0,-100.0,-273.0,0
14.0,-75.0,-70.0,-57.0,-49.0,-335.0,0
31.0,-55.0,-69.0,268.0,-48.0,-415.0,0
45.0,-42.0,-70.0,521.0,-88.0,-487.0,0
63.0,-27.0,-67.0,699.0,-144.0,-554.0,0
65.0,-16.0,-58.0,798.0,-186.0,-625.0,0
71.0,-11.0,-49.0,893.0,-198.0,-669.0,0
70.0,-8.0,-40.0,961.0,-188.0,-690.0,0
66.0,-5.0,-62.0,978.0,-159.0,-699.0,0
49.0,-10.0,-135.0,920.0,-134.0,-688.0,0
20.0,-39.0,-208.0,780.0,-188.0,-659.0,0
-17.0,-49.0,-221.0,556.0,-342.0,-623.0,0
-72.0,-73.0,-220.0,226.0,-497.0,-536.0,0
-81.0,-110.0,-209.0,-186.0,-455.0,-310.0,0
-53.0,-159.0,-243.0,-713.0,-78.0,61.0,0
20.0,-248.0,-258.0,-1486.0,534.0,532.0,0
41.0,-378.0,-126.0,-2400.0,1082.0,983.0,0
-7.0,-512.0,74.0,-3053.0,1303.0,1284.0,0
-135.0,-681.0,245.0,-3220.0,1019.0,1420.0,0
-216.0,-772.0,283.0,-2969.0,371.0,1550.0,0
-266.0,-843.0,216.0,-2339.0,-342.0,1755.0,0
-242.0,-851.0,36.0,-1545.0,-964.0,2039.0,0
-161.0,-823.0,-198.0,-946.0,-1395.0,2186.0,0
-68.0,-833.0,-364.0,-785.0,-1615.0,1962.0,0
5.0,-826.0,-386.0,-991.0,-1556.0,1341.0,0
11.0,-772.0,-278.0,-1097.0,-1054.0,468.0,0
-23.0,-704.0,-141.0,-723.0,-163.0,-363.0,0
-60.0,-644.0,-49.0,96.0,668.0,-965.0,0
-79.0,-568.0,9.0,1084.0,1124.0,-1397.0,0
-95.0,-490.0,44.0,1987.0,1236.0,-1700.0,0
-85.0,-426.0,62.0,2608.0,1147.0,-1867.0,0
-68.0,-359.0,63.0,2812.0,939.0,-1924.0,0
-52.0,-306.0,60.0,2565.0,677.0,-1922.0,0
-43.0,-263.0,54.0,1972.0,441.0,-1918.0,0
-43.0,-210.0,34.0,1180.0,308.0,-1904.0,0
-57.0,-175.0,56.0,494.0,322.0,-1819.0,0
-56.0,-168.0,49.0,-347.0,423.0,-1665.0,0
-8.0,-223.0,41.0,-1119.0,533.0,-1466.0,0
27.0,-275.0,49.0,-1792.0,689.0,-1314.0,0
47.0,-322.0,55.0,-2291.0,862.0,-1191.0,0
65.0,-358.0,65.0,-2571.0,1028.0,-1116.0,0
90.0,-379.0,71.0,-2631.0,1175.0,-1052.0,0
113.0,-381.0,69.0,-2515.0,1298.0,-999.0,0
127.0,-378.0,58.0,-2311.0,1397.0,-949.0,0
137.0,-362.0,63.0,-2079.0,1470.0,-899.0,0
147.0,-342.0,59.0,-1825.0,1506.0,-844.0,0
157.0,-321.0,46.0,-1557.0,1508.0,-772.0,0
158.0,-304.0,27.0,-1301.0,1501.0,-664.0,0
168.0,-291.0,5.0,-1074.0,1526.0,-522.0,0
157.0,-269.0,-14.0,-877.0,1589.0,-358.0,0
136.0,-234.0,-27.0,-675.0,1680.0,-175.0,0
118.0,-197.0,-45.0,-428.0,1779.0,14.0,0
108.0,-157.0,-54.0,-127.0,1856.0,192.0,0
101.0,-120.0,-69.0,241.0,1907.0,305.0,0
78.0,-84.0,-70.0,660.0,1931.0,299.0,0
59.0,-23.0,-73.0,1100.0,1929.0,178.0,0
5.0,37.0,-75.0,1522.0,1891.0,14.0,0
-55.0,99.0,-76.0,1880.0,1808.0,-83.0,0
-94.0,151.0,-80.0,2137.0,1672.0,-40.0,0
-111.0,177.0,-95.0,2253.0,1471.0,120.0,0
-106.0,179.0,-125.0,2156.0,1232.0,323.0,0
-89.0,161.0,-143.0,1794.0,994.0,499.0,0
-34.0,100.0,-142.0,1198.0,785.0,587.0,0
-8.0,56.0,-120.0,487.0,615.0,560.0,0
8.0,9.0,-83.0,-111.0,511.0,509.0,0
15.0,-36.0,-35.0,-406.0,449.0,454.0,0
17.0,-64.0,-29.0,-506.0,378.0,387.0,0
14.0,-78.0,-39.0,-409.0,312.0,323.0,0
12.0,-76.0,-56.0,-227.0,229.0,281.0,0
3.0,-57.0,-78.0,-41.0,168.0,250.0,0
-4.0,-38.0,-92.0,104.0,147.0,261.0,0
-16.0,-22.0,-102.0,207.0,174.0,324.0,0
-25.0,-8.0,-101.0,272.0,235.0,419.0,0
-35.0,-13.0,-109.0,313.0,321.0,508.0,0
-39.0,-17.0,-182.0,329.0,424.0,560.0,0
-28.0,-10.0,-239.0,284.0,558.0,575.0,0
-5.0,-13.0,-279.0,140.0,750.0,573.0,0
54.0,-22.0,-317.0,-109.0,1036.0,558.0,0
118.0,-45.0,-358.0,-482.0,1382.0,494.0,0
167.0,-101.0,-390.0,-988.0,1746.0,344.0,0
193.0,-217.0,-307.0,-1632.0,1893.0,68.0,0
150.0,-377.0,-94.0,-2223.0,1379.0,-406.0,0
40.0,-540.0,97.0,-2487.0,208.0,-998.0,0
-32.0,-674.0,222.0,-2312.0,-953.0,-1476.0,0
-36.0,-786.0,293.0,-1732.0,-1469.0,-1683.0,0
11.0,-869.0,288.0,-844.0,-1341.0,-1688.0,0
18.0,-896.0,121.0,150.0,-889.0,-1758.0,0
-54.0,-873.0,-195.0,867.0,-284.0,-1972.0,0
-145.0,-829.0,-456.0,857.0,353.0,-2175.0,0
-309.0,-804.0,-525.0,137.0,742.0,-2151.0,0
-399.0,-771.0,-434.0,-822.0,656.0,-1660.0,0
-322.0,-718.0,-265.0,-1406.0,97.0,-742.0,0
-132.0,-653.0,-137.0,-1229.0,-704.0,114.0,0
-34.0,-589.0,-81.0,-456.0,-1418.0,600.0,0
33.0,-509.0,-24.0,582.0,-1895.0,839.0,0
64.0,-431.0,15.0,1434.0,-2149.0,941.0,0
78.0,-348.0,44.0,2355.0,-2218.0,981.0,0
76.0,-279.0,45.0,2967.0,-2170.0,1053.0,0
86.0,-213.0,49.0,3204.0,-2015.0,1157.0,0
102.0,-162.0,35.0,3078.0,-1812.0,1303.0,0
125.0,-130.0,14.0,2610.0,-1606.0,1401.0,0
140.0,-116.0,-1.0,1862.0,-1422.0,1426.0,0
148.0,-122.0,-6.0,916.0,-1290.0,1429.0,0
148.0,-168.0,14.0,-115.0,-1231.0,1436.0,0
124.0,-237.0,34.0,-1094.0,-1253.0,1428.0,0
89.0,-308.0,68.0,-1902.0,-1315.0,1415.0,0
52.0,-364.0,96.0,-2417.0,-1399.0,1395.0,0
21.0,-401.0,111.0,-2624.0,-1484.0,1393.0,0
17.0,-405.0,88.0,-2576.0,-1536.0,1387.0,0
0.0,-394.0,68.0,-2402.0,-1493.0,1363.0,0
-17.0,-364.0,37.0,-2155.0,-1381.0,1318.0,0
-32.0,-333.0,11.0,-1887.0,-1241.0,1247.0,0
-42.0,-305.0,-19.0,-1629.0,-1107.0,1162.0,0
-61.0,-286.0,-37.0,-1388.0,-983.0,1058.0,0
-74.0,-262.0,-54.0,-1158.0,-870.0,939.0,0
-84.0,-251.0,-52.0,-931.0,-782.0,813.0,0
-101.0,-231.0,-49.0,-692.0,-731.0,669.0,0
-107.0,-214.0,-49.0,-434.0,-729.0,505.0,0
-115.0,-186.0,-50.0,-152.0,-772.0,350.0,0
-87.0,-164.0,-65.0,142.0,-834.0,217.0,0
-65.0,-113.0,-68.0,423.0,-871.0,85.0,0
-42.0,-63.0,-70.0,684.0,-856.0,-34.0,0
-19.0,-1.0,-83.0,939.0,-783.0,-140.0,0
7.0,62.0,-90.0,1162.0,-668.0,-223.0,0
14.0,117.0,-109.0,1326.0,-524.0,-287.0,0
9.0,144.0,-123.0,1378.0,-379.0,-348.0,0
-11.0,149.0,-145.0,1318.0,-258.0,-396.0,0
-23.0,131.0,-159.0,1093.0,-181.0,-426.0,0
-32.0,73.0,-170.0,733.0,-132.0,-443.0,0
-32.0,25.0,-156.0,274.0,-121.0,-450.0,0
-19.0,-16.0,-148.0,-161.0,-121.0,-429.0,0
-4.0,-44.0,-136.0,-450.0,-123.0,-430.0,0
5.0,-57.0,-127.0,-561.0,-104.0,-440.0,0
12.0,-72.0,-106.0,-513.0,-55.0,-444.0,0
25.0,-77.0,-84.0,-325.0,-7.0,-466.0,0
33.0,-79.0,-65.0,-23.0,-3.0,-531.0,0
50.0,-81.0,-46.0,320.0,-60.0,-624.0,0
60.0,-74.0,-22.0,653.0,-168.0,-718.0,0
72.0,-65.0,2.0,948.0,-291.0,-783.0,0
76.0,-55.0,15.0,1189.0,-405.0,-812.0,0
73.0,-35.0,21.0,1358.0,-499.0,-815.0,0
68.0,-26.0,-2.0,1457.0,-558.0,-790.0,0
60.0,-11.0,-79.0,1461.0,-592.0,-734.0,0
31.0,4.0,-188.0,1301.0,-663.0,-659.0,0
-18.0,11.0,-241.0,911.0,-782.0,-566.0,0
-60.0,11.0,-293.0,338.0,-859.0,-401.0,0
-85.0,-24.0,-378.0,-366.0,-720.0,-127.0,0
-40.0,-98.0,-434.0,-1175.0,-285.0,232.0,0
47.0,-237.0,-355.0,-1965.0,342.0,616.0,0
107.0,-399.0,-125.0,-2410.0,972.0,976.0,0
90.0,-535.0,128.0,-2376.0,1376.0,1232.0,0
17.0,-653.0,296.0,-1972.0,1307.0,1367.0,0
-71.0,-700.0,304.0,-1337.0,781.0,1420.0,0
-122.0,-678.0,158.0,-585.0,133.0,1482.0,0
-124.0,-658.0,-66.0,-13.0,-312.0,1621.0,0
-104.0,-672.0,-243.0,51.0,-574.0,1772.0,0
-49.0,-688.0,-331.0,-356.0,-726.0,1773.0,0
-11.0,-763.0,-345.0,-839.0,-722.0,1493.0,0
-16.0,-801.0,-281.0,-1423.0,-474.0,965.0,0
-59.0,-803.0,-164.0,-1618.0,242.0,303.0,0
-126.0,-776.0,-65.0,-1186.0,1102.0,-248.0,0
-180.0,-729.0,-18.0,-279.0,1678.0,-818.0,0
-199.0,-678.0,9.0,793.0,1871.0,-1194.0,0
-183.0,-619.0,23.0,1755.0,1808.0,-1430.0,0
-136.0,-545.0,29.0,2418.0,1608.0,-1605.0,0
-99.0,-482.0,33.0,2724.0,1370.0,-1735.0,0
-79.0,-411.0,41.0,2716.0,1150.0,-1823.0,0
-66.0,-332.0,51.0,2478.0,998.0,-1838.0,0
-64.0,-254.0,53.0,2062.0,928.0,-1787.0,0
-54.0,-193.0,58.0,1499.0,932.0,-1672.0,0
-27.0,-168.0,58.0,836.0,989.0,-1524.0,0
15.0,-172.0,54.0,136.0,1083.0,-1400.0,0
56.0,-197.0,52.0,-538.0,1226.0,-1339.0,0
97.0,-232.0,63.0,-1114.0,1412.0,-1299.0,0
126.0,-257.0,69.0,-1547.0,1609.0,-1220.0,0
150.0,-273.0,74.0,-1812.0,1790.0,-1120.0,0
164.0,-276.0,65.0,-1919.0,1932.0,-1008.0,0
169.0,-272.0,59.0,-1911.0,2004.0,-894.0,0
165.0,-260.0,49.0,-1829.0,1980.0,-770.0,0
169.0,-249.0,31.0,-1682.0,1877.0,-638.0,0
159.0,-234.0,12.0,-1482.0,1745.0,-509.0,0
142.0,-211.0,-10.0,-1222.0,1655.0,-398.0,0
116.0,-175.0,-37.0,-903.0,1639.0,-315.0,0
82.0,-155.0,-61.0,-553.0,1690.0,-237.0,0
66.0,-128.0,-81.0,-212.0,1761.0,-164.0,0
49.0,-97.0,-94.0,87.0,1826.0,-117.0,0
43.0,-65.0,-104.0,358.0,1890.0,-111.0,0
33.0,-25.0,-104.0,569.0,1963.0,-151.0,0
18.0,10.0,-110.0,816.0,2045.0,-229.0,0
-3.0,51.0,-112.0,1019.0,2099.0,-287.0,0
-26.0,76.0,-117.0,1168.0,2130.0,-290.0,0
-26.0,84.0,-136.0,1233.0,2079.0,-207.0,0
-26.0,75.0,-156.0,1172.0,1947.0,-57.0,0
-36.0,56.0,-165.0,959.0,1754.0,123.0,0
-31.0,5.0,-152.0,632.0,1542.0,318.0,0
-17.0,-55.0,-117.0,266.0,1297.0,492.0,0
-15.0,-102.0,-78.0,-5.0,1028.0,595.0,0
-21.0,-133.0,-43.0,-85.0,759.0,637.0,0
-21.0,-153.0,-20.0,32.0,532.0,651.0,0
-15.0,-154.0,-13.0,284.0,355.0,655.0,0
-2.0,-139.0,-15.0,594.0,240.0,657.0,0
6.0,-105.0,-31.0,906.0,192.0,668.0,0
6.0,-68.0,-52.0,1175.0,209.0,702.0,0
4.0,-33.0,-73.0,1375.0,276.0,763.0,0
1.0,4.0,-77.0,1497.0,371.0,834.0,0
-16.0,26.0,-94.0,1534.0,479.0,907.0,0
-19.0,40.0,-106.0,1482.0,582.0,970.0,0
-15.0,56.0,-166.0,1333.0,674.0,999.0,0
10.0,56.0,-259.0,1041.0,783.0,988.0,0
57.0,38.0,-279.0,576.0,932.0,935.0,0
103.0,4.0,-292.0,42.0,1080.0,827.0,0
159.0,-35.0,-280.0,-490.0,1185.0,670.0,0
193.0,-84.0,-282.0,-1032.0,1198.0,475.0,0
208.0,-170.0,-218.0,-1663.0,946.0,220.0,0
177.0,-319.0,-59.0,-2278.0,284.0,-168.0,0
73.0,-490.0,96.0,-2548.0,-598.0,-655.0,0
-9.0,-630.0,184.0,-2365.0,-1175.0,-1063.0,0
-20.0,-749.0,248.0,-1900.0,-1218.0,-1315.0,0
2.0,-849.0,251.0,-1425.0,-946.0,-1524.0,0
-6.0,-911.0,30.0,-785.0,-615.0,-1815.0,0
-77.0,-836.0,-239.0,-408.0,-5.0,-2071.0,0
-224.0,-788.0,-396.0,-552.0,730.0,-2279.0,0
-371.0,-731.0,-392.0,-1061.0,1129.0,-2107.0,0
-418.0,-692.0,-336.0,-1430.0,816.0,-1464.0,0
-277.0,-643.0,-246.0,-1340.0,-3.0,-522.0,0
-143.0,-596.0,-173.0,-676.0,-888.0,218.0,0
-56.0,-534.0,-91.0,343.0,-1478.0,589.0,0
8.0,-464.0,-18.0,1431.0,-1741.0,778.0,0
46.0,-387.0,43.0,2405.0,-1835.0,903.0,0
56.0,-320.0,65.0,3135.0,-1871.0,1026.0,0
53.0,-262.0,60.0,3517.0,-1856.0,1135.0,0
53.0,-212.0,42.0,3472.0,-1805.0,1212.0,0
68.0,-180.0,26.0,2961.0,-1748.0,1247.0,0
90.0,-164.0,13.0,2045.0,-1700.0,1236.0,0
111.0,-172.0,-5.0,885.0,-1668.0,1202.0,0
120.0,-215.0,-7.0,-363.0,-1624.0,1163.0,0
119.0,-295.0,24.0,-1542.0,-1537.0,1138.0,0
100.0,-386.0,71.0,-2425.0,-1427.0,1110.0,0
61.0,-487.0,122.0,-2864.0,-1362.0,1052.0,0
21.0,-534.0,126.0,-2878.0,-1368.0,996.0,0
-10.0,-549.0,103.0,-2584.0,-1428.0,972.0,0
-44.0,-531.0,50.0,-2134.0,-1495.0,984.0,0
-67.0,-495.0,6.0,-1652.0,-1544.0,959.0,0
-87.0,-449.0,-34.0,-1202.0,-1545.0,892.0,0
-101.0,-402.0,-73.0,-798.0,-1462.0,828.0,0
-104.0,-355.0,-89.0,-499.0,-1298.0,782.0,0
-115.0,-319.0,-91.0,-287.0,-1103.0,740.0,0
-124.0,-268.0,-85.0,-116.0,-955.0,671.0,0
-136.0,-220.0,-76.0,31.0,-891.0,594.0,0
-138.0,-184.0,-57.0,144.0,-955.0,529.0,0
-115.0,-160.0,-49.0,294.0,-1096.0,451.0,0
-97.0,-135.0,-61.0,484.0,-1328.0,340.0,0
-68.0,-109.0,-70.0,687.0,-1550.0,253.0,0
-23.0,-72.0,-76.0,903.0,-1718.0,154.0,0
38.0,-28.0,-73.0,1131.0,-1789.0,74.0,0
82.0,34.0,-80.0,1386.0,-1742.0,12.0,0
164.0,102.0,-78.0,1691.0,-1589.0,-13.0,0
199.0,135.0,-94.0,2019.0,-1383.0,-39.0,0
211.0,142.0,-126.0,2281.0,-1166.0,-100.0,0
197.0,151.0,-150.0,2331.0,-946.0,-214.0,0
158.0,143.0,-165.0,2123.0,-744.0,-334.0,0
86.0,108.0,-178.0,1675.0,-569.0,-420.0,0
27.0,65.0,-154.0,1060.0,-395.0,-417.0,0
-8.0,13.0,-134.0,449.0,-237.0,-343.0,0
-28.0,-15.0,-110.0,-17.0,-117.0,-270.0,0
-40.0,-38.0,-106.0,-267.0,-18.0,-232.0,0
-43.0,-52.0,-96.0,-316.0,78.0,-207.0,0
-37.0,-62.0,-104.0,-229.0,173.0,-184.0,0
-27.0,-65.0,-107.0,-81.0,237.0,-173.0,0
-6.0,-71.0,-102.0,71.0,230.0,-200.0,0
8.0,-74.0,-90.0,217.0,137.0,-266.0,0
22.0,-76.0,-72.0,360.0,-21.0,-348.0,0
39.0,-78.0,-51.0,502.0,-200.0,-416.0,0
53.0,-70.0,-19.0,640.0,-358.0,-461.0,0
62.0,-61.0,-16.0,779.0,-460.0,-467.0,0
56.0,-64.0,-84.0,899.0,-513.0,-465.0,0
39.0,-56.0,-166.0,907.0,-546.0,-484.0,0
13.0,-60.0,-190.0,780.0,-538.0,-506.0,0
-27.0,-66.0,-194.0,561.0,-451.0,-481.0,0
-66.0,-69.0,-215.0,316.0,-278.0,-332.0,0
-87.0,-99.0,-274.0,-170.0,-88.0,-74.0,0
-79.0,-182.0,-297.0,-922.0,43.0,219.0,0
-53.0,-316.0,-186.0,-1820.0,228.0,484.0,0
-25.0,-467.0,4.0,-2593.0,463.0,855.0,0
-26.0,-623.0,152.0,-3025.0,652.0,1245.0,0
-37.0,-728.0,228.0,-3030.0,678.0,1576.0,0
-55.0,-770.0,182.0,-2533.0,524.0,1804.0,0
-51.0,-817.0,34.0,-1760.0,253.0,1974.0,0
-31.0,-796.0,-141.0,-1121.0,-60.0,2079.0,0
-3.0,-776.0,-265.0,-850.0,-304.0,1971.0,0
21.0,-775.0,-279.0,-857.0,-451.0,1494.0,0
-13.0,-727.0,-216.0,-844.0,-364.0,726.0,0
-44.0,-657.0,-130.0,-504.0,66.0,-33.0,0
-65.0,-591.0,-62.0,162.0,613.0,-600.0,0
-87.0,-536.0,-22.0,926.0,1024.0,-1042.0,0
-95.0,-479.0,1.0,1587.0,1252.0,-1384.0,0
-99.0,-422.0,18.0,2033.0,1338.0,-1606.0,0
-95.0,-373.0,27.0,2216.0,1315.0,-1692.0,0
-81.0,-339.0,35.0,2093.0,1224.0,-1685.0,0
-81.0,-296.0,31.0,1705.0,1091.0,-1637.0,0
-81.0,-267.0,43.0,1120.0,979.0,-1579.0,0
-85.0,-245.0,50.0,418.0,903.0,-1512.0,0
-85.0,-239.0,64.0,-326.0,873.0,-1395.0,0
-67.0,-260.0,74.0,-1029.0,893.0,-1234.0,0
-25.0,-318.0,90.0,-1628.0,959.0,-1079.0,0
23.0,-375.0,105.0,-2082.0,1072.0,-948.0,0
70.0,-428.0,114.0,-2327.0,1220.0,-854.0,0
114.0,-460.0,123.0,-2334.0,1382.0,-771.0,0
150.0,-475.0,116.0,-2144.0,1529.0,-694.0,0
170.0,-471.0,96.0,-1823.0,1644.0,-635.0,0
166.0,-436.0,85.0,-1515.0,1711.0,-567.0,0
170.0,-401.0,28.0,-1122.0,1715.0,-471.0,0
186.0,-370.0,-14.0,-790.0,1647.0,-356.0,0
192.0,-333.0,-47.0,-549.0,1565.0,-258.0,0
195.0,-296.0,-59.0,-364.0,1552.0,-137.0,0
189.0,-249.0,-68.0,-176.0,1637.0,-27.0,0
163.0,-196.0,-69.0,57.0,1793.0,62.0,0
131.0,-133.0,-67.0,359.0,1959.0,132.0,0
127.0,-82.0,-65.0,732.0,2074.0,177.0,0
116.0,-29.0,-62.0,1151.0,2127.0,118.0,0
69.0,40.0,-61.0,1579.0,2134.0,-87.0,0
20.0,125.0,-58.0,1984.0,2090.0,-325.0,0
-50.0,208.0,-51.0,2362.0,1982.0,-458.0,0
-101.0,260.0,-71.0,2707.0,1806.0,-377.0,0
-116.0,269.0,-145.0,2859.0,1564.0,-101.0,0
-111.0,271.0,-179.0,2628.0,1280.0,213.0,0
-107.0,258.0,-212.0,2044.0,963.0,454.0,0
-94.0,197.0,-236.0,1204.0,653.0,601.0,0
-66.0,113.0,-216.0,174.0,403.0,675.0,0
-48.0,41.0,-179.0,-808.0,251.0,697.0,0
-32.0,-45.0,-102.0,-1524.0,210.0,655.0,0
-20.0,-114.0,-31.0,-1844.0,235.0,573.0,0
-42.0,-160.0,-15.0,-1726.0,256.0,488.0,0
-49.0,-176.0,-7.0,-1363.0,265.0,421.0,0
-50.0,-166.0,-4.0,-857.0,253.0,391.0,0
-50.0,-148.0,-5.0,-289.0,217.0,403.0,0
-54.0,-114.0,-4.0,295.0,163.0,459.0,0
-57.0,-87.0,-6.0,845.0,104.0,541.0,0
-67.0,-57.0,-14.0,1306.0,58.0,617.0,0
-73.0,-35.0,-21.0,1625.0,31.0,665.0,0
-73.0,-8.0,-72.0,1750.0,21.0,674.0,0
-62.0,18.0,-156.0,1721.0,38.0,666.0,0
-12.0,48.0,-215.0,1460.0,134.0,641.0,0
35.0,58.0,-328.0,939.0,375.0,607.0,0
107.0,59.0,-381.0,161.0,828.0,559.0,0
185.0,25.0,-467.0,-844.0,1444.0,472.0,0
238.0,-88.0,-510.0,-2012.0,2006.0,278.0,0
249.0,-264.0,-347.0,-3138.0,1917.0,-160.0,0
128.0,-521.0,8.0,-3844.0,824.0,-875.0,0
26.0,-671.0,225.0,-3803.0,-656.0,-1593.0,0
37.0,-808.0,347.0,-3083.0,-1513.0,-1947.0,0
77.0,-903.0,407.0,-1934.0,-1627.0,-2033.0,0
85.0,-997.0,295.0,-547.0,-1374.0,-2097.0,0
64.0,-985.0,18.0,719.0,-884.0,-2178.0,0
2.0,-969.0,-312.0,1432.0,-132.0,-2274.0,0
-137.0,-925.0,-504.0,1143.0,689.0,-2291.0,0
-333.0,-870.0,-483.0,28.0,1203.0,-2040.0,0
-451.0,-824.0,-364.0,-1138.0,1130.0,-1288.0,0
-293.0,-770.0,-200.0,-1715.0,455.0,-119.0,0
-127.0,-730.0,-92.0,-1379.0,-563.0,743.0,0
-11.0,-652.0,-4.0,-377.0,-1434.0,1062.0,0
49.0,-550.0,49.0,950.0,-1967.0,1042.0,0
69.0,-434.0,71.0,2276.0,-2202.0,914.0,0
82.0,-322.0,63.0,3302.0,-2172.0,869.0,0
103.0,-234.0,49.0,3849.0,-1928.0,954.0,0
132.0,-154.0,41.0,3884.0,-1585.0,1094.0,0
168.0,-101.0,29.0,3462.0,-1274.0,1194.0,0
189.0,-65.0,16.0,2653.0,-1052.0,1218.0,0
192.0,-57.0,5.0,1592.0,-924.0,1240.0,0
192.0,-79.0,19.0,462.0,-857.0,1313.0,0
191.0,-131.0,52.0,-350.0,-838.0,1427.0,0
171.0,-206.0,88.0,-1130.0,-857.0,1523.0,0
140.0,-265.0,108.0,-1617.0,-878.0,1568.0,0
97.0,-311.0,114.0,-1872.0,-882.0,1586.0,0
58.0,-335.0,114.0,-1961.0,-896.0,1590.0,0
30.0,-335.0,96.0,-1977.0,-930.0,1605.0,0
9.0,-328.0,69.0,-1989.0,-950.0,1626.0,0
-19.0,-304.0,29.0,-1979.0,-955.0,1617.0,0
-46.0,-290.0,-2.0,-1941.0,-898.0,1609.0,0
-65.0,-271.0,-34.0,-1840.0,-805.0,1572.0,0
-112.0,-269.0,-52.0,-1696.0,-687.0,1493.0,0
-139.0,-267.0,-67.0,-1466.0,-598.0,1402.0,0
-152.0,-271.0,-84.0,-1132.0,-590.0,1292.0,0
-145.0,-265.0,-95.0,-712.0,-663.0,1156.0,0
-139.0,-252.0,-127.0,-205.0,-761.0,979.0,0
-123.0,-223.0,-145.0,345.0,-821.0,764.0,0
-76.0,-179.0,-156.0,848.0,-800.0,537.0,0
-39.0,-119.0,-163.0,1258.0,-716.0,302.0,0
0.0,-55.0,-158.0,1541.0,-595.0,75.0,0
36.0,0.0,-162.0,1720.0,-446.0,-152.0,0
58.0,48.0,-162.0,1782.0,-290.0,-384.0,0
57.0,77.0,-154.0,1706.0,-119.0,-612.0,0
45.0,97.0,-144.0,1521.0,40.0,-808.0,0
22.0,100.0,-123.0,1248.0,153.0,-932.0,0
-18.0,73.0,-92.0,924.0,200.0,-954.0,0
-44.0,44.0,-55.0,607.0,177.0,-864.0,0
-59.0,22.0,-31.0,381.0,75.0,-714.0,0
-62.0,9.0,-16.0,295.0,-71.0,-555.0,0
-58.0,-2.0,-16.0,334.0,-195.0,-394.0,0
-57.0,5.0,-25.0,461.0,-268.0,-258.0,0
-45.0,5.0,-40.0,632.0,-287.0,-164.0,0
-25.0,6.0,-65.0,757.0,-279.0,-125.0,0
-9.0,6.0,-84.0,844.0,-287.0,-145.0,0
4.0,8.0,-84.0,841.0,-335.0,-208.0,0
24.0,16.0,-62.0,763.0,-445.0,-280.0,0
38.0,16.0,-34.0,662.0,-601.0,-370.0,0
45.0,26.0,-12.0,576.0,-768.0,-441.0,0
49.0,23.0,5.0,523.0,-901.0,-483.0,0
47.0,23.0,-15.0,503.0,-967.0,-504.0,0
40.0,29.0,-81.0,469.0,-958.0,-515.0,0
31.0,43.0,-181.0,333.0,-913.0,-517.0,0
5.0,48.0,-278.0,-3.0,-876.0,-532.0,0
-40.0,44.0,-345.0,-605.0,-850.0,-540.0,0
-88.0,14.0,-424.0,-1387.0,-850.0,-464.0,0
-83.0,-55.0,-527.0,-2184.0,-929.0,-251.0,0
-26.0,-223.0,-475.0,-2902.0,-918.0,128.0,0
53.0,-429.0,-211.0,-3341.0,-563.0,656.0,0
58.0,-626.0,109.0,-3307.0,49.0,1135.0,0
-7.0,-786.0,350.0,-2829.0,560.0,1424.0,0
-102.0,-858.0,375.0,-2091.0,643.0,1531.0,0
-155.0,-837.0,222.0,-1287.0,361.0,1560.0,0
-187.0,-810.0,-31.0,-675.0,-43.0,1568.0,0
-149.0,-770.0,-252.0,-645.0,-548.0,1558.0,0
-33.0,-864.0,-419.0,-1145.0,-1147.0,1438.0,0
65.0,-923.0,-431.0,-1863.0,-1548.0,1087.0,0
99.0,-936.0,-338.0,-2246.0,-1336.0,450.0,0
59.0,-879.0,-190.0,-1901.0,-485.0,-307.0,0
14.0,-802.0,-80.0,-756.0,517.0,-890.0,0
-30.0,-704.0,-15.0,813.0,1223.0,-1239.0,0
-64.0,-603.0,20.0,2383.0,1571.0,-1391.0,0
-81.0,-518.0,45.0,3588.0,1700.0,-1424.0,0
-70.0,-438.0,55.0,4169.0,1657.0,-1438.0,0
-63.0,-352.0,61.0,4367.0,1494.0,-1493.0,0
-62.0,-261.0,68.0,4032.0,1179.0,-1570.0,0
-62.0,-165.0,73.0,3270.0,881.0,-1604.0,0
-63.0,-85.0,68.0,2244.0,727.0,-1586.0,0
-55.0,-53.0,56.0,1100.0,755.0,-1489.0,0
-18.0,-83.0,64.0,-37.0,903.0,-1319.0,0
37.0,-160.0,53.0,-1071.0,1091.0,-1193.0,0
68.0,-237.0,61.0,-1916.0,1299.0,-1141.0,0
102.0,-302.0,85.0,-2464.0,1527.0,-1057.0,0
142.0,-348.0,85.0,-2686.0,1740.0,-946.0,0
167.0,-375.0,73.0,-2642.0,1902.0,-813.0,0
182.0,-377.0,54.0,-2469.0,1971.0,-687.0,0
174.0,-362.0,32.0,-2210.0,1965.0,-552.0,0
178.0,-348.0,1.0,-1936.0,1875.0,-419.0,0
179.0,-338.0,-24.0,-1639.0,1785.0,-289.0,0
160.0,-321.0,-53.0,-1333.0,1737.0,-178.0,0
130.0,-300.0,-64.0,-1031.0,1736.0,-90.0,0
86.0,-265.0,-72.0,-700.0,1778.0,-32.0,0
39.0,-223.0,-72.0,-304.0,1830.0,15.0,0
0.0,-179.0,-78.0,142.0,1858.0,79.0,0
-14.0,-134.0,-77.0,593.0,1860.0,156.0,0
-29.0,-88.0,-74.0,1011.0,1855.0,212.0,0
-48.0,-49.0,-69.0,1365.0,1835.0,222.0,0
-61.0,-2.0,-74.0,1639.0,1767.0,198.0,0
-79.0,44.0,-68.0,1803.0,1647.0,150.0,0
-97.0,97.0,-63.0,1875.0,1483.0,125.0,0
-119.0,112.0,-58.0,1879.0,1304.0,143.0,0
-110.0,152.0,-77.0,1808.0,1130.0,214.0,0
-92.0,148.0,-91.0,1622.0,970.0,328.0,0
-47.0,100.0,-121.0,1268.0,822.0,405.0,0
-24.0,45.0,-119.0,847.0,679.0,378.0,0
-9.0,5.0,-94.0,249.0,580.0,312.0,0
1.0,-36.0,-73.0,-220.0,489.0,280.0,0
13.0,-64.0,-56.0,-465.0,438.0,245.0,0
18.0,-85.0,-49.0,-511.0,435.0,190.0,0
11.0,-80.0,-45.0,-415.0,470.0,125.0,0
7.0,-73.0,-41.0,-236.0,524.0,91.0,0
-5.0,-55.0,-34.0,6.0,569.0,95.0,0
-10.0,-37.0,-32.0,300.0,589.0,146.0,0
-17.0,-23.0,-23.0,612.0,588.0,224.0,0
-20.0,-12.0,-19.0,901.0,567.0,302.0,0
-31.0,1.0,-24.0,1117.0,529.0,360.0,0
-37.0,10.0,-99.0,1210.0,485.0,404.0,0
-16.0,17.0,-194.0,1104.0,485.0,437.0,0
29.0,10.0,-241.0,801.0,562.0,430.0,0
83.0,-8.0,-283.0,414.0,703.0,374.0,0
146.0,-36.0,-338.0,-12.0,898.0,276.0,0
197.0,-69.0,-379.0,-559.0,1074.0,158.0,0
238.0,-181.0,-277.0,-1296.0,990.0,-36.0,0
224.0,-346.0,-101.0,-2055.0,469.0,-389.0,0
147.0,-501.0,55.0,-2517.0,-237.0,-862.0,0
115.0,-638.0,175.0,-2555.0,-612.0,-1245.0,0
152.0,-744.0,255.0,-2281.0,-561.0,-1429.0,0
167.0,-824.0,227.0,-1787.0,-367.0,-1579.0,0
159.0,-867.0,32.0,-1275.0,-156.0,-1772.0,0
95.0,-844.0,-233.0,-1089.0,255.0,-1933.0,0
-32.0,-882.0,-393.0,-1398.0,896.0,-1895.0,0
-205.0,-873.0,-401.0,-1963.0,1400.0,-1539.0,0
-320.0,-859.0,-339.0,-2283.0,1343.0,-836.0,0
-266.0,-812.0,-221.0,-2054.0,799.0,61.0,0
-155.0,-748.0,-126.0,-1139.0,140.0,730.0,0
-87.0,-680.0,-52.0,-94.0,-341.0,1001.0,0
-48.0,-591.0,12.0,1302.0,-606.0,1046.0,0
-32.0,-500.0,72.0,2566.0,-874.0,1016.0,0
-18.0,-405.0,107.0,3538.0,-1080.0,978.0,0
-8.0,-326.0,103.0,4100.0,-1206.0,971.0,0
-10.0,-251.0,88.0,4182.0,-1286.0,992.0,0
-2.0,-192.0,64.0,3758.0,-1332.0,1041.0,0
11.0,-174.0,42.0,2893.0,-1350.0,1070.0,0
22.0,-179.0,35.0,1733.0,-1342.0,1061.0,0
-7.0,-219.0,40.0,475.0,-1319.0,1063.0,0
-31.0,-293.0,65.0,-682.0,-1279.0,1115.0,0
-59.0,-373.0,95.0,-1536.0,-1241.0,1175.0,0
-88.0,-431.0,117.0,-1947.0,-1235.0,1185.0,0
-109.0,-454.0,112.0,-1964.0,-1289.0,1157.0,0
-108.0,-446.0,87.0,-1710.0,-1376.0,1133.0,0
-107.0,-416.0,49.0,-1318.0,-1448.0,1119.0,0
-106.0,-375.0,16.0,-922.0,-1488.0,1091.0,0
-97.0,-329.0,-12.0,-586.0,-1489.0,1074.0,0
-90.0,-284.0,-45.0,-327.0,-1430.0,1061.0,0
-69.0,-244.0,-73.0,-167.0,-1307.0,1040.0,0
-54.0,-203.0,-81.0,-71.0,-1167.0,963.0,0
-41.0,-164.0,-100.0,-6.0,-1046.0,835.0,0
-33.0,-136.0,-121.0,32.0,-966.0,668.0,0
-25.0,-108.0,-123.0,42.0,-935.0,501.0,0
-4.0,-81.0,-117.0,49.0,-954.0,394.0,0
25.0,-47.0,-96.0,84.0,-1021.0,317.0,0
69.0,-24.0,-74.0,192.0,-1115.0,231.0,0
106.0,11.0,-56.0,394.0,-1185.0,101.0,0
133.0,42.0,-63.0,656.0,-1187.0,-57.0,0
151.0,71.0,-57.0,906.0,-1088.0,-220.0,0
154.0,79.0,-73.0,1074.0,-918.0,-377.0,0
135.0,85.0,-83.0,1159.0,-747.0,-509.0,0
110.0,70.0,-96.0,1087.0,-518.0,-581.0,0
76.0,38.0,-95.0,869.0,-310.0,-609.0,0
43.0,5.0,-87.0,542.0,-144.0,-614.0,0
15.0,-29.0,-62.0,213.0,-25.0,-590.0,0
1.0,-55.0,-46.0,-8.0,54.0,-535.0,0
-18.0,-70.0,-37.0,-58.0,94.0,-491.0,0
-21.0,-73.0,-37.0,46.0,118.0,-458.0,0
-22.0,-68.0,-50.0,253.0,143.0,-419.0,0
-23.0,-57.0,-74.0,490.0,170.0,-402.0,0
-20.0,-49.0,-88.0,701.0,178.0,-422.0,0
-23.0,-40.0,-104.0,843.0,145.0,-465.0,0
-14.0,-25.0,-108.0,903.0,64.0,-512.0,0
7.0,-22.0,-101.0,887.0,-52.0,-553.0,0
25.0,-17.0,-86.0,823.0,-181.0,-592.0,0
41.0,-13.0,-69.0,752.0,-285.0,-608.0,0
49.0,-8.0,-60.0,697.0,-332.0,-612.0,0
40.0,-4.0,-58.0,656.0,-311.0,-608.0,0
27.0,-4.0,-110.0,626.0,-250.0,-571.0,0
0.0,-4.0,-198.0,537.0,-237.0,-514.0,0
-34.0,-10.0,-272.0,347.0,-321.0,-450.0,0
-99.0,-25.0,-320.0,39.0,-459.0,-351.0,0
-149.0,-48.0,-363.0,-394.0,-517.0,-174.0,0
-165.0,-78.0,-417.0,-984.0,-369.0,86.0,0
-135.0,-163.0,-385.0,-1772.0,3.0,428.0,0
-54.0,-318.0,-187.0,-2557.0,450.0,891.0,0
-24.0,-475.0,56.0,-3006.0,704.0,1315.0,0
-49.0,-619.0,254.0,-3018.0,594.0,1546.0,0
-117.0,-747.0,364.0,-2648.0,145.0,1624.0,0
-179.0,-825.0,349.0,-1916.0,-390.0,1738.0,0
-181.0,-859.0,165.0,-1166.0,-789.0,2016.0,0
-128.0,-865.0,-90.0,-470.0,-998.0,2280.0,0
-8.0,-874.0,-334.0,-411.0,-1200.0,2217.0,0
98.0,-908.0,-393.0,-824.0,-1371.0,1803.0,0
122.0,-893.0,-336.0,-1239.0,-1285.0,855.0,0
60.0,-813.0,-206.0,-1162.0,-664.0,-252.0,0
10.0,-729.0,-87.0,-411.0,246.0,-1113.0,0
-30.0,-638.0,-5.0,761.0,939.0,-1677.0,0
-62.0,-545.0,45.0,2025.0,1258.0,-2029.0,0
-81.0,-453.0,72.0,3116.0,1329.0,-2201.0,0
-70.0,-372.0,81.0,3802.0,1244.0,-2218.0,0
-51.0,-291.0,73.0,3916.0,1034.0,-2144.0,0
-33.0,-214.0,63.0,3442.0,786.0,-2056.0,0
-29.0,-144.0,66.0,2541.0,626.0,-1994.0,0
-46.0,-91.0,57.0,1440.0,637.0,-1932.0,0
-64.0,-80.0,60.0,296.0,800.0,-1787.0,0
-66.0,-124.0,66.0,-781.0,1042.0,-1537.0,0
-10.0,-221.0,82.0,-1710.0,1276.0,-1297.0,0
20.0,-306.0,97.0,-2399.0,1433.0,-1151.0,0
50.0,-376.0,109.0,-2778.0,1545.0,-1047.0,0
73.0,-434.0,114.0,-2869.0,1619.0,-951.0,0
101.0,-472.0,104.0,-2738.0,1642.0,-860.0,0
112.0,-474.0,97.0,-2476.0,1621.0,-785.0,0
119.0,-454.0,80.0,-2142.0,1575.0,-726.0,0
131.0,-424.0,45.0,-1763.0,1525.0,-661.0,0
150.0,-389.0,11.0,-1392.0,1509.0,-583.0,0
159.0,-350.0,-22.0,-1069.0,1550.0,-506.0,0
159.0,-303.0,-42.0,-790.0,1644.0,-426.0,0
154.0,-253.0,-47.0,-532.0,1788.0,-358.0,0
137.0,-208.0,-64.0,-298.0,1965.0,-283.0,0
139.0,-169.0,-69.0,-127.0,2155.0,-177.0,0
139.0,-134.0,-70.0,93.0,2322.0,-72.0,0
143.0,-93.0,-65.0,347.0,2436.0,-39.0,0
112.0,-49.0,-66.0,642.0,2532.0,-84.0,0
73.0,7.0,-63.0,967.0,2551.0,-216.0,0
12.0,77.0,-67.0,1348.0,2472.0,-357.0,0
-57.0,152.0,-73.0,1743.0,2272.0,-395.0,0
-118.0,204.0,-97.0,2084.0,1951.0,-267.0,0
-140.0,225.0,-147.0,2253.0,1553.0,3.0,0
-133.0,224.0,-199.0,2128.0,1140.0,296.0,0
-97.0,168.0,-225.0,1659.0,758.0,500.0,0
-60.0,103.0,-208.0,900.0,438.0,557.0,0
-35.0,43.0,-168.0,32.0,209.0,533.0,0
-23.0,-9.0,-108.0,-682.0,118.0,501.0,0
-20.0,-58.0,-47.0,-1074.0,140.0,463.0,0
-26.0,-95.0,-24.0,-1100.0,201.0,408.0,0
-35.0,-108.0,-5.0,-897.0,277.0,362.0,0
-42.0,-104.0,0.0,-554.0,343.0,346.0,0
-54.0,-92.0,2.0,-151.0,401.0,374.0,0
-63.0,-73.0,3.0,252.0,447.0,425.0,0
-75.0,-63.0,10.0,604.0,470.0,471.0,0
-81.0,-53.0,14.0,873.0,453.0,500.0,0
-93.0,-51.0,-1.0,1042.0,387.0,509.0,0
-91.0,-31.0,-36.0,1083.0,288.0,514.0,0
-75.0,-7.0,-183.0,956.0,215.0,522.0,0
-36.0,8.0,-275.0,612.0,267.0,511.0,0
11.0,12.0,-394.0,99.0,538.0,468.0,0
87.0,-9.0,-393.0,-451.0,1008.0,423.0,0
182.0,-85.0,-415.0,-928.0,1503.0,346.0,0
231.0,-214.0,-308.0,-1430.0,1683.0,169.0,0
215.0,-385.0,-113.0,-1803.0,1098.0,-254.0,0
121.0,-537.0,48.0,-2048.0,-127.0,-885.0,0
47.0,-637.0,187.0,-1947.0,-1040.0,-1374.0,0
57.0,-734.0,292.0,-1527.0,-1590.0,-1529.0,0
96.0,-820.0,340.0,-898.0,-1627.0,-1560.0,0
97.0,-879.0,249.0,-112.0,-1540.0,-1657.0,0
58.0,-876.0,12.0,632.0,-1310.0,-1846.0,0
-11.0,-866.0,-251.0,896.0,-728.0,-1911.0,0
-152.0,-828.0,-359.0,397.0,35.0,-1805.0,0
-277.0,-796.0,-368.0,-571.0,562.0,-1406.0,0
-304.0,-752.0,-278.0,-1472.0,573.0,-685.0,0
-193.0,-694.0,-163.0,-1793.0,110.0,114.0,0
-115.0,-628.0,-83.0,-1382.0,-537.0,609.0,0
-53.0,-558.0,-5.0,-502.0,-1107.0,836.0,0
-19.0,-483.0,52.0,567.0,-1536.0,918.0,0
-25.0,-394.0,76.0,1594.0,-1806.0,950.0,0
-8.0,-324.0,84.0,2389.0,-1905.0,1008.0,0
5.0,-244.0,81.0,2833.0,-1883.0,1111.0,0
33.0,-192.0,67.0,2889.0,-1796.0,1206.0,0
58.0,-158.0,47.0,2557.0,-1682.0,1263.0,0
68.0,-142.0,31.0,1908.0,-1570.0,1312.0,0
80.0,-139.0,23.0,1029.0,-1466.0,1352.0,0
77.0,-169.0,30.0,42.0,-1389.0,1376.0,0
53.0,-244.0,45.0,-904.0,-1366.0,1373.0,0
17.0,-320.0,83.0,-1693.0,-1375.0,1322.0,0
-10.0,-380.0,113.0,-2183.0,-1427.0,1237.0,0
-25.0,-419.0,121.0,-2352.0,-1519.0,1155.0,0
-32.0,-423.0,112.0,-2287.0,-1603.0,1108.0,0
-44.0,-398.0,94.0,-2105.0,-1649.0,1082.0,0
-61.0,-365.0,63.0,-1871.0,-1637.0,1065.0,0
-80.0,-329.0,38.0,-1635.0,-1579.0,1036.0,0
-90.0,-301.0,4.0,-1440.0,-1487.0,994.0,0
-109.0,-267.0,-21.0,-1335.0,-1399.0,914.0,0
-131.0,-248.0,-43.0,-1248.0,-1355.0,813.0,0
-145.0,-226.0,-68.0,-1160.0,-1381.0,699.0,0
-177.0,-209.0,-102.0,-1042.0,-1494.0,588.0,0
-179.0,-187.0,-131.0,-894.0,-1655.0,437.0,0
-167.0,-161.0,-146.0,-676.0,-1831.0,300.0,0
-112.0,-115.0,-146.0,-329.0,-1983.0,203.0,0
-48.0,-48.0,-144.0,150.0,-2040.0,141.0,0
32.0,23.0,-149.0,674.0,-1943.0,95.0,0
107.0,75.0,-154.0,1163.0,-1677.0,23.0,0
169.0,122.0,-165.0,1524.0,-1296.0,-118.0,0
193.0,138.0,-184.0,1677.0,-896.0,-336.0,0
191.0,135.0,-189.0,1588.0,-534.0,-585.0,0
152.0,101.0,-186.0,1258.0,-243.0,-801.0,0
109.0,52.0,-161.0,746.0,-33.0,-900.0,0
94.0,5.0,-112.0,208.0,81.0,-869.0,0
88.0,-34.0,-69.0,-176.0,89.0,-793.0,0
64.0,-61.0,-36.0,-325.0,26.0,-704.0,0
53.0,-74.0,-19.0,-233.0,-65.0,-592.0,0
36.0,-77.0,-17.0,48.0,-160.0,-470.0,0
26.0,-81.0,-26.0,411.0,-240.0,-346.0,0
19.0,-71.0,-49.0,753.0,-296.0,-247.0,0
11.0,-45.0,-82.0,1008.0,-318.0,-187.0,0
6.0,-23.0,-100.0,1134.0,-304.0,-164.0,0
18.0,-11.0,-99.0,1118.0,-276.0,-169.0,0
20.0,-4.0,-99.0,1010.0,-257.0,-190.0,0
32.0,7.0,-88.0,860.0,-253.0,-222.0,0
31.0,10.0,-86.0,715.0,-265.0,-261.0,0
30.0,8.0,-132.0,583.0,-303.0,-306.0,0
13.0,16.0,-212.0,401.0,-416.0,-371.0,0
-28.0,22.0,-274.0,189.0,-624.0,-431.0,0
-86.0,27.0,-309.0,-156.0,-810.0,-428.0,0
-137.0,23.0,-333.0,-577.0,-931.0,-291.0,0
-135.0,-10.0,-399.0,-1062.0,-833.0,-104.0,0
-116.0,-125.0,-372.0,-1624.0,-539.0,159.0,0
-75.0,-303.0,-211.0,-2052.0,-106.0,479.0,0
-35.0,-467.0,32.0,-2164.0,294.0,850.0,0
-32.0,-598.0,216.0,-1964.0,440.0,1145.0,0
-68.0,-690.0,307.0,-1571.0,242.0,1288.0,0
-100.0,-746.0,271.0,-998.0,-133.0,1417.0,0
-93.0,-768.0,109.0,-449.0,-453.0,1637.0,0
-37.0,-736.0,-112.0,-277.0,-744.0,1842.0,0
30.0,-738.0,-275.0,-556.0,-1109.0,1865.0,0
88.0,-800.0,-352.0,-1177.0,-1393.0,1633.0,0
77.0,-843.0,-330.0,-1876.0,-1315.0,1095.0,0
13.0,-842.0,-239.0,-2243.0,-712.0,370.0,0
-52.0,-794.0,-135.0,-1991.0,171.0,-342.0,0
-106.0,-731.0,-59.0,-1148.0,918.0,-894.0,0
-132.0,-661.0,-9.0,23.0,1327.0,-1259.0,0
-127.0,-587.0,24.0,1247.0,1451.0,-1477.0,0
-104.0,-516.0,35.0,2281.0,1402.0,-1597.0,0
-71.0,-445.0,30.0,2925.0,1248.0,-1678.0,0
-46.0,-360.0,27.0,3091.0,1063.0,-1750.0,0
-34.0,-269.0,22.0,2807.0,912.0,-1794.0,0
-37.0,-177.0,19.0,2187.0,814.0,-1793.0,0
-44.0,-120.0,19.0,1350.0,778.0,-1727.0,0
-45.0,-86.0,16.0,413.0,802.0,-1596.0,0
-21.0,-124.0,18.0,-525.0,881.0,-1406.0,0
19.0,-204.0,35.0,-1381.0,996.0,-1233.0,0
56.0,-282.0,56.0,-1936.0,1140.0,-1078.0,0
101.0,-374.0,88.0,-2392.0,1319.0,-921.0,0
123.0,-421.0,93.0,-2571.0,1468.0,-772.0,0
129.0,-444.0,89.0,-2534.0,1620.0,-665.0,0
130.0,-446.0,75.0,-2342.0,1710.0,-556.0,0
127.0,-425.0,58.0,-2043.0,1737.0,-449.0,0
127.0,-401.0,30.0,-1666.0,1719.0,-337.0,0
125.0,-374.0,1.0,-1272.0,1675.0,-227.0,0
113.0,-352.0,-18.0,-903.0,1652.0,-127.0,0
102.0,-312.0,-38.0,-559.0,1683.0,-36.0,0
77.0,-278.0,-49.0,-230.0,1764.0,47.0,0
48.0,-233.0,-57.0,85.0,1861.0,139.0,0
33.0,-185.0,-51.0,424.0,1930.0,260.0,0
40.0,-134.0,-58.0,843.0,1921.0,359.0,0
63.0,-88.0,-74.0,1324.0,1835.0,364.0,0
64.0,-27.0,-86.0,1792.0,1714.0,231.0,0
44.0,48.0,-93.0,2201.0,1593.0,13.0,0
9.0,146.0,-80.0,2532.0,1467.0,-173.0,0
-25.0,228.0,-88.0,2809.0,1337.0,-234.0,0
-51.0,283.0,-96.0,2926.0,1177.0,-142.0,0
-65.0,306.0,-167.0,2761.0,1002.0,49.0,0
-70.0,286.0,-200.0,2200.0,840.0,243.0,0
-58.0,213.0,-206.0,1279.0,711.0,366.0,0
-22.0,133.0,-168.0,154.0,613.0,405.0,0
-5.0,61.0,-117.0,-857.0,548.0,367.0,0
-4.0,-21.0,-33.0,-1519.0,527.0,302.0,0
-7.0,-86.0,-13.0,-1712.0,528.0,245.0,0
-16.0,-127.0,-8.0,-1575.0,537.0,199.0,0
-28.0,-144.0,-10.0,-1229.0,530.0,160.0,0
-34.0,-143.0,-20.0,-771.0,531.0,154.0,0
-34.0,-131.0,-43.0,-363.0,560.0,189.0,0
-41.0,-110.0,-52.0,146.0,611.0,263.0,0
-52.0,-88.0,-66.0,612.0,647.0,356.0,0
-52.0,-61.0,-87.0,986.0,672.0,436.0,0
-54.0,-37.0,-152.0,1194.0,665.0,510.0,0
-34.0,-7.0,-232.0,1177.0,666.0,563.0,0
5.0,2.0,-284.0,952.0,700.0,598.0,0
58.0,3.0,-302.0,598.0,780.0,597.0,0
130.0,-13.0,-337.0,169.0,928.0,564.0,0
204.0,-92.0,-378.0,-397.0,1145.0,445.0,0
230.0,-225.0,-274.0,-1122.0,1213.0,169.0,0
188.0,-382.0,-77.0,-1783.0,837.0,-314.0,0
69.0,-515.0,65.0,-2131.0,-4.0,-912.0,0
2.0,-644.0,152.0,-2095.0,-807.0,-1378.0,0
24.0,-745.0,227.0,-1734.0,-1015.0,-1547.0,0
67.0,-836.0,259.0,-1079.0,-729.0,-1618.0,0
54.0,-879.0,147.0,-274.0,-311.0,-1809.0,0
-26.0,-839.0,-83.0,334.0,109.0,-2077.0,0
-131.0,-785.0,-314.0,445.0,491.0,-2232.0,0
-276.0,-757.0,-429.0,-39.0,692.0,-2126.0,0
-380.0,-765.0,-421.0,-840.0,541.0,-1604.0,0
-345.0,-751.0,-307.0,-1475.0,88.0,-686.0,0
-189.0,-718.0,-184.0,-1444.0,-522.0,207.0,0
-87.0,-671.0,-106.0,-689.0,-1092.0,661.0,0
-25.0,-605.0,-50.0,470.0,-1471.0,817.0,0
9.0,-527.0,4.0,1718.0,-1672.0,865.0,0
38.0,-446.0,43.0,2809.0,-1731.0,909.0,0
66.0,-366.0,61.0,3587.0,-1673.0,981.0,0
98.0,-270.0,59.0,3940.0,-1546.0,1061.0,0
127.0,-200.0,42.0,3842.0,-1384.0,1105.0,0
147.0,-144.0,22.0,3436.0,-1221.0,1095.0,0
158.0,-112.0,11.0,2608.0,-1119.0,1046.0,0
149.0,-112.0,-3.0,1558.0,-1041.0,1009.0,0
137.0,-143.0,10.0,433.0,-1034.0,1013.0,0
118.0,-226.0,41.0,-623.0,-1081.0,1081.0,0
82.0,-313.0,97.0,-1480.0,-1150.0,1172.0,0
44.0,-386.0,139.0,-2020.0,-1225.0,1208.0,0
-2.0,-439.0,165.0,-2217.0,-1312.0,1224.0,0
-36.0,-454.0,153.0,-2151.0,-1392.0,1251.0,0
-64.0,-445.0,122.0,-1946.0,-1412.0,1301.0,0
-91.0,-431.0,77.0,-1676.0,-1374.0,1344.0,0
-112.0,-397.0,26.0,-1397.0,-1280.0,1347.0,0
-125.0,-361.0,-24.0,-1166.0,-1131.0,1297.0,0
-122.0,-339.0,-69.0,-1025.0,-889.0,1261.0,0
-142.0,-314.0,-87.0,-901.0,-663.0,1170.0,0
-144.0,-287.0,-85.0,-728.0,-509.0,1018.0,0
-135.0,-256.0,-84.0,-465.0,-471.0,818.0,0
-126.0,-217.0,-92.0,-139.0,-553.0,581.0,0
-109.0,-180.0,-110.0,210.0,-730.0,327.0,0
-78.0,-134.0,-112.0,522.0,-932.0,69.0,0
-34.0,-78.0,-96.0,792.0,-1120.0,-144.0,0
14.0,0.0,-68.0,1060.0,-1278.0,-294.0,0
73.0,82.0,-48.0,1344.0,-1386.0,-370.0,0
125.0,150.0,-40.0,1664.0,-1430.0,-399.0,0
153.0,204.0,-51.0,1952.0,-1412.0,-434.0,0
151.0,209.0,-87.0,2114.0,-1340.0,-510.0,0
118.0,207.0,-126.0,2004.0,-1211.0,-605.0,0
59.0,181.0,-155.0,1584.0,-1049.0,-635.0,0
9.0,111.0,-158.0,925.0,-887.0,-569.0,0
-17.0,43.0,-139.0,192.0,-763.0,-460.0,0
-36.0,-17.0,-95.0,-289.0,-694.0,-358.0,0
-42.0,-64.0,-80.0,-606.0,-670.0,-284.0,0
-45.0,-92.0,-79.0,-601.0,-638.0,-236.0,0
-42.0,-97.0,-95.0,-397.0,-577.0,-181.0,0
-41.0,-99.0,-102.0,-104.0,-489.0,-140.0,0
-44.0,-93.0,-120.0,187.0,-396.0,-124.0,0
-44.0,-76.0,-127.0,425.0,-340.0,-150.0,0
-39.0,-57.0,-123.0,621.0,-363.0,-219.0,0
-18.0,-33.0,-111.0,793.0,-467.0,-310.0,0
0.0,-22.0,-92.0,934.0,-637.0,-389.0,0
12.0,-12.0,-82.0,1032.0,-833.0,-464.0,0
29.0,-5.0,-70.0,1100.0,-1000.0,-539.0,0
31.0,-7.0,-57.0,1132.0,-1100.0,-605.0,0
37.0,-9.0,-68.0,1149.0,-1125.0,-653.0,0
33.0,-12.0,-122.0,1130.0,-1105.0,-686.0,0
6.0,-22.0,-179.0,1032.0,-1099.0,-699.0,0
-37.0,-32.0,-225.0,830.0,-1132.0,-677.0,0
-83.0,-48.0,-310.0,511.0,-1102.0,-561.0,0
-99.0,-61.0,-372.0,-30.0,-840.0,-309.0,0
-72.0,-138.0,-343.0,-818.0,-486.0,12.0,0
-27.0,-275.0,-156.0,-1581.0,-198.0,377.0,0
26.0,-420.0,60.0,-2011.0,118.0,785.0,0
50.0,-553.0,211.0,-2172.0,370.0,1140.0,0
45.0,-638.0,256.0,-2184.0,384.0,1372.0,0
24.0,-693.0,204.0,-1987.0,198.0,1553.0,0
30.0,-758.0,15.0,-1714.0,-10.0,1832.0,0
63.0,-760.0,-138.0,-1679.0,-260.0,2112.0,0
133.0,-834.0,-241.0,-1885.0,-642.0,2209.0,0
188.0,-885.0,-290.0,-2156.0,-947.0,1947.0,0
197.0,-933.0,-287.0,-2227.0,-792.0,1320.0,0
120.0,-907.0,-209.0,-1979.0,-251.0,479.0,0
18.0,-829.0,-106.0,-1210.0,689.0,-293.0,0
-68.0,-753.0,-34.0,14.0,1440.0,-723.0,0
-126.0,-671.0,19.0,1404.0,1783.0,-1053.0,0
-151.0,-586.0,39.0,2680.0,1826.0,-1246.0,0
-145.0,-498.0,39.0,3603.0,1722.0,-1393.0,0
-115.0,-406.0,36.0,4009.0,1531.0,-1509.0,0
-94.0,-316.0,22.0,3860.0,1303.0,-1589.0,0
-86.0,-232.0,23.0,3230.0,1111.0,-1631.0,0
-108.0,-154.0,36.0,2274.0,1030.0,-1632.0,0
-142.0,-105.0,51.0,1187.0,1073.0,-1570.0,0
-167.0,-94.0,75.0,109.0,1193.0,-1459.0,0
-169.0,-143.0,102.0,-856.0,1329.0,-1322.0,0
-99.0,-238.0,126.0,-1614.0,1448.0,-1220.0,0
-21.0,-336.0,151.0,-2104.0,1506.0,-1203.0,0
22.0,-393.0,148.0,-2303.0,1529.0,-1204.0,0
62.0,-420.0,133.0,-2271.0,1546.0,-1199.0,0
86.0,-431.0,100.0,-2088.0,1558.0,-1185.0,0
96.0,-414.0,69.0,-1813.0,1555.0,-1178.0,0
97.0,-398.0,47.0,-1494.0,1535.0,-1161.0,0
102.0,-372.0,30.0,-1160.0,1500.0,-1105.0,0
112.0,-347.0,-4.0,-857.0,1454.0,-1027.0,0
119.0,-314.0,-24.0,-614.0,1429.0,-939.0,0
122.0,-276.0,-42.0,-391.0,1473.0,-841.0,0
113.0,-239.0,-57.0,-149.0,1590.0,-716.0,0
91.0,-193.0,-73.0,136.0,1746.0,-563.0,0
69.0,-153.0,-89.0,451.0,1881.0,-391.0,0
51.0,-115.0,-102.0,783.0,1960.0,-259.0,0
30.0,-71.0,-103.0,1055.0,1988.0,-217.0,0
16.0,-27.0,-98.0,1397.0,1993.0,-269.0,0
-3.0,32.0,-90.0,1737.0,1975.0,-382.0,0
-36.0,89.0,-76.0,2071.0,1927.0,-471.0,0
-70.0,153.0,-70.0,2377.0,1822.0,-525.0,0
-74.0,171.0,-92.0,2596.0,1648.0,-458.0,0
-70.0,178.0,-128.0,2601.0,1436.0,-304.0,0
-37.0,150.0,-147.0,2293.0,1221.0,-115.0,0
-28.0,123.0,-140.0,1673.0,1025.0,33.0,0
11.0,54.0,-127.0,868.0,867.0,166.0,0
40.0,-8.0,-87.0,-5.0,746.0,288.0,0
56.0,-61.0,-46.0,-750.0,650.0,352.0,0
54.0,-118.0,-4.0,-1230.0,588.0,360.0,0
50.0,-154.0,30.0,-1387.0,546.0,337.0,0
49.0,-170.0,28.0,-1192.0,499.0,315.0,0
50.0,-168.0,15.0,-749.0,459.0,312.0,0
47.0,-148.0,-14.0,-182.0,426.0,337.0,0
38.0,-108.0,-33.0,399.0,413.0,406.0,0
30.0,-64.0,-47.0,916.0,429.0,519.0,0
17.0,-36.0,-50.0,1344.0,457.0,650.0,0
-11.0,-5.0,-42.0,1675.0,462.0,760.0,0
-30.0,19.0,-55.0,1889.0,429.0,839.0,0
-43.0,35.0,-107.0,1947.0,373.0,893.0,0
-29.0,36.0,-182.0,1805.0,345.0,919.0,0
6.0,9.0,-287.0,1473.0,388.0,888.0,0
77.0,-26.0,-267.0,984.0,556.0,801.0,0
143.0,-64.0,-289.0,382.0,793.0,623.0,0
172.0,-113.0,-319.0,-399.0,1022.0,309.0,0
172.0,-214.0,-204.0,-1441.0,992.0,-117.0,0
113.0,-364.0,-73.0,-2292.0,391.0,-701.0,0
2.0,-495.0,12.0,-3106.0,-375.0,-1318.0,0
-47.0,-624.0,114.0,-3484.0,-1121.0,-1635.0,0
-47.0,-786.0,215.0,-3376.0,-1380.0,-1772.0,0
-39.0,-931.0,254.0,-2850.0,-1348.0,-1877.0,0
-94.0,-1023.0,129.0,-1980.0,-1057.0,-2177.0,0
-196.0,-999.0,-87.0,-1126.0,-419.0,-2411.0,0
-330.0,-957.0,-271.0,-743.0,255.0,-2361.0,0
-436.0,-895.0,-323.0,-889.0,582.0,-1943.0,0
-455.0,-833.0,-269.0,-1136.0,392.0,-1168.0,0
-280.0,-747.0,-144.0,-1021.0,-210.0,-225.0,0
-134.0,-666.0,-58.0,-338.0,-963.0,402.0,0
-31.0,-582.0,14.0,721.0,-1555.0,712.0,0
46.0,-470.0,70.0,1897.0,-1965.0,835.0,0
71.0,-380.0,83.0,2963.0,-2227.0,887.0,0
80.0,-291.0,78.0,3717.0,-2316.0,928.0,0
88.0,-212.0,64.0,4015.0,-2252.0,986.0,0
123.0,-150.0,40.0,3765.0,-2111.0,1071.0,0
166.0,-111.0,32.0,3022.0,-1944.0,1166.0,0
201.0,-100.0,22.0,1961.0,-1749.0,1247.0,0
225.0,-114.0,38.0,781.0,-1537.0,1306.0,0
232.0,-164.0,64.0,-355.0,-1358.0,1365.0,0
199.0,-249.0,100.0,-1322.0,-1276.0,1406.0,0
143.0,-345.0,137.0,-2041.0,-1272.0,1383.0,0
83.0,-407.0,174.0,-2440.0,-1283.0,1339.0,0
41.0,-443.0,189.0,-2499.0,-1342.0,1328.0,0
13.0,-438.0,178.0,-2337.0,-1429.0,1344.0,0
-18.0,-415.0,156.0,-2064.0,-1484.0,1376.0,0
-41.0,-376.0,133.0,-1759.0,-1512.0,1381.0,0
-81.0,-341.0,88.0,-1492.0,-1525.0,1354.0,0
-100.0,-299.0,49.0,-1309.0,-1510.0,1298.0,0
-127.0,-273.0,-3.0,-1233.0,-1399.0,1254.0,0
-167.0,-251.0,-56.0,-1180.0,-1264.0,1187.0,0
-162.0,-237.0,-79.0,-1169.0,-1011.0,1142.0,0
-175.0,-237.0,-83.0,-1181.0,-703.0,1073.0,0
-185.0,-235.0,-95.0,-1094.0,-503.0,903.0,0
-191.0,-232.0,-112.0,-881.0,-435.0,653.0,0
-186.0,-216.0,-124.0,-559.0,-470.0,359.0,0
-172.0,-191.0,-129.0,-133.0,-582.0,74.0,0
-141.0,-132.0,-125.0,356.0,-738.0,-167.0,0
-102.0,-64.0,-126.0,845.0,-909.0,-346.0,0
-33.0,27.0,-113.0,1293.0,-1045.0,-449.0,0
36.0,118.0,-113.0,1701.0,-1106.0,-509.0,0
110.0,164.0,-114.0,2008.0,-1089.0,-583.0,0
138.0,208.0,-139.0,2108.0,-1010.0,-715.0,0
150.0,227.0,-151.0,1901.0,-859.0,-889.0,0
129.0,223.0,-160.0,1406.0,-678.0,-1037.0,0
80.0,175.0,-158.0,716.0,-500.0,-1081.0,0
61.0,109.0,-134.0,-51.0,-338.0,-984.0,0
51.0,53.0,-85.0,-651.0,-247.0,-867.0,0
46.0,6.0,-55.0,-913.0,-218.0,-773.0,0
35.0,-44.0,-39.0,-855.0,-204.0,-690.0,0
37.0,-62.0,-37.0,-576.0,-188.0,-598.0,0
38.0,-75.0,-40.0,-187.0,-166.0,-500.0,0
43.0,-76.0,-40.0,209.0,-147.0,-426.0,0
39.0,-71.0,-47.0,557.0,-136.0,-388.0,0
37.0,-58.0,-48.0,814.0,-145.0,-378.0,0
37.0,-45.0,-44.0,966.0,-191.0,-392.0,0
38.0,-34.0,-42.0,1016.0,-272.0,-409.0,0
30.0,-23.0,-44.0,991.0,-377.0,-433.0,0
25.0,-16.0,-56.0,926.0,-479.0,-451.0,0
15.0,-2.0,-124.0,856.0,-568.0,-465.0,0
-16.0,9.0,-198.0,673.0,-649.0,-477.0,0
-54.0,13.0,-269.0,326.0,-779.0,-491.0,0
-101.0,16.0,-338.0,-177.0,-919.0,-485.0,0
-162.0,9.0,-403.0,-827.0,-1026.0,-386.0,0
-173.0,-30.0,-521.0,-1604.0,-1019.0,-136.0,0
-159.0,-161.0,-532.0,-2457.0,-839.0,239.0,0
-84.0,-356.0,-346.0,-3144.0,-371.0,759.0,0
16.0,-612.0,24.0,-3400.0,299.0,1315.0,0
43.0,-797.0,330.0,-3143.0,844.0,1699.0,0
20.0,-897.0,495.0,-2344.0,926.0,1826.0,0
-21.0,-916.0,413.0,-1081.0,355.0,1705.0,0
-7.0,-838.0,147.0,185.0,-552.0,1564.0,0
45.0,-822.0,-164.0,864.0,-1388.0,1547.0,0
140.0,-779.0,-364.0,650.0,-1988.0,1714.0,0
268.0,-850.0,-445.0,-170.0,-2221.0,1775.0,0
286.0,-888.0,-415.0,-1138.0,-1961.0,1346.0,0
130.0,-822.0,-269.0,-1721.0,-1122.0,513.0,0
-14.0,-747.0,-145.0,-1502.0,117.0,-209.0,0
-125.0,-677.0,-58.0,-621.0,1194.0,-644.0,0
-195.0,-601.0,-4.0,568.0,1768.0,-894.0,0
-217.0,-523.0,31.0,1685.0,1843.0,-1065.0,0
-209.0,-454.0,43.0,2444.0,1569.0,-1237.0,0
-196.0,-393.0,35.0,2708.0,1143.0,-1450.0,0
-194.0,-317.0,28.0,2517.0,716.0,-1685.0,0
-198.0,-246.0,36.0,2004.0,375.0,-1870.0,0
-209.0,-175.0,41.0,1313.0,131.0,-1936.0,0
-230.0,-123.0,48.0,574.0,-41.0,-1877.0,0
-236.0,-121.0,57.0,-98.0,-156.0,-1741.0,0
-183.0,-179.0,54.0,-549.0,-208.0,-1541.0,0
-102.0,-259.0,48.0,-1014.0,-221.0,-1366.0,0
-41.0,-323.0,54.0,-1382.0,-179.0,-1239.0,0
-2.0,-375.0,51.0,-1607.0,-55.0,-1177.0,0
20.0,-410.0,51.0,-1692.0,95.0,-1136.0,0
35.0,-427.0,50.0,-1672.0,223.0,-1109.0,0
47.0,-438.0,52.0,-1570.0,309.0,-1083.0,0
50.0,-430.0,49.0,-1406.0,342.0,-1055.0,0
51.0,-419.0,51.0,-1209.0,323.0,-1017.0,0
58.0,-409.0,56.0,-987.0,281.0,-941.0,0
82.0,-399.0,43.0,-747.0,230.0,-821.0,0
99.0,-383.0,29.0,-511.0,197.0,-666.0,0
119.0,-364.0,15.0,-288.0,209.0,-491.0,0
126.0,-342.0,7.0,-61.0,283.0,-330.0,0
116.0,-305.0,-1.0,196.0,443.0,-204.0,0
103.0,-258.0,7.0,508.0,658.0,-116.0,0
107.0,-219.0,-11.0,902.0,844.0,-72.0,0
93.0,-149.0,-20.0,1327.0,942.0,-137.0,0
77.0,-78.0,-20.0,1729.0,935.0,-329.0,0
33.0,24.0,-18.0,2126.0,841.0,-600.0,0
-37.0,146.0,-13.0,2554.0,672.0,-825.0,0
-88.0,243.0,-35.0,2958.0,457.0,-855.0,0
-117.0,311.0,-74.0,3216.0,228.0,-643.0,0
-91.0,329.0,-147.0,3178.0,21.0,-281.0,0
-46.0,344.0,-177.0,2723.0,-150.0,45.0,0
-18.0,341.0,-191.0,2029.0,-234.0,225.0,0
9.0,284.0,-213.0,1258.0,-200.0,305.0,0
24.0,202.0,-207.0,414.0,-100.0,325.0,0
26.0,131.0,-175.0,-390.0,-20.0,314.0,0
18.0,65.0,-132.0,-994.0,-16.0,301.0,0
11.0,8.0,-86.0,-1276.0,-92.0,293.0,0
1.0,-46.0,-63.0,-1348.0,-210.0,293.0,0
-2.0,-74.0,-52.0,-1190.0,-302.0,313.0,0
-7.0,-95.0,-52.0,-879.0,-379.0,348.0,0
-12.0,-102.0,-56.0,-490.0,-414.0,417.0,0
-18.0,-100.0,-56.0,-98.0,-427.0,495.0,0
-33.0,-99.0,-54.0,235.0,-436.0,568.0,0
-58.0,-93.0,-40.0,476.0,-468.0,636.0,0
-78.0,-90.0,-42.0,637.0,-527.0,716.0,0
-75.0,-86.0,-46.0,724.0,-611.0,803.0,0
-69.0,-74.0,-112.0,724.0,-706.0,858.0,0
-52.0,-69.0,-174.0,605.0,-765.0,864.0,0
-25.0,-69.0,-278.0,387.0,-739.0,837.0,0
22.0,-66.0,-453.0,120.0,-629.0,767.0,0
56.0,-84.0,-683.0,-413.0,-383.0,637.0,0
102.0,-202.0,-614.0,-1466.0,-104.0,383.0,0
79.0,-418.0,-259.0,-2608.0,-318.0,-130.0,0
-51.0,-625.0,9.0,-3135.0,-985.0,-810.0,0
-103.0,-812.0,149.0,-3029.0,-1343.0,-1277.0,0
-67.0,-965.0,189.0,-2626.0,-1256.0,-1439.0,0
-83.0,-1010.0,101.0,-2003.0,-1153.0,-1628.0,0
-98.0,-1008.0,-153.0,-1228.0,-1169.0,-1967.0,0
-99.0,-963.0,-390.0,-760.0,-1054.0,-2312.0,0
-101.0,-938.0,-405.0,-896.0,-734.0,-2426.0,0
-150.0,-880.0,-255.0,-1093.0,-504.0,-2160.0,0
-126.0,-794.0,-120.0,-749.0,-637.0,-1547.0,0
-27.0,-694.0,-59.0,105.0,-1028.0,-906.0,0
53.0,-609.0,-49.0,1068.0,-1390.0,-384.0,0
103.0,-527.0,-28.0,1852.0,-1632.0,42.0,0
119.0,-443.0,9.0,2374.0,-1797.0,384.0,0
103.0,-367.0,42.0,2651.0,-1905.0,662.0,0
84.0,-307.0,58.0,2710.0,-1887.0,892.0,0
66.0,-259.0,87.0,2608.0,-1770.0,1079.0,0
56.0,-228.0,109.0,2322.0,-1566.0,1192.0,0
46.0,-210.0,123.0,1876.0,-1391.0,1288.0,0
29.0,-196.0,132.0,1302.0,-1301.0,1313.0,0
3.0,-193.0,139.0,649.0,-1315.0,1286.0,0
-12.0,-207.0,138.0,7.0,-1411.0,1238.0,0
-31.0,-241.0,128.0,-550.0,-1539.0,1195.0,0
-40.0,-310.0,107.0,-1027.0,-1630.0,1147.0,0
-65.0,-375.0,109.0,-1448.0,-1652.0,1010.0,0
-91.0,-413.0,121.0,-1711.0,-1641.0,809.0,0
-101.0,-440.0,131.0,-1731.0,-1605.0,630.0,0
-114.0,-462.0,118.0,-1496.0,-1525.0,497.0,0
-117.0,-469.0,99.0,-1073.0,-1368.0,394.0,0
-121.0,-452.0,56.0,-595.0,-1143.0,330.0,0
-119.0,-420.0,18.0,-182.0,-898.0,290.0,0
-125.0,-381.0,-11.0,128.0,-681.0,244.0,0
-125.0,-341.0,-37.0,387.0,-522.0,155.0,0
-113.0,-300.0,-61.0,649.0,-424.0,-14.0,0
-101.0,-252.0,-94.0,920.0,-397.0,-253.0,0
-84.0,-194.0,-116.0,1173.0,-418.0,-519.0,0
-94.0,-133.0,-134.0,1374.0,-448.0,-778.0,0
-83.0,-62.0,-133.0,1516.0,-490.0,-919.0,0
-66.0,19.0,-127.0,1631.0,-584.0,-884.0,0
-22.0,91.0,-101.0,1749.0,-722.0,-725.0,0
25.0,152.0,-96.0,1922.0,-863.0,-559.0,0
79.0,213.0,-82.0,2114.0,-930.0,-469.0,0
108.0,249.0,-99.0,2253.0,-909.0,-507.0,0
102.0,251.0,-139.0,2193.0,-807.0,-627.0,0
88.0,246.0,-161.0,1815.0,-659.0,-750.0,0
65.0,224.0,-149.0,1320.0,-512.0,-829.0,0
31.0,168.0,-153.0,632.0,-419.0,-854.0,0
14.0,108.0,-135.0,-66.0,-324.0,-843.0,0
8.0,37.0,-104.0,-631.0,-229.0,-805.0,0
7.0,-1.0,-75.0,-943.0,-136.0,-788.0,0
-3.0,-27.0,-60.0,-957.0,-54.0,-788.0,0
-6.0,-45.0,-65.0,-761.0,3.0,-783.0,0
-8.0,-52.0,-73.0,-473.0,34.0,-785.0,0
-4.0,-56.0,-76.0,-173.0,20.0,-800.0,0
-9.0,-54.0,-73.0,88.0,-34.0,-814.0,0
-8.0,-53.0,-66.0,291.0,-119.0,-818.0,0
-1.0,-46.0,-52.0,447.0,-222.0,-807.0,0
5.0,-42.0,-38.0,571.0,-326.0,-788.0,0
12.0,-38.0,-28.0,668.0,-414.0,-754.0,0
20.0,-32.0,-21.0,734.0,-468.0,-712.0,0
27.0,-33.0,-14.0,776.0,-468.0,-656.0,0
32.0,-25.0,-14.0,795.0,-416.0,-596.0,0
36.0,-18.0,-13.0,772.0,-327.0,-518.0,0
44.0,-17.0,-16.0,720.0,-215.0,-428.0,0
49.0,-21.0,-16.0,657.0,-95.0,-346.0,0
51.0,-14.0,-62.0,549.0,-3.0,-296.0,0
36.0,-12.0,-137.0,341.0,-36.0,-271.0,0
-24.0,-22.0,-246.0,65.0,-255.0,-260.0,0
-96.0,-36.0,-320.0,-254.0,-600.0,-195.0,0
-144.0,-50.0,-455.0,-743.0,-880.0,-23.0,0
-168.0,-100.0,-587.0,-1583.0,-905.0,266.0,0
-150.0,-261.0,-488.0,-2664.0,-483.0,659.0,0
-81.0,-499.0,-161.0,-3458.0,241.0,1139.0,0
-79.0,-724.0,138.0,-3687.0,633.0,1506.0,0
-145.0,-900.0,336.0,-3573.0,376.0,1632.0,0
-254.0,-1063.0,395.0,-3132.0,-233.0,1603.0,0
-295.0,-1180.0,215.0,-2361.0,-1140.0,1597.0,0
-209.0,-1175.0,-92.0,-1767.0,-1898.0,1663.0,0
-81.0,-1205.0,-334.0,-1793.0,-2502.0,1678.0,0
125.0,-1271.0,-429.0,-2096.0,-2778.0,1392.0,0
252.0,-1253.0,-385.0,-2045.0,-2408.0,620.0,0
148.0,-1086.0,-204.0,-1249.0,-1402.0,-498.0,0
0.0,-899.0,-58.0,314.0,-317.0,-1439.0,0
-112.0,-732.0,37.0,2214.0,319.0,-1825.0,0
-166.0,-572.0,80.0,3975.0,398.0,-1772.0,0
-162.0,-441.0,85.0,5181.0,90.0,-1560.0,0
-146.0,-320.0,88.0,5582.0,-412.0,-1408.0,0
-127.0,-190.0,91.0,5101.0,-948.0,-1369.0,0
-110.0,-108.0,80.0,3914.0,-1362.0,-1408.0,0
-109.0,-63.0,87.0,2342.0,-1526.0,-1496.0,0
-160.0,-39.0,105.0,774.0,-1399.0,-1589.0,0
-204.0,-69.0,108.0,-498.0,-1031.0,-1541.0,0
-170.0,-145.0,87.0,-1409.0,-583.0,-1315.0,0
-109.0,-221.0,66.0,-2053.0,-264.0,-1136.0,0
-64.0,-275.0,43.0,-2511.0,-143.0,-1122.0,0
-33.0,-316.0,28.0,-2823.0,-180.0,-1159.0,0
2.0,-343.0,11.0,-2986.0,-326.0,-1162.0,0
41.0,-363.0,3.0,-2976.0,-476.0,-1117.0,0
77.0,-381.0,2.0,-2785.0,-528.0,-1031.0,0
100.0,-385.0,-14.0,-2452.0,-448.0,-915.0,0
112.0,-377.0,-19.0,-2029.0,-279.0,-792.0,0
122.0,-371.0,-23.0,-1557.0,-86.0,-670.0,0
126.0,-356.0,-21.0,-1084.0,86.0,-540.0,0
128.0,-347.0,-14.0,-721.0,220.0,-403.0,0
125.0,-326.0,-11.0,-292.0,290.0,-263.0,0
109.0,-288.0,-5.0,115.0,326.0,-124.0,0
94.0,-250.0,-8.0,509.0,332.0,-26.0,0
78.0,-207.0,-28.0,881.0,356.0,82.0,0
63.0,-169.0,-52.0,1200.0,423.0,180.0,0
59.0,-130.0,-71.0,1437.0,488.0,256.0,0
52.0,-102.0,-90.0,1586.0,508.0,273.0,0
55.0,-74.0,-103.0,1671.0,488.0,227.0,0
53.0,-34.0,-113.0,1723.0,446.0,127.0,0
51.0,11.0,-113.0,1776.0,388.0,-1.0,0
47.0,46.0,-123.0,1859.0,319.0,-116.0,0
30.0,84.0,-120.0,1933.0,248.0,-209.0,0
18.0,104.0,-129.0,1989.0,184.0,-233.0,0
3.0,119.0,-137.0,1961.0,132.0,-173.0,0
-1.0,120.0,-139.0,1824.0,81.0,-43.0,0
1.0,102.0,-140.0,1568.0,12.0,102.0,0
26.0,73.0,-125.0,1201.0,-84.0,217.0,0
36.0,50.0,-103.0,783.0,-187.0,280.0,0
34.0,35.0,-74.0,433.0,-285.0,304.0,0
33.0,25.0,-45.0,219.0,-368.0,313.0,0
18.0,27.0,-31.0,139.0,-442.0,330.0,0
11.0,33.0,-34.0,141.0,-517.0,362.0,0
7.0,42.0,-45.0,180.0,-590.0,391.0,0
-4.0,59.0,-69.0,212.0,-645.0,411.0,0
-14.0,64.0,-107.0,214.0,-674.0,430.0,0
-30.0,73.0,-198.0,157.0,-669.0,441.0,0
-38.0,75.0,-265.0,-4.0,-624.0,443.0,0
-44.0,62.0,-282.0,-268.0,-559.0,439.0,0
-32.0,23.0,-239.0,-472.0,-527.0,430.0,0
-29.0,-24.0,-258.0,-628.0,-579.0,361.0,0
-33.0,-64.0,-312.0,-844.0,-739.0,196.0,0
-48.0,-130.0,-289.0,-1372.0,-929.0,20.0,0
-87.0,-248.0,-182.0,-1999.0,-1161.0,-216.0,0
-140.0,-404.0,-53.0,-2345.0,-1329.0,-420.0,0
-185.0,-580.0,88.0,-2337.0,-1251.0,-519.0,0
-221.0,-756.0,223.0,-2084.0,-1097.0,-572.0,0
-304.0,-890.0,303.0,-1627.0,-1125.0,-739.0,0
-334.0,-922.0,230.0,-966.0,-1297.0,-939.0,0
-251.0,-881.0,-25.0,-413.0,-1477.0,-1028.0,0
-91.0,-805.0,-287.0,-501.0,-1598.0,-985.0,0
44.0,-789.0,-375.0,-1114.0,-1704.0,-908.0,0
125.0,-762.0,-356.0,-1767.0,-1718.0,-908.0,0
135.0,-707.0,-250.0,-2017.0,-1505.0,-845.0,0
138.0,-671.0,-142.0,-1662.0,-1237.0,-578.0,0
151.0,-655.0,-66.0,-876.0,-1179.0,-159.0,0
169.0,-633.0,-8.0,61.0,-1333.0,271.0,0
174.0,-598.0,44.0,948.0,-1511.0,621.0,0
170.0,-553.0,92.0,1682.0,-1571.0,891.0,0
151.0,-491.0,132.0,2188.0,-1545.0,1071.0,0
128.0,-424.0,142.0,2432.0,-1518.0,1169.0,0
117.0,-368.0,142.0,2401.0,-1508.0,1201.0,0
105.0,-313.0,129.0,2140.0,-1480.0,1180.0,0
87.0,-264.0,108.0,1671.0,-1413.0,1140.0,0
62.0,-244.0,87.0,1021.0,-1325.0,1094.0,0
31.0,-239.0,68.0,261.0,-1234.0,1049.0,0
1.0,-263.0,57.0,-525.0,-1172.0,1005.0,0
-39.0,-315.0,50.0,-1267.0,-1126.0,983.0,0
-72.0,-374.0,63.0,-1862.0,-1101.0,932.0,0
-129.0,-433.0,106.0,-2158.0,-1121.0,837.0,0
-168.0,-464.0,127.0,-2268.0,-1166.0,750.0,0
-198.0,-484.0,134.0,-2107.0,-1245.0,701.0,0
-221.0,-478.0,114.0,-1748.0,-1321.0,654.0,0
-238.0,-466.0,61.0,-1306.0,-1351.0,616.0,0
-243.0,-446.0,12.0,-911.0,-1296.0,573.0,0
-235.0,-422.0,-34.0,-617.0,-1165.0,519.0,0
-228.0,-378.0,-66.0,-397.0,-991.0,410.0,0
-227.0,-330.0,-83.0,-215.0,-837.0,244.0,0
-215.0,-280.0,-97.0,-56.0,-763.0,38.0,0
-198.0,-228.0,-106.0,99.0,-784.0,-176.0,0
-184.0,-171.0,-109.0,255.0,-874.0,-384.0,0
-166.0,-110.0,-111.0,397.0,-1001.0,-535.0,0
-127.0,-54.0,-104.0,507.0,-1151.0,-601.0,0
-74.0,4.0,-87.0,619.0,-1301.0,-586.0,0
-24.0,65.0,-86.0,762.0,-1403.0,-542.0,0
40.0,118.0,-92.0,934.0,-1412.0,-522.0,0
87.0,174.0,-80.0,1110.0,-1307.0,-555.0,0
113.0,202.0,-91.0,1259.0,-1136.0,-636.0,0
122.0,226.0,-100.0,1299.0,-952.0,-767.0,0
115.0,219.0,-106.0,1184.0,-794.0,-882.0,0
95.0,187.0,-104.0,922.0,-704.0,-960.0,0
71.0,126.0,-111.0,552.0,-679.0,-977.0,0
64.0,75.0,-93.0,140.0,-691.0,-919.0,0
71.0,30.0,-74.0,-169.0,-721.0,-845.0,0
68.0,7.0,-66.0,-290.0,-747.0,-789.0,0
65.0,-9.0,-69.0,-246.0,-746.0,-727.0,0
58.0,-8.0,-70.0,-104.0,-709.0,-658.0,0
49.0,-2.0,-79.0,71.0,-641.0,-591.0,0
38.0,9.0,-87.0,198.0,-562.0,-536.0,0
28.0,17.0,-96.0,307.0,-498.0,-486.0,0
24.0,21.0,-89.0,344.0,-423.0,-452.0,0
30.0,23.0,-85.0,331.0,-358.0,-420.0,0
33.0,21.0,-76.0,294.0,-301.0,-395.0,0
44.0,18.0,-71.0,239.0,-254.0,-370.0,0
51.0,9.0,-69.0,182.0,-223.0,-338.0,0
48.0,5.0,-108.0,122.0,-229.0,-299.0,0
30.0,-7.0,-165.0,28.0,-303.0,-239.0,0
0.0,-13.0,-237.0,-109.0,-463.0,-163.0,0
-48.0,-10.0,-312.0,-318.0,-676.0,-57.0,0
-75.0,-10.0,-380.0,-700.0,-830.0,104.0,0
-93.0,-45.0,-412.0,-1266.0,-832.0,323.0,0
-76.0,-125.0,-410.0,-1838.0,-765.0,588.0,0
-61.0,-254.0,-354.0,-2227.0,-670.0,867.0,0
-38.0,-409.0,-213.0,-2325.0,-497.0,1135.0,0
-33.0,-565.0,-26.0,-2204.0,-275.0,1362.0,0
-53.0,-690.0,130.0,-1917.0,-237.0,1513.0,0
-89.0,-787.0,207.0,-1392.0,-537.0,1576.0,0
-108.0,-817.0,150.0,-665.0,-1038.0,1583.0,0
-95.0,-819.0,-40.0,52.0,-1479.0,1610.0,0
-46.0,-766.0,-209.0,420.0,-1766.0,1649.0,0
-38.0,-766.0,-320.0,322.0,-1973.0,1537.0,0
-19.0,-781.0,-325.0,-98.0,-2049.0,1275.0,0
-1.0,-818.0,-263.0,-540.0,-1812.0,785.0,0
-56.0,-811.0,-137.0,-753.0,-1226.0,88.0,0
-125.0,-765.0,-51.0,-424.0,-531.0,-613.0,0
-165.0,-700.0,-16.0,334.0,-16.0,-1102.0,0
-164.0,-634.0,-20.0,1213.0,286.0,-1403.0,0
-141.0,-541.0,-17.0,1809.0,443.0,-1603.0,0
-126.0,-467.0,-20.0,2251.0,483.0,-1767.0,0
-109.0,-403.0,-10.0,2288.0,453.0,-1895.0,0
-101.0,-338.0,15.0,1976.0,382.0,-1966.0,0
-109.0,-276.0,44.0,1458.0,286.0,-2001.0,0
-119.0,-236.0,65.0,864.0,150.0,-1973.0,0
-104.0,-229.0,59.0,252.0,-15.0,-1861.0,0
-45.0,-264.0,46.0,-362.0,-145.0,-1695.0,0
17.0,-314.0,30.0,-945.0,-178.0,-1563.0,0
62.0,-377.0,8.0,-1422.0,-87.0,-1477.0,0
56.0,-407.0,5.0,-1769.0,117.0,-1444.0,0
80.0,-432.0,10.0,-1954.0,347.0,-1369.0,0
99.0,-434.0,-6.0,-1974.0,473.0,-1286.0,0
104.0,-431.0,-27.0,-1882.0,573.0,-1225.0,0
109.0,-419.0,-28.0,-1740.0,695.0,-1163.0,0
113.0,-400.0,-23.0,-1564.0,772.0,-1088.0,0
110.0,-381.0,-10.0,-1347.0,800.0,-992.0,0
107.0,-357.0,-15.0,-1082.0,831.0,-866.0,0
106.0,-325.0,-7.0,-797.0,895.0,-724.0,0
86.0,-278.0,-16.0,-511.0,998.0,-574.0,0
69.0,-239.0,-26.0,-257.0,1128.0,-418.0,0
58.0,-198.0,-37.0,-55.0,1235.0,-243.0,0
57.0,-165.0,-44.0,121.0,1286.0,-84.0,0
55.0,-127.0,-51.0,299.0,1269.0,30.0,0
50.0,-89.0,-47.0,500.0,1184.0,104.0,0
45.0,-55.0,-54.0,747.0,1051.0,146.0,0
30.0,-7.0,-55.0,1020.0,882.0,172.0,0
8.0,42.0,-61.0,1293.0,703.0,193.0,0
-4.0,94.0,-61.0,1519.0,509.0,237.0,0
-18.0,141.0,-64.0,1657.0,323.0,310.0,0
-20.0,171.0,-80.0,1679.0,165.0,420.0,0
-21.0,174.0,-98.0,1593.0,52.0,545.0,0
-13.0,150.0,-123.0,1341.0,15.0,646.0,0
4.0,89.0,-135.0,941.0,30.0,684.0,0
13.0,31.0,-127.0,447.0,101.0,664.0,0
15.0,-11.0,-107.0,9.0,210.0,590.0,0
18.0,-52.0,-85.0,-253.0,335.0,493.0,0
19.0,-86.0,-66.0,-333.0,440.0,400.0,0
19.0,-96.0,-54.0,-282.0,502.0,314.0,0
22.0,-91.0,-49.0,-151.0,509.0,244.0,0
27.0,-73.0,-52.0,31.0,461.0,193.0,0
33.0,-51.0,-58.0,244.0,369.0,171.0,0
40.0,-30.0,-59.0,470.0,261.0,183.0,0
38.0,-9.0,-63.0,696.0,163.0,220.0,0
37.0,4.0,-69.0,905.0,98.0,273.0,0
29.0,15.0,-85.0,1061.0,82.0,327.0,0
18.0,26.0,-156.0,1136.0,106.0,372.0,0
20.0,54.0,-260.0,1055.0,198.0,416.0,0
47.0,60.0,-339.0,750.0,403.0,462.0,0
85.0,54.0,-281.0,322.0,644.0,482.0,0
118.0,15.0,-227.0,-63.0,748.0,420.0,0
129.0,-42.0,-216.0,-400.0,641.0,266.0,0
110.0,-133.0,-196.0,-757.0,305.0,42.0,0
32.0,-260.0,-143.0,-1103.0,-264.0,-248.0,0
-70.0,-405.0,-42.0,-1248.0,-827.0,-562.0,0
-112.0,-560.0,58.0,-1104.0,-1078.0,-770.0,0
-121.0,-720.0,157.0,-816.0,-1091.0,-928.0,0
-142.0,-807.0,161.0,-460.0,-1071.0,-1106.0,0
-186.0,-798.0,38.0,-115.0,-1036.0,-1304.0,0
-163.0,-793.0,-159.0,-15.0,-874.0,-1303.0,0
-106.0,-781.0,-304.0,-446.0,-643.0,-1022.0,0
-72.0,-777.0,-345.0,-1066.0,-498.0,-669.0,0
-60.0,-739.0,-292.0,-1735.0,-479.0,-297.0,0
-25.0,-694.0,-202.0,-1839.0,-595.0,60.0,0
18.0,-669.0,-124.0,-1263.0,-854.0,306.0,0
60.0,-634.0,-63.0,-252.0,-1158.0,550.0,0
88.0,-581.0,-13.0,919.0,-1462.0,726.0,0
95.0,-519.0,28.0,2040.0,-1730.0,864.0,0
81.0,-454.0,57.0,2958.0,-1912.0,989.0,0
52.0,-381.0,64.0,3551.0,-1969.0,1112.0,0
33.0,-329.0,63.0,3750.0,-1924.0,1240.0,0
34.0,-283.0,57.0,3519.0,-1826.0,1363.0,0
48.0,-245.0,45.0,2893.0,-1704.0,1446.0,0
58.0,-235.0,43.0,1966.0,-1563.0,1478.0,0
57.0,-240.0,45.0,891.0,-1434.0,1459.0,0
37.0,-293.0,69.0,-163.0,-1346.0,1453.0,0
12.0,-353.0,98.0,-1045.0,-1317.0,1479.0,0
-19.0,-409.0,117.0,-1642.0,-1358.0,1510.0,0
-51.0,-440.0,121.0,-1876.0,-1482.0,1506.0,0
-85.0,-442.0,109.0,-1796.0,-1654.0,1478.0,0
-124.0,-427.0,90.0,-1511.0,-1822.0,1440.0,0
-153.0,-403.0,66.0,-1137.0,-1932.0,1396.0,0
-181.0,-376.0,28.0,-785.0,-1970.0,1346.0,0
-197.0,-352.0,2.0,-516.0,-1925.0,1299.0,0
-212.0,-331.0,-33.0,-329.0,-1780.0,1238.0,0
-213.0,-306.0,-67.0,-209.0,-1556.0,1148.0,0
-213.0,-280.0,-87.0,-145.0,-1327.0,1010.0,0
-214.0,-251.0,-114.0,-122.0,-1164.0,799.0,0
-221.0,-215.0,-142.0,-106.0,-1087.0,530.0,0
-213.0,-189.0,-155.0,-73.0,-1109.0,260.0,0
-199.0,-137.0,-163.0,18.0,-1242.0,33.0,0
-152.0,-100.0,-163.0,135.0,-1436.0,-110.0,0
-91.0,-54.0,-142.0,340.0,-1612.0,-175.0,0
-24.0,-11.0,-137.0,602.0,-1803.0,-192.0,0
69.0,32.0,-111.0,879.0,-1928.0,-210.0,0
126.0,70.0,-101.0,1158.0,-1981.0,-268.0,0
162.0,85.0,-90.0,1405.0,-1956.0,-382.0,0
171.0,98.0,-92.0,1584.0,-1863.0,-537.0,0
159.0,88.0,-96.0,1633.0,-1710.0,-667.0,0
132.0,69.0,-90.0,1518.0,-1533.0,-747.0,0
104.0,32.0,-91.0,1260.0,-1378.0,-772.0,0
81.0,-14.0,-80.0,907.0,-1263.0,-740.0,0
64.0,-46.0,-58.0,554.0,-1185.0,-668.0,0
57.0,-62.0,-54.0,305.0,-1141.0,-591.0,0
44.0,-59.0,-57.0,194.0,-1100.0,-517.0,0
33.0,-49.0,-63.0,210.0,-1045.0,-439.0,0
19.0,-35.0,-72.0,320.0,-962.0,-358.0,0
13.0,-12.0,-74.0,466.0,-855.0,-285.0,0
12.0,3.0,-82.0,605.0,-749.0,-228.0,0
19.0,19.0,-88.0,712.0,-647.0,-196.0,0
31.0,29.0,-86.0,772.0,-556.0,-191.0,0
45.0,46.0,-91.0,764.0,-481.0,-217.0,0
52.0,53.0,-86.0,688.0,-435.0,-261.0,0
62.0,50.0,-73.0,570.0,-422.0,-299.0,0
66.0,41.0,-69.0,442.0,-440.0,-327.0,0
62.0,28.0,-127.0,314.0,-485.0,-338.0,0
40.0,12.0,-182.0,139.0,-604.0,-337.0,0
5.0,-13.0,-234.0,-83.0,-814.0,-324.0,0
-43.0,-38.0,-233.0,-313.0,-1054.0,-280.0,0
-67.0,-68.0,-249.0,-529.0,-1163.0,-136.0,0
-65.0,-116.0,-267.0,-784.0,-999.0,91.0,0
-50.0,-180.0,-252.0,-1041.0,-596.0,351.0,0
-29.0,-286.0,-158.0,-1358.0,-60.0,618.0,0
-41.0,-395.0,-20.0,-1567.0,266.0,849.0,0
-87.0,-491.0,91.0,-1659.0,295.0,990.0,0
-148.0,-595.0,137.0,-1655.0,-58.0,1125.0,0
-196.0,-656.0,130.0,-1527.0,-462.0,1321.0,0
-200.0,-706.0,54.0,-1309.0,-712.0,1614.0,0
-192.0,-743.0,-85.0,-1199.0,-941.0,1862.0,0
-162.0,-758.0,-210.0,-1322.0,-1294.0,1929.0,0
-92.0,-797.0,-293.0,-1547.0,-1660.0,1721.0,0
-8.0,-842.0,-305.0,-1723.0,-1795.0,1203.0,0
10.0,-867.0,-214.0,-1656.0,-1489.0,453.0,0
-31.0,-813.0,-103.0,-1120.0,-820.0,-414.0,0
-54.0,-747.0,-29.0,-59.0,-130.0,-1089.0,0
-66.0,-681.0,5.0,1247.0,315.0,-1510.0,0
-63.0,-600.0,26.0,2480.0,508.0,-1763.0,0
-40.0,-516.0,38.0,3408.0,572.0,-1868.0,0
-10.0,-437.0,30.0,3880.0,582.0,-1865.0,0
20.0,-359.0,26.0,3805.0,559.0,-1834.0,0
36.0,-283.0,35.0,3227.0,525.0,-1816.0,0
42.0,-219.0,42.0,2272.0,537.0,-1775.0,0
51.0,-174.0,59.0,1143.0,630.0,-1694.0,0
68.0,-174.0,91.0,24.0,801.0,-1569.0,0
99.0,-233.0,113.0,-957.0,1003.0,-1412.0,0
128.0,-296.0,132.0,-1733.0,1197.0,-1238.0,0
156.0,-366.0,138.0,-2247.0,1390.0,-1026.0,0
176.0,-416.0,124.0,-2499.0,1573.0,-809.0,0
185.0,-441.0,98.0,-2514.0,1709.0,-624.0,0
190.0,-443.0,56.0,-2340.0,1777.0,-475.0,0
189.0,-433.0,19.0,-2033.0,1802.0,-351.0,0
177.0,-399.0,-16.0,-1650.0,1814.0,-247.0,0
171.0,-378.0,-32.0,-1307.0,1843.0,-149.0,0
155.0,-347.0,-52.0,-868.0,1903.0,-70.0,0
125.0,-311.0,-73.0,-458.0,2048.0,-20.0,0
89.0,-271.0,-90.0,-109.0,2236.0,11.0,0
51.0,-228.0,-104.0,183.0,2401.0,58.0,0
16.0,-184.0,-107.0,440.0,2491.0,120.0,0
-3.0,-144.0,-101.0,697.0,2502.0,168.0,0
-21.0,-104.0,-91.0,962.0,2457.0,167.0,0
-37.0,-60.0,-88.0,1216.0,2377.0,121.0,0
-62.0,-16.0,-76.0,1444.0,2273.0,38.0,0
-78.0,29.0,-66.0,1646.0,2131.0,-52.0,0
-107.0,73.0,-65.0,1805.0,1948.0,-103.0,0
-119.0,115.0,-56.0,1902.0,1729.0,-102.0,0
-115.0,134.0,-66.0,1944.0,1501.0,-44.0,0
-97.0,133.0,-86.0,1876.0,1295.0,56.0,0
-73.0,121.0,-111.0,1606.0,1120.0,159.0,0
-57.0,75.0,-116.0,1113.0,978.0,241.0,0
-26.0,24.0,-106.0,461.0,855.0,306.0,0
0.0,-18.0,-74.0,-199.0,751.0,347.0,0
12.0,-52.0,-39.0,-709.0,677.0,372.0,0
23.0,-75.0,-3.0,-984.0,639.0,362.0,0
24.0,-95.0,14.0,-1007.0,630.0,328.0,0
32.0,-94.0,14.0,-863.0,656.0,297.0,0
35.0,-84.0,1.0,-637.0,696.0,277.0,0
39.0,-59.0,-6.0,-376.0,732.0,274.0,0
33.0,-31.0,-11.0,-110.0,757.0,298.0,0
17.0,-10.0,-18.0,145.0,768.0,351.0,0
-7.0,8.0,-20.0,375.0,754.0,428.0,0
-32.0,14.0,-28.0,567.0,703.0,507.0,0
-54.0,18.0,-63.0,683.0,616.0,570.0,0
-57.0,20.0,-169.0,737.0,521.0,616.0,0
-38.0,16.0,-238.0,625.0,484.0,649.0,0
-2.0,8.0,-261.0,396.0,498.0,654.0,0
46.0,-22.0,-233.0,165.0,593.0,629.0,0
96.0,-51.0,-235.0,-10.0,765.0,533.0,0
133.0,-88.0,-254.0,-243.0,953.0,363.0,0
139.0,-144.0,-229.0,-701.0,873.0,117.0,0
132.0,-252.0,-145.0,-1296.0,317.0,-219.0,0
72.0,-400.0,23.0,-1714.0,-447.0,-600.0,0
57.0,-510.0,130.0,-1788.0,-926.0,-906.0,0
81.0,-623.0,215.0,-1588.0,-960.0,-1090.0,0
120.0,-751.0,248.0,-1198.0,-719.0,-1251.0,0
90.0,-787.0,165.0,-723.0,-337.0,-1493.0,0
54.0,-820.0,-39.0,-320.0,183.0,-1740.0,0
-43.0,-788.0,-236.0,-317.0,819.0,-1860.0,0
-133.0,-772.0,-341.0,-722.0,1334.0,-1663.0,0
-216.0,-742.0,-354.0,-1281.0,1431.0,-1203.0,0
-217.0,-721.0,-281.0,-1672.0,1065.0,-525.0,0
-111.0,-674.0,-175.0,-1636.0,482.0,174.0,0
-32.0,-622.0,-85.0,-1072.0,-44.0,638.0,0
9.0,-564.0,-12.0,-180.0,-419.0,889.0,0
30.0,-507.0,48.0,846.0,-719.0,1078.0,0
36.0,-443.0,79.0,1848.0,-957.0,1243.0,0
31.0,-385.0,75.0,2651.0,-1088.0,1381.0,0
30.0,-338.0,66.0,3069.0,-1087.0,1490.0,0
45.0,-313.0,55.0,2993.0,-982.0,1592.0,0
66.0,-311.0,49.0,2446.0,-846.0,1671.0,0
68.0,-323.0,56.0,1551.0,-734.0,1742.0,0
63.0,-361.0,65.0,481.0,-666.0,1813.0,0
46.0,-398.0,100.0,-370.0,-644.0,1857.0,0
8.0,-452.0,137.0,-1241.0,-663.0,1887.0,0
-37.0,-478.0,153.0,-1768.0,-711.0,1878.0,0
-57.0,-497.0,174.0,-1974.0,-758.0,1846.0,0
-85.0,-485.0,176.0,-1922.0,-820.0,1773.0,0
-112.0,-458.0,155.0,-1696.0,-936.0,1630.0,0
-117.0,-410.0,91.0,-1429.0,-1070.0,1453.0,0
-135.0,-371.0,59.0,-1227.0,-1163.0,1276.0,0
-139.0,-330.0,23.0,-1088.0,-1203.0,1132.0,0
-143.0,-286.0,-23.0,-978.0,-1216.0,1017.0,0
-148.0,-243.0,-67.0,-895.0,-1191.0,941.0,0
-151.0,-209.0,-97.0,-818.0,-1161.0,899.0,0
-151.0,-181.0,-122.0,-748.0,-1148.0,868.0,0
-141.0,-147.0,-123.0,-667.0,-1198.0,837.0,0
-129.0,-121.0,-132.0,-515.0,-1347.0,802.0,0
-97.0,-94.0,-143.0,-308.0,-1555.0,767.0,0
-24.0,-38.0,-135.0,-51.0,-1752.0,699.0,0
43.0,12.0,-118.0,259.0,-1866.0,593.0,0
115.0,63.0,-109.0,606.0,-1863.0,437.0,0
179.0,110.0,-110.0,938.0,-1719.0,208.0,0
206.0,140.0,-115.0,1200.0,-1451.0,-71.0,0
212.0,153.0,-123.0,1300.0,-1092.0,-372.0,0
180.0,155.0,-129.0,1217.0,-701.0,-649.0,0
113.0,130.0,-124.0,973.0,-314.0,-851.0,0
62.0,82.0,-111.0,623.0,14.0,-921.0,0
31.0,27.0,-85.0,243.0,253.0,-887.0,0
15.0,-19.0,-63.0,-63.0,377.0,-824.0,0
14.0,-48.0,-55.0,-234.0,401.0,-750.0,0
0.0,-72.0,-36.0,-257.0,364.0,-676.0,0
-15.0,-73.0,-35.0,-184.0,294.0,-593.0,0
-25.0,-71.0,-45.0,-15.0,232.0,-497.0,0
-29.0,-60.0,-67.0,202.0,157.0,-411.0,0
-28.0,-55.0,-83.0,417.0,95.0,-366.0,0
-23.0,-46.0,-100.0,588.0,53.0,-343.0,0
-9.0,-37.0,-115.0,685.0,24.0,-335.0,0
8.0,-28.0,-113.0,699.0,-11.0,-336.0,0
29.0,-20.0,-103.0,651.0,-70.0,-342.0,0
35.0,-9.0,-84.0,589.0,-148.0,-357.0,0
47.0,-2.0,-58.0,551.0,-222.0,-365.0,0
55.0,10.0,-33.0,552.0,-255.0,-351.0,0
60.0,11.0,-17.0,578.0,-225.0,-318.0,0
65.0,9.0,-34.0,613.0,-151.0,-276.0,0
66.0,12.0,-114.0,606.0,-90.0,-244.0,0
51.0,19.0,-221.0,456.0,-129.0,-232.0,0
17.0,16.0,-258.0,114.0,-313.0,-224.0,0
-30.0,5.0,-236.0,-346.0,-549.0,-180.0,0
-60.0,-22.0,-253.0,-805.0,-676.0,-27.0,0
-50.0,-62.0,-385.0,-1301.0,-683.0,278.0,0
-15.0,-179.0,-429.0,-1960.0,-576.0,682.0,0
-2.0,-336.0,-255.0,-2473.0,-291.0,1078.0,0
-68.0,-496.0,-5.0,-2549.0,42.0,1317.0,0
-138.0,-624.0,203.0,-2245.0,238.0,1391.0,0
-225.0,-696.0,281.0,-1702.0,167.0,1401.0,0
-305.0,-716.0,205.0,-1037.0,-17.0,1453.0,0
-321.0,-718.0,57.0,-424.0,-215.0,1517.0,0
-306.0,-724.0,-107.0,-204.0,-583.0,1441.0,0
-229.0,-775.0,-253.0,-485.0,-1159.0,1197.0,0
-92.0,-822.0,-298.0,-1125.0,-1632.0,837.0,0
55.0,-891.0,-298.0,-1760.0,-1624.0,312.0,0
137.0,-948.0,-250.0,-2097.0,-970.0,-397.0,0
92.0,-893.0,-130.0,-2148.0,-142.0,-1244.0,0
36.0,-815.0,-32.0,-1558.0,873.0,-1772.0,0
4.0,-749.0,41.0,-446.0,1518.0,-2113.0,0
6.0,-684.0,74.0,888.0,1786.0,-2179.0,0
35.0,-621.0,82.0,2090.0,1803.0,-2086.0,0
59.0,-549.0,79.0,2861.0,1674.0,-1962.0,0
66.0,-470.0,70.0,3080.0,1480.0,-1865.0,0
69.0,-380.0,66.0,2784.0,1293.0,-1793.0,0
73.0,-294.0,64.0,2112.0,1160.0,-1699.0,0
66.0,-228.0,68.0,1259.0,1107.0,-1541.0,0
71.0,-195.0,60.0,413.0,1140.0,-1323.0,0
79.0,-215.0,49.0,-317.0,1243.0,-1098.0,0
76.0,-259.0,43.0,-882.0,1421.0,-939.0,0
79.0,-294.0,42.0,-1285.0,1641.0,-843.0,0
74.0,-312.0,33.0,-1538.0,1855.0,-756.0,0
66.0,-320.0,34.0,-1674.0,2021.0,-659.0,0
63.0,-319.0,38.0,-1721.0,2139.0,-562.0,0
46.0,-312.0,30.0,-1678.0,2216.0,-471.0,0
31.0,-290.0,9.0,-1568.0,2223.0,-387.0,0
12.0,-260.0,-11.0,-1433.0,2171.0,-307.0,0
-12.0,-232.0,-24.0,-1281.0,2080.0,-195.0,0
-10.0,-205.0,-39.0,-1107.0,1951.0,-38.0,0
-15.0,-177.0,-50.0,-902.0,1800.0,95.0,0
-6.0,-153.0,-57.0,-647.0,1666.0,178.0,0
8.0,-129.0,-65.0,-337.0,1570.0,210.0,0
21.0,-105.0,-71.0,18.0,1503.0,185.0,0
18.0,-62.0,-69.0,417.0,1449.0,136.0,0
11.0,-10.0,-62.0,842.0,1399.0,96.0,0
-1.0,63.0,-59.0,1210.0,1324.0,92.0,0
-7.0,121.0,-72.0,1661.0,1214.0,151.0,0
-11.0,165.0,-93.0,2007.0,1084.0,265.0,0
-7.0,190.0,-124.0,2154.0,874.0,370.0,0
7.0,176.0,-162.0,2027.0,623.0,493.0,0
35.0,125.0,-195.0,1602.0,389.0,575.0,0
47.0,77.0,-186.0,917.0,238.0,585.0,0
51.0,30.0,-162.0,214.0,210.0,578.0,0
48.0,-10.0,-124.0,-321.0,308.0,574.0,0
39.0,-53.0,-99.0,-631.0,492.0,553.0,0
30.0,-76.0,-76.0,-730.0,703.0,511.0,0
20.0,-89.0,-57.0,-668.0,884.0,457.0,0
19.0,-94.0,-43.0,-491.0,1003.0,410.0,0
7.0,-85.0,-24.0,-248.0,1042.0,374.0,0
1.0,-72.0,-14.0,31.0,1008.0,367.0,0
-6.0,-59.0,-7.0,326.0,917.0,392.0,0
-15.0,-41.0,-9.0,597.0,801.0,446.0,0
-24.0,-20.0,-10.0,802.0,681.0,500.0,0
-37.0,-3.0,-11.0,895.0,556.0,534.0,0
-52.0,9.0,-15.0,867.0,418.0,550.0,0
-61.0,12.0,-40.0,730.0,289.0,555.0,0
-53.0,26.0,-153.0,500.0,209.0,543.0,0
-11.0,30.0,-269.0,168.0,245.0,510.0,0
46.0,13.0,-311.0,-215.0,418.0,433.0,0
116.0,-11.0,-316.0,-554.0,628.0,299.0,0
155.0,-51.0,-402.0,-875.0,798.0,98.0,0
178.0,-121.0,-395.0,-1339.0,853.0,-146.0,0
161.0,-239.0,-286.0,-1839.0,497.0,-459.0,0
106.0,-376.0,-171.0,-2166.0,-181.0,-858.0,0
93.0,-524.0,-28.0,-2241.0,-632.0,-1216.0,0
165.0,-681.0,98.0,-2119.0,-588.0,-1439.0,0
209.0,-784.0,223.0,-1804.0,-410.0,-1639.0,0
177.0,-889.0,235.0,-1241.0,-239.0,-1864.0,0
97.0,-917.0,84.0,-563.0,23.0,-2140.0,0
12.0,-932.0,-152.0,-107.0,578.0,-2191.0,0
-94.0,-941.0,-367.0,-314.0,1276.0,-1899.0,0
-225.0,-943.0,-444.0,-1124.0,1710.0,-1324.0,0
-323.0,-940.0,-363.0,-1932.0,1581.0,-522.0,0
-259.0,-909.0,-213.0,-2155.0,854.0,457.0,0
-146.0,-852.0,-104.0,-1543.0,-148.0,1192.0,0
-67.0,-775.0,-10.0,-315.0,-904.0,1520.0,0
-19.0,-672.0,85.0,1213.0,-1285.0,1569.0,0
-3.0,-562.0,132.0,2733.0,-1398.0,1463.0,0
-5.0,-444.0,148.0,3972.0,-1308.0,1320.0,0
4.0,-330.0,155.0,4729.0,-1095.0,1219.0,0
21.0,-232.0,146.0,4911.0,-886.0,1187.0,0
35.0,-163.0,130.0,4497.0,-787.0,1195.0,0
52.0,-115.0,92.0,3531.0,-823.0,1193.0,0
51.0,-93.0,54.0,2180.0,-924.0,1164.0,0
53.0,-116.0,42.0,703.0,-1033.0,1146.0,0
25.0,-190.0,51.0,-644.0,-1153.0,1163.0,0
-7.0,-283.0,96.0,-1669.0,-1264.0,1219.0,0
-27.0,-350.0,135.0,-2217.0,-1371.0,1240.0,0
-49.0,-385.0,153.0,-2285.0,-1453.0,1207.0,0
-68.0,-397.0,136.0,-1993.0,-1475.0,1165.0,0
-83.0,-382.0,91.0,-1512.0,-1434.0,1146.0,0
-96.0,-359.0,35.0,-1027.0,-1351.0,1125.0,0
-101.0,-318.0,-16.0,-645.0,-1251.0,1097.0,0
-112.0,-283.0,-55.0,-395.0,-1166.0,1059.0,0
-111.0,-246.0,-89.0,-283.0,-1103.0,1023.0,0
-123.0,-209.0,-118.0,-231.0,-1072.0,963.0,0
-121.0,-182.0,-137.0,-237.0,-1047.0,866.0,0
-109.0,-137.0,-151.0,-230.0,-1061.0,773.0,0
-85.0,-108.0,-157.0,-156.0,-1142.0,709.0,0
-26.0,-77.0,-145.0,2.0,-1293.0,711.0,0
25.0,-38.0,-146.0,251.0,-1470.0,711.0,0
84.0,3.0,-145.0,557.0,-1608.0,659.0,0
129.0,36.0,-128.0,855.0,-1655.0,531.0,0
177.0,63.0,-117.0,1104.0,-1579.0,321.0,0
193.0,73.0,-109.0,1271.0,-1396.0,66.0,0
186.0,67.0,-98.0,1315.0,-1135.0,-212.0,0
151.0,53.0,-80.0,1232.0,-842.0,-463.0,0
99.0,25.0,-66.0,1059.0,-571.0,-634.0,0
58.0,-12.0,-43.0,838.0,-346.0,-695.0,0
22.0,-51.0,-20.0,658.0,-216.0,-671.0,0
-5.0,-72.0,-3.0,589.0,-193.0,-613.0,0
-24.0,-76.0,-7.0,654.0,-239.0,-541.0,0
-33.0,-79.0,-34.0,807.0,-299.0,-470.0,0
-33.0,-52.0,-56.0,984.0,-332.0,-397.0,0
-23.0,-39.0,-100.0,1112.0,-320.0,-333.0,0
-15.0,-22.0,-132.0,1159.0,-277.0,-303.0,0
0.0,-11.0,-147.0,1124.0,-229.0,-315.0,0
12.0,-2.0,-154.0,1016.0,-208.0,-356.0,0
31.0,7.0,-144.0,859.0,-223.0,-399.0,0
49.0,7.0,-119.0,690.0,-278.0,-440.0,0
63.0,10.0,-86.0,549.0,-343.0,-465.0,0
66.0,8.0,-47.0,465.0,-389.0,-471.0,0
65.0,8.0,-20.0,461.0,-408.0,-469.0,0
52.0,8.0,-52.0,504.0,-411.0,-455.0,0
34.0,10.0,-137.0,549.0,-425.0,-436.0,0
9.0,12.0,-253.0,477.0,-501.0,-421.0,0
-50.0,13.0,-321.0,202.0,-605.0,-384.0,0
-99.0,10.0,-379.0,-291.0,-618.0,-279.0,0
-138.0,-13.0,-424.0,-913.0,-440.0,-70.0,0
-101.0,-98.0,-447.0,-1655.0,-107.0,214.0,0
-48.0,-246.0,-303.0,-2521.0,287.0,573.0,0
-35.0,-418.0,19.0,-3134.0,597.0,988.0,0
-32.0,-596.0,258.0,-3193.0,604.0,1295.0,0
-127.0,-742.0,418.0,-2780.0,279.0,1428.0,0
-179.0,-794.0,360.0,-2022.0,-175.0,1516.0,0
-193.0,-793.0,130.0,-1153.0,-549.0,1699.0,0
-176.0,-776.0,-137.0,-615.0,-856.0,1893.0,0
-119.0,-793.0,-315.0,-710.0,-1199.0,1870.0,0
-23.0,-823.0,-390.0,-1257.0,-1506.0,1543.0,0
76.0,-878.0,-381.0,-1815.0,-1509.0,909.0,0
108.0,-886.0,-270.0,-2006.0,-929.0,74.0,0
54.0,-844.0,-109.0,-1502.0,100.0,-786.0,0
17.0,-789.0,-15.0,-352.0,1057.0,-1454.0,0
-21.0,-705.0,57.0,1084.0,1632.0,-1857.0,0
-41.0,-609.0,109.0,2442.0,1807.0,-2074.0,0
-66.0,-518.0,115.0,3444.0,1707.0,-2143.0,0
-59.0,-442.0,110.0,3903.0,1447.0,-2088.0,0
-15.0,-355.0,85.0,3755.0,1118.0,-1998.0,0
-7.0,-284.0,67.0,3075.0,836.0,-1907.0,0
-13.0,-197.0,68.0,2058.0,716.0,-1792.0,0
-23.0,-137.0,76.0,923.0,783.0,-1650.0,0
-28.0,-127.0,83.0,-167.0,1000.0,-1469.0,0
8.0,-199.0,83.0,-1118.0,1282.0,-1262.0,0
47.0,-265.0,108.0,-1750.0,1531.0,-1088.0,0
69.0,-321.0,98.0,-2309.0,1682.0,-952.0,0
106.0,-360.0,95.0,-2581.0,1810.0,-855.0,0
119.0,-393.0,81.0,-2600.0,1865.0,-759.0,0
124.0,-388.0,51.0,-2416.0,1838.0,-697.0,0
141.0,-382.0,24.0,-2107.0,1762.0,-655.0,0
151.0,-344.0,13.0,-1727.0,1678.0,-620.0,0
133.0,-330.0,-6.0,-1297.0,1620.0,-588.0,0
149.0,-311.0,-19.0,-872.0,1593.0,-560.0,0
110.0,-260.0,-47.0,-486.0,1608.0,-528.0,0
76.0,-209.0,-66.0,-122.0,1667.0,-459.0,0
57.0,-178.0,-85.0,207.0,1734.0,-324.0,0
38.0,-143.0,-99.0,492.0,1766.0,-153.0,0
20.0,-103.0,-106.0,743.0,1760.0,-11.0,0
-2.0,-59.0,-104.0,965.0,1744.0,77.0,0
-29.0,-19.0,-91.0,1172.0,1738.0,101.0,0
-52.0,38.0,-61.0,1376.0,1727.0,80.0,0
-76.0,92.0,-54.0,1577.0,1679.0,45.0,0
-91.0,135.0,-54.0,1753.0,1562.0,57.0,0
-111.0,159.0,-67.0,1886.0,1390.0,128.0,0
-88.0,146.0,-86.0,1893.0,1185.0,257.0,0
-69.0,134.0,-116.0,1685.0,969.0,383.0,0
-48.0,76.0,-136.0,1220.0,776.0,474.0,0
-8.0,21.0,-120.0,492.0,614.0,552.0,0
16.0,-31.0,-90.0,-321.0,457.0,584.0,0
33.0,-60.0,-46.0,-994.0,328.0,587.0,0
35.0,-120.0,15.0,-1370.0,238.0,567.0,0
42.0,-158.0,28.0,-1417.0,174.0,518.0,0
49.0,-173.0,41.0,-1281.0,144.0,450.0,0
52.0,-172.0,45.0,-952.0,148.0,383.0,0
58.0,-154.0,32.0,-493.0,172.0,350.0,0
39.0,-121.0,15.0,49.0,224.0,362.0,0
32.0,-80.0,-6.0,613.0,288.0,427.0,0
12.0,-50.0,-19.0,1128.0,351.0,526.0,0
-8.0,-31.0,-20.0,1540.0,403.0,632.0,0
-20.0,-2.0,-32.0,1829.0,404.0,723.0,0
-59.0,11.0,-66.0,1966.0,364.0,792.0,0
-60.0,10.0,-206.0,1910.0,348.0,844.0,0
-20.0,14.0,-300.0,1630.0,434.0,877.0,0
30.0,-2.0,-412.0,1189.0,662.0,871.0,0
105.0,-31.0,-451.0,704.0,1077.0,817.0,0
180.0,-54.0,-474.0,101.0,1563.0,675.0,0
231.0,-125.0,-422.0,-887.0,1782.0,419.0,0
254.0,-274.0,-250.0,-2173.0,1260.0,-21.0,0
188.0,-438.0,0.0,-3264.0,91.0,-680.0,0
123.0,-571.0,157.0,-3698.0,-962.0,-1314.0,0
136.0,-672.0,259.0,-3516.0,-1393.0,-1664.0,0
205.0,-790.0,292.0,-2939.0,-1471.0,-1892.0,0
185.0,-883.0,147.0,-2167.0,-1317.0,-2207.0,0
143.0,-909.0,-87.0,-1434.0,-691.0,-2526.0,0
30.0,-908.0,-275.0,-1072.0,464.0,-2665.0,0
-148.0,-894.0,-328.0,-1138.0,1610.0,-2501.0,0
-334.0,-836.0,-355.0,-1426.0,2135.0,-1984.0,0
-457.0,-801.0,-302.0,-1653.0,1892.0,-1026.0,0
-395.0,-742.0,-173.0,-1571.0,1204.0,214.0,0
-239.0,-694.0,-64.0,-901.0,257.0,1093.0,0
-156.0,-627.0,-5.0,194.0,-710.0,1444.0,0
-62.0,-531.0,44.0,1164.0,-1515.0,1568.0,0
-6.0,-447.0,58.0,2317.0,-1992.0,1577.0,0
26.0,-364.0,48.0,3254.0,-2320.0,1518.0,0
50.0,-287.0,31.0,3838.0,-2328.0,1423.0,0
83.0,-244.0,20.0,3984.0,-2081.0,1398.0,0
109.0,-218.0,4.0,3675.0,-1699.0,1416.0,0
135.0,-203.0,-2.0,2885.0,-1323.0,1408.0,0
142.0,-216.0,17.0,1696.0,-1031.0,1373.0,0
132.0,-261.0,35.0,322.0,-849.0,1316.0,0
89.0,-316.0,76.0,-966.0,-779.0,1243.0,0
54.0,-379.0,128.0,-1936.0,-759.0,1238.0,0
44.0,-424.0,153.0,-2420.0,-789.0,1262.0,0
28.0,-444.0,156.0,-2463.0,-870.0,1282.0,0
2.0,-436.0,151.0,-2229.0,-980.0,1293.0,0
-37.0,-406.0,130.0,-1858.0,-1124.0,1286.0,0
-54.0,-360.0,91.0,-1458.0,-1279.0,1287.0,0
-86.0,-338.0,59.0,-1107.0,-1414.0,1307.0,0
-103.0,-307.0,22.0,-858.0,-1507.0,1299.0,0
-114.0,-279.0,-9.0,-685.0,-1512.0,1291.0,0
-129.0,-259.0,-45.0,-577.0,-1408.0,1282.0,0
-146.0,-259.0,-76.0,-510.0,-1228.0,1235.0,0
-168.0,-237.0,-75.0,-444.0,-1019.0,1123.0,0
-188.0,-231.0,-81.0,-363.0,-836.0,940.0,0
-194.0,-221.0,-82.0,-257.0,-743.0,686.0,0
-174.0,-198.0,-71.0,-83.0,-758.0,428.0,0
-154.0,-172.0,-86.0,221.0,-873.0,179.0,0
-92.0,-112.0,-74.0,619.0,-1009.0,-23.0,0
-40.0,-35.0,-79.0,1100.0,-1132.0,-186.0,0
33.0,48.0,-82.0,1603.0,-1216.0,-328.0,0
90.0,127.0,-104.0,2001.0,-1230.0,-474.0,0
139.0,197.0,-106.0,2411.0,-1160.0,-631.0,0
161.0,226.0,-142.0,2643.0,-993.0,-778.0,0
147.0,243.0,-158.0,2566.0,-747.0,-990.0,0
114.0,239.0,-178.0,2158.0,-476.0,-1171.0,0
59.0,203.0,-171.0,1428.0,-235.0,-1235.0,0
33.0,154.0,-128.0,490.0,-41.0,-1122.0,0
27.0,95.0,-69.0,-414.0,62.0,-938.0,0
21.0,33.0,-17.0,-1051.0,49.0,-794.0,0
10.0,-22.0,10.0,-1357.0,-34.0,-679.0,0
-2.0,-57.0,9.0,-1384.0,-136.0,-559.0,0
-2.0,-80.0,-8.0,-1199.0,-225.0,-441.0,0
-6.0,-80.0,-22.0,-892.0,-312.0,-361.0,0
0.0,-78.0,-52.0,-557.0,-417.0,-335.0,0
10.0,-68.0,-76.0,-275.0,-534.0,-341.0,0
24.0,-62.0,-95.0,-102.0,-644.0,-360.0,0
40.0,-51.0,-102.0,-23.0,-727.0,-390.0,0
51.0,-37.0,-96.0,5.0,-763.0,-417.0,0
65.0,-30.0,-92.0,11.0,-739.0,-427.0,0
71.0,-30.0,-68.0,11.0,-655.0,-417.0,0
76.0,-32.0,-36.0,29.0,-536.0,-411.0,0
77.0,-38.0,-27.0,78.0,-406.0,-405.0,0
76.0,-41.0,-60.0,134.0,-281.0,-380.0,0
71.0,-29.0,-164.0,119.0,-214.0,-347.0,0
42.0,-21.0,-247.0,-50.0,-307.0,-326.0,0
-22.0,-18.0,-283.0,-369.0,-579.0,-285.0,0
-91.0,-15.0,-293.0,-772.0,-814.0,-148.0,0
-108.0,-34.0,-375.0,-1236.0,-653.0,169.0,0
-51.0,-121.0,-518.0,-1952.0,-66.0,625.0,0
2.0,-296.0,-400.0,-2645.0,779.0,1106.0,0
-11.0,-485.0,-150.0,-3190.0,1413.0,1405.0,0
-90.0,-653.0,107.0,-3203.0,1778.0,1470.0,0
-184.0,-786.0,284.0,-2852.0,1426.0,1428.0,0
-254.0,-856.0,351.0,-2223.0,524.0,1364.0,0
-261.0,-870.0,245.0,-1340.0,-424.0,1472.0,0
-180.0,-823.0,11.0,-511.0,-1077.0,1666.0,0
-76.0,-806.0,-234.0,-163.0,-1488.0,1724.0,0
24.0,-814.0,-386.0,-470.0,-1754.0,1521.0,0
115.0,-879.0,-432.0,-1124.0,-1706.0,991.0,0
133.0,-899.0,-351.0,-1719.0,-1056.0,167.0,0
50.0,-824.0,-212.0,-1794.0,125.0,-775.0,0
-19.0,-751.0,-95.0,-1130.0,1278.0,-1442.0,0
-57.0,-681.0,-23.0,18.0,1978.0,-1776.0,0
-67.0,-610.0,18.0,1275.0,2241.0,-1867.0,0
-39.0,-549.0,48.0,2287.0,2223.0,-1844.0,0
-13.0,-482.0,60.0,2797.0,2029.0,-1840.0,0
-3.0,-379.0,66.0,2763.0,1753.0,-1869.0,0
-19.0,-285.0,78.0,2293.0,1498.0,-1871.0,0
-25.0,-197.0,74.0,1545.0,1336.0,-1787.0,0
-36.0,-129.0,74.0,699.0,1270.0,-1599.0,0
-40.0,-113.0,67.0,-99.0,1299.0,-1307.0,0
-12.0,-149.0,62.0,-781.0,1367.0,-1023.0,0
6.0,-202.0,57.0,-1310.0,1436.0,-858.0,0
19.0,-263.0,40.0,-1663.0,1516.0,-781.0,0
29.0,-296.0,45.0,-1840.0,1614.0,-722.0,0
41.0,-322.0,41.0,-1888.0,1722.0,-667.0,0
46.0,-340.0,40.0,-1849.0,1830.0,-616.0,0
48.0,-347.0,47.0,-1748.0,1935.0,-583.0,0
35.0,-340.0,54.0,-1632.0,2018.0,-569.0,0
23.0,-329.0,52.0,-1447.0,2055.0,-551.0,0
7.0,-308.0,37.0,-1246.0,2050.0,-532.0,0
-9.0,-283.0,12.0,-1051.0,2008.0,-510.0,0
-19.0,-246.0,-4.0,-884.0,1939.0,-457.0,0
-14.0,-223.0,-20.0,-755.0,1840.0,-372.0,0
-11.0,-190.0,-31.0,-665.0,1716.0,-249.0,0
22.0,-161.0,-37.0,-560.0,1595.0,-111.0,0
79.0,-143.0,-50.0,-395.0,1527.0,-15.0,0
119.0,-121.0,-64.0,-147.0,1534.0,-4.0,0
138.0,-81.0,-84.0,224.0,1625.0,-91.0,0
127.0,-9.0,-90.0,751.0,1751.0,-228.0,0
96.0,85.0,-101.0,1409.0,1824.0,-309.0,0
44.0,174.0,-119.0,2078.0,1780.0,-245.0,0
-5.0,241.0,-138.0,2608.0,1589.0,-19.0,0
-44.0,260.0,-163.0,2844.0,1270.0,313.0,0
-72.0,246.0,-190.0,2658.0,871.0,624.0,0
-45.0,174.0,-198.0,2028.0,485.0,841.0,0
-18.0,102.0,-184.0,1061.0,168.0,904.0,0
6.0,38.0,-149.0,76.0,-28.0,841.0,0
14.0,-16.0,-115.0,-680.0,-73.0,735.0,0
13.0,-65.0,-83.0,-1118.0,23.0,653.0,0
2.0,-98.0,-64.0,-1244.0,208.0,604.0,0
-7.0,-124.0,-57.0,-1121.0,428.0,586.0,0
-21.0,-131.0,-42.0,-817.0,635.0,594.0,0
-33.0,-128.0,-30.0,-383.0,807.0,620.0,0
-43.0,-123.0,-15.0,115.0,923.0,658.0,0
-55.0,-110.0,-14.0,600.0,957.0,680.0,0
-54.0,-94.0,-25.0,992.0,921.0,669.0,0
-50.0,-66.0,-122.0,1193.0,846.0,624.0,0
-16.0,-34.0,-224.0,1255.0,789.0,560.0,0
43.0,-5.0,-293.0,1085.0,771.0,474.0,0
101.0,11.0,-341.0,731.0,753.0,380.0,0
175.0,4.0,-392.0,213.0,715.0,234.0,0
245.0,-58.0,-406.0,-446.0,725.0,80.0,0
263.0,-185.0,-323.0,-1099.0,602.0,-157.0,0
232.0,-368.0,-150.0,-1603.0,184.0,-532.0,0
153.0,-521.0,48.0,-1822.0,-307.0,-1012.0,0
114.0,-666.0,163.0,-1701.0,-503.0,-1433.0,0
128.0,-738.0,215.0,-1358.0,-423.0,-1727.0,0
127.0,-815.0,194.0,-774.0,-251.0,-1986.0,0
71.0,-842.0,39.0,-52.0,-13.0,-2248.0,0
5.0,-783.0,-205.0,384.0,445.0,-2334.0,0
-111.0,-791.0,-376.0,155.0,1050.0,-2205.0,0
-266.0,-800.0,-390.0,-632.0,1369.0,-1880.0,0
-378.0,-802.0,-282.0,-1340.0,1133.0,-1290.0,0
-305.0,-784.0,-151.0,-1544.0,473.0,-419.0,0
-167.0,-742.0,-65.0,-1074.0,-357.0,495.0,0
-75.0,-687.0,-18.0,-95.0,-1073.0,1092.0,0
-19.0,-615.0,22.0,1046.0,-1521.0,1378.0,0
-3.0,-528.0,53.0,2106.0,-1740.0,1440.0,0
-3.0,-426.0,75.0,2924.0,-1792.0,1405.0,0
-7.0,-327.0,71.0,3414.0,-1708.0,1385.0,0
1.0,-243.0,57.0,3543.0,-1528.0,1403.0,0
32.0,-180.0,47.0,3298.0,-1321.0,1439.0,0
63.0,-133.0,39.0,2695.0,-1149.0,1429.0,0
77.0,-108.0,34.0,1846.0,-1050.0,1363.0,0
81.0,-121.0,29.0,886.0,-1026.0,1288.0,0
79.0,-172.0,43.0,-76.0,-1085.0,1227.0,0
63.0,-248.0,76.0,-931.0,-1201.0,1162.0,0
32.0,-325.0,110.0,-1451.0,-1314.0,1091.0,0
5.0,-391.0,147.0,-1807.0,-1404.0,1011.0,0
-22.0,-428.0,154.0,-1860.0,-1518.0,957.0,0
-39.0,-434.0,135.0,-1717.0,-1591.0,918.0,0
-60.0,-406.0,83.0,-1505.0,-1564.0,930.0,0
-88.0,-378.0,47.0,-1289.0,-1433.0,955.0,0
-117.0,-350.0,7.0,-1095.0,-1264.0,949.0,0
-135.0,-323.0,-29.0,-955.0,-1106.0,903.0,0
-153.0,-304.0,-64.0,-862.0,-987.0,814.0,0
-166.0,-291.0,-89.0,-773.0,-894.0,703.0,0
-176.0,-282.0,-96.0,-648.0,-794.0,615.0,0
-170.0,-258.0,-95.0,-434.0,-708.0,544.0,0
-168.0,-228.0,-97.0,-90.0,-684.0,448.0,0
-161.0,-191.0,-107.0,353.0,-741.0,365.0,0
-126.0,-140.0,-106.0,804.0,-883.0,356.0,0
-67.0,-88.0,-112.0,1246.0,-1101.0,400.0,0
7.0,-19.0,-120.0,1644.0,-1330.0,444.0,0
89.0,66.0,-118.0,1989.0,-1510.0,423.0,0
170.0,132.0,-124.0,2287.0,-1599.0,305.0,0
217.0,168.0,-151.0,2484.0,-1579.0,88.0,0
245.0,195.0,-168.0,2483.0,-1455.0,-200.0,0
229.0,190.0,-201.0,2227.0,-1247.0,-490.0,0
174.0,171.0,-202.0,1700.0,-986.0,-690.0,0
111.0,109.0,-160.0,1000.0,-715.0,-773.0,0
76.0,56.0,-99.0,294.0,-499.0,-772.0,0
43.0,-2.0,-29.0,-227.0,-381.0,-724.0,0
11.0,-49.0,6.0,-451.0,-359.0,-634.0,0
-10.0,-77.0,18.0,-417.0,-380.0,-522.0,0
-23.0,-89.0,7.0,-212.0,-390.0,-406.0,0
-32.0,-85.0,-24.0,1.0,-343.0,-296.0,0
-40.0,-72.0,-55.0,247.0,-252.0,-204.0,0
-36.0,-59.0,-95.0,421.0,-83.0,-169.0,0
-27.0,-50.0,-114.0,501.0,98.0,-179.0,0
-17.0,-45.0,-120.0,501.0,215.0,-238.0,0
-2.0,-40.0,-112.0,458.0,207.0,-312.0,0
8.0,-40.0,-99.0,415.0,56.0,-381.0,0
15.0,-46.0,-97.0,393.0,-207.0,-435.0,0
11.0,-34.0,-135.0,395.0,-528.0,-481.0,0
-5.0,-17.0,-203.0,366.0,-885.0,-526.0,0
-22.0,7.0,-278.0,221.0,-1234.0,-565.0,0
-53.0,20.0,-313.0,-58.0,-1469.0,-576.0,0
-103.0,11.0,-355.0,-465.0,-1471.0,-515.0,0
-140.0,-12.0,-403.0,-982.0,-1202.0,-341.0,0
-146.0,-100.0,-387.0,-1648.0,-728.0,-65.0,0
-121.0,-260.0,-214.0,-2344.0,-167.0,306.0,0
-83.0,-455.0,39.0,-2774.0,298.0,739.0,0
-74.0,-634.0,268.0,-2750.0,484.0,1141.0,0
-90.0,-778.0,392.0,-2234.0,405.0,1473.0,0
-106.0,-835.0,371.0,-1305.0,220.0,1781.0,0
-94.0,-801.0,130.0,-282.0,-97.0,2014.0,0
-62.0,-707.0,-170.0,205.0,-643.0,2134.0,0
31.0,-664.0,-375.0,-103.0,-1275.0,2247.0,0
138.0,-659.0,-437.0,-880.0,-1764.0,2154.0,0
193.0,-687.0,-406.0,-1602.0,-1878.0,1691.0,0
154.0,-690.0,-312.0,-1937.0,-1389.0,906.0,0
68.0,-667.0,-175.0,-1697.0,-410.0,52.0,0
-13.0,-644.0,-62.0,-868.0,592.0,-621.0,0
-88.0,-610.0,16.0,86.0,1271.0,-1096.0,0
-135.0,-569.0,55.0,1365.0,1552.0,-1421.0,0
-156.0,-531.0,69.0,2443.0,1622.0,-1611.0,0
-142.0,-472.0,53.0,3079.0,1455.0,-1798.0,0
-131.0,-426.0,31.0,3155.0,1157.0,-1907.0,0
-123.0,-379.0,6.0,2689.0,854.0,-1926.0,0
-124.0,-335.0,16.0,1825.0,650.0,-1862.0,0
-128.0,-307.0,22.0,777.0,596.0,-1718.0,0
-117.0,-313.0,54.0,-249.0,668.0,-1516.0,0
-50.0,-360.0,82.0,-1115.0,827.0,-1290.0,0
14.0,-397.0,106.0,-1732.0,997.0,-1133.0,0
63.0,-430.0,110.0,-2056.0,1145.0,-1052.0,0
109.0,-450.0,92.0,-2121.0,1248.0,-953.0,0
139.0,-450.0,70.0,-2009.0,1297.0,-819.0,0
162.0,-440.0,44.0,-1774.0,1311.0,-702.0,0
178.0,-409.0,22.0,-1464.0,1335.0,-636.0,0
182.0,-383.0,16.0,-1119.0,1406.0,-605.0,0
182.0,-352.0,37.0,-770.0,1528.0,-597.0,0
173.0,-325.0,47.0,-407.0,1664.0,-597.0,0
166.0,-301.0,33.0,-47.0,1784.0,-580.0,0
151.0,-279.0,2.0,250.0,1892.0,-539.0,0
125.0,-248.0,-29.0,452.0,1992.0,-472.0,0
86.0,-202.0,-65.0,582.0,2079.0,-389.0,0
51.0,-159.0,-80.0,689.0,2134.0,-311.0,0
29.0,-112.0,-90.0,829.0,2187.0,-253.0,0
10.0,-65.0,-94.0,1017.0,2253.0,-238.0,0
-10.0,-8.0,-82.0,1271.0,2324.0,-274.0,0
-26.0,48.0,-59.0,1601.0,2385.0,-333.0,0
-50.0,113.0,-48.0,1895.0,2391.0,-376.0,0
-76.0,166.0,-40.0,2270.0,2334.0,-370.0,0
-100.0,211.0,-55.0,2601.0,2175.0,-312.0,0
-105.0,236.0,-87.0,2802.0,1943.0,-163.0,0
-106.0,245.0,-117.0,2730.0,1680.0,26.0,0
-92.0,233.0,-132.0,2322.0,1401.0,213.0,0
-50.0,172.0,-126.0,1581.0,1107.0,363.0,0
1.0,110.0,-93.0,574.0,794.0,447.0,0
40.0,46.0,-60.0,-453.0,512.0,478.0,0
62.0,-15.0,-28.0,-1296.0,343.0,487.0,0
66.0,-73.0,3.0,-1858.0,300.0,457.0,0
57.0,-119.0,27.0,-2098.0,323.0,401.0,0
55.0,-143.0,20.0,-2033.0,364.0,357.0,0
41.0,-145.0,-4.0,-1774.0,418.0,350.0,0
22.0,-124.0,-22.0,-1377.0,493.0,394.0,0
1.0,-107.0,-33.0,-899.0,585.0,500.0,0
-24.0,-85.0,-39.0,-401.0,668.0,646.0,0
-52.0,-74.0,-30.0,72.0,699.0,785.0,0
-79.0,-63.0,-40.0,469.0,648.0,901.0,0
-99.0,-50.0,-133.0,753.0,530.0,976.0,0
-96.0,-35.0,-240.0,855.0,426.0,1017.0,0
-64.0,-50.0,-272.0,798.0,405.0,1038.0,0
0.0,-66.0,-270.0,711.0,464.0,1025.0,0
73.0,-86.0,-291.0,570.0,594.0,939.0,0
116.0,-124.0,-353.0,148.0,776.0,711.0,0
134.0,-207.0,-316.0,-722.0,760.0,285.0,0
113.0,-328.0,-167.0,-1785.0,225.0,-355.0,0
48.0,-445.0,-11.0,-2466.0,-693.0,-1040.0,0
39.0,-566.0,84.0,-2859.0,-1291.0,-1484.0,0
93.0,-678.0,163.0,-2782.0,-1533.0,-1642.0,0
172.0,-805.0,227.0,-2336.0,-1306.0,-1700.0,0
200.0,-907.0,156.0,-1537.0,-835.0,-1900.0,0
115.0,-873.0,-110.0,-675.0,-182.0,-2193.0,0
-9.0,-809.0,-317.0,-159.0,528.0,-2325.0,0
-165.0,-726.0,-384.0,-150.0,991.0,-2158.0,0
-260.0,-670.0,-366.0,-355.0,964.0,-1547.0,0
-209.0,-605.0,-244.0,-506.0,511.0,-640.0,0
-103.0,-548.0,-129.0,-350.0,-82.0,204.0,0
-34.0,-500.0,-36.0,174.0,-595.0,702.0,0
0.0,-449.0,23.0,880.0,-943.0,982.0,0
8.0,-407.0,68.0,1569.0,-1169.0,1166.0,0
-13.0,-356.0,77.0,2099.0,-1338.0,1276.0,0
-39.0,-310.0,84.0,2377.0,-1487.0,1326.0,0
-43.0,-280.0,64.0,2351.0,-1593.0,1375.0,0
-24.0,-275.0,40.0,2014.0,-1626.0,1443.0,0
-1.0,-276.0,8.0,1386.0,-1588.0,1509.0,0
15.0,-301.0,-9.0,547.0,-1485.0,1563.0,0
33.0,-355.0,-5.0,-368.0,-1358.0,1588.0,0
27.0,-421.0,23.0,-1182.0,-1240.0,1556.0,0
2.0,-469.0,62.0,-1741.0,-1144.0,1491.0,0
-28.0,-503.0,97.0,-1949.0,-1109.0,1425.0,0
-47.0,-514.0,127.0,-1843.0,-1153.0,1338.0,0
-68.0,-497.0,132.0,-1545.0,-1261.0,1221.0,0
-69.0,-458.0,120.0,-1186.0,-1380.0,1127.0,0
-98.0,-411.0,102.0,-850.0,-1484.0,1058.0,0
-98.0,-355.0,71.0,-559.0,-1564.0,979.0,0
-103.0,-310.0,50.0,-375.0,-1613.0,888.0,0
-109.0,-259.0,10.0,-214.0,-1630.0,791.0,0
-109.0,-221.0,-28.0,-137.0,-1594.0,721.0,0
-81.0,-198.0,-67.0,-112.0,-1497.0,642.0,0
-72.0,-172.0,-85.0,-96.0,-1343.0,530.0,0
-77.0,-149.0,-104.0,-56.0,-1145.0,383.0,0
-80.0,-112.0,-97.0,16.0,-949.0,241.0,0
-84.0,-74.0,-97.0,143.0,-829.0,127.0,0
-56.0,-35.0,-94.0,298.0,-809.0,78.0,0
-13.0,10.0,-77.0,484.0,-889.0,83.0,0
46.0,68.0,-68.0,720.0,-1007.0,94.0,0
105.0,110.0,-72.0,1012.0,-1106.0,63.0,0
164.0,156.0,-68.0,1296.0,-1138.0,-56.0,0
192.0,181.0,-101.0,1495.0,-1107.0,-268.0,0
184.0,186.0,-118.0,1499.0,-979.0,-531.0,0
137.0,173.0,-120.0,1304.0,-767.0,-758.0,0
82.0,123.0,-118.0,921.0,-500.0,-887.0,0
33.0,77.0,-95.0,410.0,-249.0,-902.0,0
5.0,30.0,-63.0,-92.0,-97.0,-831.0,0
-22.0,-8.0,-41.0,-465.0,-74.0,-742.0,0
-33.0,-47.0,-36.0,-681.0,-138.0,-648.0,0
-32.0,-67.0,-31.0,-767.0,-228.0,-553.0,0
-31.0,-87.0,-41.0,-761.0,-280.0,-453.0,0
-20.0,-101.0,-46.0,-685.0,-257.0,-341.0,0
-14.0,-111.0,-48.0,-558.0,-164.0,-254.0,0
-10.0,-118.0,-41.0,-389.0,-52.0,-226.0,0
5.0,-118.0,-33.0,-190.0,31.0,-253.0,0
24.0,-117.0,-13.0,24.0,59.0,-315.0,0
44.0,-106.0,7.0,210.0,20.0,-392.0,0
46.0,-100.0,17.0,453.0,-82.0,-467.0,0
55.0,-86.0,15.0,699.0,-189.0,-524.0,0
57.0,-63.0,-27.0,923.0,-322.0,-553.0,0
43.0,-34.0,-180.0,1065.0,-440.0,-575.0,0
17.0,-1.0,-296.0,1012.0,-600.0,-608.0,0
-36.0,25.0,-339.0,698.0,-866.0,-659.0,0
-105.0,45.0,-371.0,146.0,-1172.0,-662.0,0
-139.0,50.0,-471.0,-580.0,-1259.0,-516.0,0
-118.0,-7.0,-617.0,-1506.0,-881.0,-188.0,0
-76.0,-184.0,-546.0,-2660.0,-8.0,323.0,0
-39.0,-401.0,-261.0,-3555.0,1027.0,909.0,0
-63.0,-609.0,41.0,-3801.0,1717.0,1354.0,0
-132.0,-762.0,282.0,-3460.0,1781.0,1585.0,0
-206.0,-878.0,388.0,-2598.0,1236.0,1679.0,0
-231.0,-898.0,297.0,-1408.0,422.0,1755.0,0
-158.0,-865.0,27.0,-365.0,-442.0,1892.0,0
-58.0,-790.0,-257.0,26.0,-1314.0,1935.0,0
47.0,-767.0,-433.0,-320.0,-2015.0,1759.0,0
151.0,-831.0,-465.0,-1038.0,-2212.0,1297.0,0
180.0,-867.0,-375.0,-1694.0,-1689.0,514.0,0
85.0,-796.0,-220.0,-1809.0,-545.0,-416.0,0
1.0,-727.0,-84.0,-1138.0,685.0,-1130.0,0
-88.0,-631.0,-2.0,64.0,1530.0,-1575.0,0
-122.0,-554.0,20.0,1430.0,1932.0,-1761.0,0
-109.0,-486.0,23.0,2563.0,2016.0,-1750.0,0
-71.0,-426.0,13.0,3173.0,1879.0,-1699.0,0
-55.0,-355.0,21.0,3173.0,1596.0,-1728.0,0
-53.0,-278.0,28.0,2672.0,1285.0,-1797.0,0
-62.0,-197.0,34.0,2047.0,1051.0,-1833.0,0
-86.0,-144.0,36.0,1152.0,944.0,-1787.0,0
-105.0,-135.0,38.0,254.0,896.0,-1589.0,0
-89.0,-180.0,41.0,-550.0,894.0,-1346.0,0
-29.0,-257.0,49.0,-1205.0,903.0,-1060.0,0
4.0,-318.0,64.0,-1666.0,915.0,-893.0,0
37.0,-364.0,77.0,-1901.0,981.0,-775.0,0
70.0,-397.0,85.0,-1931.0,1114.0,-668.0,0
95.0,-402.0,81.0,-1824.0,1278.0,-580.0,0
109.0,-384.0,71.0,-1658.0,1408.0,-505.0,0
111.0,-359.0,55.0,-1499.0,1468.0,-420.0,0
117.0,-333.0,32.0,-1376.0,1479.0,-323.0,0
128.0,-315.0,-4.0,-1302.0,1467.0,-228.0,0
127.0,-292.0,-28.0,-1273.0,1453.0,-161.0,0
113.0,-284.0,-42.0,-1257.0,1484.0,-85.0,0
98.0,-269.0,-48.0,-1185.0,1576.0,5.0,0
88.0,-247.0,-48.0,-990.0,1700.0,124.0,0
78.0,-219.0,-39.0,-610.0,1818.0,212.0,0
68.0,-186.0,-47.0,-32.0,1917.0,239.0,0
60.0,-136.0,-50.0,677.0,1964.0,164.0,0
36.0,-64.0,-56.0,1433.0,1940.0,7.0,0
-5.0,25.0,-52.0,2152.0,1826.0,-163.0,0
-56.0,134.0,-58.0,2747.0,1638.0,-254.0,0
-98.0,223.0,-69.0,3133.0,1396.0,-202.0,0
-118.0,289.0,-89.0,3231.0,1127.0,-21.0,0
-120.0,317.0,-115.0,2952.0,845.0,226.0,0
-101.0,299.0,-148.0,2311.0,598.0,462.0,0
-38.0,217.0,-156.0,1399.0,422.0,605.0,0
7.0,140.0,-131.0,389.0,333.0,615.0,0
36.0,64.0,-79.0,-274.0,353.0,571.0,0
56.0,-5.0,-59.0,-769.0,426.0,519.0,0
65.0,-65.0,-39.0,-948.0,534.0,451.0,0
68.0,-98.0,-49.0,-923.0,620.0,379.0,0
69.0,-109.0,-56.0,-790.0,653.0,278.0,0
70.0,-107.0,-74.0,-595.0,641.0,199.0,0
64.0,-97.0,-84.0,-364.0,620.0,180.0,0
48.0,-84.0,-90.0,-128.0,619.0,233.0,0
25.0,-76.0,-90.0,88.0,659.0,339.0,0
5.0,-76.0,-64.0,292.0,718.0,474.0,0
-23.0,-74.0,-25.0,490.0,753.0,596.0,0
-50.0,-72.0,-13.0,686.0,736.0,683.0,0
-64.0,-58.0,-77.0,857.0,686.0,740.0,0
-51.0,-32.0,-181.0,925.0,680.0,767.0,0
-18.0,5.0,-281.0,826.0,783.0,760.0,0
56.0,24.0,-334.0,526.0,1021.0,709.0,0
132.0,18.0,-325.0,39.0,1314.0,595.0,0
179.0,-30.0,-442.0,-640.0,1593.0,383.0,0
196.0,-153.0,-446.0,-1674.0,1753.0,62.0,0
173.0,-326.0,-275.0,-2755.0,1441.0,-507.0,0
78.0,-495.0,-80.0,-3403.0,526.0,-1254.0,0
20.0,-690.0,102.0,-3455.0,-509.0,-1851.0,0
69.0,-840.0,179.0,-2982.0,-1001.0,-2104.0,0
94.0,-922.0,226.0,-2078.0,-830.0,-2139.0,0
72.0,-969.0,120.0,-849.0,-283.0,-2158.0,0
-57.0,-952.0,-124.0,322.0,478.0,-2198.0,0
-160.0,-891.0,-346.0,889.0,1169.0,-2084.0,0
-295.0,-847.0,-448.0,617.0,1380.0,-1799.0,0
-368.0,-820.0,-433.0,-166.0,1026.0,-1161.0,0
-292.0,-749.0,-282.0,-765.0,233.0,-195.0,0
-145.0,-683.0,-153.0,-964.0,-526.0,703.0,0
-32.0,-612.0,-59.0,-436.0,-1319.0,1129.0,0
45.0,-534.0,11.0,562.0,-1766.0,1360.0,0
67.0,-443.0,47.0,1709.0,-1925.0,1366.0,0
73.0,-362.0,69.0,2694.0,-1884.0,1293.0,0
67.0,-285.0,76.0,3298.0,-1724.0,1257.0,0
72.0,-207.0,69.0,3424.0,-1540.0,1309.0,0
95.0,-155.0,56.0,3069.0,-1401.0,1427.0,0
114.0,-122.0,35.0,2311.0,-1350.0,1539.0,0
122.0,-120.0,9.0,1318.0,-1365.0,1597.0,0
109.0,-179.0,-1.0,294.0,-1409.0,1609.0,0
68.0,-263.0,17.0,-616.0,-1437.0,1607.0,0
31.0,-352.0,50.0,-1301.0,-1438.0,1611.0,0
4.0,-418.0,74.0,-1667.0,-1465.0,1580.0,0
-35.0,-463.0,91.0,-1772.0,-1498.0,1548.0,0
-64.0,-479.0,92.0,-1688.0,-1532.0,1516.0,0
-96.0,-459.0,86.0,-1494.0,-1562.0,1464.0,0
-129.0,-426.0,70.0,-1232.0,-1567.0,1404.0,0
-129.0,-406.0,57.0,-988.0,-1485.0,1369.0,0
-153.0,-379.0,33.0,-774.0,-1401.0,1263.0,0
-158.0,-347.0,3.0,-595.0,-1360.0,1072.0,0
-160.0,-323.0,-31.0,-438.0,-1316.0,853.0,0
-141.0,-301.0,-59.0,-285.0,-1214.0,605.0,0
-144.0,-267.0,-81.0,-102.0,-1061.0,345.0,0
-136.0,-207.0,-87.0,131.0,-916.0,146.0,0
-111.0,-153.0,-106.0,442.0,-836.0,72.0,0
-76.0,-65.0,-109.0,761.0,-820.0,106.0,0
-23.0,11.0,-119.0,1016.0,-845.0,184.0,0
43.0,92.0,-126.0,1323.0,-876.0,217.0,0
104.0,177.0,-155.0,1605.0,-882.0,117.0,0
125.0,232.0,-166.0,1783.0,-830.0,-68.0,0
127.0,247.0,-196.0,1789.0,-714.0,-348.0,0
111.0,239.0,-196.0,1563.0,-550.0,-594.0,0
75.0,190.0,-175.0,1133.0,-382.0,-749.0,0
32.0,120.0,-145.0,575.0,-251.0,-820.0,0
27.0,45.0,-92.0,0.0,-179.0,-813.0,0
25.0,-15.0,-50.0,-421.0,-190.0,-774.0,0
32.0,-64.0,-29.0,-622.0,-263.0,-728.0,0
43.0,-107.0,-20.0,-614.0,-347.0,-670.0,0
44.0,-122.0,-32.0,-444.0,-392.0,-596.0,0
51.0,-144.0,-34.0,-161.0,-380.0,-512.0,0
52.0,-145.0,-51.0,178.0,-329.0,-437.0,0
45.0,-136.0,-76.0,522.0,-277.0,-398.0,0
38.0,-115.0,-89.0,807.0,-255.0,-388.0,0
42.0,-90.0,-96.0,993.0,-275.0,-398.0,0
49.0,-63.0,-89.0,1086.0,-334.0,-409.0,0
61.0,-47.0,-78.0,1119.0,-393.0,-414.0,0
67.0,-37.0,-69.0,1121.0,-426.0,-412.0,0
64.0,-18.0,-70.0,1112.0,-421.0,-411.0,0
54.0,2.0,-117.0,1088.0,-401.0,-401.0,0
28.0,15.0,-211.0,988.0,-432.0,-390.0,0
-19.0,38.0,-286.0,748.0,-572.0,-399.0,0
-78.0,54.0,-330.0,308.0,-801.0,-392.0,0
-132.0,51.0,-368.0,-313.0,-963.0,-292.0,0
-137.0,14.0,-430.0,-1048.0,-822.0,-27.0,0
-78.0,-97.0,-464.0,-1880.0,-237.0,396.0,0
6.0,-272.0,-323.0,-2575.0,621.0,892.0,0
19.0,-453.0,-66.0,-3168.0,1329.0,1291.0,0
-34.0,-617.0,205.0,-3180.0,1518.0,1479.0,0
-132.0,-755.0,370.0,-2614.0,1127.0,1518.0,0
-211.0,-845.0,380.0,-1634.0,292.0,1587.0,0
-222.0,-832.0,203.0,-524.0,-538.0,1798.0,0
-154.0,-772.0,-70.0,270.0,-1124.0,2103.0,0
-54.0,-745.0,-318.0,361.0,-1473.0,2257.0,0
34.0,-774.0,-435.0,-211.0,-1603.0,2068.0,0
68.0,-818.0,-406.0,-1024.0,-1441.0,1471.0,0
42.0,-838.0,-269.0,-1550.0,-853.0,632.0,0
-47.0,-776.0,-73.0,-1348.0,87.0,-231.0,0
-95.0,-712.0,19.0,-387.0,964.0,-874.0,0
-117.0,-639.0,47.0,947.0,1478.0,-1268.0,0
-115.0,-565.0,48.0,2239.0,1678.0,-1492.0,0
-91.0,-491.0,43.0,3173.0,1704.0,-1605.0,0
-67.0,-418.0,37.0,3556.0,1608.0,-1657.0,0
-49.0,-336.0,39.0,3390.0,1408.0,-1691.0,0
-38.0,-256.0,48.0,2838.0,1165.0,-1701.0,0
-47.0,-186.0,57.0,2093.0,968.0,-1674.0,0
-59.0,-141.0,59.0,1297.0,850.0,-1603.0,0
-60.0,-132.0,55.0,502.0,791.0,-1491.0,0
-29.0,-182.0,55.0,-253.0,806.0,-1340.0,0
9.0,-242.0,69.0,-923.0,889.0,-1204.0,0
30.0,-292.0,82.0,-1432.0,1043.0,-1107.0,0
59.0,-333.0,86.0,-1735.0,1236.0,-1036.0,0
80.0,-366.0,92.0,-1841.0,1444.0,-990.0,0
93.0,-377.0,81.0,-1807.0,1640.0,-956.0,0
98.0,-366.0,68.0,-1726.0,1777.0,-919.0,0
103.0,-345.0,50.0,-1634.0,1838.0,-866.0,0
112.0,-327.0,31.0,-1525.0,1848.0,-794.0,0
114.0,-311.0,8.0,-1356.0,1830.0,-732.0,0
88.0,-284.0,-9.0,-1158.0,1811.0,-693.0,0
62.0,-248.0,-22.0,-917.0,1823.0,-658.0,0
41.0,-210.0,-35.0,-619.0,1853.0,-614.0,0
24.0,-171.0,-52.0,-270.0,1875.0,-556.0,0
22.0,-136.0,-62.0,108.0,1870.0,-507.0,0
31.0,-96.0,-77.0,493.0,1831.0,-497.0,0
26.0,-52.0,-89.0,861.0,1779.0,-527.0,0
6.0,0.0,-98.0,1216.0,1738.0,-579.0,0
-16.0,56.0,-105.0,1531.0,1689.0,-592.0,0
-60.0,113.0,-109.0,1781.0,1615.0,-519.0,0
-88.0,148.0,-122.0,1942.0,1496.0,-315.0,0
-105.0,160.0,-137.0,1965.0,1329.0,1.0,0
-100.0,146.0,-153.0,1789.0,1117.0,358.0,0
-65.0,103.0,-153.0,1395.0,879.0,648.0,0
-22.0,39.0,-117.0,829.0,612.0,778.0,0
2.0,-13.0,-65.0,242.0,355.0,787.0,0
22.0,-54.0,-2.0,-159.0,155.0,766.0,0
40.0,-101.0,26.0,-306.0,40.0,735.0,0
49.0,-122.0,26.0,-255.0,2.0,673.0,0
53.0,-122.0,8.0,-83.0,32.0,588.0,0
49.0,-106.0,-19.0,141.0,122.0,523.0,0
40.0,-75.0,-38.0,370.0,257.0,510.0,0
29.0,-53.0,-55.0,584.0,404.0,554.0,0
3.0,-26.0,-63.0,753.0,543.0,633.0,0
-12.0,-9.0,-64.0,867.0,658.0,715.0,0
-30.0,0.0,-57.0,915.0,742.0,770.0,0
-40.0,8.0,-62.0,890.0,794.0,782.0,0
-45.0,10.0,-119.0,814.0,817.0,754.0,0
-26.0,18.0,-207.0,619.0,829.0,701.0,0
15.0,13.0,-257.0,275.0,870.0,624.0,0
65.0,-3.0,-274.0,-130.0,934.0,532.0,0
122.0,-43.0,-271.0,-487.0,1015.0,385.0,0
176.0,-93.0,-313.0,-788.0,1090.0,218.0,0
219.0,-170.0,-280.0,-1233.0,1001.0,-14.0,0
207.0,-299.0,-135.0,-1782.0,511.0,-400.0,0
120.0,-444.0,19.0,-2099.0,-263.0,-898.0,0
39.0,-602.0,142.0,-2008.0,-794.0,-1275.0,0
51.0,-696.0,195.0,-1658.0,-844.0,-1416.0,0
82.0,-781.0,191.0,-1230.0,-648.0,-1492.0,0
71.0,-799.0,53.0,-788.0,-412.0,-1643.0,0
16.0,-800.0,-154.0,-531.0,-57.0,-1849.0,0
-74.0,-786.0,-298.0,-722.0,482.0,-1947.0,0
-207.0,-795.0,-309.0,-1278.0,889.0,-1809.0,0
-304.0,-784.0,-271.0,-1765.0,834.0,-1356.0,0
-288.0,-768.0,-198.0,-1808.0,325.0,-551.0,0
-174.0,-728.0,-102.0,-1303.0,-292.0,343.0,0
-89.0,-665.0,-28.0,-306.0,-717.0,896.0,0
-43.0,-579.0,34.0,871.0,-937.0,1070.0,0
-24.0,-489.0,88.0,1976.0,-1077.0,1061.0,0
-14.0,-404.0,113.0,2879.0,-1197.0,1058.0,0
-16.0,-325.0,108.0,3476.0,-1286.0,1092.0,0
-24.0,-256.0,91.0,3675.0,-1326.0,1160.0,0
-12.0,-201.0,66.0,3442.0,-1328.0,1217.0,0
11.0,-162.0,47.0,2785.0,-1317.0,1241.0,0
34.0,-141.0,38.0,1795.0,-1310.0,1227.0,0
39.0,-149.0,41.0,635.0,-1308.0,1193.0,0
22.0,-205.0,79.0,-504.0,-1322.0,1162.0,0
-2.0,-304.0,119.0,-1281.0,-1351.0,1187.0,0
-33.0,-390.0,160.0,-1979.0,-1400.0,1201.0,0
-76.0,-442.0,171.0,-2314.0,-1462.0,1167.0,0
-105.0,-482.0,155.0,-2325.0,-1524.0,1136.0,0
-109.0,-479.0,112.0,-2109.0,-1581.0,1097.0,0
-125.0,-453.0,64.0,-1789.0,-1626.0,1061.0,0
-125.0,-416.0,15.0,-1421.0,-1619.0,1056.0,0
-128.0,-379.0,-22.0,-1054.0,-1542.0,1046.0,0
-131.0,-336.0,-58.0,-716.0,-1438.0,1003.0,0
-118.0,-285.0,-70.0,-466.0,-1291.0,941.0,0
-111.0,-249.0,-69.0,-263.0,-1144.0,863.0,0
-89.0,-217.0,-71.0,-72.0,-1054.0,764.0,0
-68.0,-192.0,-81.0,107.0,-1041.0,635.0,0
-59.0,-160.0,-79.0,266.0,-1083.0,466.0,0
-32.0,-121.0,-73.0,438.0,-1194.0,308.0,0
0.0,-93.0,-71.0,659.0,-1376.0,205.0,0
47.0,-50.0,-60.0,914.0,-1599.0,139.0,0
104.0,18.0,-68.0,1229.0,-1801.0,89.0,0
151.0,80.0,-74.0,1582.0,-1908.0,45.0,0
183.0,118.0,-97.0,1952.0,-1888.0,-14.0,0
197.0,138.0,-134.0,2251.0,-1725.0,-89.0,0
170.0,147.0,-171.0,2332.0,-1460.0,-201.0,0
127.0,129.0,-200.0,2094.0,-1093.0,-267.0,0
64.0,78.0,-200.0,1554.0,-681.0,-275.0,0
5.0,28.0,-170.0,820.0,-285.0,-229.0,0
-31.0,-28.0,-123.0,93.0,14.0,-152.0,0
-55.0,-68.0,-73.0,-459.0,166.0,-96.0,0
-65.0,-107.0,-42.0,-745.0,201.0,-84.0,0
-68.0,-120.0,-39.0,-774.0,182.0,-96.0,0
-61.0,-121.0,-36.0,-631.0,169.0,-100.0,0
-41.0,-120.0,-37.0,-427.0,169.0,-113.0,0
-22.0,-111.0,-35.0,-117.0,146.0,-175.0,0
-9.0,-95.0,-35.0,202.0,65.0,-288.0,0
12.0,-81.0,-29.0,496.0,-74.0,-382.0,0
40.0,-68.0,-29.0,741.0,-247.0,-481.0,0
57.0,-54.0,-45.0,922.0,-420.0,-555.0,0
53.0,-27.0,-148.0,1010.0,-583.0,-612.0,0
37.0,-20.0,-255.0,937.0,-770.0,-658.0,0
0.0,-7.0,-292.0,673.0,-953.0,-680.0,0
-44.0,-5.0,-313.0,254.0,-1042.0,-642.0,0
-70.0,-13.0,-341.0,-238.0,-942.0,-496.0,0
-83.0,-41.0,-409.0,-823.0,-619.0,-253.0,0
-63.0,-143.0,-365.0,-1619.0,-61.0,42.0,0
-34.0,-307.0,-148.0,-2432.0,578.0,360.0,0
-5.0,-466.0,79.0,-2921.0,958.0,664.0,0
-20.0,-598.0,255.0,-2989.0,932.0,916.0,0
-76.0,-718.0,343.0,-2664.0,679.0,1182.0,0
-91.0,-769.0,304.0,-1994.0,434.0,1558.0,0
-98.0,-765.0,119.0,-1199.0,151.0,1957.0,0
-86.0,-753.0,-125.0,-688.0,-288.0,2266.0,0
-38.0,-726.0,-313.0,-672.0,-819.0,2342.0,0
34.0,-733.0,-391.0,-978.0,-1112.0,2061.0,0
68.0,-755.0,-353.0,-1311.0,-960.0,1450.0,0
29.0,-736.0,-233.0,-1372.0,-397.0,640.0,0
-26.0,-691.0,-104.0,-914.0,376.0,-135.0,0
-82.0,-631.0,-10.0,-38.0,1063.0,-761.0,0
-104.0,-581.0,54.0,997.0,1473.0,-1269.0,0
-120.0,-513.0,77.0,2016.0,1610.0,-1650.0,0
-113.0,-441.0,87.0,2810.0,1532.0,-1891.0,0
-90.0,-371.0,87.0,3158.0,1298.0,-2014.0,0
-68.0,-298.0,70.0,3161.0,1078.0,-2050.0,0
-57.0,-235.0,64.0,2695.0,860.0,-2055.0,0
-62.0,-166.0,70.0,1853.0,757.0,-2058.0,0
-79.0,-124.0,77.0,821.0,772.0,-2035.0,0
-97.0,-119.0,78.0,-210.0,893.0,-1958.0,0
-74.0,-175.0,88.0,-1128.0,1086.0,-1829.0,0
-14.0,-254.0,93.0,-1898.0,1283.0,-1685.0,0
40.0,-328.0,92.0,-2481.0,1420.0,-1603.0,0
72.0,-387.0,82.0,-2845.0,1514.0,-1522.0,0
95.0,-426.0,54.0,-2990.0,1581.0,-1410.0,0
102.0,-440.0,28.0,-2934.0,1627.0,-1301.0,0
99.0,-429.0,12.0,-2737.0,1688.0,-1200.0,0
89.0,-400.0,0.0,-2411.0,1769.0,-1116.0,0
85.0,-376.0,-4.0,-2006.0,1829.0,-1045.0,0
87.0,-336.0,-10.0,-1584.0,1862.0,-959.0,0
89.0,-310.0,-19.0,-1170.0,1910.0,-851.0,0
87.0,-270.0,-34.0,-800.0,1981.0,-731.0,0
64.0,-230.0,-46.0,-464.0,2067.0,-598.0,0
45.0,-191.0,-65.0,-160.0,2154.0,-432.0,0
30.0,-157.0,-65.0,130.0,2190.0,-266.0,0
22.0,-109.0,-58.0,436.0,2173.0,-149.0,0
16.0,-62.0,-43.0,773.0,2141.0,-113.0,0
20.0,-14.0,-36.0,1116.0,2117.0,-174.0,0
11.0,40.0,-23.0,1418.0,2080.0,-299.0,0
-3.0,89.0,-24.0,1645.0,1990.0,-423.0,0
-23.0,140.0,-17.0,1768.0,1827.0,-487.0,0
-35.0,174.0,-33.0,1798.0,1632.0,-445.0,0
-30.0,181.0,-57.0,1699.0,1438.0,-280.0,0
-16.0,168.0,-94.0,1499.0,1270.0,-45.0,0
15.0,116.0,-120.0,1076.0,1154.0,190.0,0
51.0,52.0,-119.0,484.0,1019.0,336.0,0
63.0,-1.0,-95.0,-151.0,889.0,454.0,0
59.0,-53.0,-58.0,-647.0,767.0,533.0,0
49.0,-106.0,-42.0,-902.0,649.0,571.0,0
43.0,-136.0,-42.0,-947.0,536.0,560.0,0
38.0,-141.0,-49.0,-853.0,424.0,526.0,0
32.0,-123.0,-61.0,-665.0,314.0,505.0,0
21.0,-103.0,-75.0,-402.0,222.0,536.0,0
16.0,-84.0,-74.0,-102.0,157.0,618.0,0
0.0,-69.0,-64.0,195.0,118.0,718.0,0
-27.0,-57.0,-45.0,455.0,106.0,822.0,0
-46.0,-56.0,-36.0,666.0,113.0,924.0,0
-72.0,-48.0,-66.0,812.0,132.0,994.0,0
-80.0,-38.0,-185.0,845.0,182.0,1031.0,0
-76.0,-28.0,-277.0,706.0,319.0,1030.0,0
-46.0,-28.0,-292.0,444.0,574.0,992.0,0
-4.0,-51.0,-296.0,163.0,955.0,917.0,0
37.0,-88.0,-313.0,-118.0,1423.0,787.0,0
56.0,-141.0,-378.0,-578.0,1849.0,576.0,0
57.0,-245.0,-303.0,-1441.0,1885.0,186.0,0
26.0,-377.0,-105.0,-2351.0,1112.0,-474.0,0
-43.0,-489.0,54.0,-2867.0,-222.0,-1194.0,0
-41.0,-618.0,150.0,-2863.0,-1367.0,-1657.0,0
28.0,-727.0,222.0,-2484.0,-1890.0,-1833.0,0
95.0,-845.0,254.0,-1815.0,-1839.0,-1936.0,0
95.0,-929.0,196.0,-888.0,-1369.0,-2181.0,0
5.0,-919.0,27.0,56.0,-675.0,-2426.0,0
-108.0,-837.0,-203.0,612.0,-58.0,-2424.0,0
-211.0,-752.0,-390.0,561.0,190.0,-2120.0,0
-258.0,-681.0,-462.0,-44.0,110.0,-1490.0,0
-216.0,-628.0,-381.0,-802.0,-267.0,-844.0,0
-105.0,-571.0,-231.0,-1140.0,-771.0,-64.0,0
-31.0,-527.0,-113.0,-813.0,-1231.0,482.0,0
19.0,-494.0,-26.0,-18.0,-1569.0,840.0,0
45.0,-449.0,34.0,996.0,-1823.0,1063.0,0
55.0,-409.0,67.0,2003.0,-1994.0,1167.0,0
55.0,-369.0,74.0,2787.0,-2060.0,1208.0,0
64.0,-321.0,45.0,3196.0,-2024.0,1274.0,0
94.0,-313.0,44.0,3145.0,-1904.0,1380.0,0
123.0,-293.0,30.0,2654.0,-1751.0,1486.0,0
152.0,-277.0,22.0,1852.0,-1588.0,1561.0,0
160.0,-281.0,31.0,908.0,-1430.0,1583.0,0
135.0,-295.0,43.0,-9.0,-1309.0,1575.0,0
103.0,-321.0,52.0,-763.0,-1250.0,1586.0,0
59.0,-360.0,78.0,-1308.0,-1226.0,1626.0,0
16.0,-382.0,93.0,-1602.0,-1258.0,1625.0,0
-14.0,-378.0,100.0,-1702.0,-1314.0,1574.0,0
-38.0,-368.0,100.0,-1661.0,-1356.0,1510.0,0
-67.0,-329.0,91.0,-1525.0,-1380.0,1429.0,0
-76.0,-285.0,68.0,-1332.0,-1374.0,1333.0,0
-89.0,-253.0,34.0,-1138.0,-1303.0,1227.0,0
-92.0,-217.0,1.0,-940.0,-1211.0,1089.0,0
-95.0,-186.0,-29.0,-723.0,-1121.0,889.0,0
-120.0,-156.0,-72.0,-499.0,-1019.0,642.0,0
-134.0,-123.0,-83.0,-311.0,-920.0,426.0,0
-153.0,-92.0,-91.0,-134.0,-878.0,261.0,0
-163.0,-58.0,-102.0,23.0,-919.0,160.0,0
-145.0,-14.0,-101.0,157.0,-1039.0,117.0,0
-105.0,47.0,-93.0,359.0,-1196.0,83.0,0
-33.0,106.0,-72.0,603.0,-1317.0,25.0,0
49.0,139.0,-99.0,925.0,-1344.0,-87.0,0
104.0,148.0,-118.0,1095.0,-1265.0,-243.0,0
127.0,131.0,-134.0,1034.0,-1081.0,-391.0,0
105.0,86.0,-134.0,738.0,-842.0,-602.0,0
47.0,28.0,-113.0,291.0,-574.0,-769.0,0
24.0,-27.0,-79.0,-155.0,-289.0,-803.0,0
12.0,-71.0,-62.0,-423.0,-80.0,-758.0,0
3.0,-100.0,-57.0,-492.0,-1.0,-699.0,0
8.0,-111.0,-71.0,-412.0,-34.0,-633.0,0
10.0,-105.0,-89.0,-235.0,-116.0,-544.0,0
11.0,-96.0,-108.0,-12.0,-197.0,-422.0,0
13.0,-77.0,-118.0,219.0,-246.0,-304.0,0
13.0,-61.0,-128.0,430.0,-266.0,-232.0,0
22.0,-57.0,-120.0,607.0,-267.0,-219.0,0
33.0,-55.0,-108.0,734.0,-273.0,-248.0,0
43.0,-51.0,-87.0,803.0,-317.0,-301.0,0
55.0,-51.0,-62.0,832.0,-413.0,-344.0,0
56.0,-41.0,-43.0,854.0,-557.0,-371.0,0
56.0,-36.0,-53.0,882.0,-716.0,-380.0,0
41.0,-23.0,-143.0,887.0,-877.0,-382.0,0
8.0,1.0,-234.0,789.0,-1070.0,-378.0,0
-32.0,17.0,-273.0,523.0,-1302.0,-384.0,0
-90.0,24.0,-314.0,107.0,-1524.0,-360.0,0
-131.0,11.0,-388.0,-426.0,-1549.0,-221.0,0
-122.0,-49.0,-465.0,-1110.0,-1179.0,82.0,0
-54.0,-187.0,-432.0,-1939.0,-458.0,516.0,0
31.0,-371.0,-246.0,-2627.0,337.0,999.0,0
60.0,-534.0,-9.0,-2912.0,964.0,1372.0,0
14.0,-695.0,215.0,-2740.0,1226.0,1579.0,0
-42.0,-804.0,355.0,-2138.0,1021.0,1666.0,0
-78.0,-842.0,342.0,-1364.0,432.0,1659.0,0
-61.0,-819.0,150.0,-270.0,-143.0,1615.0,0
-2.0,-747.0,-127.0,451.0,-786.0,1576.0,0
63.0,-708.0,-351.0,440.0,-1240.0,1490.0,0
107.0,-737.0,-463.0,-185.0,-1326.0,1292.0,0
83.0,-755.0,-425.0,-989.0,-855.0,844.0,0
3.0,-694.0,-279.0,-1425.0,133.0,183.0,0
-92.0,-617.0,-117.0,-1123.0,1256.0,-432.0,0
-149.0,-562.0,-42.0,-271.0,2079.0,-858.0,0
-173.0,-504.0,1.0,771.0,2470.0,-1135.0,0
-156.0,-447.0,21.0,1702.0,2512.0,-1313.0,0
-127.0,-401.0,27.0,2270.0,2316.0,-1430.0,0
-98.0,-374.0,17.0,2390.0,2012.0,-1549.0,0
-86.0,-331.0,21.0,2118.0,1729.0,-1677.0,0
-86.0,-280.0,36.0,1578.0,1525.0,-1794.0,0
-107.0,-238.0,47.0,922.0,1393.0,-1863.0,0
-116.0,-217.0,55.0,253.0,1304.0,-1820.0,0
-115.0,-234.0,58.0,-366.0,1244.0,-1667.0,0
-69.0,-287.0,47.0,-908.0,1213.0,-1484.0,0
-22.0,-339.0,46.0,-1348.0,1229.0,-1365.0,0
15.0,-372.0,41.0,-1645.0,1309.0,-1279.0,0
46.0,-396.0,36.0,-1790.0,1463.0,-1176.0,0
80.0,-405.0,35.0,-1800.0,1652.0,-1070.0,0
97.0,-397.0,40.0,-1714.0,1836.0,-972.0,0
99.0,-375.0,44.0,-1557.0,1991.0,-868.0,0
101.0,-362.0,49.0,-1324.0,2099.0,-762.0,0
105.0,-337.0,30.0,-1047.0,2140.0,-657.0,0
103.0,-311.0,15.0,-783.0,2118.0,-546.0,0
92.0,-284.0,-6.0,-549.0,2068.0,-407.0,0
79.0,-250.0,-14.0,-338.0,2021.0,-222.0,0
51.0,-192.0,-29.0,-190.0,1899.0,-47.0,0
66.0,-148.0,-43.0,-148.0,1680.0,62.0,0
87.0,-112.0,-58.0,-17.0,1573.0,168.0,0
108.0,-78.0,-67.0,233.0,1527.0,242.0,0
125.0,-38.0,-69.0,561.0,1522.0,228.0,0
114.0,22.0,-72.0,968.0,1535.0,104.0,0
67.0,107.0,-77.0,1392.0,1545.0,-53.0,0
10.0,180.0,-88.0,1771.0,1518.0,-127.0,0
-43.0,230.0,-109.0,2001.0,1410.0,-55.0,0
-81.0,249.0,-127.0,1987.0,1221.0,136.0,0
-101.0,228.0,-130.0,1679.0,990.0,351.0,0
-89.0,154.0,-122.0,1150.0,769.0,511.0,0
-58.0,74.0,-86.0,527.0,577.0,566.0,0
-34.0,2.0,-47.0,35.0,429.0,509.0,0
-20.0,-69.0,-21.0,-183.0,359.0,428.0,0
-12.0,-106.0,-26.0,-151.0,354.0,361.0,0
-2.0,-125.0,-35.0,38.0,369.0,307.0,0
0.0,-125.0,-64.0,281.0,364.0,267.0,0
1.0,-105.0,-96.0,494.0,334.0,260.0,0
2.0,-73.0,-130.0,638.0,293.0,313.0,0
3.0,-46.0,-155.0,690.0,271.0,428.0,0
4.0,-27.0,-158.0,652.0,291.0,572.0,0
-2.0,-21.0,-129.0,558.0,342.0,710.0,0
-12.0,-23.0,-80.0,473.0,389.0,813.0,0
-27.0,-32.0,-51.0,434.0,404.0,871.0,0
-36.0,-34.0,-82.0,431.0,390.0,888.0,0
-17.0,-19.0,-172.0,401.0,396.0,877.0,0
16.0,0.0,-245.0,276.0,486.0,826.0,0
75.0,10.0,-274.0,21.0,676.0,726.0,0
152.0,-6.0,-270.0,-365.0,906.0,580.0,0
211.0,-48.0,-353.0,-957.0,1120.0,347.0,0
231.0,-145.0,-383.0,-1850.0,1191.0,-50.0,0
196.0,-293.0,-279.0,-2587.0,798.0,-681.0,0
70.0,-485.0,-107.0,-3218.0,169.0,-1407.0,0
20.0,-621.0,39.0,-3395.0,-574.0,-1845.0,0
51.0,-768.0,130.0,-3092.0,-818.0,-2098.0,0
82.0,-889.0,199.0,-2394.0,-561.0,-2191.0,0
44.0,-956.0,192.0,-1414.0,-81.0,-2290.0,0
-60.0,-957.0,32.0,-251.0,555.0,-2405.0,0
-186.0,-903.0,-183.0,670.0,1225.0,-2422.0,0
-273.0,-842.0,-340.0,923.0,1557.0,-2217.0,0
-327.0,-799.0,-389.0,490.0,1336.0,-1764.0,0
-312.0,-744.0,-320.0,-247.0,612.0,-1102.0,0
-172.0,-672.0,-206.0,-760.0,-401.0,-269.0,0
-53.0,-618.0,-127.0,-733.0,-1368.0,440.0,0
25.0,-559.0,-64.0,-216.0,-2003.0,896.0,0
72.0,-507.0,-18.0,624.0,-2282.0,1157.0,0
67.0,-439.0,17.0,1545.0,-2295.0,1278.0,0
41.0,-369.0,33.0,2319.0,-2147.0,1343.0,0
25.0,-300.0,43.0,2762.0,-1920.0,1431.0,0
34.0,-243.0,42.0,2788.0,-1673.0,1561.0,0
63.0,-206.0,42.0,2394.0,-1455.0,1668.0,0
92.0,-189.0,44.0,1678.0,-1309.0,1705.0,0
98.0,-209.0,47.0,838.0,-1257.0,1675.0,0
89.0,-244.0,54.0,59.0,-1288.0,1601.0,0
66.0,-314.0,58.0,-572.0,-1356.0,1521.0,0
42.0,-374.0,64.0,-1015.0,-1459.0,1442.0,0
22.0,-415.0,65.0,-1250.0,-1587.0,1351.0,0
4.0,-433.0,55.0,-1325.0,-1690.0,1250.0,0
-25.0,-423.0,47.0,-1302.0,-1729.0,1155.0,0
-44.0,-408.0,37.0,-1184.0,-1718.0,1090.0,0
-61.0,-392.0,24.0,-992.0,-1674.0,1036.0,0
-73.0,-373.0,5.0,-815.0,-1609.0,965.0,0
-86.0,-345.0,-12.0,-585.0,-1538.0,893.0,0
-83.0,-322.0,-20.0,-336.0,-1422.0,811.0,0
-88.0,-289.0,-37.0,-71.0,-1294.0,711.0,0
-114.0,-254.0,-41.0,200.0,-1147.0,583.0,0
-106.0,-210.0,-38.0,469.0,-1003.0,489.0,0
-112.0,-162.0,-59.0,720.0,-895.0,416.0,0
-92.0,-86.0,-52.0,874.0,-821.0,371.0,0
-57.0,7.0,-54.0,981.0,-782.0,360.0,0
-9.0,141.0,-58.0,1067.0,-788.0,351.0,0
33.0,221.0,-102.0,1157.0,-822.0,258.0,0
68.0,277.0,-154.0,1191.0,-822.0,62.0,0
85.0,297.0,-191.0,1081.0,-754.0,-199.0,0
92.0,272.0,-236.0,802.0,-618.0,-452.0,0
91.0,223.0,-228.0,373.0,-448.0,-651.0,0
65.0,130.0,-213.0,-95.0,-302.0,-778.0,0
58.0,47.0,-153.0,-552.0,-168.0,-809.0,0
63.0,-25.0,-104.0,-809.0,-80.0,-783.0,0
67.0,-80.0,-72.0,-804.0,-45.0,-744.0,0
63.0,-116.0,-55.0,-593.0,-35.0,-691.0,0
51.0,-130.0,-42.0,-258.0,-23.0,-606.0,0
31.0,-138.0,-45.0,131.0,-7.0,-494.0,0
18.0,-128.0,-50.0,511.0,-13.0,-396.0,0
2.0,-115.0,-67.0,844.0,-58.0,-354.0,0
-8.0,-93.0,-82.0,1101.0,-147.0,-356.0,0
-2.0,-83.0,-89.0,1267.0,-262.0,-374.0,0
1.0,-65.0,-95.0,1351.0,-366.0,-394.0,0
17.0,-55.0,-91.0,1367.0,-435.0,-400.0,0
29.0,-42.0,-84.0,1359.0,-463.0,-395.0,0
32.0,-35.0,-71.0,1356.0,-444.0,-377.0,0
30.0,-30.0,-75.0,1360.0,-397.0,-353.0,0
32.0,-18.0,-91.0,1361.0,-348.0,-327.0,0
21.0,2.0,-158.0,1318.0,-337.0,-309.0,0
1.0,22.0,-263.0,1154.0,-412.0,-315.0,0
-28.0,38.0,-327.0,809.0,-601.0,-327.0,0
-75.0,31.0,-369.0,241.0,-832.0,-301.0,0
-120.0,10.0,-411.0,-471.0,-942.0,-148.0,0
-95.0,-72.0,-471.0,-1254.0,-833.0,187.0,0
-8.0,-236.0,-380.0,-2064.0,-462.0,649.0,0
46.0,-415.0,-131.0,-2580.0,89.0,1104.0,0
20.0,-587.0,152.0,-2593.0,597.0,1432.0,0
-38.0,-722.0,373.0,-2220.0,866.0,1625.0,0
-104.0,-777.0,406.0,-1513.0,712.0,1693.0,0
-152.0,-777.0,262.0,-614.0,284.0,1745.0,0
-141.0,-728.0,16.0,81.0,-175.0,1891.0,0
-93.0,-709.0,-206.0,219.0,-675.0,2007.0,0
13.0,-748.0,-362.0,-178.0,-1182.0,1937.0,0
109.0,-791.0,-362.0,-843.0,-1463.0,1608.0,0
130.0,-828.0,-293.0,-1368.0,-1231.0,1003.0,0
40.0,-791.0,-168.0,-1434.0,-402.0,230.0,0
-57.0,-731.0,-75.0,-857.0,611.0,-468.0,0
-124.0,-675.0,-18.0,189.0,1330.0,-932.0,0
-146.0,-615.0,14.0,1363.0,1672.0,-1203.0,0
-151.0,-555.0,39.0,2397.0,1741.0,-1396.0,0
-138.0,-494.0,57.0,3115.0,1602.0,-1543.0,0
-121.0,-427.0,64.0,3399.0,1343.0,-1638.0,0
-101.0,-352.0,64.0,3263.0,1054.0,-1679.0,0
-94.0,-271.0,70.0,2792.0,816.0,-1661.0,0
-103.0,-188.0,71.0,2126.0,686.0,-1602.0,0
-112.0,-123.0,69.0,1359.0,628.0,-1511.0,0
-127.0,-86.0,68.0,526.0,621.0,-1387.0,0
-128.0,-89.0,70.0,-313.0,684.0,-1221.0,0
-84.0,-149.0,79.0,-1090.0,805.0,-1072.0,0
-25.0,-225.0,92.0,-1772.0,930.0,-1018.0,0
16.0,-284.0,109.0,-2214.0,1068.0,-1015.0,0
70.0,-334.0,111.0,-2575.0,1202.0,-1010.0,0
103.0,-360.0,109.0,-2725.0,1384.0,-1013.0,0
115.0,-363.0,109.0,-2716.0,1544.0,-1033.0,0
125.0,-351.0,102.0,-2575.0,1655.0,-1054.0,0
128.0,-327.0,78.0,-2330.0,1690.0,-1048.0,0
145.0,-311.0,44.0,-2022.0,1648.0,-1006.0,0
153.0,-289.0,10.0,-1701.0,1582.0,-938.0,0
153.0,-268.0,-13.0,-1394.0,1544.0,-864.0,0
139.0,-240.0,-33.0,-1069.0,1570.0,-789.0,0
116.0,-207.0,-45.0,-714.0,1665.0,-687.0,0
101.0,-175.0,-64.0,-328.0,1792.0,-541.0,0
100.0,-139.0,-73.0,82.0,1902.0,-381.0,0
104.0,-102.0,-94.0,506.0,1971.0,-264.0,0
105.0,-64.0,-114.0,913.0,2007.0,-209.0,0
73.0,-10.0,-121.0,1282.0,2028.0,-232.0,0
29.0,49.0,-130.0,1580.0,2016.0,-265.0,0
-19.0,101.0,-134.0,1780.0,1934.0,-238.0,0
-62.0,142.0,-142.0,1862.0,1758.0,-103.0,0
-84.0,154.0,-150.0,1778.0,1512.0,119.0,0
-92.0,132.0,-140.0,1478.0,1224.0,379.0,0
-67.0,66.0,-107.0,982.0,925.0,596.0,0
-32.0,-2.0,-69.0,373.0,619.0,703.0,0
-3.0,-54.0,-33.0,-173.0,335.0,693.0,0
7.0,-90.0,-7.0,-492.0,142.0,623.0,0
13.0,-113.0,1.0,-557.0,79.0,549.0,0
20.0,-120.0,-18.0,-427.0,121.0,484.0,0
20.0,-109.0,-26.0,-181.0,230.0,455.0,0
12.0,-83.0,-48.0,120.0,365.0,469.0,0
-1.0,-55.0,-63.0,413.0,496.0,527.0,0
-12.0,-30.0,-92.0,609.0,600.0,622.0,0
-18.0,-6.0,-131.0,772.0,673.0,725.0,0
-19.0,14.0,-221.0,792.0,716.0,792.0,0
9.0,23.0,-274.0,605.0,788.0,798.0,0
44.0,9.0,-305.0,270.0,891.0,748.0,0
91.0,-11.0,-306.0,-119.0,1013.0,648.0,0
138.0,-43.0,-323.0,-518.0,1155.0,499.0,0
172.0,-101.0,-305.0,-950.0,1224.0,315.0,0
190.0,-251.0,-171.0,-1399.0,949.0,79.0,0
134.0,-407.0,-34.0,-1746.0,230.0,-275.0,0
46.0,-547.0,64.0,-1871.0,-604.0,-687.0,0
-1.0,-658.0,152.0,-1791.0,-1051.0,-1007.0,0
12.0,-782.0,215.0,-1568.0,-1034.0,-1230.0,0
26.0,-867.0,173.0,-1208.0,-810.0,-1523.0,0
-14.0,-866.0,-19.0,-753.0,-496.0,-1926.0,0
-97.0,-834.0,-240.0,-414.0,-5.0,-2270.0,0
-231.0,-807.0,-356.0,-510.0,503.0,-2347.0,0
-359.0,-767.0,-372.0,-901.0,683.0,-2085.0,0
-359.0,-741.0,-316.0,-1206.0,397.0,-1346.0,0
-208.0,-697.0,-230.0,-1134.0,-206.0,-408.0,0
-97.0,-645.0,-164.0,-539.0,-838.0,206.0,0
-24.0,-583.0,-96.0,414.0,-1265.0,475.0,0
45.0,-506.0,-26.0,1510.0,-1506.0,623.0,0
99.0,-412.0,29.0,2564.0,-1633.0,765.0,0
128.0,-325.0,64.0,3433.0,-1636.0,913.0,0
131.0,-244.0,72.0,4005.0,-1533.0,1055.0,0
128.0,-175.0,64.0,4174.0,-1381.0,1182.0,0
126.0,-118.0,44.0,3890.0,-1246.0,1291.0,0
133.0,-93.0,31.0,3159.0,-1161.0,1370.0,0
137.0,-87.0,29.0,2064.0,-1112.0,1401.0,0
150.0,-97.0,52.0,773.0,-1096.0,1394.0,0
133.0,-158.0,94.0,-243.0,-1128.0,1408.0,0
90.0,-252.0,133.0,-1335.0,-1196.0,1465.0,0
36.0,-335.0,167.0,-2118.0,-1241.0,1517.0,0
-21.0,-390.0,177.0,-2517.0,-1270.0,1535.0,0
-75.0,-413.0,155.0,-2601.0,-1300.0,1524.0,0
-114.0,-411.0,112.0,-2500.0,-1326.0,1525.0,0
-112.0,-391.0,73.0,-2304.0,-1343.0,1542.0,0
-107.0,-357.0,18.0,-2073.0,-1351.0,1516.0,0
-118.0,-322.0,-19.0,-1811.0,-1338.0,1420.0,0
-126.0,-289.0,-48.0,-1510.0,-1285.0,1292.0,0
-132.0,-264.0,-54.0,-1194.0,-1175.0,1173.0,0
-148.0,-243.0,-54.0,-861.0,-1060.0,1031.0,0
-165.0,-225.0,-53.0,-520.0,-982.0,869.0,0
-161.0,-209.0,-65.0,-193.0,-968.0,705.0,0
-165.0,-199.0,-82.0,92.0,-1023.0,528.0,0
-144.0,-172.0,-93.0,348.0,-1129.0,337.0,0
-118.0,-150.0,-109.0,615.0,-1271.0,132.0,0
-90.0,-118.0,-111.0,885.0,-1416.0,-76.0,0
-54.0,-80.0,-129.0,1163.0,-1523.0,-232.0,0
-1.0,-24.0,-127.0,1427.0,-1563.0,-344.0,0
41.0,21.0,-139.0,1696.0,-1520.0,-406.0,0
89.0,66.0,-147.0,1929.0,-1375.0,-427.0,0
125.0,78.0,-156.0,2075.0,-1162.0,-432.0,0
140.0,85.0,-157.0,2065.0,-903.0,-445.0,0
139.0,69.0,-160.0,1880.0,-652.0,-455.0,0
122.0,13.0,-149.0,1513.0,-442.0,-466.0,0
81.0,-32.0,-119.0,1020.0,-261.0,-476.0,0
60.0,-69.0,-78.0,567.0,-99.0,-398.0,0
40.0,-93.0,-48.0,295.0,15.0,-293.0,0
31.0,-96.0,-29.0,231.0,94.0,-221.0,0
30.0,-83.0,-26.0,332.0,156.0,-178.0,0
43.0,-65.0,-27.0,539.0,204.0,-144.0,0
47.0,-41.0,-41.0,743.0,227.0,-143.0,0
56.0,-14.0,-47.0,992.0,222.0,-184.0,0
59.0,2.0,-40.0,1188.0,177.0,-232.0,0
69.0,6.0,-27.0,1311.0,92.0,-296.0,0
75.0,11.0,-25.0,1368.0,-32.0,-359.0,0
66.0,17.0,-48.0,1379.0,-176.0,-421.0,0
55.0,17.0,-128.0,1329.0,-312.0,-470.0,0
33.0,10.0,-231.0,1144.0,-443.0,-515.0,0
-6.0,-7.0,-267.0,793.0,-567.0,-563.0,0
-66.0,-29.0,-266.0,331.0,-641.0,-567.0,0
-126.0,-37.0,-311.0,-173.0,-653.0,-458.0,0
-141.0,-51.0,-423.0,-871.0,-598.0,-236.0,0
-137.0,-142.0,-404.0,-1874.0,-367.0,52.0,0
-112.0,-322.0,-156.0,-2821.0,106.0,472.0,0
-87.0,-506.0,99.0,-3267.0,662.0,989.0,0
-95.0,-650.0,262.0,-3203.0,1075.0,1422.0,0
-148.0,-728.0,263.0,-2861.0,1239.0,1772.0,0
-187.0,-766.0,155.0,-2393.0,1114.0,2087.0,0
-215.0,-783.0,21.0,-1902.0,638.0,2307.0,0
-179.0,-801.0,-139.0,-1603.0,-191.0,2351.0,0
-27.0,-830.0,-258.0,-1562.0,-1080.0,2153.0,0
84.0,-852.0,-303.0,-1555.0,-1597.0,1685.0,0
133.0,-847.0,-254.0,-1422.0,-1453.0,981.0,0
73.0,-784.0,-156.0,-945.0,-682.0,124.0,0
14.0,-707.0,-74.0,-36.0,304.0,-649.0,0
-44.0,-634.0,-20.0,1119.0,1106.0,-1229.0,0
-80.0,-556.0,26.0,2296.0,1596.0,-1632.0,0
-105.0,-473.0,56.0,3268.0,1782.0,-1876.0,0
-96.0,-397.0,68.0,3857.0,1705.0,-1967.0,0
-73.0,-326.0,66.0,3962.0,1436.0,-1958.0,0
-49.0,-274.0,58.0,3611.0,1175.0,-1942.0,0
-42.0,-225.0,55.0,2797.0,917.0,-1949.0,0
-52.0,-179.0,57.0,1676.0,801.0,-1949.0,0
-60.0,-141.0,73.0,442.0,824.0,-1900.0,0
-60.0,-152.0,91.0,-690.0,947.0,-1786.0,0
-16.0,-218.0,99.0,-1561.0,1120.0,-1660.0,0
19.0,-297.0,106.0,-2170.0,1281.0,-1563.0,0
56.0,-362.0,106.0,-2526.0,1404.0,-1464.0,0
89.0,-419.0,105.0,-2623.0,1492.0,-1360.0,0
110.0,-451.0,81.0,-2506.0,1566.0,-1261.0,0
118.0,-449.0,57.0,-2265.0,1650.0,-1189.0,0
121.0,-432.0,41.0,-1955.0,1727.0,-1174.0,0
119.0,-392.0,33.0,-1624.0,1783.0,-1200.0,0
121.0,-357.0,27.0,-1276.0,1827.0,-1223.0,0
130.0,-321.0,11.0,-942.0,1863.0,-1222.0,0
129.0,-289.0,-11.0,-663.0,1914.0,-1205.0,0
113.0,-249.0,-24.0,-436.0,2002.0,-1166.0,0
86.0,-212.0,-47.0,-216.0,2104.0,-1086.0,0
60.0,-173.0,-74.0,22.0,2185.0,-938.0,0
40.0,-127.0,-103.0,305.0,2232.0,-749.0,0
31.0,-80.0,-117.0,629.0,2256.0,-560.0,0
28.0,-30.0,-124.0,959.0,2285.0,-441.0,0
10.0,31.0,-108.0,1270.0,2338.0,-416.0,0
-7.0,90.0,-89.0,1557.0,2400.0,-456.0,0
-51.0,155.0,-74.0,1818.0,2402.0,-505.0,0
-83.0,193.0,-88.0,2028.0,2292.0,-455.0,0
-113.0,203.0,-128.0,2069.0,2072.0,-258.0,0
-118.0,192.0,-155.0,1833.0,1760.0,55.0,0
-114.0,145.0,-143.0,1455.0,1380.0,387.0,0
-80.0,84.0,-104.0,834.0,972.0,681.0,0
-39.0,24.0,-58.0,144.0,631.0,884.0,0
-11.0,-32.0,-11.0,-447.0,214.0,984.0,0
15.0,-78.0,28.0,-792.0,-140.0,1051.0,0
33.0,-97.0,34.0,-833.0,-391.0,1062.0,0
61.0,-97.0,18.0,-636.0,-519.0,1029.0,0
84.0,-75.0,-6.0,-313.0,-524.0,993.0,0
98.0,-51.0,-41.0,41.0,-431.0,972.0,0
105.0,-29.0,-68.0,341.0,-256.0,968.0,0
92.0,-10.0,-87.0,540.0,-10.0,977.0,0
69.0,3.0,-88.0,627.0,271.0,1000.0,0
41.0,9.0,-68.0,626.0,528.0,1035.0,0
4.0,9.0,-41.0,588.0,705.0,1067.0,0
-25.0,-6.0,-58.0,537.0,775.0,1069.0,0
-43.0,-10.0,-166.0,461.0,801.0,1035.0,0
-20.0,-31.0,-199.0,275.0,879.0,983.0,0
0.0,-64.0,-292.0,20.0,1066.0,888.0,0
96.0,-132.0,-230.0,-241.0,1405.0,794.0,0
169.0,-192.0,-237.0,-465.0,1701.0,604.0,0
227.0,-255.0,-208.0,-857.0,1728.0,210.0,0
245.0,-368.0,-91.0,-1498.0,1133.0,-430.0,0
149.0,-466.0,-35.0,-2135.0,-145.0,-1289.0,0
57.0,-578.0,32.0,-2570.0,-1414.0,-2007.0,0
19.0,-716.0,109.0,-2707.0,-2029.0,-2392.0,0
36.0,-863.0,151.0,-2559.0,-2057.0,-2590.0,0
-33.0,-979.0,133.0,-2102.0,-1692.0,-2848.0,0
-181.0,-978.0,51.0,-1376.0,-878.0,-3004.0,0
-355.0,-996.0,-97.0,-604.0,90.0,-2785.0,0
-438.0,-897.0,-253.0,-231.0,788.0,-2188.0,0
-518.0,-825.0,-343.0,-220.0,941.0,-1314.0,0
-475.0,-750.0,-317.0,-523.0,625.0,-446.0,0
-283.0,-672.0,-238.0,-646.0,-185.0,594.0,0
-142.0,-599.0,-168.0,-281.0,-1209.0,1240.0,0
-29.0,-523.0,-100.0,500.0,-2121.0,1518.0,0
44.0,-425.0,-61.0,1535.0,-2801.0,1532.0,0
87.0,-333.0,-25.0,2592.0,-3199.0,1402.0,0
99.0,-229.0,-7.0,3444.0,-3267.0,1250.0,0
103.0,-166.0,1.0,3892.0,-3036.0,1164.0,0
119.0,-128.0,-5.0,3841.0,-2654.0,1187.0,0
142.0,-116.0,-8.0,3268.0,-2271.0,1308.0,0
186.0,-116.0,5.0,2276.0,-1972.0,1445.0,0
233.0,-129.0,31.0,1051.0,-1789.0,1524.0,0
260.0,-174.0,68.0,-193.0,-1702.0,1527.0,0
261.0,-250.0,96.0,-1267.0,-1642.0,1501.0,0
215.0,-328.0,126.0,-2050.0,-1543.0,1468.0,0
142.0,-396.0,160.0,-2491.0,-1406.0,1456.0,0
91.0,-429.0,157.0,-2610.0,-1330.0,1460.0,0
48.0,-436.0,150.0,-2540.0,-1339.0,1493.0,0
21.0,-407.0,123.0,-2402.0,-1370.0,1562.0,0
-7.0,-371.0,90.0,-2235.0,-1406.0,1598.0,0
-31.0,-333.0,57.0,-2083.0,-1452.0,1579.0,0
-62.0,-305.0,23.0,-1961.0,-1487.0,1514.0,0
-83.0,-261.0,-19.0,-1837.0,-1481.0,1425.0,0
-111.0,-246.0,-50.0,-1727.0,-1375.0,1333.0,0
-151.0,-221.0,-75.0,-1591.0,-1225.0,1234.0,0
-186.0,-204.0,-91.0,-1405.0,-1098.0,1107.0,0
-205.0,-196.0,-107.0,-1177.0,-1025.0,915.0,0
-212.0,-189.0,-118.0,-1001.0,-1025.0,682.0,0
-198.0,-172.0,-110.0,-779.0,-1095.0,415.0,0
-171.0,-142.0,-113.0,-494.0,-1235.0,205.0,0
-116.0,-105.0,-99.0,-178.0,-1364.0,-11.0,0
-58.0,-32.0,-83.0,191.0,-1415.0,-179.0,0
12.0,32.0,-84.0,624.0,-1361.0,-290.0,0
91.0,84.0,-100.0,1069.0,-1207.0,-379.0,0
128.0,116.0,-117.0,1434.0,-984.0,-488.0,0
147.0,121.0,-130.0,1595.0,-744.0,-624.0,0
149.0,103.0,-134.0,1508.0,-526.0,-744.0,0
100.0,45.0,-141.0,1194.0,-361.0,-815.0,0
66.0,-5.0,-121.0,704.0,-239.0,-784.0,0
64.0,-49.0,-92.0,242.0,-182.0,-660.0,0
63.0,-74.0,-80.0,-34.0,-192.0,-549.0,0
66.0,-87.0,-82.0,-110.0,-211.0,-449.0,0
62.0,-80.0,-90.0,-35.0,-196.0,-348.0,0
50.0,-58.0,-109.0,142.0,-148.0,-260.0,0
39.0,-40.0,-120.0,375.0,-97.0,-223.0,0
37.0,-27.0,-125.0,609.0,-69.0,-251.0,0
40.0,-21.0,-117.0,779.0,-89.0,-306.0,0
52.0,-16.0,-85.0,867.0,-165.0,-363.0,0
66.0,-15.0,-42.0,901.0,-277.0,-424.0,0
70.0,-12.0,7.0,938.0,-382.0,-476.0,0
79.0,-11.0,50.0,1011.0,-436.0,-504.0,0
72.0,-7.0,66.0,1117.0,-428.0,-509.0,0
57.0,-7.0,3.0,1209.0,-389.0,-507.0,0
35.0,-3.0,-105.0,1185.0,-421.0,-510.0,0
-18.0,-1.0,-198.0,982.0,-652.0,-535.0,0
-107.0,23.0,-273.0,699.0,-1004.0,-529.0,0
-173.0,49.0,-346.0,121.0,-1160.0,-365.0,0
-179.0,29.0,-506.0,-713.0,-932.0,12.0,0
-141.0,-105.0,-519.0,-1821.0,-222.0,437.0,0
-64.0,-327.0,-280.0,-2809.0,805.0,1024.0,0
-13.0,-517.0,-34.0,-3248.0,1601.0,1456.0,0
-45.0,-664.0,142.0,-3299.0,1722.0,1615.0,0
-113.0,-781.0,242.0,-3142.0,1197.0,1634.0,0
-130.0,-827.0,186.0,-2695.0,461.0,1697.0,0
-92.0,-848.0,19.0,-2017.0,-194.0,1822.0,0
-14.0,-866.0,-167.0,-1566.0,-880.0,1911.0,0
101.0,-906.0,-315.0,-1578.0,-1537.0,1794.0,0
168.0,-937.0,-357.0,-1923.0,-1766.0,1331.0,0
138.0,-946.0,-296.0,-2219.0,-1308.0,568.0,0
48.0,-883.0,-167.0,-2018.0,-261.0,-267.0,0
-32.0,-805.0,-78.0,-1077.0,892.0,-918.0,0
-95.0,-723.0,-39.0,329.0,1715.0,-1287.0,0
-124.0,-643.0,-24.0,1805.0,2145.0,-1438.0,0
-118.0,-561.0,-20.0,2985.0,2285.0,-1467.0,0
-87.0,-483.0,-18.0,3620.0,2202.0,-1497.0,0
-65.0,-399.0,-16.0,3629.0,1964.0,-1572.0,0
-57.0,-312.0,-7.0,3107.0,1687.0,-1684.0,0
-76.0,-229.0,14.0,2256.0,1482.0,-1772.0,0
-103.0,-151.0,37.0,1299.0,1380.0,-1782.0,0
-118.0,-117.0,48.0,390.0,1344.0,-1685.0,0
-128.0,-112.0,63.0,-402.0,1319.0,-1529.0,0
-95.0,-161.0,73.0,-1006.0,1307.0,-1336.0,0
-37.0,-220.0,84.0,-1437.0,1318.0,-1176.0,0
7.0,-267.0,77.0,-1669.0,1364.0,-1094.0,0
56.0,-291.0,61.0,-1819.0,1456.0,-1041.0,0
84.0,-294.0,45.0,-1853.0,1612.0,-1002.0,0
92.0,-292.0,35.0,-1819.0,1778.0,-975.0,0
101.0,-276.0,24.0,-1739.0,1917.0,-933.0,0
104.0,-255.0,7.0,-1641.0,1998.0,-862.0,0
106.0,-243.0,-11.0,-1538.0,2012.0,-768.0,0
94.0,-227.0,-21.0,-1432.0,1979.0,-660.0,0
85.0,-217.0,-30.0,-1309.0,1934.0,-522.0,0
88.0,-210.0,-43.0,-1154.0,1894.0,-351.0,0
79.0,-191.0,-54.0,-947.0,1849.0,-188.0,0
75.0,-172.0,-63.0,-667.0,1824.0,-42.0,0
89.0,-154.0,-70.0,-287.0,1837.0,63.0,0
97.0,-130.0,-77.0,177.0,1880.0,83.0,0
98.0,-105.0,-92.0,698.0,1928.0,24.0,0
74.0,-50.0,-107.0,1230.0,1951.0,-65.0,0
38.0,11.0,-141.0,1683.0,1914.0,-129.0,0
-1.0,67.0,-156.0,1981.0,1799.0,-146.0,0
-33.0,99.0,-169.0,2099.0,1611.0,-88.0,0
-66.0,122.0,-157.0,2039.0,1393.0,31.0,0
-98.0,110.0,-140.0,1832.0,1174.0,201.0,0
-83.0,55.0,-105.0,1496.0,971.0,404.0,0
-48.0,0.0,-62.0,1090.0,759.0,530.0,0
-32.0,-38.0,-30.0,740.0,540.0,528.0,0
-17.0,-59.0,-13.0,535.0,380.0,490.0,0
-6.0,-60.0,-17.0,484.0,310.0,456.0,0
6.0,-54.0,-26.0,542.0,301.0,429.0,0
16.0,-31.0,-36.0,652.0,313.0,423.0,0
21.0,-4.0,-53.0,778.0,332.0,449.0,0
14.0,15.0,-67.0,863.0,356.0,500.0,0
6.0,26.0,-79.0,915.0,374.0,553.0,0
-10.0,27.0,-76.0,883.0,390.0,596.0,0
-25.0,24.0,-56.0,782.0,400.0,620.0,0
-37.0,11.0,-34.0,663.0,410.0,632.0,0
-47.0,4.0,-42.0,563.0,418.0,624.0,0
-40.0,-5.0,-147.0,462.0,471.0,613.0,0
-1.0,-14.0,-223.0,268.0,635.0,597.0,0
58.0,-35.0,-224.0,11.0,886.0,553.0,0
137.0,-59.0,-214.0,-259.0,1102.0,469.0,0
209.0,-111.0,-271.0,-567.0,1277.0,306.0,0
241.0,-185.0,-250.0,-1026.0,1309.0,-4.0,0
241.0,-316.0,-187.0,-1599.0,894.0,-466.0,0
162.0,-464.0,-112.0,-2149.0,-7.0,-1073.0,0
77.0,-613.0,-27.0,-2569.0,-967.0,-1649.0,0
50.0,-750.0,54.0,-2746.0,-1490.0,-2014.0,0
46.0,-861.0,111.0,-2582.0,-1516.0,-2200.0,0
13.0,-951.0,56.0,-1988.0,-1161.0,-2278.0,0
-80.0,-992.0,-100.0,-1190.0,-442.0,-2250.0,0
-190.0,-987.0,-291.0,-658.0,425.0,-1971.0,0
-297.0,-968.0,-369.0,-677.0,1035.0,-1398.0,0
-341.0,-940.0,-337.0,-969.0,965.0,-544.0,0
-229.0,-851.0,-214.0,-1029.0,209.0,426.0,0
-101.0,-764.0,-125.0,-460.0,-740.0,1067.0,0
-6.0,-665.0,-56.0,621.0,-1462.0,1269.0,0
56.0,-533.0,17.0,1912.0,-1858.0,1199.0,0
62.0,-426.0,39.0,3113.0,-1983.0,1056.0,0
50.0,-314.0,47.0,3948.0,-1913.0,1004.0,0
41.0,-225.0,35.0,4229.0,-1732.0,1075.0,0
74.0,-141.0,23.0,4037.0,-1562.0,1223.0,0
109.0,-72.0,20.0,3309.0,-1406.0,1346.0,0
120.0,-36.0,9.0,2273.0,-1358.0,1410.0,0
117.0,-39.0,12.0,1151.0,-1383.0,1493.0,0
102.0,-98.0,21.0,127.0,-1423.0,1608.0,0
67.0,-207.0,40.0,-749.0,-1447.0,1731.0,0
37.0,-297.0,79.0,-1464.0,-1430.0,1793.0,0
4.0,-358.0,113.0,-1888.0,-1444.0,1788.0,0
-31.0,-384.0,130.0,-2022.0,-1506.0,1758.0,0
-56.0,-390.0,104.0,-1940.0,-1555.0,1756.0,0
-78.0,-367.0,78.0,-1719.0,-1554.0,1752.0,0
-94.0,-332.0,37.0,-1440.0,-1484.0,1719.0,0
-100.0,-297.0,-15.0,-1155.0,-1341.0,1632.0,0
-107.0,-262.0,-57.0,-912.0,-1110.0,1501.0,0
-106.0,-241.0,-89.0,-737.0,-841.0,1330.0,0
-114.0,-212.0,-122.0,-622.0,-600.0,1083.0,0
-132.0,-188.0,-131.0,-534.0,-446.0,753.0,0
-145.0,-157.0,-130.0,-418.0,-421.0,400.0,0
-134.0,-125.0,-122.0,-247.0,-519.0,93.0,0
-106.0,-83.0,-111.0,-16.0,-704.0,-111.0,0
-44.0,-26.0,-84.0,282.0,-918.0,-203.0,0
28.0,19.0,-93.0,650.0,-1116.0,-229.0,0
110.0,58.0,-98.0,1001.0,-1229.0,-255.0,0
160.0,76.0,-110.0,1252.0,-1248.0,-368.0,0
185.0,73.0,-127.0,1339.0,-1171.0,-541.0,0
168.0,56.0,-140.0,1254.0,-1039.0,-718.0,0
127.0,11.0,-143.0,1010.0,-897.0,-826.0,0
82.0,-35.0,-125.0,740.0,-762.0,-828.0,0
59.0,-83.0,-85.0,431.0,-689.0,-741.0,0
43.0,-111.0,-56.0,271.0,-664.0,-638.0,0
10.0,-131.0,-32.0,303.0,-684.0,-491.0,0
-5.0,-133.0,-31.0,514.0,-703.0,-329.0,0
-22.0,-114.0,-40.0,836.0,-674.0,-163.0,0
-29.0,-85.0,-70.0,1174.0,-565.0,0.0,0
-52.0,-41.0,-105.0,1432.0,-375.0,124.0,0
-69.0,-3.0,-130.0,1578.0,-149.0,190.0,0
-79.0,15.0,-143.0,1601.0,61.0,200.0,0
-69.0,31.0,-137.0,1487.0,173.0,173.0,0
-55.0,43.0,-118.0,1275.0,129.0,121.0,0
-34.0,41.0,-84.0,1040.0,-64.0,47.0,0
-13.0,40.0,-61.0,840.0,-341.0,-32.0,0
-5.0,42.0,-72.0,693.0,-620.0,-104.0,0
1.0,42.0,-153.0,550.0,-859.0,-170.0,0
-15.0,43.0,-249.0,304.0,-1096.0,-230.0,0
-59.0,38.0,-321.0,-114.0,-1325.0,-273.0,0
-111.0,20.0,-363.0,-642.0,-1413.0,-257.0,0
-157.0,-13.0,-382.0,-1162.0,-1177.0,-114.0,0
-149.0,-83.0,-402.0,-1657.0,-560.0,145.0,0
-116.0,-238.0,-206.0,-2172.0,208.0,439.0,0
-64.0,-436.0,95.0,-2346.0,721.0,740.0,0
-33.0,-602.0,292.0,-2080.0,782.0,1001.0,0
-29.0,-727.0,358.0,-1610.0,573.0,1218.0,0
-27.0,-769.0,335.0,-1096.0,371.0,1450.0,0
-13.0,-767.0,154.0,-603.0,224.0,1713.0,0
20.0,-738.0,-77.0,-423.0,-83.0,1965.0,0
90.0,-728.0,-270.0,-689.0,-560.0,2064.0,0
164.0,-750.0,-375.0,-1402.0,-864.0,1890.0,0
218.0,-821.0,-383.0,-2154.0,-952.0,1410.0,0
177.0,-823.0,-292.0,-2589.0,-585.0,839.0,0
80.0,-782.0,-167.0,-2384.0,144.0,25.0,0
9.0,-741.0,-80.0,-1514.0,917.0,-670.0,0
-44.0,-688.0,-23.0,-234.0,1482.0,-1178.0,0
-71.0,-633.0,5.0,1161.0,1790.0,-1520.0,0
-81.0,-573.0,23.0,2368.0,1856.0,-1732.0,0
-77.0,-504.0,18.0,3150.0,1727.0,-1852.0,0
-67.0,-437.0,8.0,3378.0,1526.0,-1906.0,0
-74.0,-368.0,18.0,3048.0,1345.0,-1928.0,0
-101.0,-293.0,31.0,2250.0,1185.0,-1903.0,0
-141.0,-231.0,49.0,1145.0,1069.0,-1811.0,0
-187.0,-188.0,74.0,-26.0,1066.0,-1674.0,0
-209.0,-189.0,91.0,-1007.0,1223.0,-1500.0,0
-181.0,-240.0,107.0,-1673.0,1488.0,-1235.0,0
-65.0,-330.0,100.0,-2069.0,1710.0,-985.0,0
-11.0,-378.0,82.0,-2256.0,1798.0,-877.0,0
25.0,-401.0,58.0,-2248.0,1816.0,-846.0,0
54.0,-396.0,36.0,-2072.0,1797.0,-850.0,0
65.0,-367.0,18.0,-1787.0,1772.0,-864.0,0
76.0,-335.0,23.0,-1439.0,1763.0,-863.0,0
95.0,-315.0,28.0,-1041.0,1761.0,-857.0,0
117.0,-299.0,16.0,-666.0,1756.0,-869.0,0
131.0,-276.0,6.0,-375.0,1773.0,-881.0,0
139.0,-244.0,-11.0,-131.0,1829.0,-865.0,0
144.0,-212.0,-35.0,102.0,1912.0,-804.0,0
145.0,-181.0,-52.0,279.0,2001.0,-710.0,0
138.0,-133.0,-82.0,484.0,2084.0,-629.0,0
130.0,-95.0,-96.0,676.0,2161.0,-589.0,0
121.0,-47.0,-99.0,873.0,2260.0,-596.0,0
95.0,10.0,-91.0,1109.0,2331.0,-653.0,0
64.0,80.0,-82.0,1421.0,2350.0,-731.0,0
26.0,133.0,-80.0,1792.0,2266.0,-767.0,0
-29.0,176.0,-101.0,2154.0,2081.0,-704.0,0
-54.0,185.0,-142.0,2388.0,1828.0,-507.0,0
-71.0,178.0,-179.0,2350.0,1575.0,-226.0,0
-71.0,154.0,-185.0,1973.0,1351.0,79.0,0
-68.0,107.0,-156.0,1322.0,1144.0,338.0,0
-47.0,48.0,-104.0,531.0,930.0,532.0,0
-39.0,-3.0,-49.0,-208.0,699.0,635.0,0
-28.0,-56.0,-2.0,-729.0,497.0,667.0,0
-24.0,-102.0,34.0,-928.0,350.0,661.0,0
-21.0,-129.0,33.0,-826.0,273.0,641.0,0
-18.0,-131.0,22.0,-533.0,263.0,634.0,0
-18.0,-115.0,1.0,-132.0,283.0,647.0,0
-16.0,-80.0,-24.0,290.0,306.0,695.0,0
-16.0,-52.0,-38.0,661.0,329.0,771.0,0
-28.0,-26.0,-42.0,927.0,350.0,835.0,0
-35.0,0.0,-36.0,1077.0,366.0,886.0,0
-59.0,3.0,-35.0,1116.0,363.0,925.0,0
-64.0,18.0,-139.0,1040.0,347.0,948.0,0
-37.0,22.0,-212.0,789.0,374.0,950.0,0
8.0,-3.0,-305.0,405.0,428.0,910.0,0
75.0,-41.0,-251.0,41.0,541.0,854.0,0
155.0,-102.0,-225.0,-255.0,647.0,770.0,0
201.0,-171.0,-260.0,-585.0,658.0,580.0,0
228.0,-278.0,-204.0,-1152.0,359.0,216.0,0
192.0,-417.0,-135.0,-1758.0,-360.0,-387.0,0
119.0,-562.0,-71.0,-2464.0,-1042.0,-1090.0,0
62.0,-706.0,8.0,-2950.0,-1613.0,-1572.0,0
64.0,-847.0,97.0,-3136.0,-1710.0,-1975.0,0
72.0,-1022.0,151.0,-2887.0,-1478.0,-2276.0,0
30.0,-1123.0,58.0,-2116.0,-925.0,-2514.0,0
-91.0,-1138.0,-148.0,-1034.0,-47.0,-2580.0,0
-231.0,-1024.0,-293.0,-227.0,811.0,-2258.0,0
-334.0,-920.0,-326.0,149.0,1160.0,-1457.0,0
-322.0,-796.0,-275.0,321.0,879.0,-361.0,0
-201.0,-676.0,-199.0,622.0,185.0,575.0,0
-116.0,-565.0,-120.0,1161.0,-572.0,1047.0,0
-23.0,-446.0,-54.0,1872.0,-1164.0,1193.0,0
9.0,-342.0,11.0,2625.0,-1560.0,1216.0,0
34.0,-249.0,31.0,3256.0,-1800.0,1202.0,0
47.0,-168.0,42.0,3599.0,-1866.0,1169.0,0
62.0,-107.0,40.0,3564.0,-1763.0,1146.0,0
78.0,-67.0,36.0,3121.0,-1575.0,1169.0,0
103.0,-58.0,35.0,2307.0,-1387.0,1235.0,0
128.0,-68.0,41.0,1227.0,-1229.0,1310.0,0
149.0,-105.0,57.0,64.0,-1109.0,1395.0,0
141.0,-191.0,95.0,-970.0,-1064.0,1449.0,0
104.0,-298.0,126.0,-1755.0,-1102.0,1451.0,0
65.0,-382.0,162.0,-2243.0,-1167.0,1417.0,0
16.0,-438.0,186.0,-2415.0,-1251.0,1363.0,0
-35.0,-456.0,180.0,-2348.0,-1350.0,1337.0,0
-60.0,-453.0,154.0,-2171.0,-1447.0,1360.0,0
-59.0,-415.0,103.0,-1939.0,-1513.0,1402.0,0
-64.0,-373.0,62.0,-1734.0,-1510.0,1421.0,0
-75.0,-318.0,4.0,-1437.0,-1456.0,1394.0,0
-77.0,-263.0,-50.0,-1168.0,-1372.0,1339.0,0
-93.0,-221.0,-90.0,-1023.0,-1211.0,1297.0,0
-123.0,-175.0,-112.0,-973.0,-1080.0,1196.0,0
-149.0,-146.0,-120.0,-963.0,-1007.0,1060.0,0
-166.0,-103.0,-119.0,-948.0,-1005.0,925.0,0
-167.0,-77.0,-128.0,-909.0,-1085.0,812.0,0
-160.0,-47.0,-101.0,-866.0,-1223.0,686.0,0
-117.0,-13.0,-89.0,-752.0,-1375.0,515.0,0
-58.0,29.0,-66.0,-511.0,-1460.0,282.0,0
6.0,71.0,-71.0,-148.0,-1415.0,19.0,0
58.0,97.0,-93.0,251.0,-1243.0,-240.0,0
111.0,116.0,-114.0,565.0,-977.0,-460.0,0
139.0,97.0,-142.0,727.0,-676.0,-648.0,0
137.0,61.0,-151.0,702.0,-383.0,-824.0,0
104.0,10.0,-138.0,520.0,-121.0,-972.0,0
79.0,-41.0,-102.0,281.0,73.0,-1011.0,0
68.0,-81.0,-71.0,114.0,155.0,-937.0,0
53.0,-107.0,-52.0,64.0,126.0,-797.0,0
37.0,-116.0,-40.0,137.0,25.0,-634.0,0
23.0,-107.0,-46.0,316.0,-96.0,-467.0,0
8.0,-88.0,-64.0,557.0,-192.0,-314.0,0
-12.0,-54.0,-104.0,786.0,-233.0,-179.0,0
-19.0,-29.0,-136.0,942.0,-208.0,-87.0,0
-19.0,-12.0,-148.0,1000.0,-132.0,-56.0,0
-18.0,-6.0,-146.0,964.0,-32.0,-76.0,0
-2.0,1.0,-142.0,849.0,32.0,-123.0,0
11.0,1.0,-125.0,692.0,17.0,-179.0,0
19.0,0.0,-115.0,565.0,-76.0,-237.0,0
20.0,2.0,-153.0,426.0,-228.0,-290.0,0
5.0,11.0,-243.0,263.0,-391.0,-335.0,0
-15.0,11.0,-274.0,-9.0,-660.0,-366.0,0
-63.0,9.0,-294.0,-310.0,-963.0,-399.0,0
-118.0,3.0,-309.0,-571.0,-1146.0,-347.0,0
-141.0,-9.0,-390.0,-863.0,-1037.0,-147.0,0
-127.0,-87.0,-459.0,-1336.0,-626.0,131.0,0
-94.0,-248.0,-347.0,-1914.0,3.0,432.0,0
-39.0,-459.0,-90.0,-2279.0,621.0,774.0,0
12.0,-655.0,167.0,-2266.0,1020.0,1129.0,0
14.0,-813.0,365.0,-1901.0,1054.0,1395.0,0
11.0,-893.0,435.0,-1197.0,668.0,1525.0,0
43.0,-825.0,212.0,-259.0,83.0,1539.0,0
98.0,-742.0,-111.0,425.0,-416.0,1564.0,0
164.0,-690.0,-344.0,329.0,-795.0,1625.0,0
216.0,-728.0,-464.0,-420.0,-1008.0,1580.0,0
179.0,-739.0,-430.0,-1451.0,-893.0,1183.0,0
67.0,-688.0,-291.0,-2120.0,-284.0,510.0,0
-28.0,-633.0,-147.0,-1971.0,635.0,-142.0,0
-101.0,-581.0,-36.0,-1095.0,1461.0,-592.0,0
-152.0,-527.0,29.0,147.0,1940.0,-878.0,0
-178.0,-469.0,55.0,1371.0,2078.0,-1059.0,0
-161.0,-419.0,47.0,2270.0,1981.0,-1182.0,0
-145.0,-365.0,30.0,2644.0,1753.0,-1303.0,0
-131.0,-323.0,6.0,2457.0,1505.0,-1422.0,0
-136.0,-282.0,-12.0,1865.0,1317.0,-1546.0,0
-157.0,-245.0,-11.0,1081.0,1214.0,-1632.0,0
-178.0,-221.0,-3.0,259.0,1175.0,-1634.0,0
-206.0,-217.0,16.0,-363.0,1147.0,-1517.0,0
-212.0,-256.0,37.0,-1057.0,1125.0,-1270.0,0
-128.0,-341.0,65.0,-1646.0,1120.0,-966.0,0
-43.0,-421.0,92.0,-2093.0,1096.0,-816.0,0
6.0,-462.0,99.0,-2323.0,1101.0,-725.0,0
49.0,-479.0,94.0,-2351.0,1168.0,-665.0,0
80.0,-474.0,83.0,-2218.0,1280.0,-604.0,0
102.0,-447.0,61.0,-1971.0,1405.0,-540.0,0
113.0,-409.0,44.0,-1650.0,1519.0,-485.0,0
125.0,-373.0,27.0,-1297.0,1612.0,-441.0,0
144.0,-351.0,10.0,-960.0,1685.0,-387.0,0
154.0,-318.0,-7.0,-692.0,1743.0,-325.0,0
164.0,-300.0,-10.0,-510.0,1791.0,-259.0,0
172.0,-276.0,-12.0,-377.0,1843.0,-170.0,0
129.0,-217.0,-17.0,-308.0,1837.0,-72.0,0
124.0,-186.0,-19.0,-273.0,1781.0,6.0,0
132.0,-155.0,-19.0,-86.0,1816.0,79.0,0
139.0,-110.0,-18.0,283.0,1888.0,85.0,0
146.0,-72.0,-21.0,774.0,1931.0,-7.0,0
134.0,-3.0,-20.0,1314.0,1914.0,-198.0,0
100.0,72.0,-44.0,1832.0,1836.0,-409.0,0
41.0,183.0,-67.0,2253.0,1707.0,-537.0,0
0.0,247.0,-101.0,2506.0,1548.0,-508.0,0
-23.0,280.0,-151.0,2489.0,1381.0,-345.0,0
-32.0,278.0,-197.0,2145.0,1227.0,-115.0,0
-40.0,250.0,-227.0,1518.0,1121.0,93.0,0
-17.0,169.0,-225.0,714.0,1087.0,280.0,0
3.0,96.0,-195.0,-75.0,1090.0,415.0,0
5.0,36.0,-154.0,-635.0,1100.0,469.0,0
5.0,-16.0,-121.0,-889.0,1094.0,476.0,0
0.0,-61.0,-85.0,-902.0,1064.0,463.0,0
-11.0,-92.0,-58.0,-752.0,1000.0,457.0,0
-20.0,-116.0,-29.0,-482.0,926.0,476.0,0
-37.0,-122.0,-19.0,-149.0,822.0,508.0,0
-53.0,-111.0,-14.0,203.0,721.0,568.0,0
-64.0,-99.0,-8.0,547.0,633.0,655.0,0
-71.0,-86.0,0.0,837.0,548.0,753.0,0
-85.0,-77.0,-3.0,1060.0,464.0,840.0,0
-90.0,-65.0,-40.0,1203.0,384.0,914.0,0
-77.0,-48.0,-173.0,1219.0,351.0,963.0,0
-36.0,-27.0,-247.0,1050.0,424.0,967.0,0
35.0,-20.0,-318.0,757.0,623.0,926.0,0
123.0,-27.0,-302.0,374.0,898.0,856.0,0
195.0,-65.0,-397.0,-101.0,1211.0,703.0,0
244.0,-157.0,-403.0,-817.0,1516.0,413.0,0
251.0,-315.0,-269.0,-1683.0,1394.0,-89.0,0
139.0,-495.0,-124.0,-2383.0,536.0,-869.0,0
24.0,-664.0,19.0,-2770.0,-713.0,-1664.0,0
-18.0,-810.0,130.0,-2814.0,-1624.0,-2189.0,0
-33.0,-938.0,215.0,-2466.0,-1814.0,-2421.0,0
-48.0,-1056.0,159.0,-1598.0,-1393.0,-2489.0,0
-152.0,-1074.0,-69.0,-463.0,-499.0,-2561.0,0
-234.0,-1010.0,-357.0,257.0,531.0,-2467.0,0
-370.0,-943.0,-507.0,223.0,1184.0,-2218.0,0
-447.0,-890.0,-471.0,-236.0,1202.0,-1617.0,0
-327.0,-786.0,-288.0,-550.0,584.0,-631.0,0
-146.0,-701.0,-146.0,-217.0,-384.0,248.0,0
0.0,-613.0,-38.0,639.0,-1194.0,706.0,0
108.0,-514.0,39.0,1764.0,-1660.0,819.0,0
150.0,-412.0,73.0,2664.0,-1853.0,728.0,0
153.0,-281.0,91.0,3543.0,-1859.0,643.0,0
138.0,-183.0,73.0,3975.0,-1723.0,656.0,0
148.0,-102.0,54.0,3916.0,-1495.0,748.0,0
170.0,-36.0,32.0,3410.0,-1293.0,925.0,0
194.0,-6.0,7.0,2583.0,-1179.0,1133.0,0
220.0,-6.0,3.0,1599.0,-1131.0,1346.0,0
243.0,-35.0,8.0,610.0,-1117.0,1539.0,0
256.0,-112.0,27.0,-253.0,-1126.0,1668.0,0
200.0,-233.0,53.0,-976.0,-1138.0,1681.0,0
128.0,-317.0,102.0,-1554.0,-1101.0,1623.0,0
63.0,-388.0,142.0,-1897.0,-1086.0,1591.0,0
20.0,-430.0,165.0,-1986.0,-1122.0,1603.0,0
-33.0,-446.0,165.0,-1890.0,-1174.0,1627.0,0
-66.0,-439.0,134.0,-1678.0,-1194.0,1655.0,0
-89.0,-408.0,81.0,-1415.0,-1169.0,1646.0,0
-109.0,-363.0,2.0,-1162.0,-1072.0,1580.0,0
-136.0,-328.0,-57.0,-981.0,-875.0,1484.0,0
-155.0,-303.0,-88.0,-873.0,-651.0,1343.0,0
-192.0,-281.0,-91.0,-762.0,-493.0,1175.0,0
-213.0,-261.0,-86.0,-594.0,-464.0,974.0,0
-213.0,-238.0,-91.0,-343.0,-548.0,746.0,0
-196.0,-214.0,-101.0,-14.0,-695.0,504.0,0
-171.0,-196.0,-120.0,365.0,-871.0,251.0,0
-139.0,-133.0,-123.0,756.0,-1030.0,-30.0,0
-94.0,-66.0,-131.0,1160.0,-1165.0,-228.0,0
-32.0,22.0,-117.0,1557.0,-1266.0,-314.0,0
31.0,112.0,-119.0,1963.0,-1288.0,-333.0,0
81.0,172.0,-146.0,2248.0,-1205.0,-354.0,0
122.0,200.0,-165.0,2444.0,-1022.0,-433.0,0
126.0,200.0,-183.0,2386.0,-836.0,-580.0,0
107.0,190.0,-184.0,2042.0,-586.0,-688.0,0
82.0,130.0,-172.0,1499.0,-378.0,-771.0,0
56.0,61.0,-143.0,848.0,-216.0,-780.0,0
49.0,2.0,-97.0,256.0,-79.0,-718.0,0
47.0,-44.0,-66.0,-120.0,26.0,-636.0,0
40.0,-68.0,-66.0,-250.0,106.0,-567.0,0
37.0,-81.0,-50.0,-180.0,173.0,-520.0,0
37.0,-73.0,-55.0,15.0,243.0,-484.0,0
41.0,-63.0,-72.0,268.0,307.0,-467.0,0
44.0,-50.0,-84.0,503.0,346.0,-478.0,0
54.0,-44.0,-93.0,665.0,357.0,-501.0,0
65.0,-29.0,-90.0,731.0,334.0,-525.0,0
78.0,-15.0,-73.0,718.0,290.0,-535.0,0
83.0,-3.0,-56.0,682.0,244.0,-541.0,0
79.0,6.0,-50.0,657.0,209.0,-543.0,0
71.0,12.0,-84.0,661.0,183.0,-535.0,0
61.0,18.0,-161.0,612.0,138.0,-523.0,0
47.0,16.0,-238.0,440.0,71.0,-513.0,0
7.0,6.0,-286.0,119.0,22.0,-494.0,0
-30.0,-25.0,-322.0,-334.0,86.0,-401.0,0
-30.0,-73.0,-351.0,-884.0,307.0,-178.0,0
11.0,-169.0,-360.0,-1521.0,529.0,99.0,0
69.0,-323.0,-234.0,-2175.0,664.0,400.0,0
88.0,-513.0,29.0,-2548.0,811.0,744.0,0
57.0,-699.0,291.0,-2479.0,905.0,1060.0,0
-25.0,-818.0,422.0,-1971.0,818.0,1299.0,0
-97.0,-840.0,272.0,-1365.0,645.0,1536.0,0
-112.0,-791.0,-37.0,-619.0,545.0,1819.0,0
-122.0,-753.0,-326.0,-304.0,514.0,2039.0,0
-116.0,-779.0,-447.0,-616.0,490.0,2078.0,0
-85.0,-814.0,-390.0,-1179.0,357.0,1835.0,0
-49.0,-816.0,-272.0,-1476.0,225.0,1252.0,0
-56.0,-762.0,-134.0,-1175.0,372.0,440.0,0
-72.0,-701.0,-23.0,-283.0,812.0,-308.0,0
-87.0,-633.0,44.0,907.0,1252.0,-883.0,0
-98.0,-558.0,80.0,2089.0,1474.0,-1310.0,0
-98.0,-482.0,93.0,3043.0,1466.0,-1597.0,0
-96.0,-401.0,83.0,3592.0,1284.0,-1777.0,0
-86.0,-330.0,71.0,3624.0,1026.0,-1872.0,0
-82.0,-251.0,50.0,3169.0,810.0,-1885.0,0
-82.0,-186.0,45.0,2364.0,686.0,-1860.0,0
-88.0,-136.0,44.0,1380.0,666.0,-1822.0,0
-93.0,-113.0,51.0,371.0,747.0,-1746.0,0
-74.0,-127.0,48.0,-548.0,906.0,-1608.0,0
-17.0,-192.0,51.0,-1345.0,1086.0,-1456.0,0
49.0,-280.0,74.0,-2024.0,1249.0,-1310.0,0
93.0,-342.0,99.0,-2497.0,1408.0,-1151.0,0
120.0,-388.0,108.0,-2715.0,1521.0,-979.0,0
139.0,-417.0,99.0,-2711.0,1553.0,-788.0,0
160.0,-427.0,82.0,-2515.0,1510.0,-605.0,0
171.0,-415.0,60.0,-2173.0,1434.0,-463.0,0
170.0,-393.0,45.0,-1714.0,1362.0,-347.0,0
174.0,-367.0,24.0,-1198.0,1292.0,-219.0,0
167.0,-325.0,-15.0,-686.0,1222.0,-85.0,0
155.0,-280.0,-40.0,-212.0,1210.0,26.0,0
131.0,-236.0,-71.0,148.0,1296.0,119.0,0
102.0,-192.0,-89.0,557.0,1417.0,207.0,0
85.0,-149.0,-101.0,890.0,1568.0,270.0,0
67.0,-107.0,-106.0,1176.0,1681.0,305.0,0
51.0,-61.0,-102.0,1421.0,1765.0,263.0,0
21.0,-6.0,-86.0,1660.0,1838.0,144.0,0
-8.0,54.0,-59.0,1923.0,1893.0,-17.0,0
-36.0,105.0,-45.0,2210.0,1881.0,-163.0,0
-62.0,144.0,-45.0,2484.0,1771.0,-227.0,0
-66.0,157.0,-66.0,2655.0,1563.0,-204.0,0
-61.0,139.0,-101.0,2618.0,1283.0,-117.0,0
-38.0,99.0,-137.0,2288.0,999.0,-26.0,0
-2.0,41.0,-144.0,1622.0,744.0,36.0,0
26.0,-4.0,-132.0,730.0,549.0,76.0,0
40.0,-34.0,-89.0,-129.0,441.0,100.0,0
39.0,-74.0,-41.0,-747.0,425.0,130.0,0
31.0,-110.0,-6.0,-999.0,465.0,160.0,0
13.0,-134.0,13.0,-921.0,517.0,196.0,0
4.0,-146.0,26.0,-641.0,564.0,243.0,0
-1.0,-134.0,25.0,-238.0,587.0,303.0,0
-16.0,-108.0,24.0,219.0,593.0,379.0,0
-30.0,-74.0,22.0,684.0,584.0,479.0,0
-48.0,-41.0,22.0,1112.0,551.0,594.0,0
-67.0,-12.0,20.0,1465.0,496.0,718.0,0
-80.0,6.0,5.0,1696.0,434.0,818.0,0
-89.0,15.0,-104.0,1751.0,376.0,881.0,0
-69.0,29.0,-201.0,1546.0,388.0,900.0,0
-14.0,11.0,-341.0,1043.0,487.0,887.0,0
75.0,-27.0,-352.0,526.0,728.0,835.0,0
154.0,-79.0,-298.0,-100.0,1015.0,690.0,0
187.0,-139.0,-302.0,-622.0,1169.0,421.0,0
197.0,-246.0,-211.0,-1321.0,1028.0,117.0,0
154.0,-403.0,-53.0,-2217.0,302.0,-403.0,0
61.0,-561.0,48.0,-2919.0,-868.0,-1034.0,0
3.0,-687.0,159.0,-3269.0,-1830.0,-1541.0,0
9.0,-829.0,266.0,-3338.0,-2241.0,-1775.0,0
16.0,-987.0,284.0,-3057.0,-2241.0,-1935.0,0
-15.0,-1072.0,121.0,-2371.0,-1810.0,-2169.0,0
-86.0,-1092.0,-187.0,-1617.0,-915.0,-2392.0,0
-223.0,-1062.0,-383.0,-1253.0,153.0,-2417.0,0
-370.0,-1002.0,-413.0,-1179.0,932.0,-1988.0,0
-467.0,-916.0,-322.0,-969.0,978.0,-1114.0,0
-324.0,-800.0,-173.0,-363.0,290.0,-64.0,0
-186.0,-678.0,-94.0,716.0,-743.0,545.0,0
-88.0,-557.0,-40.0,1981.0,-1600.0,704.0,0
10.0,-439.0,-2.0,3174.0,-2123.0,698.0,0
92.0,-285.0,25.0,4113.0,-2382.0,663.0,0
113.0,-177.0,28.0,4643.0,-2450.0,633.0,0
120.0,-92.0,23.0,4666.0,-2348.0,634.0,0
128.0,-34.0,16.0,4182.0,-2132.0,667.0,0
152.0,6.0,16.0,3284.0,-1882.0,717.0,0
185.0,28.0,36.0,2143.0,-1650.0,790.0,0
211.0,10.0,40.0,959.0,-1505.0,873.0,0
243.0,-38.0,54.0,-189.0,-1435.0,956.0,0
230.0,-133.0,72.0,-1223.0,-1428.0,1027.0,0
162.0,-238.0,103.0,-2099.0,-1429.0,1094.0,0
108.0,-324.0,136.0,-2689.0,-1417.0,1188.0,0
50.0,-391.0,152.0,-2898.0,-1418.0,1308.0,0
11.0,-425.0,159.0,-2862.0,-1436.0,1418.0,0
-18.0,-443.0,136.0,-2636.0,-1461.0,1518.0,0
-48.0,-426.0,101.0,-2345.0,-1483.0,1587.0,0
-74.0,-396.0,70.0,-2097.0,-1500.0,1665.0,0
-100.0,-356.0,29.0,-1871.0,-1512.0,1705.0,0
-118.0,-313.0,-13.0,-1681.0,-1485.0,1722.0,0
-135.0,-279.0,-39.0,-1517.0,-1383.0,1744.0,0
-146.0,-243.0,-63.0,-1359.0,-1249.0,1748.0,0
-145.0,-212.0,-72.0,-1188.0,-1133.0,1732.0,0
-145.0,-198.0,-84.0,-974.0,-1078.0,1661.0,0
-136.0,-180.0,-101.0,-735.0,-1092.0,1504.0,0
-130.0,-171.0,-129.0,-521.0,-1140.0,1266.0,0
-107.0,-162.0,-131.0,-368.0,-1170.0,979.0,0
-70.0,-143.0,-127.0,-237.0,-1180.0,671.0,0
-17.0,-102.0,-110.0,-68.0,-1196.0,362.0,0
49.0,-59.0,-110.0,192.0,-1192.0,80.0,0
111.0,-8.0,-110.0,528.0,-1121.0,-171.0,0
166.0,36.0,-114.0,881.0,-942.0,-385.0,0
196.0,66.0,-120.0,1167.0,-671.0,-589.0,0
188.0,82.0,-122.0,1308.0,-351.0,-776.0,0
165.0,86.0,-127.0,1246.0,-29.0,-885.0,0
117.0,73.0,-124.0,1012.0,239.0,-907.0,0
73.0,31.0,-111.0,653.0,421.0,-840.0,0
51.0,-5.0,-79.0,276.0,501.0,-712.0,0
34.0,-30.0,-49.0,33.0,478.0,-588.0,0
17.0,-46.0,-33.0,-17.0,400.0,-490.0,0
7.0,-53.0,-36.0,87.0,320.0,-401.0,0
5.0,-48.0,-42.0,286.0,265.0,-331.0,0
7.0,-42.0,-48.0,521.0,234.0,-306.0,0
11.0,-28.0,-58.0,737.0,220.0,-329.0,0
13.0,-16.0,-58.0,860.0,210.0,-379.0,0
25.0,-10.0,-44.0,942.0,182.0,-435.0,0
29.0,5.0,-30.0,961.0,140.0,-483.0,0
31.0,10.0,-20.0,940.0,60.0,-513.0,0
26.0,13.0,-27.0,910.0,-32.0,-551.0,0
18.0,15.0,-78.0,881.0,-115.0,-593.0,0
5.0,21.0,-178.0,793.0,-191.0,-627.0,0
-21.0,25.0,-229.0,555.0,-282.0,-675.0,0
-62.0,14.0,-282.0,162.0,-387.0,-715.0,0
-126.0,2.0,-330.0,-368.0,-510.0,-684.0,0
-170.0,-20.0,-423.0,-1003.0,-618.0,-510.0,0
-173.0,-104.0,-523.0,-1782.0,-570.0,-193.0,0
-123.0,-266.0,-456.0,-2665.0,-161.0,286.0,0
-36.0,-483.0,-171.0,-3367.0,582.0,889.0,0
23.0,-676.0,165.0,-3595.0,1345.0,1420.0,0
8.0,-859.0,429.0,-3224.0,1746.0,1743.0,0
-27.0,-914.0,414.0,-2328.0,1575.0,1886.0,0
-33.0,-902.0,216.0,-1209.0,930.0,1964.0,0
7.0,-836.0,-75.0,-396.0,132.0,2078.0,0
130.0,-835.0,-327.0,-275.0,-620.0,2248.0,0
255.0,-901.0,-451.0,-817.0,-1147.0,2182.0,0
293.0,-929.0,-437.0,-1598.0,-1156.0,1605.0,0
190.0,-868.0,-292.0,-2008.0,-424.0,607.0,0
68.0,-773.0,-157.0,-1581.0,812.0,-312.0,0
-21.0,-688.0,-68.0,-492.0,1932.0,-874.0,0
-93.0,-599.0,-9.0,845.0,2578.0,-1189.0,0
-120.0,-513.0,20.0,2092.0,2761.0,-1328.0,0
-115.0,-434.0,40.0,2978.0,2594.0,-1387.0,0
-111.0,-363.0,35.0,3359.0,2229.0,-1445.0,0
-116.0,-304.0,33.0,3232.0,1783.0,-1538.0,0
-128.0,-231.0,37.0,2823.0,1362.0,-1641.0,0
-152.0,-161.0,35.0,2034.0,1091.0,-1699.0,0
-197.0,-104.0,35.0,1082.0,863.0,-1691.0,0
-245.0,-81.0,43.0,146.0,773.0,-1593.0,0
-275.0,-127.0,35.0,-661.0,784.0,-1395.0,0
-210.0,-228.0,29.0,-1286.0,876.0,-1113.0,0
-131.0,-316.0,43.0,-1736.0,1003.0,-884.0,0
-90.0,-375.0,51.0,-1992.0,1114.0,-804.0,0
-57.0,-417.0,62.0,-2061.0,1213.0,-795.0,0
-19.0,-439.0,69.0,-1984.0,1280.0,-819.0,0
0.0,-429.0,72.0,-1822.0,1298.0,-872.0,0
16.0,-405.0,70.0,-1608.0,1284.0,-914.0,0
35.0,-377.0,70.0,-1342.0,1254.0,-931.0,0
59.0,-356.0,45.0,-1046.0,1211.0,-914.0,0
88.0,-330.0,23.0,-782.0,1159.0,-856.0,0
107.0,-308.0,3.0,-579.0,1130.0,-758.0,0
117.0,-279.0,-9.0,-434.0,1151.0,-606.0,0
121.0,-250.0,-11.0,-307.0,1227.0,-397.0,0
122.0,-219.0,-10.0,-142.0,1330.0,-159.0,0
135.0,-187.0,-18.0,92.0,1413.0,38.0,0
145.0,-144.0,-18.0,376.0,1439.0,100.0,0
142.0,-91.0,-6.0,714.0,1421.0,-43.0,0
106.0,17.0,-9.0,1144.0,1368.0,-359.0,0
29.0,137.0,-9.0,1622.0,1261.0,-681.0,0
-30.0,216.0,-38.0,2100.0,1092.0,-798.0,0
-70.0,269.0,-93.0,2434.0,851.0,-641.0,0
-74.0,284.0,-147.0,2462.0,562.0,-302.0,0
-59.0,275.0,-185.0,2160.0,296.0,20.0,0
-49.0,253.0,-181.0,1589.0,88.0,230.0,0
-31.0,182.0,-188.0,948.0,-2.0,363.0,0
-1.0,103.0,-161.0,416.0,-5.0,451.0,0
5.0,37.0,-120.0,-149.0,19.0,474.0,0
3.0,-16.0,-89.0,-452.0,39.0,470.0,0
3.0,-56.0,-65.0,-485.0,41.0,463.0,0
2.0,-86.0,-63.0,-315.0,19.0,461.0,0
1.0,-97.0,-64.0,-32.0,-4.0,481.0,0
2.0,-91.0,-79.0,291.0,1.0,535.0,0
0.0,-82.0,-90.0,591.0,63.0,622.0,0
5.0,-65.0,-92.0,818.0,174.0,725.0,0
5.0,-54.0,-82.0,961.0,300.0,814.0,0
0.0,-37.0,-69.0,1027.0,402.0,857.0,0
-7.0,-24.0,-37.0,1033.0,458.0,863.0,0
-8.0,-6.0,-56.0,1003.0,460.0,841.0,0
18.0,5.0,-85.0,936.0,426.0,800.0,0
64.0,6.0,-186.0,755.0,403.0,708.0,0
120.0,-6.0,-245.0,380.0,474.0,551.0,0
203.0,-34.0,-319.0,-211.0,636.0,377.0,0
266.0,-97.0,-510.0,-997.0,964.0,145.0,0
330.0,-249.0,-447.0,-2046.0,1354.0,-213.0,0
298.0,-451.0,-219.0,-2986.0,1160.0,-863.0,0
124.0,-616.0,-23.0,-3384.0,134.0,-1723.0,0
-24.0,-737.0,114.0,-3208.0,-983.0,-2362.0,0
-75.0,-835.0,199.0,-2586.0,-1367.0,-2504.0,0
-112.0,-945.0,225.0,-1618.0,-1085.0,-2396.0,0
-144.0,-1014.0,133.0,-422.0,-498.0,-2279.0,0
-240.0,-1002.0,-115.0,665.0,181.0,-2262.0,0
-352.0,-931.0,-345.0,1033.0,773.0,-2183.0,0
-476.0,-885.0,-445.0,534.0,976.0,-1899.0,0
-552.0,-841.0,-376.0,-366.0,658.0,-1207.0,0
-380.0,-772.0,-194.0,-908.0,-140.0,-157.0,0
-133.0,-701.0,-70.0,-597.0,-1183.0,580.0,0
14.0,-620.0,-32.0,132.0,-2044.0,772.0,0
99.0,-521.0,-13.0,1301.0,-2450.0,651.0,0
132.0,-416.0,2.0,2408.0,-2600.0,515.0,0
146.0,-320.0,28.0,3229.0,-2475.0,444.0,0
167.0,-237.0,32.0,3673.0,-2253.0,506.0,0
192.0,-164.0,29.0,3717.0,-2011.0,633.0,0
198.0,-111.0,29.0,3400.0,-1769.0,754.0,0
206.0,-82.0,29.0,2815.0,-1562.0,852.0,0
201.0,-68.0,38.0,2068.0,-1422.0,930.0,0
205.0,-82.0,57.0,1243.0,-1371.0,1007.0,0
204.0,-134.0,91.0,421.0,-1384.0,1062.0,0
163.0,-218.0,123.0,-345.0,-1425.0,1053.0,0
112.0,-297.0,164.0,-976.0,-1447.0,1023.0,0
65.0,-358.0,193.0,-1373.0,-1452.0,1073.0,0
18.0,-390.0,191.0,-1548.0,-1465.0,1185.0,0
-27.0,-399.0,174.0,-1573.0,-1463.0,1339.0,0
-55.0,-382.0,134.0,-1498.0,-1438.0,1530.0,0
-109.0,-358.0,80.0,-1381.0,-1390.0,1649.0,0
-148.0,-330.0,41.0,-1230.0,-1317.0,1684.0,0
-176.0,-313.0,1.0,-1071.0,-1213.0,1654.0,0
-191.0,-297.0,-36.0,-934.0,-1078.0,1559.0,0
-184.0,-281.0,-53.0,-800.0,-911.0,1404.0,0
-187.0,-275.0,-66.0,-599.0,-720.0,1196.0,0
-180.0,-253.0,-84.0,-302.0,-523.0,943.0,0
-166.0,-227.0,-98.0,74.0,-367.0,663.0,0
-137.0,-183.0,-126.0,480.0,-328.0,403.0,0
-77.0,-121.0,-124.0,885.0,-415.0,186.0,0
-17.0,-53.0,-118.0,1296.0,-574.0,10.0,0
51.0,33.0,-110.0,1617.0,-756.0,-151.0,0
113.0,103.0,-116.0,1997.0,-889.0,-311.0,0
163.0,145.0,-118.0,2283.0,-992.0,-456.0,0
187.0,165.0,-141.0,2368.0,-1001.0,-675.0,0
192.0,177.0,-158.0,2165.0,-894.0,-893.0,0
174.0,172.0,-145.0,1685.0,-717.0,-1055.0,0
145.0,135.0,-128.0,1037.0,-508.0,-1122.0,0
109.0,59.0,-105.0,333.0,-309.0,-1113.0,0
68.0,-18.0,-23.0,-302.0,-140.0,-1060.0,0
45.0,-68.0,21.0,-640.0,-39.0,-988.0,0
23.0,-97.0,34.0,-605.0,-1.0,-940.0,0
0.0,-99.0,24.0,-282.0,5.0,-924.0,0
-13.0,-74.0,-7.0,187.0,10.0,-911.0,0
-16.0,-49.0,-36.0,655.0,41.0,-877.0,0
-22.0,-25.0,-63.0,1021.0,89.0,-857.0,0
-26.0,-9.0,-85.0,1224.0,135.0,-848.0,0
-24.0,2.0,-88.0,1255.0,145.0,-828.0,0
-30.0,10.0,-90.0,1147.0,102.0,-807.0,0
-32.0,13.0,-77.0,960.0,-1.0,-795.0,0
-33.0,26.0,-61.0,765.0,-132.0,-781.0,0
-26.0,14.0,-49.0,605.0,-264.0,-761.0,0
-34.0,9.0,-66.0,486.0,-371.0,-736.0,0
-41.0,11.0,-103.0,352.0,-474.0,-707.0,0
-54.0,9.0,-201.0,102.0,-609.0,-677.0,0
-86.0,-6.0,-258.0,-325.0,-739.0,-640.0,0
-132.0,-33.0,-316.0,-889.0,-822.0,-538.0,0
-185.0,-61.0,-414.0,-1581.0,-836.0,-318.0,0
-192.0,-164.0,-531.0,-2525.0,-769.0,35.0,0
-135.0,-351.0,-407.0,-3610.0,-486.0,603.0,0
-61.0,-555.0,-117.0,-4329.0,30.0,1315.0,0
-18.0,-748.0,192.0,-4342.0,504.0,1841.0,0
-9.0,-917.0,404.0,-3840.0,735.0,2060.0,0
-32.0,-991.0,431.0,-2749.0,559.0,2047.0,0
-48.0,-963.0,229.0,-1404.0,-146.0,1934.0,0
-42.0,-879.0,-103.0,-293.0,-1049.0,1897.0,0
49.0,-867.0,-333.0,6.0,-1745.0,2015.0,0
197.0,-923.0,-423.0,-385.0,-2104.0,2048.0,0
342.0,-1012.0,-411.0,-885.0,-2106.0,1638.0,0
279.0,-975.0,-304.0,-1080.0,-1578.0,679.0,0
99.0,-838.0,-191.0,-613.0,-466.0,-424.0,0
-27.0,-720.0,-85.0,490.0,713.0,-1083.0,0
-112.0,-607.0,1.0,1875.0,1440.0,-1338.0,0
-150.0,-514.0,77.0,3197.0,1604.0,-1381.0,0
-160.0,-419.0,93.0,4127.0,1347.0,-1370.0,0
-159.0,-334.0,75.0,4427.0,897.0,-1381.0,0
-157.0,-219.0,55.0,4054.0,390.0,-1421.0,0
-173.0,-134.0,37.0,3155.0,-69.0,-1476.0,0
-215.0,-56.0,40.0,1982.0,-384.0,-1481.0,0
-274.0,-11.0,35.0,809.0,-501.0,-1399.0,0
-325.0,-15.0,34.0,-195.0,-441.0,-1199.0,0
-316.0,-102.0,42.0,-982.0,-290.0,-912.0,0
-224.0,-215.0,54.0,-1608.0,-194.0,-728.0,0
-160.0,-294.0,63.0,-2099.0,-240.0,-796.0,0
-103.0,-352.0,74.0,-2397.0,-325.0,-954.0,0
-46.0,-404.0,76.0,-2485.0,-385.0,-1113.0,0
8.0,-436.0,62.0,-2390.0,-403.0,-1261.0,0
55.0,-451.0,52.0,-2168.0,-360.0,-1388.0,0
95.0,-453.0,37.0,-1854.0,-269.0,-1505.0,0
130.0,-440.0,14.0,-1490.0,-153.0,-1584.0,0
138.0,-414.0,7.0,-1126.0,-19.0,-1618.0,0
130.0,-394.0,2.0,-786.0,111.0,-1603.0,0
124.0,-369.0,-14.0,-565.0,184.0,-1528.0,0
120.0,-345.0,-20.0,-373.0,196.0,-1392.0,0
123.0,-314.0,-33.0,-248.0,196.0,-1243.0,0
108.0,-264.0,-52.0,-135.0,213.0,-1023.0,0
75.0,-215.0,-56.0,17.0,279.0,-793.0,0
40.0,-167.0,-63.0,263.0,402.0,-580.0,0
10.0,-124.0,-63.0,613.0,555.0,-377.0,0
-4.0,-81.0,-63.0,1013.0,671.0,-203.0,0
-2.0,-36.0,-62.0,1381.0,723.0,-105.0,0
-5.0,24.0,-49.0,1683.0,739.0,-109.0,0
-10.0,85.0,-57.0,1949.0,738.0,-191.0,0
-30.0,154.0,-68.0,2180.0,705.0,-284.0,0
-37.0,204.0,-98.0,2368.0,615.0,-287.0,0
-21.0,213.0,-157.0,2465.0,467.0,-173.0,0
-5.0,224.0,-165.0,2317.0,273.0,-13.0,0
8.0,222.0,-171.0,2013.0,55.0,140.0,0
13.0,194.0,-174.0,1600.0,-149.0,247.0,0
37.0,124.0,-169.0,1046.0,-307.0,334.0,0
60.0,64.0,-126.0,371.0,-440.0,412.0,0
63.0,9.0,-56.0,-201.0,-542.0,450.0,0
52.0,-39.0,-14.0,-492.0,-600.0,460.0,0
43.0,-68.0,18.0,-521.0,-603.0,460.0,0
37.0,-89.0,30.0,-360.0,-558.0,454.0,0
43.0,-90.0,31.0,-83.0,-470.0,448.0,0
44.0,-80.0,27.0,226.0,-341.0,454.0,0
46.0,-61.0,19.0,515.0,-190.0,475.0,0
39.0,-42.0,15.0,765.0,-54.0,488.0,0
36.0,-22.0,10.0,951.0,29.0,493.0,0
24.0,-7.0,18.0,1054.0,30.0,480.0,0
10.0,6.0,21.0,1077.0,-73.0,450.0,0
-3.0,-1.0,-7.0,1034.0,-244.0,408.0,0
-16.0,-12.0,-108.0,901.0,-400.0,364.0,0
4.0,-55.0,-148.0,670.0,-583.0,309.0,0
41.0,-102.0,-120.0,474.0,-743.0,196.0,0
90.0,-140.0,-195.0,483.0,-868.0,46.0,0
52.0,-139.0,-582.0,256.0,-800.0,-200.0,0
-6.0,-217.0,-755.0,-1143.0,-291.0,-519.0,0
-84.0,-443.0,-503.0,-3386.0,121.0,-1083.0,0
-271.0,-673.0,-146.0,-5237.0,-282.0,-1939.0,0
-378.0,-910.0,99.0,-5939.0,-1010.0,-2567.0,0
-401.0,-1154.0,292.0,-5556.0,-1291.0,-2668.0,0
-271.0,-1393.0,316.0,-4250.0,-1048.0,-2423.0,0
-132.0,-1394.0,89.0,-2509.0,-547.0,-2165.0,0
-94.0,-1226.0,-167.0,-933.0,-178.0,-2182.0,0
-53.0,-975.0,-303.0,87.0,-98.0,-2074.0,0
1.0,-771.0,-284.0,644.0,-362.0,-1661.0,0
64.0,-608.0,-230.0,1104.0,-921.0,-1149.0,0
141.0,-488.0,-179.0,1600.0,-1487.0,-679.0,0
192.0,-387.0,-144.0,2097.0,-1823.0,-303.0,0
218.0,-307.0,-95.0,2518.0,-1937.0,37.0,0
210.0,-245.0,-40.0,2809.0,-1925.0,392.0,0
176.0,-194.0,8.0,2927.0,-1890.0,717.0,0
149.0,-163.0,44.0,2843.0,-1864.0,999.0,0
142.0,-151.0,43.0,2529.0,-1817.0,1246.0,0
137.0,-150.0,59.0,1987.0,-1723.0,1421.0,0
120.0,-165.0,88.0,1291.0,-1601.0,1507.0,0
89.0,-188.0,124.0,543.0,-1513.0,1505.0,0
51.0,-219.0,147.0,-150.0,-1483.0,1444.0,0
18.0,-260.0,147.0,-723.0,-1481.0,1336.0,0
-25.0,-309.0,140.0,-1182.0,-1483.0,1186.0,0
-76.0,-356.0,137.0,-1468.0,-1490.0,1050.0,0
-108.0,-375.0,128.0,-1677.0,-1514.0,949.0,0
-128.0,-375.0,113.0,-1708.0,-1559.0,885.0,0
-145.0,-374.0,87.0,-1621.0,-1589.0,815.0,0
-161.0,-357.0,53.0,-1497.0,-1553.0,755.0,0
-190.0,-351.0,37.0,-1415.0,-1429.0,693.0,0
-204.0,-337.0,28.0,-1361.0,-1264.0,616.0,0
-211.0,-317.0,22.0,-1303.0,-1119.0,524.0,0
-214.0,-301.0,17.0,-1196.0,-1002.0,441.0,0
-201.0,-277.0,-6.0,-1016.0,-881.0,369.0,0
-178.0,-254.0,-35.0,-773.0,-728.0,280.0,0
-150.0,-230.0,-73.0,-507.0,-558.0,127.0,0
-121.0,-218.0,-96.0,-316.0,-352.0,-75.0,0
-124.0,-200.0,-108.0,-203.0,-190.0,-330.0,0
-112.0,-160.0,-96.0,-134.0,-154.0,-556.0,0
-98.0,-111.0,-86.0,-54.0,-247.0,-677.0,0
-57.0,-45.0,-63.0,67.0,-400.0,-654.0,0
8.0,31.0,-42.0,274.0,-530.0,-499.0,0
66.0,103.0,-39.0,570.0,-610.0,-282.0,0
159.0,161.0,-62.0,867.0,-624.0,-97.0,0
211.0,192.0,-77.0,1072.0,-581.0,-40.0,0
232.0,198.0,-101.0,1113.0,-496.0,-111.0,0
216.0,190.0,-106.0,992.0,-402.0,-282.0,0
141.0,160.0,-127.0,747.0,-321.0,-455.0,0
77.0,110.0,-130.0,400.0,-251.0,-527.0,0
60.0,62.0,-112.0,44.0,-213.0,-496.0,0
57.0,15.0,-90.0,-176.0,-231.0,-484.0,0
63.0,-14.0,-87.0,-219.0,-261.0,-531.0,0
66.0,-33.0,-86.0,-100.0,-254.0,-604.0,0
73.0,-44.0,-80.0,69.0,-202.0,-672.0,0
69.0,-45.0,-68.0,315.0,-143.0,-718.0,0
60.0,-43.0,-51.0,563.0,-79.0,-742.0,0
45.0,-36.0,-39.0,777.0,-31.0,-763.0,0
29.0,-32.0,-28.0,935.0,-23.0,-773.0,0
7.0,-27.0,-9.0,1020.0,-58.0,-764.0,0
-8.0,-17.0,-5.0,1047.0,-131.0,-737.0,0
-31.0,1.0,-36.0,1027.0,-219.0,-702.0,0
-54.0,6.0,-90.0,922.0,-324.0,-669.0,0
-79.0,-3.0,-133.0,737.0,-445.0,-635.0,0
-119.0,-4.0,-265.0,479.0,-552.0,-596.0,0
-144.0,6.0,-412.0,0.0,-620.0,-519.0,0
-185.0,0.0,-568.0,-845.0,-736.0,-404.0,0
-240.0,-78.0,-666.0,-1923.0,-980.0,-251.0,0
-285.0,-239.0,-626.0,-2932.0,-1157.0,60.0,0
-231.0,-444.0,-410.0,-3685.0,-968.0,697.0,0
-102.0,-680.0,-71.0,-4123.0,-409.0,1508.0,0
18.0,-868.0,245.0,-4003.0,213.0,2126.0,0
70.0,-993.0,420.0,-3172.0,366.0,2285.0,0
66.0,-1023.0,403.0,-1767.0,-194.0,2043.0,0
76.0,-955.0,161.0,-167.0,-1125.0,1706.0,0
107.0,-831.0,-139.0,972.0,-1971.0,1473.0,0
167.0,-773.0,-357.0,1186.0,-2484.0,1388.0,0
253.0,-793.0,-459.0,614.0,-2641.0,1280.0,0
294.0,-820.0,-441.0,-233.0,-2370.0,931.0,0
170.0,-777.0,-301.0,-807.0,-1653.0,243.0,0
9.0,-705.0,-184.0,-656.0,-692.0,-407.0,0
-116.0,-638.0,-91.0,126.0,150.0,-772.0,0
-214.0,-544.0,-18.0,1233.0,667.0,-915.0,0
-245.0,-475.0,25.0,2308.0,814.0,-966.0,0
-257.0,-401.0,36.0,2903.0,666.0,-1041.0,0
-263.0,-332.0,41.0,3133.0,341.0,-1175.0,0
-268.0,-270.0,31.0,2750.0,30.0,-1338.0,0
-294.0,-203.0,21.0,1940.0,-325.0,-1452.0,0
-339.0,-152.0,16.0,963.0,-535.0,-1524.0,0
-382.0,-133.0,7.0,47.0,-633.0,-1511.0,0
-413.0,-152.0,-3.0,-693.0,-729.0,-1411.0,0
-394.0,-195.0,3.0,-1249.0,-860.0,-1239.0,0
-261.0,-276.0,1.0,-1618.0,-1027.0,-1096.0,0
-149.0,-332.0,-3.0,-1857.0,-1238.0,-1140.0,0
-67.0,-377.0,2.0,-1961.0,-1399.0,-1283.0,0
2.0,-396.0,0.0,-1923.0,-1461.0,-1429.0,0
57.0,-404.0,-12.0,-1790.0,-1448.0,-1530.0,0
97.0,-404.0,-25.0,-1621.0,-1372.0,-1579.0,0
138.0,-399.0,-24.0,-1450.0,-1212.0,-1579.0,0
165.0,-397.0,-24.0,-1277.0,-971.0,-1561.0,0
191.0,-388.0,-14.0,-1102.0,-696.0,-1533.0,0
205.0,-380.0,11.0,-916.0,-472.0,-1473.0,0
218.0,-374.0,20.0,-725.0,-348.0,-1367.0,0
226.0,-357.0,5.0,-570.0,-318.0,-1219.0,0
242.0,-332.0,-4.0,-468.0,-315.0,-1027.0,0
238.0,-307.0,-15.0,-393.0,-269.0,-793.0,0
231.0,-272.0,-23.0,-300.0,-143.0,-518.0,0
212.0,-237.0,-35.0,-137.0,85.0,-243.0,0
189.0,-195.0,-55.0,149.0,394.0,10.0,0
156.0,-165.0,-66.0,549.0,713.0,218.0,0
135.0,-125.0,-76.0,1010.0,945.0,349.0,0
111.0,-67.0,-77.0,1458.0,1037.0,369.0,0
67.0,8.0,-75.0,1856.0,980.0,285.0,0
9.0,108.0,-55.0,2170.0,792.0,164.0,0
-48.0,196.0,-43.0,2385.0,527.0,87.0,0
-102.0,271.0,-45.0,2456.0,248.0,126.0,0
-136.0,312.0,-67.0,2384.0,44.0,305.0,0
-140.0,313.0,-81.0,2105.0,-184.0,555.0,0
-128.0,279.0,-107.0,1642.0,-372.0,714.0,0
-90.0,203.0,-122.0,1051.0,-497.0,808.0,0
-42.0,107.0,-111.0,393.0,-557.0,761.0,0
-17.0,55.0,-97.0,-159.0,-542.0,637.0,0
-5.0,12.0,-88.0,-498.0,-462.0,512.0,0
1.0,-18.0,-79.0,-634.0,-374.0,411.0,0
-2.0,-35.0,-64.0,-610.0,-346.0,321.0,0
-7.0,-43.0,-52.0,-462.0,-400.0,237.0,0
-18.0,-41.0,-48.0,-226.0,-514.0,169.0,0
-26.0,-37.0,-43.0,64.0,-644.0,125.0,0
-36.0,-28.0,-38.0,369.0,-765.0,107.0,0
-39.0,-23.0,-52.0,649.0,-852.0,112.0,0
-51.0,0.0,-147.0,847.0,-883.0,143.0,0
-50.0,23.0,-240.0,828.0,-823.0,204.0,0
-42.0,29.0,-280.0,573.0,-698.0,256.0,0
-33.0,34.0,-348.0,223.0,-570.0,277.0,0
-5.0,28.0,-487.0,-231.0,-441.0,293.0,0
42.0,-46.0,-597.0,-945.0,-235.0,309.0,0
76.0,-202.0,-434.0,-1819.0,-113.0,159.0,0
13.0,-433.0,-149.0,-2332.0,-288.0,-287.0,0
-96.0,-634.0,93.0,-2239.0,-567.0,-814.0,0
-118.0,-848.0,249.0,-1766.0,-719.0,-1173.0,0
-112.0,-909.0,277.0,-1190.0,-854.0,-1377.0,0
-137.0,-896.0,122.0,-544.0,-1107.0,-1572.0,0
-48.0,-824.0,-145.0,-80.0,-1312.0,-1744.0,0
72.0,-810.0,-328.0,-116.0,-1203.0,-1905.0,0
158.0,-769.0,-365.0,-714.0,-798.0,-1980.0,0
159.0,-746.0,-309.0,-1302.0,-333.0,-1850.0,0
102.0,-698.0,-209.0,-1757.0,-6.0,-1465.0,0
97.0,-669.0,-154.0,-1605.0,55.0,-808.0,0
116.0,-651.0,-138.0,-964.0,-142.0,-242.0,0
126.0,-626.0,-122.0,-118.0,-508.0,411.0,0
115.0,-587.0,-85.0,743.0,-884.0,927.0,0
85.0,-547.0,-47.0,1517.0,-1167.0,1250.0,0
58.0,-501.0,-7.0,2135.0,-1330.0,1409.0,0
33.0,-450.0,18.0,2515.0,-1371.0,1456.0,0
24.0,-402.0,39.0,2616.0,-1315.0,1429.0,0
9.0,-345.0,44.0,2426.0,-1203.0,1349.0,0
0.0,-297.0,54.0,1974.0,-1087.0,1240.0,0
-25.0,-269.0,42.0,1309.0,-1014.0,1095.0,0
-58.0,-253.0,46.0,513.0,-1022.0,914.0,0
-73.0,-266.0,39.0,-294.0,-1061.0,753.0,0
-90.0,-313.0,37.0,-984.0,-1071.0,652.0,0
-108.0,-360.0,42.0,-1470.0,-1068.0,562.0,0
-139.0,-389.0,51.0,-1714.0,-1062.0,459.0,0
-169.0,-407.0,61.0,-1693.0,-1077.0,372.0,0
-200.0,-409.0,63.0,-1455.0,-1123.0,323.0,0
-220.0,-392.0,58.0,-1081.0,-1198.0,288.0,0
-231.0,-377.0,46.0,-654.0,-1294.0,283.0,0
-241.0,-356.0,37.0,-242.0,-1403.0,285.0,0
-242.0,-326.0,19.0,99.0,-1513.0,271.0,0
-236.0,-292.0,-7.0,343.0,-1609.0,236.0,0
-218.0,-255.0,-48.0,481.0,-1680.0,169.0,0
-186.0,-217.0,-79.0,536.0,-1719.0,62.0,0
-152.0,-178.0,-100.0,536.0,-1745.0,-68.0,0
-118.0,-145.0,-110.0,514.0,-1768.0,-184.0,0
-85.0,-120.0,-126.0,479.0,-1794.0,-268.0,0
-56.0,-91.0,-119.0,443.0,-1812.0,-308.0,0
-3.0,-58.0,-97.0,453.0,-1834.0,-320.0,0
28.0,-35.0,-95.0,548.0,-1859.0,-350.0,0
63.0,-13.0,-85.0,722.0,-1877.0,-379.0,0
93.0,7.0,-85.0,960.0,-1877.0,-419.0,0
110.0,35.0,-87.0,1220.0,-1839.0,-485.0,0
109.0,62.0,-88.0,1469.0,-1743.0,-545.0,0
101.0,85.0,-91.0,1678.0,-1614.0,-577.0,0
81.0,94.0,-95.0,1773.0,-1479.0,-590.0,0
58.0,92.0,-99.0,1739.0,-1365.0,-597.0,0
36.0,78.0,-105.0,1576.0,-1287.0,-604.0,0
12.0,52.0,-104.0,1312.0,-1236.0,-638.0,0
-10.0,30.0,-96.0,995.0,-1188.0,-683.0,0
-14.0,9.0,-86.0,723.0,-1131.0,-696.0,0
-10.0,-4.0,-80.0,558.0,-1068.0,-693.0,0
-1.0,-7.0,-77.0,503.0,-998.0,-690.0,0
3.0,-2.0,-80.0,537.0,-915.0,-689.0,0
16.0,7.0,-73.0,641.0,-825.0,-674.0,0
33.0,9.0,-74.0,781.0,-736.0,-661.0,0
48.0,12.0,-67.0,916.0,-659.0,-664.0,0
56.0,25.0,-58.0,1010.0,-598.0,-671.0,0
61.0,34.0,-58.0,1055.0,-566.0,-670.0,0
53.0,34.0,-83.0,1050.0,-569.0,-658.0,0
33.0,45.0,-137.0,954.0,-650.0,-637.0,0
9.0,31.0,-192.0,719.0,-819.0,-604.0,0
-23.0,20.0,-221.0,383.0,-1020.0,-528.0,0
-48.0,-11.0,-238.0,29.0,-1146.0,-388.0,0
-68.0,-49.0,-288.0,-312.0,-1102.0,-179.0,0
-71.0,-108.0,-330.0,-733.0,-924.0,72.0,0
-36.0,-194.0,-304.0,-1254.0,-689.0,341.0,0
2.0,-319.0,-187.0,-1632.0,-426.0,621.0,0
26.0,-450.0,-40.0,-1969.0,-211.0,917.0,0
32.0,-565.0,92.0,-2169.0,-14.0,1208.0,0
11.0,-657.0,176.0,-2196.0,3.0,1428.0,0
0.0,-743.0,150.0,-1967.0,-156.0,1732.0,0
8.0,-750.0,3.0,-1606.0,-448.0,2063.0,0
8.0,-735.0,-202.0,-1367.0,-885.0,2305.0,0
6.0,-725.0,-367.0,-1386.0,-1312.0,2379.0,0
2.0,-739.0,-419.0,-1520.0,-1527.0,2215.0,0
-25.0,-781.0,-340.0,-1554.0,-1434.0,1782.0,0
-75.0,-764.0,-204.0,-1360.0,-1087.0,1120.0,0
-139.0,-715.0,-79.0,-705.0,-574.0,357.0,0
-195.0,-665.0,-10.0,397.0,-118.0,-290.0,0
-243.0,-611.0,14.0,1660.0,135.0,-786.0,0
-267.0,-542.0,16.0,2781.0,199.0,-1158.0,0
-270.0,-477.0,10.0,3518.0,111.0,-1441.0,0
-263.0,-405.0,-4.0,3739.0,-90.0,-1670.0,0
-254.0,-339.0,-4.0,3457.0,-328.0,-1840.0,0
-239.0,-285.0,5.0,2776.0,-526.0,-1925.0,0
-211.0,-256.0,29.0,1849.0,-620.0,-1910.0,0
-192.0,-239.0,55.0,853.0,-599.0,-1814.0,0
-163.0,-253.0,80.0,-81.0,-501.0,-1653.0,0
-95.0,-287.0,107.0,-854.0,-404.0,-1479.0,0
-11.0,-337.0,110.0,-1448.0,-367.0,-1366.0,0
56.0,-383.0,95.0,-1882.0,-368.0,-1304.0,0
122.0,-423.0,78.0,-2163.0,-368.0,-1246.0,0
179.0,-453.0,51.0,-2299.0,-362.0,-1201.0,0
218.0,-459.0,26.0,-2314.0,-326.0,-1168.0,0
237.0,-445.0,7.0,-2215.0,-225.0,-1121.0,0
237.0,-436.0,0.0,-2051.0,-58.0,-1048.0,0
233.0,-412.0,1.0,-1781.0,107.0,-961.0,0
232.0,-395.0,2.0,-1498.0,313.0,-906.0,0
220.0,-369.0,0.0,-1218.0,501.0,-886.0,0
200.0,-344.0,2.0,-956.0,682.0,-855.0,0
176.0,-320.0,2.0,-721.0,846.0,-800.0,0
145.0,-298.0,2.0,-507.0,996.0,-718.0,0
102.0,-260.0,-15.0,-308.0,1150.0,-604.0,0
65.0,-228.0,-24.0,-144.0,1298.0,-460.0,0
35.0,-195.0,-43.0,-39.0,1421.0,-299.0,0
22.0,-165.0,-55.0,7.0,1498.0,-142.0,0
10.0,-123.0,-63.0,42.0,1538.0,-29.0,0
7.0,-82.0,-68.0,115.0,1581.0,14.0,0
0.0,-37.0,-64.0,240.0,1643.0,2.0,0
-18.0,12.0,-49.0,410.0,1697.0,-56.0,0
-48.0,65.0,-36.0,650.0,1704.0,-108.0,0
-81.0,116.0,-27.0,948.0,1628.0,-97.0,0
-122.0,173.0,-30.0,1274.0,1470.0,14.0,0
-136.0,195.0,-27.0,1541.0,1249.0,222.0,0
-134.0,191.0,-32.0,1655.0,986.0,486.0,0
-106.0,159.0,-32.0,1552.0,704.0,734.0,0
-50.0,86.0,-24.0,1227.0,422.0,871.0,0
-9.0,30.0,-9.0,754.0,160.0,845.0,0
22.0,-10.0,6.0,311.0,-36.0,738.0,0
47.0,-50.0,8.0,18.0,-142.0,628.0,0
60.0,-71.0,11.0,-114.0,-183.0,529.0,0
61.0,-80.0,4.0,-117.0,-203.0,443.0,0
62.0,-76.0,-15.0,-16.0,-212.0,373.0,0
61.0,-58.0,-49.0,141.0,-204.0,321.0,0
64.0,-40.0,-73.0,296.0,-182.0,285.0,0
63.0,-5.0,-94.0,399.0,-143.0,268.0,0
66.0,12.0,-95.0,498.0,-96.0,283.0,0
61.0,26.0,-104.0,566.0,-32.0,332.0,0
52.0,27.0,-127.0,600.0,28.0,394.0,0
38.0,24.0,-184.0,563.0,117.0,494.0,0
39.0,23.0,-258.0,428.0,284.0,608.0,0
62.0,17.0,-305.0,205.0,540.0,694.0,0
102.0,-3.0,-291.0,-68.0,851.0,725.0,0
143.0,-43.0,-318.0,-360.0,1147.0,668.0,0
174.0,-100.0,-343.0,-758.0,1359.0,483.0,0
159.0,-204.0,-317.0,-1347.0,1353.0,153.0,0
67.0,-362.0,-208.0,-2015.0,940.0,-341.0,0
-68.0,-518.0,-31.0,-2509.0,102.0,-929.0,0
-158.0,-665.0,122.0,-2607.0,-849.0,-1390.0,0
-219.0,-818.0,206.0,-2279.0,-1551.0,-1613.0,0
-253.0,-901.0,229.0,-1642.0,-1780.0,-1615.0,0
-264.0,-973.0,72.0,-768.0,-1497.0,-1483.0,0
-247.0,-952.0,-172.0,-155.0,-827.0,-1318.0,0
-247.0,-912.0,-375.0,-242.0,-136.0,-1163.0,0
-265.0,-817.0,-433.0,-937.0,298.0,-927.0,0
-255.0,-743.0,-407.0,-1616.0,278.0,-472.0,0
-171.0,-658.0,-303.0,-1772.0,-177.0,70.0,0
-69.0,-597.0,-192.0,-1229.0,-801.0,462.0,0
21.0,-541.0,-105.0,-185.0,-1367.0,663.0,0
85.0,-485.0,-47.0,1089.0,-1810.0,751.0,0
126.0,-412.0,-7.0,2322.0,-2123.0,774.0,0
125.0,-348.0,7.0,3262.0,-2285.0,787.0,0
124.0,-297.0,4.0,3727.0,-2296.0,829.0,0
132.0,-251.0,0.0,3644.0,-2183.0,940.0,0
151.0,-222.0,-3.0,3057.0,-2026.0,1101.0,0
174.0,-211.0,-1.0,2329.0,-1899.0,1236.0,0
191.0,-214.0,5.0,1249.0,-1822.0,1287.0,0
197.0,-254.0,31.0,162.0,-1734.0,1289.0,0
172.0,-322.0,59.0,-766.0,-1643.0,1282.0,0
115.0,-385.0,77.0,-1423.0,-1577.0,1255.0,0
48.0,-426.0,89.0,-1813.0,-1521.0,1214.0,0
0.0,-439.0,98.0,-1952.0,-1483.0,1192.0,0
-44.0,-430.0,89.0,-1874.0,-1471.0,1184.0,0
-75.0,-410.0,71.0,-1647.0,-1467.0,1154.0,0
-103.0,-376.0,53.0,-1352.0,-1461.0,1107.0,0
-140.0,-341.0,34.0,-1056.0,-1472.0,1049.0,0
-166.0,-329.0,21.0,-799.0,-1504.0,996.0,0
-190.0,-312.0,0.0,-593.0,-1572.0,922.0,0
-199.0,-282.0,-17.0,-451.0,-1614.0,827.0,0
-198.0,-263.0,-36.0,-366.0,-1539.0,768.0,0
-192.0,-252.0,-50.0,-277.0,-1414.0,653.0,0
-179.0,-239.0,-66.0,-149.0,-1265.0,447.0,0
-162.0,-235.0,-74.0,8.0,-1111.0,192.0,0
-136.0,-220.0,-72.0,170.0,-993.0,-90.0,0
-122.0,-184.0,-71.0,353.0,-920.0,-363.0,0
-108.0,-141.0,-70.0,560.0,-924.0,-523.0,0
-76.0,-70.0,-44.0,799.0,-1027.0,-579.0,0
-36.0,0.0,-33.0,1083.0,-1194.0,-544.0,0
0.0,75.0,-39.0,1377.0,-1385.0,-441.0,0
31.0,136.0,-45.0,1654.0,-1547.0,-318.0,0
64.0,185.0,-57.0,1872.0,-1638.0,-212.0,0
78.0,197.0,-66.0,1971.0,-1655.0,-168.0,0
60.0,186.0,-87.0,1898.0,-1649.0,-211.0,0
17.0,147.0,-120.0,1709.0,-1608.0,-249.0,0
-23.0,96.0,-130.0,1326.0,-1551.0,-214.0,0
-40.0,45.0,-133.0,865.0,-1517.0,-133.0,0
-23.0,0.0,-136.0,455.0,-1496.0,-86.0,0
-7.0,-33.0,-136.0,170.0,-1467.0,-64.0,0
17.0,-57.0,-148.0,16.0,-1384.0,-59.0,0
43.0,-65.0,-151.0,-30.0,-1230.0,-58.0,0
58.0,-69.0,-148.0,3.0,-1036.0,-63.0,0
71.0,-72.0,-131.0,103.0,-841.0,-82.0,0
78.0,-62.0,-101.0,258.0,-674.0,-130.0,0
87.0,-55.0,-73.0,458.0,-559.0,-203.0,0
96.0,-44.0,-44.0,694.0,-507.0,-296.0,0
104.0,-36.0,-25.0,932.0,-504.0,-406.0,0
103.0,-25.0,-46.0,1134.0,-538.0,-515.0,0
94.0,-13.0,-103.0,1239.0,-609.0,-587.0,0
62.0,-5.0,-163.0,1192.0,-738.0,-624.0,0
-1.0,0.0,-192.0,994.0,-899.0,-610.0,0
-66.0,-3.0,-212.0,693.0,-1019.0,-499.0,0
-108.0,-24.0,-275.0,304.0,-975.0,-276.0,0
-118.0,-51.0,-373.0,-309.0,-693.0,3.0,0
-92.0,-131.0,-396.0,-1179.0,-175.0,292.0,0
-61.0,-267.0,-330.0,-2088.0,448.0,578.0,0
-10.0,-427.0,-187.0,-2805.0,992.0,874.0,0
9.0,-600.0,-3.0,-3162.0,1212.0,1158.0,0
42.0,-777.0,164.0,-3064.0,990.0,1408.0,0
86.0,-879.0,155.0,-2509.0,449.0,1598.0,0
137.0,-864.0,14.0,-1753.0,-169.0,1696.0,0
145.0,-817.0,-181.0,-1123.0,-672.0,1696.0,0
144.0,-794.0,-327.0,-885.0,-914.0,1668.0,0
87.0,-793.0,-352.0,-931.0,-846.0,1424.0,0
31.0,-805.0,-312.0,-950.0,-494.0,940.0,0
-63.0,-769.0,-208.0,-772.0,88.0,315.0,0
-140.0,-708.0,-119.0,-103.0,643.0,-256.0,0
-204.0,-645.0,-47.0,961.0,1244.0,-582.0,0
-247.0,-571.0,-14.0,2127.0,1554.0,-848.0,0
-257.0,-499.0,-16.0,3100.0,1568.0,-1038.0,0
-240.0,-431.0,-25.0,3643.0,1404.0,-1216.0,0
-226.0,-363.0,-42.0,3612.0,1164.0,-1440.0,0
-227.0,-306.0,-46.0,3037.0,902.0,-1685.0,0
-247.0,-245.0,-30.0,2120.0,668.0,-1903.0,0
-268.0,-210.0,5.0,1128.0,511.0,-2026.0,0
-284.0,-201.0,44.0,278.0,431.0,-1996.0,0
-266.0,-228.0,70.0,-376.0,386.0,-1831.0,0
-149.0,-310.0,102.0,-836.0,368.0,-1603.0,0
-59.0,-371.0,111.0,-1148.0,373.0,-1431.0,0
11.0,-408.0,115.0,-1331.0,403.0,-1353.0,0
66.0,-437.0,111.0,-1401.0,495.0,-1298.0,0
107.0,-432.0,107.0,-1377.0,639.0,-1234.0,0
148.0,-409.0,84.0,-1295.0,780.0,-1153.0,0
163.0,-362.0,55.0,-1187.0,895.0,-1057.0,0
181.0,-324.0,26.0,-1083.0,970.0,-929.0,0
191.0,-294.0,7.0,-1029.0,1012.0,-752.0,0
206.0,-269.0,-8.0,-1028.0,1035.0,-562.0,0
223.0,-256.0,-10.0,-1009.0,1077.0,-379.0,0
230.0,-236.0,-11.0,-886.0,1161.0,-229.0,0
221.0,-206.0,-22.0,-614.0,1291.0,-121.0,0
205.0,-173.0,-42.0,-224.0,1460.0,-42.0,0
183.0,-137.0,-68.0,213.0,1631.0,22.0,0
167.0,-100.0,-85.0,647.0,1762.0,31.0,0
142.0,-59.0,-86.0,1072.0,1851.0,-55.0,0
102.0,1.0,-98.0,1466.0,1907.0,-216.0,0
44.0,72.0,-88.0,1755.0,1932.0,-386.0,0
-11.0,134.0,-87.0,2058.0,1919.0,-447.0,0
-79.0,194.0,-76.0,2253.0,1867.0,-354.0,0
-115.0,209.0,-73.0,2295.0,1740.0,-177.0,0
-123.0,188.0,-73.0,2126.0,1548.0,93.0,0
-114.0,140.0,-75.0,1732.0,1303.0,332.0,0
-84.0,77.0,-53.0,1149.0,1041.0,479.0,0
-63.0,9.0,-36.0,474.0,809.0,540.0,0
-48.0,-42.0,-15.0,-128.0,634.0,538.0,0
-32.0,-76.0,0.0,-534.0,521.0,504.0,0
-26.0,-99.0,0.0,-695.0,449.0,471.0,0
-20.0,-116.0,-13.0,-656.0,391.0,428.0,0
-8.0,-115.0,-30.0,-491.0,336.0,365.0,0
0.0,-94.0,-63.0,-273.0,311.0,305.0,0
9.0,-56.0,-79.0,-49.0,320.0,289.0,0
22.0,-24.0,-88.0,187.0,337.0,295.0,0
19.0,13.0,-93.0,481.0,352.0,338.0,0
11.0,40.0,-99.0,796.0,370.0,429.0,0
-2.0,55.0,-94.0,1066.0,381.0,528.0,0
-30.0,68.0,-81.0,1233.0,379.0,615.0,0
-65.0,73.0,-58.0,1273.0,340.0,688.0,0
-86.0,74.0,-73.0,1179.0,259.0,743.0,0
-90.0,71.0,-152.0,951.0,178.0,775.0,0
-71.0,44.0,-211.0,585.0,166.0,768.0,0
-48.0,4.0,-217.0,208.0,252.0,728.0,0
13.0,-52.0,-175.0,-49.0,386.0,683.0,0
55.0,-84.0,-307.0,-247.0,475.0,560.0,0
86.0,-144.0,-332.0,-747.0,462.0,335.0,0
119.0,-276.0,-179.0,-1474.0,112.0,-10.0,0
81.0,-428.0,-2.0,-1973.0,-574.0,-482.0,0
37.0,-584.0,118.0,-2051.0,-1088.0,-927.0,0
23.0,-721.0,175.0,-1871.0,-1151.0,-1249.0,0
20.0,-834.0,174.0,-1583.0,-985.0,-1468.0,0
5.0,-868.0,43.0,-1367.0,-832.0,-1744.0,0
-5.0,-859.0,-208.0,-1353.0,-616.0,-1978.0,0
-18.0,-891.0,-396.0,-1678.0,-163.0,-2079.0,0
-56.0,-909.0,-454.0,-2263.0,368.0,-1938.0,0
-105.0,-923.0,-383.0,-2665.0,642.0,-1457.0,0
-116.0,-902.0,-247.0,-2468.0,474.0,-712.0,0
-33.0,-824.0,-132.0,-1542.0,-107.0,30.0,0
35.0,-738.0,-86.0,-140.0,-703.0,561.0,0
82.0,-651.0,-34.0,1306.0,-1067.0,876.0,0
108.0,-550.0,9.0,2557.0,-1223.0,1062.0,0
98.0,-438.0,33.0,3459.0,-1268.0,1137.0,0
75.0,-335.0,45.0,3906.0,-1240.0,1127.0,0
68.0,-238.0,58.0,3888.0,-1148.0,1102.0,0
73.0,-155.0,77.0,3453.0,-1019.0,1073.0,0
84.0,-95.0,90.0,2705.0,-908.0,1033.0,0
81.0,-74.0,79.0,1748.0,-839.0,971.0,0
68.0,-77.0,83.0,674.0,-818.0,927.0,0
43.0,-116.0,82.0,-398.0,-846.0,958.0,0
-6.0,-210.0,96.0,-1353.0,-908.0,983.0,0
-55.0,-302.0,126.0,-2116.0,-1005.0,930.0,0
-86.0,-375.0,153.0,-2563.0,-1145.0,883.0,0
-92.0,-436.0,158.0,-2657.0,-1292.0,857.0,0
-96.0,-460.0,131.0,-2497.0,-1387.0,847.0,0
-141.0,-454.0,97.0,-2164.0,-1393.0,827.0,0
-166.0,-431.0,48.0,-1729.0,-1346.0,810.0,0
-204.0,-400.0,5.0,-1293.0,-1291.0,804.0,0
-222.0,-383.0,-21.0,-990.0,-1244.0,817.0,0
-227.0,-358.0,-49.0,-676.0,-1244.0,804.0,0
-226.0,-337.0,-61.0,-452.0,-1263.0,782.0,0
-201.0,-314.0,-70.0,-246.0,-1314.0,701.0,0
-177.0,-296.0,-90.0,-35.0,-1379.0,568.0,0
-145.0,-283.0,-93.0,164.0,-1450.0,411.0,0
-110.0,-264.0,-104.0,368.0,-1531.0,241.0,0
-86.0,-230.0,-106.0,590.0,-1614.0,86.0,0
-54.0,-187.0,-99.0,839.0,-1687.0,6.0,0
-19.0,-135.0,-90.0,1135.0,-1750.0,-9.0,0
15.0,-71.0,-89.0,1464.0,-1795.0,-11.0,0
47.0,-2.0,-101.0,1793.0,-1790.0,-13.0,0
79.0,75.0,-95.0,2120.0,-1716.0,-6.0,0
106.0,135.0,-99.0,2439.0,-1561.0,32.0,0
127.0,166.0,-110.0,2682.0,-1355.0,69.0,0
123.0,180.0,-128.0,2730.0,-1129.0,31.0,0
86.0,183.0,-144.0,2519.0,-912.0,-60.0,0
47.0,165.0,-155.0,2051.0,-749.0,-155.0,0
2.0,126.0,-141.0,1376.0,-652.0,-233.0,0
-15.0,87.0,-111.0,631.0,-621.0,-277.0,0
-14.0,56.0,-80.0,0.0,-626.0,-288.0,0
-2.0,32.0,-67.0,-405.0,-629.0,-307.0,0
10.0,20.0,-65.0,-577.0,-588.0,-331.0,0
31.0,8.0,-70.0,-577.0,-470.0,-356.0,0
47.0,1.0,-79.0,-492.0,-296.0,-391.0,0
64.0,-6.0,-80.0,-387.0,-99.0,-448.0,0
72.0,-11.0,-82.0,-287.0,78.0,-529.0,0
76.0,-13.0,-78.0,-199.0,200.0,-618.0,0
77.0,-15.0,-66.0,-125.0,247.0,-711.0,0
76.0,-13.0,-68.0,-60.0,212.0,-780.0,0
63.0,-18.0,-116.0,-10.0,90.0,-809.0,0
35.0,-19.0,-195.0,-5.0,-140.0,-804.0,0
10.0,-17.0,-258.0,-90.0,-396.0,-780.0,0
-33.0,-41.0,-248.0,-238.0,-721.0,-732.0,0
-74.0,-63.0,-210.0,-388.0,-903.0,-638.0,0
-91.0,-89.0,-216.0,-504.0,-786.0,-405.0,0
-74.0,-137.0,-329.0,-764.0,-371.0,-87.0,0
-42.0,-217.0,-355.0,-1410.0,184.0,278.0,0
-14.0,-350.0,-271.0,-2290.0,739.0,656.0,0
0.0,-501.0,-109.0,-3061.0,1182.0,1014.0,0
-29.0,-667.0,81.0,-3449.0,1332.0,1304.0,0
-46.0,-831.0,241.0,-3267.0,1104.0,1580.0,0
-39.0,-955.0,318.0,-2479.0,551.0,1883.0,0
17.0,-945.0,192.0,-1317.0,-268.0,2123.0,0
81.0,-881.0,-100.0,-272.0,-1166.0,2134.0,0
120.0,-787.0,-351.0,162.0,-1776.0,1960.0,0
157.0,-807.0,-459.0,-1.0,-1783.0,1592.0,0
109.0,-803.0,-393.0,-472.0,-1136.0,893.0,0
-11.0,-719.0,-244.0,-667.0,-25.0,-46.0,0
-110.0,-647.0,-117.0,-239.0,1088.0,-828.0,0
-170.0,-585.0,-15.0,644.0,1777.0,-1313.0,0
-193.0,-529.0,49.0,1697.0,1948.0,-1558.0,0
-187.0,-478.0,77.0,2629.0,1730.0,-1660.0,0
-161.0,-409.0,69.0,3184.0,1334.0,-1715.0,0
-154.0,-370.0,70.0,3205.0,895.0,-1765.0,0
-159.0,-295.0,78.0,2667.0,455.0,-1802.0,0
-168.0,-233.0,93.0,1734.0,98.0,-1807.0,0
-194.0,-180.0,99.0,684.0,-105.0,-1767.0,0
-205.0,-180.0,93.0,-281.0,-87.0,-1668.0,0
-141.0,-252.0,92.0,-1107.0,124.0,-1504.0,0
-53.0,-342.0,91.0,-1797.0,387.0,-1387.0,0
1.0,-409.0,97.0,-2325.0,642.0,-1330.0,0
48.0,-459.0,97.0,-2663.0,886.0,-1293.0,0
82.0,-495.0,86.0,-2800.0,1091.0,-1281.0,0
108.0,-501.0,73.0,-2808.0,1242.0,-1288.0,0
128.0,-485.0,65.0,-2661.0,1335.0,-1282.0,0
154.0,-448.0,58.0,-2358.0,1425.0,-1266.0,0
159.0,-403.0,47.0,-1920.0,1494.0,-1221.0,0
173.0,-366.0,40.0,-1448.0,1543.0,-1128.0,0
185.0,-326.0,26.0,-1058.0,1575.0,-991.0,0
191.0,-282.0,17.0,-797.0,1603.0,-806.0,0
189.0,-241.0,9.0,-648.0,1637.0,-565.0,0
177.0,-209.0,1.0,-564.0,1680.0,-268.0,0
163.0,-184.0,-12.0,-500.0,1725.0,57.0,0
146.0,-158.0,-27.0,-419.0,1763.0,360.0,0
151.0,-140.0,-36.0,-280.0,1804.0,568.0,0
143.0,-113.0,-43.0,-75.0,1866.0,618.0,0
115.0,-73.0,-58.0,228.0,1942.0,522.0,0
78.0,-15.0,-75.0,608.0,1984.0,355.0,0
18.0,55.0,-76.0,1048.0,1944.0,203.0,0
-46.0,126.0,-78.0,1515.0,1801.0,157.0,0
-92.0,164.0,-88.0,1935.0,1554.0,283.0,0
-111.0,187.0,-107.0,2186.0,1242.0,523.0,0
-97.0,173.0,-122.0,2165.0,915.0,765.0,0
-72.0,138.0,-120.0,1855.0,625.0,911.0,0
-30.0,87.0,-110.0,1326.0,416.0,925.0,0
-6.0,57.0,-87.0,753.0,326.0,846.0,0
8.0,17.0,-68.0,305.0,386.0,764.0,0
16.0,-6.0,-64.0,42.0,559.0,687.0,0
16.0,-16.0,-67.0,-74.0,759.0,596.0,0
17.0,-7.0,-68.0,-108.0,926.0,503.0,0
16.0,14.0,-75.0,-93.0,1021.0,431.0,0
24.0,44.0,-86.0,-52.0,1040.0,400.0,0
31.0,76.0,-102.0,-22.0,1019.0,409.0,0
24.0,90.0,-118.0,-7.0,1006.0,445.0,0
2.0,107.0,-142.0,-47.0,1009.0,497.0,0
-2.0,102.0,-142.0,-157.0,1030.0,544.0,0
-23.0,94.0,-137.0,-329.0,1038.0,591.0,0
-48.0,79.0,-116.0,-525.0,1014.0,626.0,0
-68.0,51.0,-79.0,-701.0,926.0,643.0,0
-99.0,16.0,-34.0,-812.0,759.0,639.0,0
-129.0,-25.0,-16.0,-834.0,518.0,595.0,0
-140.0,-47.0,-82.0,-777.0,252.0,518.0,0
-120.0,-59.0,-152.0,-705.0,79.0,440.0,0
-76.0,-80.0,-247.0,-650.0,65.0,370.0,0
7.0,-123.0,-215.0,-556.0,178.0,272.0,0
74.0,-165.0,-258.0,-400.0,311.0,94.0,0
123.0,-207.0,-275.0,-425.0,477.0,-184.0,0
154.0,-292.0,-206.0,-677.0,394.0,-561.0,0
114.0,-373.0,-206.0,-1005.0,-282.0,-1088.0,0
60.0,-464.0,-174.0,-1365.0,-1247.0,-1592.0,0
52.0,-582.0,-101.0,-1607.0,-1859.0,-1865.0,0
103.0,-771.0,14.0,-1615.0,-1822.0,-1888.0,0
112.0,-929.0,106.0,-1386.0,-1342.0,-1869.0,0
81.0,-1001.0,108.0,-973.0,-703.0,-1906.0,0
-22.0,-1010.0,-54.0,-505.0,-6.0,-1949.0,0
-112.0,-935.0,-215.0,-275.0,671.0,-1729.0,0
-218.0,-918.0,-326.0,-360.0,980.0,-1172.0,0
-233.0,-870.0,-327.0,-639.0,678.0,-316.0,0
-119.0,-796.0,-230.0,-772.0,-157.0,640.0,0
-7.0,-722.0,-144.0,-424.0,-1112.0,1252.0,0
66.0,-637.0,-61.0,379.0,-1804.0,1422.0,0
114.0,-548.0,11.0,1457.0,-2102.0,1337.0,0
113.0,-467.0,44.0,2517.0,-2048.0,1171.0,0
101.0,-387.0,61.0,3113.0,-1763.0,1078.0,0
102.0,-313.0,76.0,3378.0,-1484.0,1104.0,0
124.0,-254.0,80.0,3118.0,-1211.0,1197.0,0
140.0,-217.0,82.0,2459.0,-1088.0,1266.0,0
143.0,-208.0,66.0,1580.0,-1081.0,1305.0,0
131.0,-236.0,42.0,625.0,-1113.0,1302.0,0
97.0,-290.0,44.0,-299.0,-1108.0,1297.0,0
67.0,-360.0,68.0,-1039.0,-1073.0,1308.0,0
48.0,-403.0,86.0,-1521.0,-1070.0,1305.0,0
23.0,-428.0,93.0,-1734.0,-1095.0,1295.0,0
-4.0,-430.0,94.0,-1695.0,-1160.0,1272.0,0
-32.0,-414.0,76.0,-1489.0,-1237.0,1267.0,0
-59.0,-397.0,54.0,-1202.0,-1303.0,1284.0,0
-74.0,-369.0,31.0,-931.0,-1362.0,1286.0,0
-95.0,-338.0,19.0,-753.0,-1354.0,1320.0,0
-112.0,-317.0,-6.0,-624.0,-1325.0,1337.0,0
-126.0,-296.0,-25.0,-536.0,-1274.0,1306.0,0
-134.0,-282.0,-43.0,-467.0,-1194.0,1203.0,0
-145.0,-270.0,-58.0,-410.0,-1101.0,1046.0,0
-149.0,-255.0,-80.0,-370.0,-1028.0,867.0,0
-141.0,-228.0,-97.0,-331.0,-992.0,695.0,0
-136.0,-195.0,-117.0,-263.0,-1012.0,532.0,0
-112.0,-137.0,-111.0,-147.0,-1086.0,405.0,0
-66.0,-69.0,-112.0,51.0,-1180.0,298.0,0
-21.0,14.0,-105.0,333.0,-1237.0,201.0,0
18.0,91.0,-89.0,701.0,-1212.0,99.0,0
67.0,166.0,-83.0,1121.0,-1102.0,-23.0,0
92.0,187.0,-103.0,1482.0,-937.0,-192.0,0
78.0,189.0,-129.0,1663.0,-767.0,-396.0,0
68.0,167.0,-144.0,1590.0,-642.0,-562.0,0
53.0,119.0,-159.0,1371.0,-596.0,-653.0,0
43.0,65.0,-145.0,936.0,-605.0,-662.0,0
44.0,16.0,-121.0,464.0,-643.0,-619.0,0
50.0,-21.0,-94.0,121.0,-682.0,-544.0,0
47.0,-46.0,-80.0,-27.0,-695.0,-466.0,0
37.0,-64.0,-71.0,7.0,-686.0,-379.0,0
35.0,-67.0,-59.0,178.0,-673.0,-291.0,0
31.0,-69.0,-62.0,421.0,-654.0,-213.0,0
38.0,-61.0,-66.0,669.0,-622.0,-148.0,0
42.0,-50.0,-70.0,878.0,-571.0,-96.0,0
52.0,-33.0,-81.0,1011.0,-498.0,-65.0,0
57.0,-15.0,-77.0,1065.0,-410.0,-46.0,0
64.0,-3.0,-81.0,1059.0,-325.0,-39.0,0
66.0,9.0,-81.0,1014.0,-268.0,-52.0,0
63.0,16.0,-90.0,955.0,-253.0,-82.0,0
57.0,11.0,-163.0,889.0,-280.0,-113.0,0
42.0,8.0,-252.0,803.0,-364.0,-144.0,0
4.0,-3.0,-316.0,658.0,-487.0,-183.0,0
-44.0,-9.0,-354.0,424.0,-576.0,-179.0,0
-65.0,-20.0,-373.0,67.0,-494.0,-65.0,0
-55.0,-59.0,-399.0,-442.0,-219.0,153.0,0
-1.0,-157.0,-366.0,-1132.0,155.0,438.0,0
34.0,-311.0,-207.0,-1805.0,547.0,787.0,0
31.0,-456.0,22.0,-2159.0,777.0,1113.0,0
-34.0,-583.0,225.0,-2091.0,638.0,1317.0,0
-120.0,-676.0,340.0,-1696.0,167.0,1437.0,0
-176.0,-727.0,334.0,-1024.0,-384.0,1616.0,0
-185.0,-734.0,171.0,-259.0,-787.0,1826.0,0
-155.0,-731.0,-65.0,203.0,-1040.0,2002.0,0
-105.0,-721.0,-245.0,193.0,-1272.0,1945.0,0
-48.0,-757.0,-341.0,-176.0,-1371.0,1588.0,0
28.0,-805.0,-320.0,-694.0,-1202.0,1008.0,0
47.0,-795.0,-212.0,-1010.0,-578.0,412.0,0
6.0,-735.0,-96.0,-775.0,369.0,-320.0,0
-41.0,-666.0,-30.0,-3.0,1184.0,-845.0,0
-83.0,-597.0,16.0,990.0,1599.0,-1221.0,0
-96.0,-530.0,49.0,1942.0,1673.0,-1479.0,0
-70.0,-474.0,68.0,2678.0,1524.0,-1647.0,0
-40.0,-416.0,78.0,3061.0,1262.0,-1752.0,0
-15.0,-352.0,79.0,3033.0,990.0,-1833.0,0
-11.0,-281.0,84.0,2612.0,784.0,-1897.0,0
0.0,-218.0,84.0,1937.0,683.0,-1913.0,0
6.0,-172.0,74.0,1136.0,723.0,-1857.0,0
18.0,-152.0,66.0,281.0,898.0,-1748.0,0
58.0,-181.0,57.0,-561.0,1143.0,-1612.0,0
85.0,-242.0,62.0,-1319.0,1412.0,-1482.0,0
107.0,-299.0,77.0,-1894.0,1668.0,-1347.0,0
132.0,-357.0,77.0,-2232.0,1868.0,-1195.0,0
140.0,-380.0,71.0,-2364.0,1983.0,-1047.0,0
152.0,-396.0,56.0,-2345.0,2007.0,-911.0,0
159.0,-393.0,28.0,-2208.0,1986.0,-777.0,0
154.0,-377.0,12.0,-2004.0,1952.0,-634.0,0
147.0,-369.0,-1.0,-1739.0,1915.0,-488.0,0
131.0,-354.0,-17.0,-1427.0,1869.0,-353.0,0
107.0,-326.0,-45.0,-1092.0,1818.0,-244.0,0
83.0,-295.0,-55.0,-750.0,1807.0,-151.0,0
50.0,-258.0,-72.0,-390.0,1845.0,-72.0,0
22.0,-218.0,-86.0,-17.0,1892.0,2.0,0
-4.0,-181.0,-95.0,352.0,1928.0,54.0,0
-18.0,-139.0,-95.0,718.0,1943.0,77.0,0
-32.0,-99.0,-101.0,1080.0,1950.0,66.0,0
-62.0,-46.0,-92.0,1399.0,1951.0,29.0,0
-93.0,10.0,-82.0,1628.0,1931.0,-14.0,0
-122.0,65.0,-67.0,1884.0,1858.0,-38.0,0
-137.0,114.0,-62.0,2090.0,1742.0,-16.0,0
-135.0,141.0,-68.0,2208.0,1531.0,39.0,0
-126.0,149.0,-85.0,2177.0,1273.0,135.0,0
-97.0,138.0,-102.0,1938.0,1010.0,223.0,0
-66.0,98.0,-126.0,1464.0,776.0,278.0,0
-31.0,50.0,-112.0,767.0,582.0,316.0,0
10.0,7.0,-66.0,40.0,427.0,334.0,0
25.0,-17.0,-36.0,-464.0,324.0,344.0,0
37.0,-42.0,-12.0,-661.0,292.0,342.0,0
44.0,-54.0,-8.0,-600.0,316.0,313.0,0
42.0,-55.0,-4.0,-383.0,361.0,279.0,0
37.0,-41.0,-5.0,-92.0,406.0,251.0,0
32.0,-30.0,-14.0,244.0,437.0,249.0,0
18.0,-10.0,-20.0,585.0,471.0,285.0,0
1.0,7.0,-31.0,873.0,507.0,360.0,0
-19.0,20.0,-22.0,1078.0,529.0,451.0,0
-46.0,30.0,-23.0,1188.0,521.0,543.0,0
-59.0,27.0,-91.0,1194.0,500.0,619.0,0
-40.0,24.0,-159.0,1046.0,514.0,672.0,0
-15.0,4.0,-216.0,725.0,586.0,676.0,0
34.0,-27.0,-193.0,394.0,708.0,631.0,0
103.0,-66.0,-167.0,136.0,847.0,527.0,0
158.0,-104.0,-209.0,-174.0,961.0,341.0,0
189.0,-160.0,-200.0,-757.0,845.0,43.0,0
189.0,-280.0,-123.0,-1541.0,283.0,-364.0,0
134.0,-439.0,-33.0,-2224.0,-502.0,-840.0,0
72.0,-579.0,54.0,-2651.0,-970.0,-1268.0,0
31.0,-699.0,121.0,-2833.0,-962.0,-1575.0,0
45.0,-856.0,124.0,-2778.0,-704.0,-1813.0,0
55.0,-950.0,-10.0,-2469.0,-405.0,-2095.0,0
5.0,-997.0,-194.0,-2082.0,153.0,-2359.0,0
-96.0,-1016.0,-344.0,-1724.0,874.0,-2423.0,0
-224.0,-965.0,-348.0,-1429.0,1379.0,-2191.0,0
-312.0,-935.0,-284.0,-1096.0,1323.0,-1478.0,0
-241.0,-846.0,-181.0,-685.0,705.0,-431.0,0
-111.0,-747.0,-124.0,22.0,-105.0,507.0,0
-37.0,-639.0,-75.0,966.0,-696.0,997.0,0
22.0,-528.0,-19.0,1927.0,-997.0,1182.0,0
59.0,-417.0,31.0,2759.0,-1141.0,1226.0,0
64.0,-319.0,45.0,3361.0,-1220.0,1204.0,0
63.0,-240.0,29.0,3609.0,-1257.0,1185.0,0
70.0,-177.0,15.0,3430.0,-1224.0,1184.0,0
96.0,-126.0,15.0,2841.0,-1124.0,1169.0,0
125.0,-98.0,35.0,1970.0,-993.0,1127.0,0
140.0,-94.0,48.0,976.0,-899.0,1065.0,0
150.0,-125.0,71.0,-21.0,-867.0,1000.0,0
108.0,-199.0,89.0,-901.0,-876.0,972.0,0
59.0,-314.0,131.0,-1588.0,-887.0,1019.0,0
1.0,-386.0,155.0,-2000.0,-912.0,1057.0,0
-47.0,-432.0,154.0,-2105.0,-984.0,1079.0,0
-91.0,-458.0,126.0,-2011.0,-1087.0,1134.0,0
-113.0,-462.0,85.0,-1839.0,-1193.0,1215.0,0
-135.0,-447.0,48.0,-1637.0,-1266.0,1317.0,0
-154.0,-417.0,1.0,-1395.0,-1314.0,1391.0,0
-175.0,-392.0,-38.0,-1147.0,-1303.0,1422.0,0
-173.0,-352.0,-76.0,-924.0,-1254.0,1410.0,0
-188.0,-333.0,-80.0,-776.0,-1147.0,1379.0,0
-195.0,-310.0,-71.0,-648.0,-1058.0,1290.0,0
-198.0,-281.0,-74.0,-442.0,-1071.0,1131.0,0
-194.0,-257.0,-78.0,-211.0,-1150.0,929.0,0
-188.0,-234.0,-92.0,6.0,-1310.0,749.0,0
-154.0,-194.0,-95.0,219.0,-1509.0,522.0,0
-121.0,-146.0,-117.0,474.0,-1714.0,319.0,0
-67.0,-75.0,-116.0,763.0,-1881.0,181.0,0
-2.0,3.0,-133.0,1083.0,-1958.0,99.0,0
65.0,88.0,-140.0,1400.0,-1897.0,72.0,0
156.0,162.0,-162.0,1684.0,-1706.0,51.0,0
207.0,188.0,-172.0,1856.0,-1419.0,-19.0,0
232.0,203.0,-191.0,1821.0,-1121.0,-174.0,0
210.0,181.0,-190.0,1532.0,-839.0,-359.0,0
163.0,124.0,-173.0,1026.0,-588.0,-518.0,0
102.0,71.0,-131.0,381.0,-383.0,-604.0,0
58.0,13.0,-77.0,-217.0,-245.0,-571.0,0
33.0,-31.0,-32.0,-585.0,-220.0,-492.0,0
19.0,-54.0,-15.0,-685.0,-279.0,-419.0,0
8.0,-58.0,-18.0,-555.0,-358.0,-354.0,0
9.0,-62.0,-27.0,-284.0,-382.0,-270.0,0
15.0,-55.0,-46.0,22.0,-327.0,-177.0,0
25.0,-45.0,-67.0,297.0,-214.0,-114.0,0
27.0,-35.0,-87.0,506.0,-78.0,-100.0,0
40.0,-27.0,-99.0,623.0,47.0,-128.0,0
46.0,-19.0,-103.0,648.0,136.0,-178.0,0
63.0,-21.0,-100.0,604.0,163.0,-237.0,0
65.0,-13.0,-83.0,517.0,118.0,-298.0,0
68.0,-11.0,-71.0,424.0,12.0,-341.0,0
64.0,-3.0,-50.0,353.0,-132.0,-361.0,0
57.0,0.0,-76.0,311.0,-279.0,-362.0,0
40.0,3.0,-151.0,282.0,-430.0,-347.0,0
21.0,0.0,-199.0,180.0,-570.0,-339.0,0
-12.0,-14.0,-201.0,-14.0,-755.0,-330.0,0
-68.0,-45.0,-177.0,-248.0,-863.0,-270.0,0
-77.0,-68.0,-215.0,-505.0,-786.0,-76.0,0
-50.0,-123.0,-329.0,-947.0,-513.0,261.0,0
0.0,-222.0,-335.0,-1732.0,-71.0,698.0,0
29.0,-367.0,-192.0,-2549.0,525.0,1154.0,0
18.0,-521.0,29.0,-2986.0,1099.0,1493.0,0
-34.0,-646.0,237.0,-2865.0,1374.0,1654.0,0
-107.0,-722.0,336.0,-2252.0,1169.0,1644.0,0
-165.0,-759.0,310.0,-1372.0,603.0,1610.0,0
-166.0,-746.0,119.0,-491.0,-21.0,1672.0,0
-116.0,-730.0,-133.0,-71.0,-537.0,1784.0,0
-26.0,-718.0,-302.0,-322.0,-892.0,1757.0,0
50.0,-770.0,-385.0,-956.0,-1044.0,1409.0,0
69.0,-806.0,-324.0,-1677.0,-789.0,775.0,0
-1.0,-755.0,-186.0,-2042.0,-13.0,19.0,0
-78.0,-696.0,-72.0,-1709.0,1002.0,-659.0,0
-129.0,-646.0,-14.0,-807.0,1816.0,-1130.0,0
-161.0,-592.0,20.0,324.0,2247.0,-1419.0,0
-154.0,-540.0,32.0,1349.0,2309.0,-1572.0,0
-121.0,-496.0,33.0,2016.0,2109.0,-1645.0,0
-94.0,-454.0,40.0,2197.0,1763.0,-1720.0,0
-81.0,-402.0,44.0,1959.0,1396.0,-1787.0,0
-76.0,-350.0,50.0,1428.0,1127.0,-1785.0,0
-73.0,-314.0,72.0,759.0,969.0,-1695.0,0
-68.0,-304.0,86.0,81.0,883.0,-1526.0,0
-42.0,-325.0,81.0,-526.0,873.0,-1318.0,0
-12.0,-360.0,92.0,-922.0,920.0,-1155.0,0
11.0,-395.0,75.0,-1287.0,1003.0,-1059.0,0
36.0,-423.0,59.0,-1511.0,1088.0,-980.0,0
62.0,-432.0,56.0,-1602.0,1229.0,-911.0,0
81.0,-426.0,57.0,-1584.0,1390.0,-834.0,0
82.0,-406.0,59.0,-1499.0,1549.0,-752.0,0
81.0,-384.0,73.0,-1362.0,1675.0,-648.0,0
82.0,-353.0,52.0,-1197.0,1744.0,-523.0,0
79.0,-324.0,32.0,-1019.0,1770.0,-403.0,0
84.0,-293.0,16.0,-861.0,1770.0,-297.0,0
81.0,-257.0,15.0,-717.0,1739.0,-199.0,0
81.0,-219.0,10.0,-570.0,1683.0,-122.0,0
84.0,-177.0,-3.0,-403.0,1623.0,-61.0,0
85.0,-144.0,-19.0,-209.0,1561.0,-27.0,0
104.0,-114.0,-44.0,44.0,1507.0,-34.0,0
115.0,-69.0,-64.0,332.0,1472.0,-83.0,0
79.0,1.0,-67.0,647.0,1474.0,-165.0,0
20.0,82.0,-88.0,980.0,1482.0,-216.0,0
-50.0,186.0,-82.0,1326.0,1452.0,-178.0,0
-105.0,262.0,-84.0,1613.0,1359.0,28.0,0
-118.0,300.0,-129.0,1723.0,1174.0,357.0,0
-129.0,299.0,-136.0,1569.0,917.0,697.0,0
-82.0,239.0,-145.0,1196.0,654.0,939.0,0
-26.0,145.0,-136.0,648.0,423.0,977.0,0
13.0,60.0,-105.0,101.0,288.0,878.0,0
33.0,7.0,-78.0,-228.0,287.0,784.0,0
55.0,-41.0,-66.0,-324.0,377.0,719.0,0
56.0,-65.0,-70.0,-283.0,476.0,649.0,0
62.0,-70.0,-66.0,-188.0,544.0,557.0,0
64.0,-62.0,-69.0,-78.0,593.0,456.0,0
64.0,-52.0,-77.0,28.0,636.0,381.0,0
65.0,-37.0,-83.0,105.0,693.0,356.0,0
46.0,-30.0,-79.0,181.0,757.0,388.0,0
32.0,-25.0,-82.0,224.0,802.0,453.0,0
2.0,-37.0,-60.0,234.0,830.0,513.0,0
-9.0,-30.0,-62.0,224.0,812.0,588.0,0
-26.0,-33.0,-125.0,208.0,763.0,647.0,0
-15.0,-29.0,-166.0,153.0,737.0,682.0,0
4.0,-23.0,-250.0,50.0,777.0,675.0,0
58.0,-23.0,-268.0,-104.0,885.0,624.0,0
115.0,-22.0,-300.0,-342.0,996.0,526.0,0
169.0,-42.0,-403.0,-777.0,1139.0,362.0,0
224.0,-116.0,-412.0,-1439.0,1260.0,100.0,0
229.0,-273.0,-314.0,-2027.0,1065.0,-292.0,0
173.0,-415.0,-151.0,-2301.0,477.0,-776.0,0
112.0,-544.0,-46.0,-2287.0,-132.0,-1185.0,0
79.0,-641.0,83.0,-2106.0,-330.0,-1437.0,0
91.0,-788.0,181.0,-1697.0,-70.0,-1618.0,0
44.0,-876.0,172.0,-1073.0,430.0,-1815.0,0
-67.0,-909.0,50.0,-338.0,1001.0,-2068.0,0
-224.0,-880.0,-125.0,169.0,1499.0,-2251.0,0
-339.0,-831.0,-263.0,135.0,1754.0,-2209.0,0
-430.0,-810.0,-319.0,-409.0,1602.0,-1862.0,0
-418.0,-803.0,-290.0,-1076.0,1093.0,-1164.0,0
-282.0,-748.0,-182.0,-1425.0,429.0,-317.0,0
-155.0,-698.0,-104.0,-1141.0,-266.0,305.0,0
-66.0,-642.0,-38.0,-344.0,-832.0,609.0,0
12.0,-575.0,32.0,713.0,-1202.0,737.0,0
48.0,-493.0,47.0,1782.0,-1390.0,816.0,0
70.0,-402.0,48.0,2640.0,-1417.0,920.0,0
84.0,-328.0,48.0,3134.0,-1314.0,1042.0,0
84.0,-232.0,34.0,3226.0,-1146.0,1171.0,0
101.0,-189.0,37.0,2984.0,-1042.0,1290.0,0
124.0,-159.0,26.0,2395.0,-996.0,1384.0,0
129.0,-163.0,22.0,1550.0,-993.0,1433.0,0
136.0,-206.0,45.0,576.0,-1014.0,1445.0,0
107.0,-272.0,83.0,-375.0,-1057.0,1429.0,0
70.0,-337.0,128.0,-1128.0,-1121.0,1425.0,0
28.0,-388.0,151.0,-1601.0,-1228.0,1401.0,0
-17.0,-423.0,152.0,-1796.0,-1371.0,1383.0,0
-54.0,-432.0,135.0,-1791.0,-1503.0,1385.0,0
-75.0,-418.0,109.0,-1652.0,-1563.0,1393.0,0
-90.0,-393.0,55.0,-1407.0,-1548.0,1366.0,0
-110.0,-377.0,7.0,-1144.0,-1475.0,1291.0,0
-125.0,-344.0,-22.0,-927.0,-1360.0,1184.0,0
-139.0,-311.0,-57.0,-750.0,-1211.0,1061.0,0
-149.0,-291.0,-81.0,-596.0,-1048.0,924.0,0
-150.0,-262.0,-97.0,-433.0,-899.0,768.0,0
-157.0,-242.0,-104.0,-234.0,-785.0,594.0,0
-160.0,-226.0,-106.0,13.0,-738.0,414.0,0
-121.0,-186.0,-103.0,299.0,-777.0,225.0,0
-102.0,-130.0,-113.0,657.0,-907.0,32.0,0
-68.0,-77.0,-105.0,1008.0,-1090.0,-108.0,0
-14.0,-6.0,-107.0,1325.0,-1285.0,-195.0,0
42.0,76.0,-101.0,1593.0,-1428.0,-237.0,0
83.0,149.0,-94.0,1831.0,-1491.0,-281.0,0
106.0,194.0,-117.0,1990.0,-1447.0,-369.0,0
122.0,210.0,-132.0,1983.0,-1311.0,-509.0,0
105.0,205.0,-138.0,1776.0,-1115.0,-680.0,0
58.0,174.0,-149.0,1389.0,-904.0,-789.0,0
18.0,111.0,-133.0,975.0,-722.0,-791.0,0
-10.0,63.0,-113.0,417.0,-614.0,-729.0,0
-25.0,0.0,-83.0,-43.0,-603.0,-630.0,0
-31.0,-37.0,-67.0,-326.0,-669.0,-550.0,0
-38.0,-58.0,-63.0,-429.0,-763.0,-453.0,0
-40.0,-69.0,-71.0,-398.0,-804.0,-355.0,0
-40.0,-71.0,-86.0,-292.0,-745.0,-252.0,0
-36.0,-72.0,-92.0,-161.0,-585.0,-167.0,0
-15.0,-70.0,-100.0,-13.0,-350.0,-129.0,0
4.0,-69.0,-96.0,145.0,-108.0,-154.0,0
24.0,-61.0,-88.0,301.0,78.0,-220.0,0
52.0,-60.0,-77.0,441.0,149.0,-297.0,0
59.0,-57.0,-62.0,560.0,77.0,-370.0,0
62.0,-49.0,-110.0,650.0,-116.0,-437.0,0
43.0,-33.0,-184.0,645.0,-442.0,-495.0,0
14.0,-23.0,-230.0,474.0,-890.0,-531.0,0
-19.0,-21.0,-234.0,191.0,-1346.0,-518.0,0
-45.0,-37.0,-245.0,-116.0,-1639.0,-433.0,0
-69.0,-60.0,-297.0,-411.0,-1619.0,-252.0,0
-82.0,-107.0,-347.0,-812.0,-1285.0,9.0,0
-63.0,-219.0,-284.0,-1330.0,-748.0,338.0,0
-28.0,-360.0,-121.0,-1793.0,-161.0,726.0,0
-10.0,-508.0,80.0,-2031.0,268.0,1095.0,0
-54.0,-642.0,265.0,-1926.0,428.0,1376.0,0
-95.0,-710.0,315.0,-1400.0,379.0,1625.0,0
-124.0,-725.0,190.0,-707.0,169.0,1877.0,0
-108.0,-658.0,-43.0,-333.0,-231.0,2112.0,0
-52.0,-602.0,-327.0,-472.0,-817.0,2233.0,0
9.0,-613.0,-423.0,-997.0,-1405.0,2125.0,0
45.0,-639.0,-417.0,-1621.0,-1693.0,1712.0,0
43.0,-666.0,-316.0,-1979.0,-1501.0,1055.0,0
0.0,-665.0,-191.0,-2046.0,-1038.0,320.0,0
-52.0,-660.0,-99.0,-1557.0,-289.0,-232.0,0
-82.0,-646.0,-67.0,-643.0,406.0,-840.0,0
-116.0,-628.0,-35.0,418.0,947.0,-1353.0,0
-126.0,-603.0,-6.0,1400.0,1327.0,-1740.0,0
-128.0,-567.0,17.0,2115.0,1499.0,-1963.0,0
-111.0,-538.0,25.0,2440.0,1444.0,-2009.0,0
-83.0,-504.0,25.0,2337.0,1247.0,-1935.0,0
-65.0,-462.0,31.0,1896.0,1068.0,-1833.0,0
-63.0,-420.0,44.0,1242.0,978.0,-1749.0,0
-65.0,-382.0,64.0,501.0,969.0,-1627.0,0
-52.0,-366.0,80.0,-197.0,1010.0,-1443.0,0
-4.0,-374.0,86.0,-769.0,1049.0,-1254.0,0
45.0,-388.0,77.0,-1185.0,1091.0,-1133.0,0
82.0,-404.0,67.0,-1432.0,1155.0,-1058.0,0
113.0,-409.0,41.0,-1501.0,1211.0,-1023.0,0
129.0,-401.0,13.0,-1420.0,1247.0,-1010.0,0
138.0,-389.0,-4.0,-1235.0,1298.0,-975.0,0
145.0,-376.0,-18.0,-1009.0,1395.0,-923.0,0
135.0,-360.0,-12.0,-804.0,1540.0,-888.0,0
122.0,-342.0,8.0,-600.0,1706.0,-863.0,0
108.0,-331.0,13.0,-356.0,1884.0,-825.0,0
93.0,-318.0,6.0,-98.0,2058.0,-763.0,0
77.0,-291.0,-19.0,129.0,2218.0,-697.0,0
49.0,-255.0,-51.0,302.0,2347.0,-631.0,0
25.0,-218.0,-76.0,416.0,2435.0,-551.0,0
2.0,-176.0,-81.0,526.0,2470.0,-486.0,0
-10.0,-129.0,-84.0,673.0,2437.0,-445.0,0
-16.0,-78.0,-89.0,886.0,2353.0,-434.0,0
-23.0,-13.0,-89.0,1101.0,2272.0,-435.0,0
-36.0,56.0,-84.0,1392.0,2220.0,-434.0,0
-49.0,127.0,-83.0,1699.0,2161.0,-424.0,0
-70.0,193.0,-86.0,1979.0,2092.0,-374.0,0
-87.0,241.0,-91.0,2187.0,1993.0,-244.0,0
-96.0,264.0,-118.0,2246.0,1847.0,-28.0,0
-92.0,258.0,-128.0,2054.0,1644.0,244.0,0
-89.0,218.0,-130.0,1579.0,1376.0,506.0,0
-56.0,139.0,-104.0,858.0,1049.0,690.0,0
-18.0,70.0,-72.0,-16.0,685.0,779.0,0
0.0,4.0,-29.0,-826.0,351.0,781.0,0
16.0,-54.0,3.0,-1364.0,129.0,757.0,0
32.0,-91.0,-2.0,-1538.0,28.0,727.0,0
42.0,-106.0,-17.0,-1435.0,17.0,697.0,0
48.0,-96.0,-36.0,-1145.0,49.0,683.0,0
43.0,-70.0,-65.0,-747.0,103.0,712.0,0
37.0,-57.0,-69.0,-324.0,179.0,779.0,0
24.0,-46.0,-83.0,48.0,259.0,859.0,0
6.0,-33.0,-80.0,333.0,323.0,928.0,0
-12.0,-23.0,-60.0,527.0,357.0,960.0,0
-42.0,-17.0,-45.0,648.0,352.0,974.0,0
-57.0,-17.0,-15.0,704.0,304.0,962.0,0
-73.0,-28.0,9.0,713.0,204.0,912.0,0
-85.0,-43.0,32.0,681.0,59.0,843.0,0
-97.0,-54.0,-20.0,631.0,-112.0,767.0,0
-86.0,-56.0,-145.0,521.0,-233.0,691.0,0
-63.0,-79.0,-210.0,302.0,-227.0,622.0,0
-19.0,-111.0,-221.0,86.0,-125.0,531.0,0
44.0,-142.0,-181.0,0.0,66.0,409.0,0
113.0,-178.0,-219.0,6.0,334.0,221.0,0
156.0,-230.0,-268.0,-78.0,637.0,-81.0,0
173.0,-308.0,-215.0,-463.0,703.0,-553.0,0
132.0,-402.0,-128.0,-1070.0,287.0,-1201.0,0
59.0,-488.0,-58.0,-1660.0,-550.0,-1706.0,0
41.0,-585.0,-15.0,-2015.0,-1253.0,-2111.0,0
91.0,-733.0,70.0,-2087.0,-1375.0,-2189.0,0
156.0,-890.0,130.0,-1859.0,-925.0,-2123.0,0
138.0,-983.0,93.0,-1386.0,-160.0,-2146.0,0
50.0,-995.0,-44.0,-816.0,663.0,-2231.0,0
-73.0,-940.0,-201.0,-476.0,1228.0,-2121.0,0
-207.0,-872.0,-282.0,-559.0,1270.0,-1645.0,0
-254.0,-811.0,-281.0,-789.0,797.0,-867.0,0
-134.0,-699.0,-149.0,-776.0,37.0,-14.0,0
-53.0,-607.0,-64.0,-240.0,-668.0,541.0,0
-9.0,-508.0,-1.0,654.0,-1146.0,797.0,0
9.0,-420.0,39.0,1607.0,-1425.0,907.0,0
1.0,-335.0,67.0,2430.0,-1546.0,956.0,0
-10.0,-253.0,78.0,2991.0,-1546.0,990.0,0
-26.0,-196.0,78.0,3201.0,-1469.0,1044.0,0
-20.0,-166.0,74.0,3036.0,-1386.0,1136.0,0
-11.0,-161.0,65.0,2537.0,-1359.0,1244.0,0
11.0,-172.0,53.0,1776.0,-1368.0,1337.0,0
31.0,-194.0,39.0,846.0,-1369.0,1388.0,0
48.0,-240.0,53.0,-115.0,-1358.0,1412.0,0
37.0,-320.0,68.0,-954.0,-1343.0,1385.0,0
5.0,-382.0,102.0,-1587.0,-1292.0,1330.0,0
-32.0,-420.0,127.0,-1941.0,-1243.0,1292.0,0
-57.0,-434.0,132.0,-2047.0,-1221.0,1270.0,0
-55.0,-408.0,111.0,-2004.0,-1233.0,1239.0,0
-61.0,-374.0,81.0,-1929.0,-1255.0,1218.0,0
-46.0,-330.0,39.0,-1808.0,-1256.0,1207.0,0
-43.0,-292.0,-19.0,-1642.0,-1225.0,1182.0,0
-47.0,-271.0,-60.0,-1419.0,-1154.0,1139.0,0
-57.0,-240.0,-86.0,-1179.0,-1059.0,1062.0,0
-48.0,-192.0,-106.0,-930.0,-990.0,972.0,0
-65.0,-149.0,-122.0,-682.0,-953.0,900.0,0
-76.0,-111.0,-121.0,-463.0,-953.0,895.0,0
-66.0,-78.0,-134.0,-256.0,-1067.0,915.0,0
-35.0,-48.0,-140.0,-54.0,-1262.0,906.0,0
5.0,-11.0,-147.0,125.0,-1426.0,815.0,0
57.0,30.0,-136.0,294.0,-1495.0,640.0,0
104.0,68.0,-118.0,461.0,-1442.0,392.0,0
132.0,86.0,-117.0,617.0,-1273.0,85.0,0
134.0,77.0,-119.0,687.0,-986.0,-260.0,0
96.0,43.0,-111.0,641.0,-602.0,-572.0,0
42.0,-6.0,-102.0,480.0,-190.0,-787.0,0
19.0,-50.0,-75.0,272.0,132.0,-895.0,0
-5.0,-73.0,-52.0,128.0,268.0,-940.0,0
-17.0,-96.0,-42.0,88.0,228.0,-919.0,0
-11.0,-86.0,-32.0,162.0,89.0,-841.0,0
-23.0,-66.0,-45.0,340.0,-71.0,-734.0,0
-31.0,-48.0,-60.0,577.0,-192.0,-613.0,0
-39.0,-31.0,-85.0,808.0,-244.0,-503.0,0
-42.0,-17.0,-106.0,976.0,-220.0,-424.0,0
-36.0,-14.0,-118.0,1055.0,-133.0,-398.0,0
-29.0,-11.0,-119.0,1062.0,-22.0,-419.0,0
-16.0,-10.0,-109.0,1001.0,71.0,-461.0,0
3.0,-13.0,-82.0,886.0,116.0,-519.0,0
21.0,-14.0,-58.0,765.0,87.0,-572.0,0
29.0,-17.0,-37.0,690.0,-22.0,-609.0,0
32.0,-17.0,-34.0,653.0,-155.0,-617.0,0
29.0,-8.0,-104.0,668.0,-358.0,-603.0,0
11.0,5.0,-185.0,634.0,-612.0,-573.0,0
-27.0,20.0,-239.0,471.0,-935.0,-558.0,0
-82.0,29.0,-259.0,230.0,-1238.0,-531.0,0
-129.0,41.0,-306.0,-89.0,-1314.0,-394.0,0
-128.0,27.0,-424.0,-590.0,-1048.0,-132.0,0
-111.0,-72.0,-453.0,-1356.0,-480.0,179.0,0
-87.0,-248.0,-295.0,-2102.0,258.0,554.0,0
-40.0,-491.0,0.0,-2511.0,864.0,988.0,0
-53.0,-650.0,204.0,-2535.0,1040.0,1342.0,0
-64.0,-757.0,291.0,-2207.0,706.0,1604.0,0
-75.0,-825.0,238.0,-1585.0,131.0,1791.0,0
-20.0,-835.0,74.0,-964.0,-410.0,1979.0,0
59.0,-787.0,-130.0,-653.0,-973.0,2071.0,0
121.0,-794.0,-291.0,-758.0,-1546.0,1963.0,0
133.0,-795.0,-345.0,-1207.0,-1850.0,1641.0,0
129.0,-840.0,-327.0,-1681.0,-1599.0,1109.0,0
48.0,-807.0,-225.0,-1888.0,-741.0,399.0,0
-45.0,-740.0,-140.0,-1507.0,407.0,-340.0,0
-122.0,-681.0,-70.0,-626.0,1371.0,-906.0,0
-168.0,-616.0,-22.0,474.0,1917.0,-1255.0,0
-173.0,-562.0,5.0,1520.0,2078.0,-1427.0,0
-145.0,-506.0,14.0,2269.0,1961.0,-1525.0,0
-107.0,-460.0,11.0,2553.0,1690.0,-1638.0,0
-94.0,-401.0,18.0,2369.0,1393.0,-1770.0,0
-95.0,-330.0,32.0,1822.0,1136.0,-1866.0,0
-124.0,-250.0,50.0,1069.0,943.0,-1858.0,0
-147.0,-185.0,70.0,428.0,809.0,-1718.0,0
-147.0,-180.0,64.0,-350.0,741.0,-1487.0,0
-91.0,-236.0,57.0,-1062.0,743.0,-1267.0,0
-18.0,-299.0,74.0,-1661.0,843.0,-1026.0,0
33.0,-349.0,62.0,-2059.0,1021.0,-881.0,0
70.0,-383.0,61.0,-2231.0,1275.0,-778.0,0
96.0,-392.0,51.0,-2228.0,1562.0,-693.0,0
105.0,-381.0,45.0,-2108.0,1817.0,-634.0,0
108.0,-352.0,39.0,-1914.0,2001.0,-584.0,0
110.0,-331.0,37.0,-1668.0,2121.0,-509.0,0
112.0,-311.0,36.0,-1408.0,2177.0,-412.0,0
114.0,-294.0,21.0,-1171.0,2184.0,-310.0,0
115.0,-273.0,17.0,-978.0,2176.0,-212.0,0
110.0,-249.0,10.0,-816.0,2182.0,-112.0,0
97.0,-221.0,2.0,-656.0,2207.0,-2.0,0
99.0,-195.0,-12.0,-483.0,2223.0,127.0,0
104.0,-176.0,-21.0,-271.0,2209.0,226.0,0
119.0,-145.0,-28.0,24.0,2179.0,258.0,0
130.0,-111.0,-35.0,444.0,2144.0,191.0,0
112.0,-44.0,-47.0,960.0,2089.0,49.0,0
74.0,18.0,-67.0,1490.0,1993.0,-103.0,0
31.0,86.0,-86.0,1943.0,1852.0,-189.0,0
-15.0,146.0,-101.0,2242.0,1685.0,-182.0,0
-50.0,184.0,-124.0,2325.0,1517.0,-74.0,0
-62.0,201.0,-143.0,2142.0,1378.0,99.0,0
-56.0,170.0,-157.0,1696.0,1268.0,277.0,0
-15.0,113.0,-152.0,1058.0,1156.0,392.0,0
11.0,64.0,-129.0,373.0,1027.0,395.0,0
23.0,11.0,-113.0,-151.0,910.0,359.0,0
25.0,-23.0,-103.0,-408.0,820.0,310.0,0
20.0,-45.0,-104.0,-562.0,759.0,255.0,0
19.0,-55.0,-108.0,-586.0,687.0,209.0,0
16.0,-53.0,-109.0,-508.0,621.0,195.0,0
13.0,-46.0,-108.0,-324.0,582.0,221.0,0
0.0,-40.0,-99.0,-38.0,587.0,296.0,0
-28.0,-27.0,-76.0,306.0,624.0,412.0,0
-49.0,-25.0,-49.0,653.0,654.0,568.0,0
-71.0,-26.0,-44.0,965.0,633.0,704.0,0
-84.0,-10.0,-133.0,1182.0,567.0,796.0,0
-71.0,8.0,-187.0,1219.0,516.0,861.0,0
-38.0,7.0,-260.0,1106.0,529.0,891.0,0
37.0,-16.0,-276.0,927.0,620.0,894.0,0
113.0,-38.0,-380.0,729.0,813.0,838.0,0
189.0,-94.0,-427.0,345.0,1153.0,693.0,0
249.0,-196.0,-306.0,-293.0,1282.0,402.0,0
237.0,-358.0,-108.0,-960.0,879.0,-79.0,0
155.0,-510.0,40.0,-1470.0,11.0,-700.0,0
71.0,-626.0,121.0,-1791.0,-846.0,-1245.0,0
52.0,-738.0,171.0,-1895.0,-1276.0,-1574.0,0
60.0,-814.0,135.0,-1733.0,-1239.0,-1741.0,0
14.0,-865.0,-17.0,-1401.0,-854.0,-1917.0,0
-71.0,-878.0,-225.0,-1185.0,-201.0,-2079.0,0
-213.0,-898.0,-363.0,-1294.0,517.0,-2120.0,0
-342.0,-904.0,-387.0,-1628.0,971.0,-1810.0,0
-398.0,-908.0,-290.0,-1818.0,930.0,-1133.0,0
-265.0,-842.0,-132.0,-1411.0,396.0,-231.0,0
-113.0,-755.0,-54.0,-253.0,-344.0,390.0,0
17.0,-630.0,12.0,935.0,-937.0,657.0,0
76.0,-522.0,44.0,2398.0,-1330.0,735.0,0
95.0,-424.0,61.0,3598.0,-1519.0,742.0,0
93.0,-316.0,69.0,4367.0,-1614.0,770.0,0
77.0,-223.0,51.0,4605.0,-1588.0,874.0,0
85.0,-146.0,36.0,4274.0,-1499.0,1039.0,0
111.0,-89.0,17.0,3450.0,-1416.0,1210.0,0
125.0,-59.0,3.0,2285.0,-1340.0,1351.0,0
136.0,-70.0,21.0,971.0,-1244.0,1471.0,0
137.0,-130.0,53.0,-257.0,-1162.0,1568.0,0
74.0,-254.0,83.0,-1270.0,-1134.0,1633.0,0
3.0,-367.0,120.0,-2038.0,-1136.0,1677.0,0
-51.0,-439.0,146.0,-2462.0,-1196.0,1684.0,0
-96.0,-488.0,135.0,-2560.0,-1280.0,1675.0,0
-109.0,-488.0,83.0,-2443.0,-1302.0,1640.0,0
-127.0,-474.0,27.0,-2246.0,-1148.0,1616.0,0
-138.0,-440.0,-31.0,-1984.0,-913.0,1514.0,0
-149.0,-405.0,-85.0,-1661.0,-668.0,1356.0,0
-149.0,-368.0,-136.0,-1313.0,-434.0,1194.0,0
-157.0,-325.0,-168.0,-1010.0,-219.0,1070.0,0
-155.0,-283.0,-159.0,-735.0,-80.0,917.0,0
-147.0,-249.0,-145.0,-450.0,-62.0,720.0,0
-128.0,-217.0,-139.0,-146.0,-157.0,471.0,0
-109.0,-183.0,-117.0,150.0,-306.0,183.0,0
-87.0,-129.0,-83.0,460.0,-489.0,-94.0,0
-45.0,-72.0,-62.0,793.0,-721.0,-287.0,0
5.0,2.0,-42.0,1139.0,-977.0,-397.0,0
63.0,80.0,-29.0,1495.0,-1219.0,-429.0,0
115.0,145.0,-38.0,1811.0,-1375.0,-407.0,0
164.0,180.0,-62.0,2032.0,-1437.0,-405.0,0
176.0,196.0,-82.0,2066.0,-1401.0,-483.0,0
156.0,190.0,-103.0,1913.0,-1323.0,-622.0,0
116.0,142.0,-118.0,1549.0,-1200.0,-734.0,0
76.0,77.0,-107.0,1016.0,-1074.0,-767.0,0
53.0,14.0,-77.0,482.0,-996.0,-732.0,0
39.0,-44.0,-52.0,125.0,-1000.0,-643.0,0
21.0,-74.0,-45.0,11.0,-1070.0,-550.0,0
1.0,-86.0,-57.0,97.0,-1138.0,-437.0,0
-4.0,-83.0,-88.0,311.0,-1149.0,-302.0,0
-17.0,-64.0,-110.0,566.0,-1057.0,-169.0,0
-32.0,-51.0,-135.0,797.0,-849.0,-59.0,0
-46.0,-26.0,-150.0,978.0,-566.0,3.0,0
-54.0,-9.0,-160.0,1109.0,-276.0,-4.0,0
-50.0,-1.0,-151.0,1186.0,-47.0,-54.0,0
-35.0,10.0,-141.0,1197.0,76.0,-140.0,0
-18.0,16.0,-120.0,1161.0,90.0,-237.0,0
-1.0,16.0,-97.0,1096.0,25.0,-316.0,0
15.0,13.0,-69.0,1018.0,-70.0,-364.0,0
29.0,9.0,-31.0,954.0,-152.0,-402.0,0
44.0,-1.0,-10.0,923.0,-186.0,-430.0,0
43.0,1.0,-7.0,924.0,-188.0,-454.0,0
32.0,-1.0,-47.0,912.0,-227.0,-468.0,0
13.0,-12.0,-83.0,841.0,-392.0,-470.0,0
-24.0,-33.0,-127.0,718.0,-653.0,-444.0,0
-66.0,-52.0,-151.0,549.0,-852.0,-335.0,0
-103.0,-61.0,-234.0,257.0,-767.0,-104.0,0
-104.0,-115.0,-285.0,-269.0,-254.0,251.0,0
-89.0,-258.0,-175.0,-926.0,525.0,666.0,0
-59.0,-409.0,-3.0,-1483.0,1154.0,1082.0,0
-32.0,-554.0,121.0,-1871.0,1311.0,1408.0,0
-51.0,-655.0,172.0,-2153.0,996.0,1560.0,0
-87.0,-728.0,139.0,-2347.0,510.0,1648.0,0
-112.0,-783.0,49.0,-2594.0,108.0,1796.0,0
-113.0,-833.0,-85.0,-2859.0,-459.0,1964.0,0
-52.0,-885.0,-222.0,-3087.0,-970.0,1980.0,0
42.0,-1002.0,-315.0,-3207.0,-1223.0,1659.0,0
68.0,-1033.0,-320.0,-3170.0,-1011.0,917.0,0
40.0,-1007.0,-223.0,-2746.0,-302.0,-37.0,0
-24.0,-905.0,-103.0,-1667.0,655.0,-949.0,0
-82.0,-794.0,-11.0,34.0,1414.0,-1602.0,0
-129.0,-676.0,43.0,1940.0,1754.0,-1955.0,0
-148.0,-568.0,55.0,3602.0,1750.0,-2072.0,0
-130.0,-455.0,45.0,4654.0,1552.0,-2051.0,0
-100.0,-356.0,34.0,4889.0,1261.0,-1961.0,0
-71.0,-269.0,51.0,4310.0,934.0,-1851.0,0
-54.0,-192.0,67.0,3105.0,651.0,-1774.0,0
-57.0,-116.0,107.0,1538.0,552.0,-1739.0,0
-100.0,-92.0,137.0,-40.0,674.0,-1723.0,0
-114.0,-130.0,151.0,-1349.0,964.0,-1562.0,0
-13.0,-249.0,143.0,-2295.0,1296.0,-1225.0,0
42.0,-337.0,133.0,-2928.0,1497.0,-1015.0,0
73.0,-394.0,111.0,-3257.0,1595.0,-947.0,0
83.0,-414.0,81.0,-3307.0,1624.0,-932.0,0
102.0,-413.0,53.0,-3139.0,1612.0,-895.0,0
108.0,-389.0,28.0,-2818.0,1604.0,-839.0,0
103.0,-352.0,21.0,-2390.0,1618.0,-794.0,0
99.0,-310.0,9.0,-1893.0,1662.0,-782.0,0
90.0,-266.0,-9.0,-1390.0,1711.0,-791.0,0
86.0,-232.0,-28.0,-929.0,1770.0,-800.0,0
72.0,-204.0,-47.0,-552.0,1836.0,-785.0,0
64.0,-189.0,-71.0,-320.0,1891.0,-721.0,0
58.0,-165.0,-88.0,-122.0,1914.0,-623.0,0
48.0,-134.0,-88.0,5.0,1934.0,-549.0,0
41.0,-108.0,-82.0,107.0,1990.0,-522.0,0
19.0,-68.0,-62.0,232.0,2076.0,-547.0,0
6.0,-13.0,-34.0,439.0,2184.0,-606.0,0
-7.0,21.0,-20.0,715.0,2272.0,-645.0,0
-15.0,54.0,-20.0,996.0,2288.0,-639.0,0
-25.0,75.0,-29.0,1237.0,2227.0,-555.0,0
-12.0,73.0,-60.0,1385.0,2096.0,-419.0,0
0.0,68.0,-83.0,1366.0,1918.0,-265.0,0
14.0,54.0,-87.0,1189.0,1727.0,-116.0,0
29.0,14.0,-79.0,930.0,1542.0,38.0,0
47.0,-26.0,-59.0,636.0,1347.0,198.0,0
51.0,-53.0,-29.0,384.0,1130.0,304.0,0
46.0,-66.0,-16.0,231.0,912.0,364.0,0
39.0,-73.0,-7.0,179.0,726.0,390.0,0
41.0,-78.0,-17.0,197.0,580.0,392.0,0
42.0,-63.0,-20.0,262.0,460.0,378.0,0
41.0,-43.0,-34.0,347.0,373.0,381.0,0
33.0,-10.0,-55.0,437.0,310.0,418.0,0
20.0,30.0,-74.0,516.0,261.0,493.0,0
-5.0,48.0,-84.0,543.0,228.0,614.0,0
-38.0,53.0,-85.0,522.0,207.0,754.0,0
-66.0,47.0,-97.0,451.0,191.0,873.0,0
-85.0,41.0,-196.0,327.0,192.0,948.0,0
-69.0,30.0,-255.0,114.0,260.0,981.0,0
-43.0,9.0,-331.0,-203.0,408.0,969.0,0
5.0,-10.0,-289.0,-551.0,661.0,914.0,0
81.0,-68.0,-214.0,-838.0,971.0,820.0,0
130.0,-132.0,-255.0,-1021.0,1305.0,614.0,0
154.0,-205.0,-251.0,-1280.0,1551.0,292.0,0
134.0,-333.0,-164.0,-1882.0,1363.0,-189.0,0
61.0,-470.0,-58.0,-2509.0,466.0,-699.0,0
0.0,-616.0,28.0,-2874.0,-712.0,-1303.0,0
-16.0,-761.0,103.0,-2937.0,-1482.0,-1699.0,0
19.0,-918.0,165.0,-2688.0,-1641.0,-1873.0,0
-6.0,-1052.0,124.0,-2124.0,-1357.0,-2018.0,0
-61.0,-1087.0,-47.0,-1304.0,-653.0,-2151.0,0
-203.0,-1049.0,-253.0,-565.0,247.0,-2165.0,0
-311.0,-939.0,-353.0,-284.0,854.0,-1856.0,0
-353.0,-825.0,-363.0,-365.0,828.0,-1187.0,0
-190.0,-677.0,-242.0,-440.0,269.0,-233.0,0
-73.0,-590.0,-145.0,-77.0,-464.0,523.0,0
8.0,-509.0,-75.0,712.0,-1048.0,956.0,0
65.0,-417.0,-19.0,1692.0,-1450.0,1158.0,0
92.0,-327.0,7.0,2605.0,-1736.0,1217.0,0
95.0,-244.0,38.0,3240.0,-1849.0,1209.0,0
83.0,-189.0,27.0,3480.0,-1767.0,1209.0,0
93.0,-143.0,17.0,3265.0,-1595.0,1263.0,0
118.0,-115.0,12.0,2626.0,-1439.0,1349.0,0
162.0,-102.0,9.0,1693.0,-1326.0,1452.0,0
182.0,-120.0,3.0,644.0,-1241.0,1547.0,0
200.0,-180.0,9.0,-362.0,-1195.0,1626.0,0
165.0,-290.0,30.0,-1214.0,-1197.0,1652.0,0
97.0,-373.0,67.0,-1846.0,-1206.0,1609.0,0
37.0,-439.0,99.0,-2194.0,-1229.0,1562.0,0
9.0,-481.0,120.0,-2274.0,-1279.0,1534.0,0
-34.0,-491.0,129.0,-2156.0,-1346.0,1524.0,0
-53.0,-487.0,114.0,-1899.0,-1399.0,1526.0,0
-91.0,-444.0,98.0,-1642.0,-1431.0,1511.0,0
-134.0,-390.0,71.0,-1296.0,-1452.0,1462.0,0
-174.0,-351.0,40.0,-931.0,-1484.0,1357.0,0
-203.0,-318.0,11.0,-578.0,-1530.0,1246.0,0
-243.0,-298.0,-17.0,-289.0,-1566.0,1072.0,0
-280.0,-285.0,-58.0,-83.0,-1562.0,852.0,0
-287.0,-273.0,-76.0,73.0,-1538.0,597.0,0
-310.0,-250.0,-101.0,277.0,-1563.0,300.0,0
-304.0,-193.0,-111.0,585.0,-1681.0,20.0,0
-275.0,-106.0,-135.0,983.0,-1864.0,-148.0,0
-206.0,25.0,-137.0,1387.0,-2010.0,-163.0,0
-99.0,165.0,-137.0,1806.0,-2036.0,-52.0,0
20.0,253.0,-169.0,2206.0,-1905.0,75.0,0
131.0,302.0,-200.0,2394.0,-1630.0,41.0,0
201.0,325.0,-216.0,2201.0,-1278.0,-193.0,0
242.0,304.0,-202.0,1645.0,-916.0,-527.0,0
205.0,232.0,-179.0,874.0,-598.0,-845.0,0
137.0,144.0,-127.0,4.0,-331.0,-1021.0,0
114.0,67.0,-49.0,-718.0,-179.0,-999.0,0
98.0,1.0,5.0,-1090.0,-201.0,-897.0,0
82.0,-59.0,23.0,-1131.0,-359.0,-787.0,0
68.0,-80.0,17.0,-939.0,-574.0,-672.0,0
62.0,-94.0,-10.0,-617.0,-749.0,-527.0,0
56.0,-100.0,-49.0,-284.0,-820.0,-362.0,0
41.0,-90.0,-84.0,-8.0,-767.0,-200.0,0
28.0,-78.0,-112.0,185.0,-625.0,-61.0,0
19.0,-61.0,-133.0,281.0,-454.0,22.0,0
20.0,-57.0,-143.0,290.0,-331.0,37.0,0
23.0,-53.0,-141.0,232.0,-309.0,-1.0,0
31.0,-47.0,-123.0,146.0,-406.0,-69.0,0
23.0,-42.0,-135.0,92.0,-593.0,-135.0,0
25.0,-35.0,-194.0,54.0,-787.0,-179.0,0
13.0,-19.0,-260.0,-46.0,-1069.0,-219.0,0
-12.0,1.0,-278.0,-286.0,-1373.0,-273.0,0
-62.0,12.0,-276.0,-594.0,-1617.0,-342.0,0
-108.0,6.0,-288.0,-881.0,-1591.0,-288.0,0
-127.0,-48.0,-350.0,-1149.0,-1181.0,-84.0,0
-108.0,-155.0,-346.0,-1496.0,-492.0,197.0,0
-69.0,-311.0,-207.0,-1803.0,227.0,475.0,0
-21.0,-512.0,38.0,-1893.0,742.0,723.0,0
-5.0,-651.0,188.0,-1772.0,912.0,934.0,0
-5.0,-724.0,254.0,-1461.0,701.0,1083.0,0
3.0,-759.0,185.0,-926.0,280.0,1209.0,0
73.0,-762.0,19.0,-411.0,-76.0,1454.0,0
152.0,-731.0,-178.0,-260.0,-377.0,1727.0,0
204.0,-714.0,-306.0,-630.0,-622.0,1832.0,0
213.0,-697.0,-364.0,-1286.0,-692.0,1706.0,0
191.0,-726.0,-322.0,-1885.0,-464.0,1325.0,0
97.0,-724.0,-222.0,-2129.0,100.0,732.0,0
-5.0,-687.0,-108.0,-1730.0,860.0,99.0,0
-78.0,-652.0,-33.0,-734.0,1517.0,-378.0,0
-126.0,-615.0,-3.0,542.0,1898.0,-689.0,0
-142.0,-568.0,8.0,1770.0,2023.0,-885.0,0
-128.0,-520.0,6.0,2662.0,1979.0,-1031.0,0
-119.0,-473.0,-5.0,3049.0,1846.0,-1215.0,0
-121.0,-428.0,-22.0,2917.0,1709.0,-1465.0,0
-142.0,-377.0,-26.0,2395.0,1601.0,-1700.0,0
-188.0,-327.0,-16.0,1640.0,1509.0,-1854.0,0
-251.0,-287.0,-3.0,791.0,1432.0,-1903.0,0
-284.0,-279.0,26.0,119.0,1377.0,-1806.0,0
-274.0,-308.0,51.0,-641.0,1347.0,-1550.0,0
-174.0,-361.0,83.0,-1248.0,1353.0,-1265.0,0
-93.0,-394.0,109.0,-1659.0,1363.0,-1156.0,0
-39.0,-416.0,110.0,-1865.0,1387.0,-1144.0,0
15.0,-412.0,113.0,-1880.0,1475.0,-1162.0,0
56.0,-394.0,111.0,-1734.0,1619.0,-1154.0,0
78.0,-360.0,99.0,-1462.0,1770.0,-1111.0,0
96.0,-324.0,77.0,-1137.0,1873.0,-1051.0,0
111.0,-293.0,64.0,-843.0,1913.0,-991.0,0
115.0,-259.0,48.0,-613.0,1894.0,-934.0,0
128.0,-225.0,30.0,-458.0,1816.0,-871.0,0
120.0,-186.0,12.0,-390.0,1685.0,-793.0,0
136.0,-162.0,-25.0,-395.0,1523.0,-703.0,0
144.0,-134.0,-48.0,-368.0,1444.0,-540.0,0
151.0,-111.0,-71.0,-250.0,1455.0,-354.0,0
151.0,-77.0,-83.0,-17.0,1524.0,-212.0,0
136.0,-33.0,-93.0,339.0,1640.0,-147.0,0
98.0,35.0,-94.0,791.0,1782.0,-165.0,0
41.0,107.0,-104.0,1281.0,1907.0,-220.0,0
-9.0,176.0,-117.0,1719.0,1959.0,-201.0,0
-48.0,223.0,-141.0,2002.0,1903.0,-74.0,0
-65.0,242.0,-159.0,2055.0,1741.0,137.0,0
-70.0,234.0,-168.0,1850.0,1523.0,361.0,0
-73.0,191.0,-161.0,1437.0,1287.0,548.0,0
-35.0,103.0,-140.0,875.0,1074.0,672.0,0
-15.0,25.0,-96.0,248.0,871.0,680.0,0
4.0,-41.0,-59.0,-277.0,705.0,600.0,0
10.0,-93.0,-32.0,-607.0,595.0,487.0,0
15.0,-128.0,-18.0,-729.0,527.0,389.0,0
23.0,-149.0,-17.0,-695.0,485.0,315.0,0
30.0,-154.0,-30.0,-522.0,473.0,265.0,0
42.0,-146.0,-51.0,-242.0,493.0,244.0,0
48.0,-127.0,-68.0,113.0,553.0,260.0,0
51.0,-101.0,-96.0,477.0,639.0,329.0,0
37.0,-79.0,-108.0,795.0,742.0,430.0,0
24.0,-57.0,-127.0,1021.0,839.0,548.0,0
15.0,-32.0,-243.0,1155.0,915.0,652.0,0
38.0,-12.0,-298.0,1126.0,1012.0,733.0,0
65.0,-5.0,-353.0,931.0,1161.0,773.0,0
127.0,-35.0,-315.0,642.0,1339.0,777.0,0
187.0,-82.0,-275.0,380.0,1463.0,734.0,0
235.0,-162.0,-208.0,173.0,1403.0,606.0,0
238.0,-269.0,-92.0,-74.0,960.0,321.0,0
164.0,-406.0,23.0,-264.0,172.0,-134.0,0
75.0,-537.0,150.0,-280.0,-608.0,-635.0,0
15.0,-622.0,230.0,-162.0,-1085.0,-1033.0,0
2.0,-708.0,234.0,-6.0,-1276.0,-1272.0,0
13.0,-773.0,117.0,112.0,-1182.0,-1415.0,0
-32.0,-811.0,-102.0,128.0,-732.0,-1593.0,0
-127.0,-775.0,-265.0,-190.0,15.0,-1761.0,0
-285.0,-741.0,-321.0,-850.0,703.0,-1772.0,0
-395.0,-692.0,-328.0,-1559.0,938.0,-1445.0,0
-449.0,-670.0,-287.0,-1978.0,639.0,-723.0,0
-325.0,-645.0,-175.0,-1868.0,73.0,149.0,0
-212.0,-618.0,-71.0,-1105.0,-595.0,634.0,0
-114.0,-549.0,14.0,96.0,-1192.0,769.0,0
-46.0,-485.0,70.0,1454.0,-1653.0,794.0,0
16.0,-411.0,102.0,2719.0,-1958.0,813.0,0
61.0,-346.0,93.0,3708.0,-2097.0,845.0,0
73.0,-280.0,74.0,4171.0,-2042.0,891.0,0
87.0,-230.0,57.0,4245.0,-1883.0,982.0,0
102.0,-197.0,57.0,3761.0,-1642.0,1077.0,0
111.0,-197.0,39.0,2808.0,-1470.0,1193.0,0
123.0,-211.0,40.0,1478.0,-1408.0,1273.0,0
131.0,-259.0,69.0,-31.0,-1445.0,1318.0,0
120.0,-342.0,107.0,-1417.0,-1526.0,1349.0,0
90.0,-428.0,150.0,-2409.0,-1565.0,1377.0,0
53.0,-494.0,167.0,-2880.0,-1518.0,1406.0,0
3.0,-535.0,162.0,-2887.0,-1424.0,1430.0,0
-33.0,-547.0,123.0,-2592.0,-1353.0,1427.0,0
-71.0,-514.0,74.0,-2162.0,-1320.0,1389.0,0
-95.0,-465.0,32.0,-1709.0,-1306.0,1338.0,0
-110.0,-409.0,-2.0,-1269.0,-1307.0,1289.0,0
-115.0,-351.0,-42.0,-876.0,-1316.0,1242.0,0
-113.0,-272.0,-81.0,-582.0,-1297.0,1187.0,0
-118.0,-235.0,-92.0,-389.0,-1243.0,1094.0,0
-133.0,-188.0,-107.0,-231.0,-1191.0,974.0,0
-132.0,-143.0,-133.0,-85.0,-1156.0,840.0,0
-138.0,-112.0,-135.0,16.0,-1129.0,736.0,0
-125.0,-91.0,-125.0,140.0,-1197.0,630.0,0
-100.0,-63.0,-115.0,314.0,-1345.0,489.0,0
-63.0,-41.0,-112.0,522.0,-1516.0,332.0,0
-18.0,-1.0,-102.0,766.0,-1662.0,145.0,0
45.0,44.0,-92.0,1044.0,-1744.0,-28.0,0
111.0,101.0,-61.0,1361.0,-1748.0,-189.0,0
156.0,131.0,-73.0,1681.0,-1680.0,-327.0,0
192.0,149.0,-85.0,1884.0,-1542.0,-460.0,0
187.0,143.0,-101.0,1888.0,-1362.0,-576.0,0
159.0,115.0,-119.0,1661.0,-1177.0,-659.0,0
110.0,60.0,-121.0,1316.0,-984.0,-683.0,0
62.0,2.0,-93.0,757.0,-823.0,-622.0,0
26.0,-49.0,-56.0,253.0,-657.0,-520.0,0
-19.0,-96.0,-31.0,-67.0,-546.0,-380.0,0
-36.0,-113.0,-33.0,-192.0,-470.0,-235.0,0
-44.0,-114.0,-48.0,-170.0,-374.0,-122.0,0
-47.0,-105.0,-73.0,-72.0,-238.0,-25.0,0
-49.0,-81.0,-100.0,39.0,-84.0,62.0,0
-49.0,-71.0,-110.0,151.0,39.0,106.0,0
-37.0,-63.0,-117.0,269.0,79.0,77.0,0
-28.0,-56.0,-107.0,400.0,6.0,-6.0,0
-11.0,-50.0,-92.0,521.0,-180.0,-89.0,0
15.0,-52.0,-62.0,635.0,-442.0,-163.0,0
36.0,-51.0,-50.0,752.0,-715.0,-243.0,0
48.0,-50.0,-79.0,870.0,-920.0,-317.0,0
39.0,-38.0,-171.0,930.0,-1062.0,-390.0,0
19.0,-29.0,-257.0,837.0,-1211.0,-440.0,0
-37.0,-26.0,-268.0,593.0,-1367.0,-466.0,0
-92.0,-37.0,-255.0,319.0,-1426.0,-423.0,0
-136.0,-47.0,-291.0,36.0,-1219.0,-253.0,0
-139.0,-88.0,-342.0,-453.0,-679.0,18.0,0
-121.0,-198.0,-243.0,-1143.0,5.0,321.0,0
-82.0,-378.0,21.0,-1698.0,509.0,613.0,0
-82.0,-506.0,169.0,-1949.0,650.0,816.0,0
-111.0,-596.0,248.0,-2024.0,546.0,959.0,0
-127.0,-673.0,235.0,-1928.0,385.0,1171.0,0
-136.0,-736.0,143.0,-1722.0,122.0,1439.0,0
-93.0,-750.0,-23.0,-1646.0,-374.0,1661.0,0
-18.0,-752.0,-180.0,-1837.0,-971.0,1678.0,0
69.0,-783.0,-277.0,-2214.0,-1392.0,1389.0,0
109.0,-784.0,-275.0,-2516.0,-1411.0,850.0,0
103.0,-792.0,-205.0,-2621.0,-1067.0,185.0,0
40.0,-761.0,-110.0,-2201.0,-329.0,-501.0,0
-8.0,-724.0,-48.0,-1217.0,464.0,-958.0,0
-46.0,-680.0,-1.0,119.0,1071.0,-1391.0,0
-65.0,-629.0,36.0,1524.0,1430.0,-1682.0,0
-61.0,-578.0,62.0,2733.0,1578.0,-1809.0,0
-32.0,-524.0,68.0,3512.0,1551.0,-1840.0,0
3.0,-469.0,69.0,3742.0,1404.0,-1848.0,0
36.0,-407.0,72.0,3431.0,1232.0,-1874.0,0
41.0,-323.0,80.0,2675.0,1131.0,-1896.0,0
33.0,-273.0,84.0,1651.0,1137.0,-1874.0,0
35.0,-251.0,87.0,528.0,1241.0,-1792.0,0
57.0,-263.0,95.0,-519.0,1404.0,-1662.0,0
91.0,-314.0,93.0,-1361.0,1566.0,-1517.0,0
122.0,-366.0,90.0,-1961.0,1720.0,-1352.0,0
141.0,-403.0,82.0,-2270.0,1871.0,-1185.0,0
150.0,-418.0,61.0,-2299.0,2012.0,-1051.0,0
139.0,-401.0,45.0,-2116.0,2127.0,-952.0,0
125.0,-375.0,33.0,-1810.0,2210.0,-867.0,0
112.0,-329.0,18.0,-1443.0,2261.0,-792.0,0
106.0,-289.0,-6.0,-1068.0,2271.0,-716.0,0
103.0,-247.0,-44.0,-748.0,2258.0,-637.0,0
102.0,-213.0,-71.0,-502.0,2237.0,-548.0,0
87.0,-174.0,-90.0,-302.0,2210.0,-463.0,0
71.0,-139.0,-117.0,-106.0,2205.0,-389.0,0
44.0,-101.0,-129.0,99.0,2237.0,-339.0,0
24.0,-57.0,-124.0,333.0,2296.0,-325.0,0
-4.0,1.0,-116.0,629.0,2384.0,-343.0,0
-54.0,75.0,-91.0,966.0,2484.0,-369.0,0
-97.0,132.0,-78.0,1260.0,2536.0,-361.0,0
-130.0,173.0,-70.0,1608.0,2502.0,-273.0,0
-143.0,189.0,-73.0,1864.0,2348.0,-142.0,0
-151.0,191.0,-87.0,1933.0,2091.0,58.0,0
-142.0,159.0,-112.0,1752.0,1797.0,257.0,0
-126.0,103.0,-122.0,1292.0,1511.0,416.0,0
-75.0,28.0,-107.0,585.0,1243.0,530.0,0
-37.0,-32.0,-62.0,-241.0,984.0,576.0,0
-4.0,-84.0,-17.0,-926.0,763.0,565.0,0
17.0,-122.0,6.0,-1289.0,618.0,541.0,0
22.0,-147.0,22.0,-1334.0,549.0,493.0,0
42.0,-154.0,25.0,-1133.0,512.0,413.0,0
39.0,-147.0,7.0,-791.0,482.0,322.0,0
52.0,-119.0,-13.0,-398.0,447.0,249.0,0
60.0,-84.0,-46.0,-12.0,408.0,233.0,0
56.0,-51.0,-72.0,323.0,398.0,266.0,0
38.0,-21.0,-91.0,584.0,440.0,345.0,0
10.0,6.0,-102.0,762.0,511.0,450.0,0
-20.0,23.0,-88.0,868.0,571.0,557.0,0
-48.0,26.0,-66.0,918.0,587.0,637.0,0
-72.0,22.0,-42.0,921.0,530.0,680.0,0
-89.0,14.0,-49.0,879.0,398.0,702.0,0
-102.0,18.0,-188.0,759.0,236.0,715.0,0
-63.0,11.0,-239.0,479.0,179.0,726.0,0
-29.0,-8.0,-317.0,100.0,283.0,689.0,0
55.0,-46.0,-267.0,-252.0,615.0,634.0,0
135.0,-114.0,-258.0,-461.0,1048.0,523.0,0
185.0,-176.0,-311.0,-711.0,1387.0,303.0,0
219.0,-278.0,-201.0,-1321.0,1185.0,-96.0,0
190.0,-409.0,-84.0,-1884.0,217.0,-742.0,0
124.0,-511.0,33.0,-2325.0,-708.0,-1417.0,0
115.0,-608.0,119.0,-2385.0,-1429.0,-1767.0,0
156.0,-752.0,209.0,-2166.0,-1518.0,-1980.0,0
170.0,-867.0,260.0,-1732.0,-1248.0,-2145.0,0
114.0,-949.0,126.0,-1124.0,-758.0,-2332.0,0
6.0,-951.0,-60.0,-617.0,-32.0,-2381.0,0
-185.0,-916.0,-281.0,-474.0,674.0,-2184.0,0
-312.0,-883.0,-331.0,-788.0,1063.0,-1607.0,0
-361.0,-852.0,-312.0,-1310.0,954.0,-685.0,0
-236.0,-773.0,-184.0,-1603.0,378.0,412.0,0
-126.0,-702.0,-87.0,-1251.0,-397.0,1142.0,0
-64.0,-616.0,-8.0,-325.0,-1095.0,1406.0,0
-33.0,-529.0,57.0,918.0,-1609.0,1427.0,0
-12.0,-434.0,88.0,2216.0,-1923.0,1340.0,0
-3.0,-354.0,91.0,3284.0,-2025.0,1246.0,0
4.0,-283.0,77.0,3881.0,-1934.0,1224.0,0
29.0,-231.0,74.0,3884.0,-1723.0,1263.0,0
54.0,-197.0,69.0,3328.0,-1505.0,1326.0,0
82.0,-179.0,68.0,2356.0,-1332.0,1396.0,0
107.0,-178.0,74.0,1170.0,-1217.0,1454.0,0
122.0,-202.0,95.0,-21.0,-1173.0,1478.0,0
112.0,-265.0,109.0,-1038.0,-1196.0,1431.0,0
51.0,-334.0,136.0,-1792.0,-1215.0,1373.0,0
16.0,-395.0,159.0,-2228.0,-1258.0,1318.0,0
-10.0,-401.0,167.0,-2349.0,-1353.0,1253.0,0
-44.0,-386.0,136.0,-2241.0,-1476.0,1199.0,0
-21.0,-348.0,82.0,-1987.0,-1594.0,1154.0,0
-61.0,-313.0,19.0,-1723.0,-1640.0,1127.0,0
-64.0,-292.0,-20.0,-1520.0,-1576.0,1135.0,0
-77.0,-264.0,-61.0,-1328.0,-1484.0,1099.0,0
-105.0,-238.0,-96.0,-1172.0,-1432.0,1032.0,0
-116.0,-198.0,-106.0,-987.0,-1416.0,938.0,0
-143.0,-165.0,-122.0,-789.0,-1409.0,854.0,0
-153.0,-138.0,-131.0,-591.0,-1427.0,769.0,0
-167.0,-92.0,-139.0,-363.0,-1466.0,692.0,0
-144.0,-59.0,-132.0,-115.0,-1506.0,632.0,0
-96.0,3.0,-105.0,174.0,-1545.0,572.0,0
-38.0,60.0,-117.0,470.0,-1546.0,469.0,0
28.0,116.0,-136.0,716.0,-1443.0,287.0,0
102.0,147.0,-140.0,842.0,-1232.0,16.0,0
138.0,149.0,-163.0,806.0,-950.0,-316.0,0
152.0,124.0,-165.0,597.0,-629.0,-661.0,0
110.0,66.0,-164.0,276.0,-320.0,-930.0,0
85.0,5.0,-126.0,-95.0,-51.0,-1048.0,0
87.0,-53.0,-85.0,-334.0,120.0,-1054.0,0
75.0,-83.0,-48.0,-343.0,172.0,-1027.0,0
67.0,-95.0,-40.0,-149.0,164.0,-959.0,0
55.0,-97.0,-39.0,163.0,139.0,-846.0,0
39.0,-81.0,-51.0,499.0,117.0,-705.0,0
29.0,-57.0,-69.0,796.0,100.0,-561.0,0
20.0,-35.0,-89.0,995.0,93.0,-436.0,0
16.0,-15.0,-114.0,1066.0,92.0,-348.0,0
17.0,0.0,-135.0,1006.0,90.0,-290.0,0
18.0,4.0,-140.0,834.0,64.0,-252.0,0
27.0,1.0,-135.0,597.0,3.0,-231.0,0
37.0,-4.0,-118.0,362.0,-93.0,-226.0,0
37.0,-12.0,-97.0,182.0,-216.0,-229.0,0
33.0,-11.0,-96.0,95.0,-350.0,-225.0,0
15.0,-2.0,-151.0,63.0,-498.0,-218.0,0
-5.0,11.0,-225.0,11.0,-687.0,-216.0,0
-54.0,27.0,-264.0,-133.0,-875.0,-229.0,0
-103.0,38.0,-319.0,-364.0,-1088.0,-202.0,0
-165.0,43.0,-399.0,-732.0,-1124.0,-102.0,0
-195.0,8.0,-499.0,-1321.0,-907.0,139.0,0
-180.0,-154.0,-463.0,-2088.0,-539.0,448.0,0
-136.0,-350.0,-243.0,-2701.0,-158.0,829.0,0
-81.0,-520.0,44.0,-2868.0,130.0,1229.0,0
-75.0,-679.0,261.0,-2574.0,210.0,1495.0,0
-106.0,-777.0,366.0,-1941.0,-36.0,1576.0,0
-111.0,-815.0,301.0,-1047.0,-510.0,1609.0,0
-72.0,-778.0,89.0,-165.0,-998.0,1676.0,0
11.0,-764.0,-152.0,265.0,-1429.0,1747.0,0
119.0,-752.0,-328.0,-3.0,-1787.0,1692.0,0
183.0,-793.0,-402.0,-766.0,-1919.0,1284.0,0
160.0,-841.0,-373.0,-1709.0,-1588.0,592.0,0
68.0,-814.0,-229.0,-2349.0,-696.0,-190.0,0
-23.0,-762.0,-111.0,-2145.0,398.0,-880.0,0
-95.0,-701.0,-38.0,-1175.0,1209.0,-1352.0,0
-131.0,-627.0,1.0,170.0,1592.0,-1603.0,0
-138.0,-560.0,28.0,1525.0,1661.0,-1678.0,0
-117.0,-492.0,35.0,2559.0,1531.0,-1654.0,0
-81.0,-437.0,33.0,3063.0,1309.0,-1664.0,0
-59.0,-354.0,36.0,3035.0,1076.0,-1739.0,0
-63.0,-284.0,40.0,2567.0,906.0,-1825.0,0
-76.0,-209.0,54.0,1812.0,842.0,-1835.0,0
-83.0,-168.0,64.0,916.0,866.0,-1731.0,0
-80.0,-171.0,63.0,-7.0,929.0,-1532.0,0
-10.0,-245.0,71.0,-878.0,1029.0,-1266.0,0
41.0,-315.0,74.0,-1618.0,1157.0,-1076.0,0
79.0,-372.0,83.0,-2122.0,1336.0,-968.0,0
118.0,-409.0,77.0,-2344.0,1528.0,-912.0,0
149.0,-420.0,73.0,-2431.0,1676.0,-864.0,0
176.0,-422.0,56.0,-2362.0,1852.0,-810.0,0
186.0,-411.0,46.0,-2184.0,2007.0,-762.0,0
186.0,-391.0,43.0,-1912.0,2128.0,-697.0,0
184.0,-367.0,34.0,-1559.0,2209.0,-606.0,0
185.0,-343.0,16.0,-1177.0,2245.0,-493.0,0
183.0,-320.0,-1.0,-813.0,2262.0,-372.0,0
165.0,-296.0,-11.0,-462.0,2285.0,-243.0,0
146.0,-267.0,-26.0,-94.0,2319.0,-114.0,0
127.0,-224.0,-40.0,288.0,2342.0,9.0,0
124.0,-185.0,-58.0,681.0,2338.0,80.0,0
113.0,-110.0,-79.0,1096.0,2304.0,43.0,0
93.0,-25.0,-95.0,1546.0,2251.0,-124.0,0
44.0,74.0,-115.0,2003.0,2185.0,-363.0,0
-11.0,180.0,-135.0,2408.0,2095.0,-542.0,0
-73.0,262.0,-162.0,2705.0,1965.0,-532.0,0
-99.0,299.0,-203.0,2804.0,1796.0,-317.0,0
-111.0,296.0,-249.0,2585.0,1583.0,8.0,0
-101.0,279.0,-256.0,2024.0,1357.0,308.0,0
-111.0,215.0,-245.0,1214.0,1140.0,536.0,0
-88.0,127.0,-181.0,291.0,934.0,736.0,0
-70.0,34.0,-96.0,-502.0,709.0,850.0,0
-63.0,-34.0,-56.0,-961.0,491.0,869.0,0
-59.0,-89.0,-18.0,-1113.0,325.0,839.0,0
-51.0,-127.0,-7.0,-999.0,212.0,790.0,0
-42.0,-143.0,-1.0,-728.0,140.0,737.0,0
-29.0,-148.0,0.0,-381.0,113.0,677.0,0
-15.0,-137.0,-6.0,14.0,143.0,623.0,0
-7.0,-105.0,-14.0,443.0,228.0,585.0,0
-25.0,-78.0,-21.0,859.0,339.0,579.0,0
-33.0,-56.0,-16.0,1144.0,433.0,607.0,0
-41.0,-34.0,-8.0,1431.0,478.0,639.0,0
-50.0,-12.0,0.0,1627.0,489.0,666.0,0
-48.0,13.0,-46.0,1721.0,464.0,679.0,0
-45.0,44.0,-162.0,1657.0,445.0,685.0,0
-19.0,70.0,-223.0,1334.0,513.0,704.0,0
22.0,76.0,-355.0,765.0,692.0,704.0,0
98.0,71.0,-420.0,-95.0,1042.0,675.0,0
194.0,-9.0,-489.0,-1050.0,1536.0,636.0,0
273.0,-129.0,-421.0,-1965.0,1905.0,478.0,0
306.0,-314.0,-163.0,-2806.0,1647.0,54.0,0
223.0,-512.0,75.0,-3324.0,520.0,-706.0,0
123.0,-671.0,212.0,-3325.0,-881.0,-1505.0,0
75.0,-788.0,249.0,-2974.0,-1815.0,-2048.0,0
99.0,-876.0,216.0,-2437.0,-2128.0,-2308.0,0
75.0,-950.0,43.0,-1809.0,-1896.0,-2394.0,0
23.0,-993.0,-273.0,-1365.0,-1063.0,-2328.0,0
-80.0,-1006.0,-511.0,-1425.0,203.0,-2169.0,0
-243.0,-1024.0,-569.0,-1883.0,1288.0,-1886.0,0
-405.0,-1038.0,-415.0,-2260.0,1640.0,-1264.0,0
-320.0,-963.0,-195.0,-2069.0,1177.0,-259.0,0
-165.0,-854.0,-72.0,-1015.0,230.0,709.0,0
-82.0,-720.0,-21.0,657.0,-720.0,1155.0,0
-32.0,-586.0,13.0,2412.0,-1413.0,1187.0,0
-7.0,-456.0,29.0,3889.0,-1822.0,1049.0,0
16.0,-331.0,23.0,4857.0,-1968.0,915.0,0
36.0,-234.0,6.0,5175.0,-1876.0,887.0,0
54.0,-159.0,-1.0,4845.0,-1636.0,981.0,0
93.0,-113.0,-3.0,3958.0,-1360.0,1130.0,0
147.0,-79.0,36.0,2973.0,-1145.0,1269.0,0
194.0,-95.0,56.0,1627.0,-1049.0,1330.0,0
209.0,-140.0,70.0,323.0,-1049.0,1314.0,0
159.0,-237.0,75.0,-811.0,-1101.0,1285.0,0
105.0,-342.0,110.0,-1695.0,-1135.0,1294.0,0
61.0,-430.0,145.0,-2210.0,-1142.0,1297.0,0
13.0,-473.0,148.0,-2321.0,-1150.0,1279.0,0
-12.0,-485.0,117.0,-2145.0,-1167.0,1257.0,0
-35.0,-455.0,64.0,-1827.0,-1164.0,1237.0,0
-64.0,-382.0,-12.0,-1448.0,-1121.0,1219.0,0
-79.0,-324.0,-61.0,-1079.0,-1051.0,1212.0,0
-108.0,-264.0,-89.0,-796.0,-997.0,1200.0,0
-133.0,-215.0,-99.0,-621.0,-1003.0,1143.0,0
-159.0,-172.0,-102.0,-499.0,-1059.0,1041.0,0
-175.0,-142.0,-107.0,-407.0,-1108.0,928.0,0
-183.0,-122.0,-98.0,-305.0,-1186.0,781.0,0
-182.0,-109.0,-86.0,-211.0,-1290.0,611.0,0
-167.0,-101.0,-84.0,-67.0,-1416.0,444.0,0
-130.0,-87.0,-78.0,159.0,-1516.0,280.0,0
-84.0,-64.0,-83.0,456.0,-1553.0,127.0,0
-37.0,-30.0,-88.0,816.0,-1516.0,-32.0,0
16.0,7.0,-78.0,1193.0,-1430.0,-168.0,0
76.0,53.0,-94.0,1568.0,-1322.0,-278.0,0
106.0,81.0,-113.0,1869.0,-1206.0,-363.0,0
138.0,89.0,-139.0,2017.0,-1089.0,-445.0,0
142.0,97.0,-154.0,1954.0,-981.0,-544.0,0
129.0,77.0,-154.0,1700.0,-891.0,-636.0,0
80.0,34.0,-142.0,1310.0,-832.0,-704.0,0
40.0,-2.0,-109.0,872.0,-769.0,-680.0,0
21.0,-32.0,-84.0,522.0,-706.0,-573.0,0
8.0,-54.0,-83.0,355.0,-635.0,-460.0,0
3.0,-58.0,-83.0,301.0,-558.0,-376.0,0
4.0,-47.0,-90.0,379.0,-425.0,-317.0,0
7.0,-33.0,-102.0,540.0,-254.0,-261.0,0
11.0,-19.0,-121.0,731.0,-70.0,-227.0,0
16.0,-13.0,-134.0,897.0,81.0,-240.0,0
33.0,-8.0,-135.0,1002.0,163.0,-304.0,0
51.0,-10.0,-118.0,1024.0,166.0,-388.0,0
64.0,-15.0,-78.0,979.0,90.0,-450.0,0
73.0,-24.0,-30.0,907.0,-46.0,-492.0,0
78.0,-28.0,16.0,866.0,-197.0,-516.0,0
81.0,-30.0,54.0,905.0,-294.0,-520.0,0
70.0,-31.0,48.0,1003.0,-308.0,-501.0,0
60.0,-16.0,-52.0,1073.0,-283.0,-474.0,0
40.0,-18.0,-181.0,973.0,-332.0,-444.0,0
15.0,-39.0,-228.0,688.0,-476.0,-400.0,0
-37.0,-83.0,-206.0,338.0,-623.0,-301.0,0
-53.0,-111.0,-243.0,-2.0,-623.0,-76.0,0
-15.0,-161.0,-341.0,-607.0,-407.0,308.0,0
40.0,-297.0,-251.0,-1596.0,0.0,803.0,0
80.0,-476.0,1.0,-2415.0,533.0,1315.0,0
64.0,-635.0,181.0,-2710.0,955.0,1640.0,0
5.0,-747.0,272.0,-2610.0,1182.0,1761.0,0
-97.0,-804.0,223.0,-2307.0,1121.0,1807.0,0
-182.0,-799.0,65.0,-1959.0,762.0,1872.0,0
-236.0,-835.0,-135.0,-1723.0,144.0,1896.0,0
-210.0,-890.0,-274.0,-1760.0,-518.0,1802.0,0
-109.0,-933.0,-329.0,-1814.0,-870.0,1460.0,0
-38.0,-932.0,-280.0,-1582.0,-694.0,714.0,0
-47.0,-843.0,-155.0,-1078.0,-26.0,-205.0,0
-62.0,-743.0,-35.0,28.0,802.0,-887.0,0
-76.0,-647.0,29.0,1407.0,1322.0,-1284.0,0
-92.0,-556.0,63.0,2728.0,1709.0,-1477.0,0
-82.0,-461.0,78.0,3746.0,1842.0,-1619.0,0
-43.0,-365.0,84.0,4263.0,1755.0,-1671.0,0
-21.0,-282.0,93.0,4182.0,1480.0,-1658.0,0
1.0,-215.0,87.0,3537.0,1104.0,-1617.0,0
19.0,-149.0,93.0,2482.0,810.0,-1592.0,0
39.0,-103.0,97.0,1232.0,762.0,-1561.0,0
44.0,-90.0,103.0,10.0,952.0,-1493.0,0
55.0,-126.0,99.0,-1026.0,1269.0,-1375.0,0
87.0,-196.0,88.0,-1847.0,1578.0,-1223.0,0
117.0,-264.0,74.0,-2457.0,1790.0,-1090.0,0
129.0,-309.0,56.0,-2817.0,1917.0,-994.0,0
138.0,-338.0,52.0,-2941.0,1979.0,-919.0,0
143.0,-351.0,50.0,-2844.0,1984.0,-842.0,0
147.0,-342.0,38.0,-2570.0,1953.0,-768.0,0
146.0,-316.0,13.0,-2176.0,1919.0,-722.0,0
135.0,-285.0,-17.0,-1735.0,1915.0,-705.0,0
123.0,-255.0,-43.0,-1312.0,1934.0,-695.0,0
104.0,-231.0,-68.0,-944.0,1956.0,-660.0,0
66.0,-208.0,-84.0,-630.0,1980.0,-578.0,0
38.0,-182.0,-90.0,-361.0,1989.0,-455.0,0
20.0,-160.0,-94.0,-96.0,1979.0,-326.0,0
-4.0,-121.0,-85.0,192.0,1959.0,-234.0,0
-26.0,-83.0,-80.0,506.0,1938.0,-215.0,0
-62.0,-33.0,-66.0,825.0,1901.0,-263.0,0
-89.0,13.0,-68.0,1113.0,1810.0,-331.0,0
-122.0,60.0,-69.0,1320.0,1655.0,-381.0,0
-155.0,83.0,-82.0,1407.0,1423.0,-366.0,0
-162.0,95.0,-103.0,1337.0,1102.0,-300.0,0
-154.0,91.0,-118.0,1108.0,864.0,-123.0,0
-129.0,57.0,-122.0,759.0,637.0,132.0,0
-71.0,-26.0,-95.0,330.0,455.0,334.0,0
-36.0,-89.0,-52.0,-118.0,277.0,481.0,0
-23.0,-133.0,-2.0,-381.0,116.0,540.0,0
-17.0,-162.0,31.0,-333.0,-16.0,571.0,0
-6.0,-166.0,40.0,-30.0,-141.0,573.0,0
1.0,-152.0,28.0,413.0,-263.0,545.0,0
10.0,-109.0,10.0,887.0,-356.0,515.0,0
21.0,-60.0,-16.0,1297.0,-401.0,506.0,0
24.0,-16.0,-28.0,1598.0,-406.0,535.0,0
21.0,28.0,-44.0,1779.0,-388.0,594.0,0
7.0,54.0,-47.0,1832.0,-347.0,668.0,0
0.0,69.0,-64.0,1762.0,-292.0,736.0,0
-3.0,72.0,-107.0,1581.0,-228.0,779.0,0
1.0,67.0,-208.0,1299.0,-141.0,804.0,0
33.0,65.0,-225.0,890.0,3.0,798.0,0
68.0,46.0,-300.0,379.0,200.0,763.0,0
141.0,15.0,-269.0,-218.0,494.0,717.0,0
213.0,-39.0,-303.0,-801.0,858.0,606.0,0
264.0,-101.0,-345.0,-1464.0,1201.0,387.0,0
305.0,-233.0,-236.0,-2322.0,1140.0,17.0,0
251.0,-420.0,-41.0,-3098.0,356.0,-568.0,0
127.0,-603.0,123.0,-3472.0,-746.0,-1241.0,0
48.0,-743.0,224.0,-3381.0,-1395.0,-1730.0,0
40.0,-897.0,291.0,-2894.0,-1451.0,-1979.0,0
16.0,-1070.0,273.0,-2075.0,-1175.0,-2199.0,0
-52.0,-1150.0,56.0,-1062.0,-670.0,-2447.0,0
-191.0,-1152.0,-285.0,-293.0,30.0,-2642.0,0
-397.0,-1095.0,-533.0,-198.0,631.0,-2607.0,0
-518.0,-1032.0,-501.0,-564.0,780.0,-2087.0,0
-423.0,-923.0,-316.0,-1063.0,484.0,-925.0,0
-206.0,-806.0,-182.0,-965.0,-300.0,322.0,0
-59.0,-685.0,-99.0,-92.0,-1180.0,879.0,0
25.0,-555.0,-41.0,1182.0,-1806.0,1116.0,0
64.0,-421.0,8.0,2497.0,-2133.0,1104.0,0
69.0,-300.0,44.0,3566.0,-2197.0,1017.0,0
63.0,-192.0,58.0,4194.0,-2077.0,997.0,0
85.0,-108.0,49.0,4278.0,-1875.0,1094.0,0
129.0,-43.0,32.0,3837.0,-1637.0,1236.0,0
176.0,15.0,36.0,2977.0,-1404.0,1320.0,0
209.0,47.0,32.0,1913.0,-1225.0,1315.0,0
234.0,46.0,24.0,812.0,-1137.0,1290.0,0
249.0,14.0,38.0,-214.0,-1117.0,1292.0,0
258.0,-82.0,62.0,-1052.0,-1154.0,1329.0,0
196.0,-228.0,83.0,-1701.0,-1235.0,1311.0,0
128.0,-327.0,122.0,-2182.0,-1292.0,1254.0,0
72.0,-415.0,137.0,-2422.0,-1333.0,1261.0,0
32.0,-452.0,130.0,-2461.0,-1366.0,1352.0,0
-3.0,-451.0,96.0,-2346.0,-1407.0,1460.0,0
2.0,-426.0,47.0,-2167.0,-1405.0,1551.0,0
-23.0,-389.0,12.0,-1951.0,-1331.0,1597.0,0
-68.0,-353.0,-24.0,-1689.0,-1236.0,1580.0,0
-104.0,-315.0,-49.0,-1372.0,-1140.0,1542.0,0
-144.0,-288.0,-64.0,-1021.0,-1049.0,1466.0,0
-183.0,-263.0,-76.0,-682.0,-957.0,1339.0,0
-216.0,-248.0,-86.0,-408.0,-894.0,1153.0,0
-253.0,-230.0,-94.0,-205.0,-887.0,941.0,0
-237.0,-172.0,-93.0,-41.0,-942.0,749.0,0
-191.0,-101.0,-76.0,143.0,-1068.0,598.0,0
-141.0,-13.0,-90.0,438.0,-1196.0,472.0,0
-67.0,66.0,-124.0,734.0,-1227.0,337.0,0
0.0,123.0,-173.0,1076.0,-1110.0,158.0,0
47.0,161.0,-216.0,1251.0,-917.0,-52.0,0
79.0,173.0,-228.0,1198.0,-598.0,-218.0,0
100.0,162.0,-229.0,954.0,-276.0,-424.0,0
83.0,97.0,-206.0,574.0,-27.0,-623.0,0
53.0,41.0,-152.0,114.0,118.0,-776.0,0
45.0,-6.0,-91.0,-270.0,161.0,-803.0,0
40.0,-41.0,-38.0,-448.0,94.0,-753.0,0
31.0,-55.0,-20.0,-405.0,-38.0,-680.0,0
27.0,-68.0,-16.0,-200.0,-175.0,-603.0,0
16.0,-62.0,-27.0,81.0,-260.0,-522.0,0
2.0,-59.0,-48.0,374.0,-284.0,-449.0,0
-2.0,-51.0,-65.0,629.0,-280.0,-393.0,0
-4.0,-36.0,-83.0,807.0,-276.0,-374.0,0
1.0,-29.0,-96.0,897.0,-310.0,-418.0,0
2.0,-14.0,-101.0,887.0,-396.0,-501.0,0
10.0,-1.0,-94.0,784.0,-512.0,-582.0,0
22.0,-1.0,-77.0,608.0,-622.0,-625.0,0
34.0,-2.0,-63.0,414.0,-693.0,-649.0,0
51.0,-11.0,-45.0,279.0,-706.0,-656.0,0
55.0,-15.0,-31.0,227.0,-657.0,-645.0,0
60.0,-10.0,-69.0,226.0,-588.0,-625.0,0
47.0,7.0,-141.0,137.0,-587.0,-612.0,0
7.0,1.0,-261.0,-122.0,-716.0,-605.0,0
-62.0,-7.0,-284.0,-503.0,-926.0,-580.0,0
-117.0,-25.0,-344.0,-937.0,-1013.0,-409.0,0
-105.0,-88.0,-460.0,-1506.0,-765.0,7.0,0
-44.0,-257.0,-401.0,-2206.0,-75.0,626.0,0
23.0,-455.0,-167.0,-2570.0,859.0,1233.0,0
32.0,-649.0,57.0,-2386.0,1546.0,1614.0,0
-7.0,-780.0,227.0,-1950.0,1669.0,1756.0,0
-57.0,-842.0,272.0,-1502.0,1209.0,1755.0,0
-74.0,-882.0,178.0,-855.0,668.0,1822.0,0
-38.0,-861.0,3.0,-310.0,-24.0,1945.0,0
42.0,-870.0,-183.0,-135.0,-711.0,1975.0,0
137.0,-874.0,-309.0,-445.0,-1249.0,1732.0,0
206.0,-963.0,-363.0,-1013.0,-1334.0,1201.0,0
150.0,-972.0,-296.0,-1563.0,-720.0,376.0,0
27.0,-884.0,-172.0,-1564.0,493.0,-493.0,0
-62.0,-777.0,-93.0,-767.0,1721.0,-1062.0,0
-128.0,-673.0,-37.0,523.0,2475.0,-1303.0,0
-150.0,-553.0,13.0,1901.0,2695.0,-1339.0,0
-135.0,-463.0,38.0,3026.0,2535.0,-1304.0,0
-116.0,-393.0,52.0,3663.0,2164.0,-1324.0,0
-116.0,-300.0,72.0,3731.0,1693.0,-1432.0,0
-128.0,-199.0,77.0,3302.0,1272.0,-1575.0,0
-150.0,-110.0,78.0,2506.0,997.0,-1692.0,0
-179.0,-42.0,74.0,1511.0,889.0,-1717.0,0
-196.0,-25.0,80.0,484.0,939.0,-1603.0,0
-195.0,-50.0,75.0,-432.0,1054.0,-1432.0,0
-124.0,-149.0,68.0,-1184.0,1219.0,-1249.0,0
-57.0,-242.0,76.0,-1791.0,1385.0,-1152.0,0
-10.0,-308.0,83.0,-2206.0,1539.0,-1149.0,0
27.0,-353.0,86.0,-2407.0,1689.0,-1170.0,0
60.0,-378.0,88.0,-2414.0,1823.0,-1184.0,0
75.0,-377.0,103.0,-2263.0,1935.0,-1175.0,0
92.0,-361.0,97.0,-1983.0,2003.0,-1140.0,0
104.0,-328.0,74.0,-1644.0,2003.0,-1089.0,0
120.0,-302.0,46.0,-1317.0,1943.0,-1009.0,0
127.0,-266.0,20.0,-1024.0,1843.0,-916.0,0
130.0,-229.0,-26.0,-772.0,1735.0,-800.0,0
119.0,-191.0,-65.0,-587.0,1653.0,-642.0,0
115.0,-164.0,-91.0,-366.0,1631.0,-443.0,0
125.0,-137.0,-115.0,-132.0,1659.0,-277.0,0
133.0,-106.0,-124.0,139.0,1724.0,-115.0,0
140.0,-64.0,-134.0,452.0,1810.0,-48.0,0
120.0,-10.0,-132.0,813.0,1891.0,-96.0,0
69.0,48.0,-132.0,1228.0,1933.0,-202.0,0
14.0,109.0,-140.0,1628.0,1892.0,-254.0,0
-44.0,147.0,-152.0,1941.0,1762.0,-176.0,0
-87.0,161.0,-166.0,2083.0,1577.0,41.0,0
-108.0,142.0,-163.0,1999.0,1356.0,336.0,0
-111.0,91.0,-144.0,1697.0,1103.0,608.0,0
-71.0,16.0,-97.0,1234.0,818.0,782.0,0
-45.0,-47.0,-49.0,727.0,484.0,821.0,0
-24.0,-94.0,-10.0,352.0,175.0,763.0,0
-8.0,-122.0,0.0,188.0,-27.0,681.0,0
2.0,-134.0,-3.0,221.0,-92.0,617.0,0
7.0,-129.0,-9.0,394.0,-47.0,566.0,0
14.0,-101.0,-32.0,638.0,65.0,528.0,0
13.0,-74.0,-35.0,902.0,196.0,515.0,0
8.0,-37.0,-54.0,1150.0,319.0,535.0,0
-2.0,-8.0,-53.0,1334.0,425.0,570.0,0
-10.0,8.0,-40.0,1435.0,508.0,609.0,0
-18.0,22.0,-13.0,1472.0,558.0,622.0,0
-30.0,27.0,-2.0,1458.0,566.0,602.0,0
-40.0,35.0,-31.0,1389.0,532.0,566.0,0
-25.0,52.0,-152.0,1211.0,506.0,532.0,0
15.0,51.0,-195.0,821.0,530.0,485.0,0
53.0,34.0,-296.0,338.0,603.0,412.0,0
134.0,-5.0,-278.0,-140.0,732.0,328.0,0
190.0,-58.0,-347.0,-576.0,861.0,191.0,0
227.0,-149.0,-347.0,-1094.0,874.0,-49.0,0
225.0,-314.0,-173.0,-2018.0,608.0,-515.0,0
132.0,-500.0,11.0,-2778.0,-104.0,-1199.0,0
61.0,-633.0,144.0,-2992.0,-796.0,-1703.0,0
47.0,-740.0,247.0,-2808.0,-1136.0,-2106.0,0
83.0,-866.0,234.0,-2389.0,-1229.0,-2319.0,0
68.0,-936.0,48.0,-1818.0,-1091.0,-2479.0,0
-7.0,-943.0,-205.0,-1304.0,-537.0,-2563.0,0
-136.0,-934.0,-364.0,-1244.0,389.0,-2433.0,0
-315.0,-919.0,-369.0,-1585.0,1163.0,-2000.0,0
-459.0,-903.0,-310.0,-1835.0,1219.0,-1263.0,0
-416.0,-852.0,-186.0,-1626.0,583.0,-228.0,0
-263.0,-770.0,-95.0,-832.0,-376.0,727.0,0
-158.0,-672.0,-34.0,453.0,-1260.0,1198.0,0
-79.0,-558.0,16.0,1879.0,-1830.0,1316.0,0
-18.0,-446.0,56.0,3177.0,-2085.0,1260.0,0
2.0,-341.0,67.0,4158.0,-2123.0,1157.0,0
13.0,-250.0,48.0,4666.0,-2030.0,1083.0,0
32.0,-176.0,33.0,4578.0,-1850.0,1071.0,0
64.0,-118.0,32.0,3913.0,-1637.0,1098.0,0
100.0,-83.0,46.0,2842.0,-1473.0,1104.0,0
134.0,-79.0,51.0,1581.0,-1427.0,1043.0,0
142.0,-98.0,60.0,301.0,-1468.0,935.0,0
123.0,-173.0,59.0,-866.0,-1537.0,861.0,0
76.0,-328.0,100.0,-1861.0,-1560.0,875.0,0
40.0,-429.0,134.0,-2543.0,-1552.0,902.0,0
9.0,-500.0,142.0,-2812.0,-1553.0,911.0,0
-15.0,-534.0,114.0,-2734.0,-1557.0,928.0,0
-32.0,-538.0,78.0,-2466.0,-1521.0,979.0,0
-52.0,-504.0,19.0,-2086.0,-1436.0,1038.0,0
-67.0,-462.0,-22.0,-1667.0,-1317.0,1104.0,0
-95.0,-416.0,-63.0,-1327.0,-1216.0,1154.0,0
-115.0,-379.0,-69.0,-931.0,-1145.0,1159.0,0
-130.0,-332.0,-79.0,-576.0,-1114.0,1128.0,0
-134.0,-280.0,-91.0,-277.0,-1108.0,1070.0,0
-123.0,-242.0,-85.0,-27.0,-1098.0,989.0,0
-116.0,-208.0,-95.0,250.0,-1121.0,853.0,0
-96.0,-186.0,-116.0,522.0,-1165.0,671.0,0
-83.0,-142.0,-123.0,752.0,-1188.0,461.0,0
-43.0,-97.0,-126.0,942.0,-1204.0,310.0,0
-1.0,-38.0,-114.0,1105.0,-1233.0,224.0,0
72.0,37.0,-88.0,1281.0,-1274.0,198.0,0
143.0,118.0,-66.0,1508.0,-1302.0,214.0,0
222.0,184.0,-51.0,1775.0,-1287.0,223.0,0
253.0,204.0,-74.0,2007.0,-1208.0,146.0,0
247.0,208.0,-92.0,2053.0,-1065.0,-26.0,0
194.0,207.0,-102.0,1849.0,-878.0,-226.0,0
128.0,157.0,-114.0,1422.0,-652.0,-353.0,0
76.0,97.0,-96.0,801.0,-406.0,-378.0,0
39.0,40.0,-57.0,154.0,-196.0,-329.0,0
10.0,-12.0,-33.0,-333.0,-62.0,-271.0,0
2.0,-42.0,-20.0,-593.0,11.0,-248.0,0
-16.0,-57.0,-13.0,-634.0,69.0,-253.0,0
-16.0,-63.0,-20.0,-507.0,135.0,-261.0,0
-21.0,-60.0,-37.0,-291.0,209.0,-264.0,0
-26.0,-58.0,-52.0,-59.0,252.0,-281.0,0
-30.0,-57.0,-66.0,145.0,230.0,-310.0,0
-35.0,-53.0,-71.0,305.0,126.0,-354.0,0
-27.0,-59.0,-60.0,437.0,-40.0,-405.0,0
-14.0,-60.0,-47.0,560.0,-225.0,-464.0,0
1.0,-67.0,-34.0,683.0,-387.0,-529.0,0
18.0,-66.0,-34.0,805.0,-493.0,-588.0,0
19.0,-58.0,-111.0,880.0,-551.0,-655.0,0
4.0,-53.0,-185.0,868.0,-626.0,-728.0,0
-34.0,-66.0,-216.0,711.0,-782.0,-788.0,0
-87.0,-79.0,-223.0,491.0,-950.0,-782.0,0
-142.0,-82.0,-286.0,169.0,-1011.0,-658.0,0
-183.0,-119.0,-366.0,-449.0,-906.0,-418.0,0
-189.0,-216.0,-339.0,-1345.0,-587.0,-81.0,0
-160.0,-389.0,-198.0,-2252.0,9.0,386.0,0
-101.0,-560.0,-12.0,-2951.0,658.0,894.0,0
-71.0,-709.0,185.0,-3330.0,1074.0,1276.0,0
-51.0,-830.0,294.0,-3258.0,1137.0,1553.0,0
-38.0,-926.0,279.0,-2737.0,763.0,1729.0,0
12.0,-935.0,146.0,-1984.0,105.0,1802.0,0
80.0,-916.0,-68.0,-1323.0,-645.0,1718.0,0
175.0,-921.0,-259.0,-1027.0,-1283.0,1456.0,0
235.0,-895.0,-350.0,-1044.0,-1445.0,977.0,0
198.0,-820.0,-309.0,-1025.0,-983.0,272.0,0
103.0,-713.0,-225.0,-627.0,-166.0,-378.0,0
17.0,-602.0,-129.0,182.0,707.0,-771.0,0
-32.0,-524.0,-78.0,1206.0,1414.0,-976.0,0
-72.0,-447.0,-22.0,2213.0,1837.0,-1060.0,0
-92.0,-374.0,12.0,2993.0,1944.0,-1089.0,0
-88.0,-309.0,25.0,3355.0,1782.0,-1114.0,0
-75.0,-265.0,42.0,3199.0,1445.0,-1160.0,0
-80.0,-219.0,51.0,2575.0,1065.0,-1235.0,0
-94.0,-178.0,55.0,1644.0,759.0,-1306.0,0
-117.0,-155.0,66.0,607.0,572.0,-1345.0,0
-150.0,-151.0,69.0,-378.0,481.0,-1331.0,0
-180.0,-182.0,67.0,-1182.0,457.0,-1256.0,0
-190.0,-239.0,59.0,-1768.0,495.0,-1111.0,0
-116.0,-316.0,53.0,-2090.0,588.0,-924.0,0
-63.0,-370.0,54.0,-2325.0,699.0,-825.0,0
-21.0,-404.0,61.0,-2367.0,802.0,-794.0,0
1.0,-419.0,60.0,-2255.0,935.0,-788.0,0
21.0,-407.0,55.0,-2051.0,1034.0,-827.0,0
34.0,-381.0,55.0,-1791.0,1087.0,-904.0,0
37.0,-343.0,54.0,-1485.0,1114.0,-991.0,0
56.0,-309.0,54.0,-1151.0,1135.0,-1049.0,0
75.0,-276.0,47.0,-849.0,1139.0,-1087.0,0
98.0,-251.0,39.0,-630.0,1141.0,-1102.0,0
114.0,-226.0,34.0,-490.0,1153.0,-1075.0,0
130.0,-199.0,16.0,-402.0,1190.0,-980.0,0
150.0,-183.0,-5.0,-341.0,1239.0,-829.0,0
168.0,-164.0,-23.0,-287.0,1307.0,-661.0,0
174.0,-142.0,-44.0,-219.0,1389.0,-532.0,0
182.0,-114.0,-52.0,-105.0,1483.0,-478.0,0
167.0,-64.0,-50.0,60.0,1584.0,-534.0,0
123.0,3.0,-33.0,332.0,1685.0,-667.0,0
52.0,73.0,-16.0,716.0,1738.0,-786.0,0
-27.0,137.0,-32.0,1149.0,1683.0,-770.0,0
-74.0,171.0,-52.0,1494.0,1484.0,-562.0,0
-105.0,176.0,-87.0,1637.0,1188.0,-257.0,0
-115.0,167.0,-113.0,1517.0,861.0,16.0,0
-110.0,143.0,-123.0,1181.0,566.0,213.0,0
-65.0,89.0,-130.0,745.0,356.0,352.0,0
-21.0,33.0,-116.0,284.0,204.0,404.0,0
-4.0,-11.0,-95.0,-56.0,129.0,407.0,0
2.0,-36.0,-81.0,-201.0,122.0,401.0,0
2.0,-51.0,-69.0,-186.0,138.0,379.0,0
2.0,-58.0,-66.0,-54.0,146.0,344.0,0
1.0,-57.0,-77.0,94.0,153.0,314.0,0
1.0,-53.0,-86.0,283.0,166.0,304.0,0
1.0,-45.0,-101.0,434.0,195.0,318.0,0
6.0,-36.0,-103.0,526.0,243.0,370.0,0
10.0,-31.0,-86.0,574.0,304.0,448.0,0
1.0,-32.0,-50.0,622.0,382.0,528.0,0
-1.0,-43.0,-8.0,692.0,462.0,605.0,0
-11.0,-44.0,8.0,790.0,519.0,672.0,0
-13.0,-33.0,-71.0,882.0,557.0,725.0,0
13.0,-19.0,-62.0,897.0,615.0,768.0,0
44.0,4.0,-271.0,768.0,747.0,791.0,0
109.0,14.0,-404.0,306.0,1064.0,795.0,0
206.0,3.0,-597.0,-458.0,1547.0,744.0,0
309.0,-101.0,-668.0,-1485.0,2115.0,566.0,0
379.0,-315.0,-443.0,-2603.0,2138.0,91.0,0
256.0,-614.0,-85.0,-3456.0,1112.0,-793.0,0
75.0,-777.0,162.0,-3767.0,-348.0,-1759.0,0
-46.0,-886.0,312.0,-3534.0,-1350.0,-2357.0,0
-100.0,-982.0,368.0,-2758.0,-1724.0,-2552.0,0
-167.0,-1081.0,260.0,-1510.0,-1587.0,-2542.0,0
-245.0,-1092.0,-34.0,-195.0,-947.0,-2426.0,0
-341.0,-1022.0,-334.0,515.0,22.0,-2327.0,0
-505.0,-937.0,-469.0,251.0,780.0,-2232.0,0
-598.0,-839.0,-455.0,-553.0,953.0,-1764.0,0
-456.0,-737.0,-283.0,-1165.0,479.0,-778.0,0
-211.0,-664.0,-166.0,-983.0,-464.0,139.0,0
-18.0,-580.0,-86.0,-123.0,-1439.0,515.0,0
100.0,-491.0,-29.0,1061.0,-2121.0,495.0,0
153.0,-400.0,8.0,2235.0,-2456.0,354.0,0
157.0,-313.0,28.0,3126.0,-2538.0,311.0,0
142.0,-240.0,40.0,3529.0,-2468.0,436.0,0
144.0,-193.0,36.0,3606.0,-2363.0,679.0,0
161.0,-164.0,16.0,3241.0,-2218.0,936.0,0
190.0,-152.0,8.0,2519.0,-2081.0,1104.0,0
207.0,-159.0,17.0,1619.0,-1988.0,1217.0,0
218.0,-182.0,42.0,726.0,-1951.0,1242.0,0
202.0,-243.0,49.0,-26.0,-1927.0,1225.0,0
156.0,-329.0,81.0,-620.0,-1858.0,1146.0,0
95.0,-401.0,113.0,-1058.0,-1723.0,1040.0,0
60.0,-446.0,125.0,-1303.0,-1602.0,1011.0,0
19.0,-478.0,125.0,-1387.0,-1524.0,1058.0,0
-14.0,-455.0,105.0,-1328.0,-1510.0,1108.0,0
-49.0,-418.0,75.0,-1185.0,-1480.0,1179.0,0
-75.0,-380.0,39.0,-964.0,-1453.0,1228.0,0
-111.0,-335.0,10.0,-729.0,-1466.0,1226.0,0
-124.0,-303.0,-12.0,-555.0,-1491.0,1183.0,0
-138.0,-293.0,-26.0,-454.0,-1443.0,1134.0,0
-143.0,-279.0,-33.0,-377.0,-1371.0,1004.0,0
-161.0,-257.0,-26.0,-300.0,-1274.0,796.0,0
-173.0,-234.0,-24.0,-173.0,-1158.0,583.0,0
-171.0,-197.0,-25.0,11.0,-1043.0,423.0,0
-148.0,-147.0,-34.0,269.0,-923.0,313.0,0
-110.0,-46.0,-60.0,562.0,-814.0,286.0,0
-51.0,55.0,-71.0,855.0,-728.0,376.0,0
4.0,145.0,-93.0,1132.0,-672.0,486.0,0
62.0,220.0,-132.0,1328.0,-612.0,531.0,0
103.0,261.0,-150.0,1383.0,-539.0,436.0,0
123.0,267.0,-185.0,1255.0,-465.0,212.0,0
106.0,250.0,-208.0,917.0,-391.0,-35.0,0
87.0,194.0,-202.0,441.0,-340.0,-229.0,0
60.0,110.0,-176.0,23.0,-335.0,-382.0,0
51.0,30.0,-121.0,-444.0,-355.0,-465.0,0
49.0,-35.0,-73.0,-695.0,-444.0,-534.0,0
58.0,-80.0,-40.0,-689.0,-577.0,-591.0,0
63.0,-104.0,-27.0,-481.0,-687.0,-659.0,0
65.0,-116.0,-24.0,-153.0,-708.0,-704.0,0
65.0,-115.0,-33.0,224.0,-620.0,-721.0,0
46.0,-105.0,-44.0,581.0,-447.0,-727.0,0
26.0,-91.0,-59.0,878.0,-246.0,-733.0,0
15.0,-77.0,-73.0,1080.0,-83.0,-753.0,0
9.0,-60.0,-76.0,1205.0,23.0,-780.0,0
4.0,-49.0,-57.0,1287.0,68.0,-798.0,0
5.0,-39.0,-38.0,1354.0,61.0,-813.0,0
4.0,-29.0,-17.0,1419.0,1.0,-828.0,0
1.0,-17.0,-5.0,1475.0,-94.0,-830.0,0
0.0,-3.0,-13.0,1519.0,-205.0,-812.0,0
-14.0,11.0,-53.0,1522.0,-325.0,-778.0,0
-31.0,28.0,-116.0,1374.0,-492.0,-747.0,0
-58.0,27.0,-209.0,1021.0,-714.0,-736.0,0
-112.0,14.0,-250.0,490.0,-958.0,-702.0,0
-193.0,-2.0,-326.0,-195.0,-1193.0,-578.0,0
-213.0,-46.0,-495.0,-1106.0,-1308.0,-287.0,0
-186.0,-175.0,-566.0,-2290.0,-1059.0,234.0,0
-77.0,-397.0,-399.0,-3417.0,-278.0,1006.0,0
24.0,-619.0,-88.0,-4063.0,693.0,1748.0,0
65.0,-824.0,200.0,-4074.0,1322.0,2170.0,0
50.0,-977.0,356.0,-3554.0,1279.0,2218.0,0
0.0,-1016.0,333.0,-2571.0,568.0,2030.0,0
4.0,-1002.0,122.0,-1344.0,-421.0,1887.0,0
62.0,-964.0,-152.0,-595.0,-1342.0,1906.0,0
210.0,-984.0,-363.0,-305.0,-1869.0,1883.0,0
317.0,-1023.0,-391.0,-479.0,-2115.0,1373.0,0
227.0,-955.0,-298.0,-598.0,-1702.0,590.0,0
77.0,-835.0,-192.0,-204.0,-574.0,-424.0,0
-43.0,-712.0,-95.0,774.0,746.0,-1013.0,0
-122.0,-601.0,-24.0,2050.0,1694.0,-1192.0,0
-157.0,-503.0,26.0,3260.0,2077.0,-1169.0,0
-160.0,-411.0,47.0,4075.0,1967.0,-1134.0,0
-156.0,-328.0,51.0,4308.0,1540.0,-1193.0,0
-157.0,-237.0,53.0,3939.0,946.0,-1334.0,0
-188.0,-136.0,66.0,3132.0,350.0,-1468.0,0
-236.0,-44.0,69.0,2180.0,-68.0,-1511.0,0
-288.0,4.0,64.0,1270.0,-254.0,-1449.0,0
-322.0,5.0,51.0,476.0,-278.0,-1314.0,0
-346.0,-38.0,44.0,-203.0,-232.0,-1142.0,0
-264.0,-137.0,46.0,-796.0,-170.0,-974.0,0
-187.0,-221.0,64.0,-1314.0,-170.0,-953.0,0
-119.0,-288.0,95.0,-1652.0,-171.0,-1023.0,0
-53.0,-356.0,112.0,-1764.0,-121.0,-1107.0,0
-16.0,-380.0,112.0,-1721.0,-47.0,-1198.0,0
24.0,-388.0,104.0,-1586.0,12.0,-1280.0,0
58.0,-376.0,83.0,-1400.0,49.0,-1346.0,0
65.0,-352.0,68.0,-1192.0,76.0,-1407.0,0
69.0,-328.0,48.0,-975.0,89.0,-1436.0,0
81.0,-314.0,24.0,-784.0,68.0,-1402.0,0
95.0,-301.0,6.0,-635.0,19.0,-1319.0,0
105.0,-278.0,-10.0,-505.0,-4.0,-1183.0,0
100.0,-254.0,-20.0,-328.0,33.0,-976.0,0
90.0,-233.0,-39.0,-57.0,125.0,-716.0,0
85.0,-208.0,-65.0,291.0,249.0,-430.0,0
82.0,-186.0,-92.0,602.0,379.0,-173.0,0
84.0,-148.0,-99.0,1017.0,467.0,-33.0,0
83.0,-112.0,-106.0,1477.0,571.0,-35.0,0
66.0,-51.0,-113.0,1946.0,657.0,-163.0,0
34.0,30.0,-122.0,2374.0,699.0,-352.0,0
-5.0,116.0,-117.0,2730.0,679.0,-481.0,0
-19.0,164.0,-152.0,2976.0,589.0,-485.0,0
-17.0,201.0,-191.0,2945.0,409.0,-368.0,0
-17.0,226.0,-186.0,2609.0,157.0,-207.0,0
-28.0,227.0,-165.0,2122.0,-101.0,-47.0,0
-40.0,191.0,-159.0,1579.0,-289.0,110.0,0
-15.0,120.0,-147.0,988.0,-401.0,287.0,0
16.0,47.0,-109.0,350.0,-516.0,422.0,0
18.0,-15.0,-65.0,-154.0,-647.0,438.0,0
15.0,-63.0,-38.0,-381.0,-738.0,408.0,0
5.0,-98.0,-18.0,-336.0,-769.0,394.0,0
7.0,-111.0,-7.0,-95.0,-756.0,392.0,0
5.0,-111.0,-4.0,258.0,-722.0,389.0,0
6.0,-91.0,-4.0,647.0,-689.0,397.0,0
12.0,-69.0,-10.0,998.0,-664.0,423.0,0
14.0,-42.0,-14.0,1261.0,-649.0,455.0,0
13.0,-15.0,-20.0,1400.0,-649.0,474.0,0
2.0,8.0,-42.0,1417.0,-674.0,485.0,0
3.0,25.0,-64.0,1299.0,-736.0,491.0,0
-2.0,13.0,-85.0,1101.0,-874.0,476.0,0
4.0,-7.0,-217.0,868.0,-1068.0,437.0,0
6.0,1.0,-472.0,259.0,-1141.0,381.0,0
16.0,-57.0,-669.0,-1186.0,-954.0,279.0,0
-11.0,-268.0,-570.0,-3258.0,-633.0,38.0,0
-128.0,-615.0,-135.0,-4793.0,-454.0,-382.0,0
-253.0,-942.0,148.0,-5607.0,-208.0,-849.0,0
-335.0,-1236.0,340.0,-5310.0,-139.0,-1258.0,0
-428.0,-1387.0,350.0,-4202.0,-533.0,-1635.0,0
-353.0,-1333.0,41.0,-2507.0,-1299.0,-2145.0,0
-177.0,-1211.0,-264.0,-1048.0,-1864.0,-2541.0,0
-22.0,-991.0,-339.0,-320.0,-1822.0,-2642.0,0
55.0,-791.0,-291.0,114.0,-1475.0,-2355.0,0
73.0,-653.0,-230.0,672.0,-1218.0,-1688.0,0
106.0,-556.0,-168.0,1306.0,-1131.0,-925.0,0
109.0,-475.0,-93.0,1912.0,-1112.0,-261.0,0
101.0,-409.0,-22.0,2451.0,-1120.0,236.0,0
71.0,-345.0,32.0,2872.0,-1227.0,587.0,0
41.0,-276.0,69.0,3090.0,-1449.0,836.0,0
28.0,-214.0,85.0,3047.0,-1711.0,1001.0,0
57.0,-166.0,112.0,2763.0,-1908.0,1081.0,0
80.0,-146.0,125.0,2284.0,-2000.0,1116.0,0
94.0,-132.0,143.0,1638.0,-2004.0,1115.0,0
83.0,-133.0,156.0,914.0,-1974.0,1091.0,0
50.0,-151.0,151.0,212.0,-1944.0,1061.0,0
9.0,-179.0,140.0,-428.0,-1921.0,1024.0,0
-17.0,-221.0,127.0,-1002.0,-1892.0,987.0,0
-46.0,-280.0,113.0,-1516.0,-1853.0,924.0,0
-77.0,-349.0,107.0,-1940.0,-1798.0,810.0,0
-115.0,-404.0,108.0,-2204.0,-1759.0,671.0,0
-143.0,-453.0,108.0,-2247.0,-1751.0,545.0,0
-168.0,-490.0,108.0,-2059.0,-1749.0,432.0,0
-184.0,-505.0,95.0,-1699.0,-1710.0,322.0,0
-209.0,-497.0,78.0,-1241.0,-1609.0,211.0,0
-229.0,-464.0,67.0,-740.0,-1499.0,107.0,0
-252.0,-419.0,54.0,-355.0,-1444.0,23.0,0
-258.0,-370.0,37.0,72.0,-1439.0,-58.0,0
-246.0,-321.0,-3.0,427.0,-1467.0,-148.0,0
-229.0,-273.0,-49.0,684.0,-1521.0,-300.0,0
-194.0,-227.0,-93.0,823.0,-1535.0,-451.0,0
-175.0,-178.0,-100.0,874.0,-1483.0,-537.0,0
-155.0,-113.0,-99.0,919.0,-1422.0,-529.0,0
-142.0,-50.0,-106.0,986.0,-1405.0,-402.0,0
-104.0,24.0,-108.0,1049.0,-1451.0,-189.0,0
-22.0,100.0,-97.0,1088.0,-1533.0,64.0,0
48.0,166.0,-97.0,1118.0,-1618.0,249.0,0
90.0,213.0,-105.0,1142.0,-1628.0,334.0,0
172.0,221.0,-115.0,1068.0,-1516.0,372.0,0
190.0,223.0,-143.0,802.0,-1329.0,251.0,0
208.0,187.0,-126.0,231.0,-1044.0,129.0,0
205.0,123.0,-121.0,-441.0,-823.0,-104.0,0
126.0,54.0,-98.0,-1079.0,-677.0,-453.0,0
87.0,-20.0,-48.0,-1532.0,-570.0,-664.0,0
93.0,-82.0,-24.0,-1618.0,-531.0,-755.0,0
118.0,-111.0,-29.0,-1354.0,-508.0,-832.0,0
122.0,-111.0,-49.0,-869.0,-428.0,-942.0,0
123.0,-89.0,-67.0,-296.0,-270.0,-1036.0,0
116.0,-56.0,-85.0,254.0,-72.0,-1093.0,0
91.0,-15.0,-105.0,692.0,95.0,-1140.0,0
75.0,9.0,-116.0,964.0,173.0,-1180.0,0
57.0,23.0,-110.0,1085.0,155.0,-1212.0,0
50.0,33.0,-102.0,1090.0,61.0,-1234.0,0
38.0,33.0,-70.0,1026.0,-72.0,-1238.0,0
33.0,32.0,-47.0,922.0,-211.0,-1231.0,0
29.0,21.0,-21.0,805.0,-331.0,-1206.0,0
9.0,14.0,-27.0,704.0,-431.0,-1163.0,0
-20.0,9.0,-66.0,549.0,-577.0,-1107.0,0
-62.0,-4.0,-125.0,329.0,-763.0,-1026.0,0
-113.0,-38.0,-156.0,93.0,-1067.0,-939.0,0
-171.0,-56.0,-257.0,-155.0,-1345.0,-776.0,0
-214.0,-68.0,-441.0,-638.0,-1387.0,-502.0,0
-255.0,-140.0,-575.0,-1557.0,-1018.0,-89.0,0
-262.0,-289.0,-551.0,-2687.0,-266.0,484.0,0
-216.0,-497.0,-333.0,-3628.0,627.0,1206.0,0
-133.0,-731.0,-26.0,-4138.0,1160.0,1889.0,0
-67.0,-933.0,165.0,-4154.0,957.0,2298.0,0
-27.0,-1102.0,249.0,-3679.0,55.0,2343.0,0
4.0,-1155.0,158.0,-2713.0,-1103.0,2197.0,0
58.0,-1067.0,-84.0,-1592.0,-2099.0,2065.0,0
146.0,-1006.0,-283.0,-861.0,-2740.0,1920.0,0
236.0,-980.0,-361.0,-742.0,-2961.0,1514.0,0
262.0,-934.0,-314.0,-908.0,-2665.0,793.0,0
130.0,-829.0,-202.0,-761.0,-1858.0,-88.0,0
33.0,-758.0,-118.0,27.0,-762.0,-700.0,0
-71.0,-654.0,-54.0,1239.0,218.0,-1026.0,0
-153.0,-557.0,-11.0,2571.0,800.0,-1155.0,0
-204.0,-454.0,17.0,3691.0,934.0,-1153.0,0
-213.0,-367.0,27.0,4280.0,708.0,-1117.0,0
-200.0,-290.0,24.0,4149.0,264.0,-1116.0,0
-189.0,-221.0,32.0,3308.0,-245.0,-1158.0,0
-191.0,-165.0,38.0,2003.0,-679.0,-1207.0,0
-218.0,-129.0,52.0,622.0,-930.0,-1214.0,0
-254.0,-133.0,60.0,-529.0,-988.0,-1135.0,0
-271.0,-172.0,65.0,-1354.0,-925.0,-974.0,0
-243.0,-235.0,65.0,-1874.0,-831.0,-796.0,0
-150.0,-331.0,61.0,-2105.0,-745.0,-716.0,0
-98.0,-383.0,61.0,-2196.0,-716.0,-800.0,0
-53.0,-424.0,50.0,-2122.0,-738.0,-957.0,0
-4.0,-444.0,35.0,-1959.0,-813.0,-1081.0,0
35.0,-452.0,20.0,-1783.0,-890.0,-1205.0,0
69.0,-443.0,2.0,-1634.0,-910.0,-1278.0,0
104.0,-426.0,-4.0,-1512.0,-854.0,-1292.0,0
128.0,-405.0,-10.0,-1409.0,-727.0,-1255.0,0
148.0,-388.0,-8.0,-1305.0,-543.0,-1179.0,0
145.0,-371.0,-6.0,-1208.0,-332.0,-1070.0,0
152.0,-357.0,-2.0,-1110.0,-133.0,-951.0,0
153.0,-333.0,1.0,-995.0,32.0,-828.0,0
152.0,-303.0,-9.0,-853.0,186.0,-693.0,0
139.0,-263.0,-17.0,-691.0,351.0,-535.0,0
128.0,-228.0,-19.0,-524.0,529.0,-365.0,0
128.0,-198.0,-35.0,-329.0,718.0,-198.0,0
112.0,-168.0,-46.0,-91.0,915.0,-90.0,0
105.0,-126.0,-68.0,154.0,1027.0,-115.0,0
91.0,-73.0,-85.0,483.0,1113.0,-205.0,0
56.0,-19.0,-91.0,885.0,1138.0,-299.0,0
25.0,51.0,-79.0,1296.0,1045.0,-348.0,0
-26.0,133.0,-70.0,1706.0,861.0,-352.0,0
-76.0,190.0,-79.0,2031.0,604.0,-276.0,0
-112.0,227.0,-83.0,2157.0,295.0,-107.0,0
-124.0,238.0,-93.0,2043.0,-7.0,113.0,0
-116.0,220.0,-99.0,1691.0,-265.0,341.0,0
-66.0,152.0,-109.0,1157.0,-444.0,509.0,0
-21.0,89.0,-102.0,543.0,-531.0,532.0,0
8.0,43.0,-95.0,29.0,-510.0,447.0,0
29.0,6.0,-82.0,-274.0,-402.0,337.0,0
36.0,-9.0,-82.0,-375.0,-263.0,230.0,0
40.0,-31.0,-80.0,-339.0,-150.0,126.0,0
42.0,-30.0,-83.0,-258.0,-91.0,24.0,0
47.0,-21.0,-89.0,-122.0,-93.0,-62.0,0
44.0,-5.0,-111.0,19.0,-128.0,-118.0,0
38.0,11.0,-130.0,134.0,-191.0,-136.0,0
34.0,32.0,-146.0,205.0,-229.0,-130.0,0
25.0,48.0,-194.0,222.0,-215.0,-88.0,0
12.0,64.0,-284.0,161.0,-139.0,-18.0,0
8.0,75.0,-337.0,-43.0,21.0,88.0,0
34.0,57.0,-317.0,-334.0,242.0,205.0,0
65.0,9.0,-267.0,-549.0,345.0,279.0,0
88.0,-44.0,-306.0,-646.0,211.0,246.0,0
107.0,-118.0,-324.0,-834.0,14.0,107.0,0
84.0,-230.0,-245.0,-1165.0,-211.0,-123.0,0
6.0,-392.0,-124.0,-1380.0,-518.0,-430.0,0
-95.0,-554.0,24.0,-1342.0,-782.0,-759.0,0
-180.0,-708.0,153.0,-1094.0,-929.0,-1044.0,0
-270.0,-825.0,242.0,-741.0,-1040.0,-1268.0,0
-385.0,-897.0,217.0,-262.0,-1132.0,-1383.0,0
-422.0,-869.0,36.0,112.0,-1108.0,-1280.0,0
-295.0,-815.0,-186.0,31.0,-1057.0,-1068.0,0
-115.0,-770.0,-298.0,-572.0,-1135.0,-915.0,0
46.0,-706.0,-342.0,-1373.0,-1357.0,-906.0,0
123.0,-639.0,-331.0,-1931.0,-1599.0,-919.0,0
151.0,-589.0,-268.0,-1977.0,-1759.0,-760.0,0
176.0,-563.0,-179.0,-1492.0,-1861.0,-397.0,0
193.0,-567.0,-110.0,-650.0,-1945.0,25.0,0
193.0,-547.0,-67.0,339.0,-2032.0,386.0,0
180.0,-523.0,-32.0,1274.0,-2074.0,678.0,0
163.0,-497.0,1.0,1998.0,-2026.0,909.0,0
137.0,-451.0,30.0,2457.0,-1893.0,1079.0,0
125.0,-406.0,47.0,2630.0,-1730.0,1187.0,0
114.0,-366.0,53.0,2595.0,-1575.0,1236.0,0
101.0,-332.0,54.0,2296.0,-1468.0,1228.0,0
89.0,-313.0,50.0,1765.0,-1363.0,1195.0,0
67.0,-307.0,36.0,1055.0,-1308.0,1132.0,0
50.0,-320.0,24.0,277.0,-1312.0,1077.0,0
25.0,-356.0,16.0,-461.0,-1345.0,1046.0,0
4.0,-406.0,21.0,-1070.0,-1376.0,1021.0,0
-30.0,-453.0,30.0,-1484.0,-1386.0,974.0,0
-67.0,-482.0,40.0,-1660.0,-1394.0,919.0,0
-103.0,-480.0,60.0,-1609.0,-1408.0,885.0,0
-139.0,-504.0,64.0,-1351.0,-1454.0,861.0,0
-188.0,-483.0,65.0,-936.0,-1537.0,839.0,0
-220.0,-454.0,54.0,-424.0,-1633.0,824.0,0
-251.0,-423.0,41.0,86.0,-1714.0,795.0,0
-265.0,-379.0,20.0,518.0,-1773.0,742.0,0
-268.0,-346.0,-12.0,839.0,-1789.0,661.0,0
-257.0,-304.0,-43.0,1055.0,-1754.0,519.0,0
-235.0,-256.0,-67.0,1180.0,-1666.0,306.0,0
-210.0,-204.0,-85.0,1235.0,-1552.0,83.0,0
-187.0,-159.0,-110.0,1218.0,-1450.0,-99.0,0
-157.0,-109.0,-124.0,1107.0,-1386.0,-218.0,0
-129.0,-47.0,-126.0,958.0,-1382.0,-263.0,0
-98.0,6.0,-134.0,852.0,-1454.0,-257.0,0
-55.0,67.0,-117.0,814.0,-1572.0,-218.0,0
-6.0,138.0,-95.0,866.0,-1690.0,-202.0,0
16.0,198.0,-83.0,1030.0,-1786.0,-228.0,0
48.0,236.0,-84.0,1252.0,-1841.0,-253.0,0
61.0,238.0,-93.0,1407.0,-1847.0,-306.0,0
64.0,211.0,-94.0,1402.0,-1813.0,-386.0,0
55.0,159.0,-96.0,1232.0,-1779.0,-476.0,0
34.0,86.0,-87.0,985.0,-1764.0,-576.0,0
21.0,27.0,-76.0,620.0,-1765.0,-623.0,0
29.0,-15.0,-70.0,302.0,-1797.0,-634.0,0
46.0,-43.0,-76.0,95.0,-1838.0,-640.0,0
63.0,-58.0,-88.0,1.0,-1833.0,-649.0,0
77.0,-63.0,-98.0,10.0,-1748.0,-650.0,0
92.0,-62.0,-100.0,104.0,-1581.0,-642.0,0
92.0,-50.0,-104.0,265.0,-1369.0,-639.0,0
96.0,-39.0,-103.0,466.0,-1143.0,-639.0,0
95.0,-27.0,-100.0,680.0,-932.0,-638.0,0
100.0,-8.0,-96.0,873.0,-756.0,-638.0,0
107.0,5.0,-86.0,1010.0,-630.0,-641.0,0
113.0,16.0,-82.0,1076.0,-544.0,-633.0,0
110.0,26.0,-90.0,1078.0,-505.0,-621.0,0
99.0,30.0,-94.0,1012.0,-517.0,-607.0,0
74.0,28.0,-104.0,902.0,-587.0,-565.0,0
52.0,16.0,-134.0,779.0,-705.0,-474.0,0
12.0,-8.0,-177.0,623.0,-870.0,-357.0,0
-26.0,-33.0,-220.0,377.0,-1055.0,-226.0,0
-84.0,-73.0,-258.0,54.0,-1195.0,-69.0,0
-116.0,-120.0,-284.0,-297.0,-1161.0,153.0,0
-134.0,-180.0,-320.0,-680.0,-861.0,462.0,0
-137.0,-276.0,-320.0,-1167.0,-320.0,842.0,0
-116.0,-402.0,-225.0,-1713.0,304.0,1272.0,0
-109.0,-568.0,-93.0,-2148.0,723.0,1678.0,0
-98.0,-707.0,-6.0,-2427.0,717.0,2004.0,0
-84.0,-821.0,20.0,-2589.0,280.0,2200.0,0
-101.0,-912.0,-25.0,-2586.0,-408.0,2218.0,0
-110.0,-904.0,-106.0,-2410.0,-1113.0,2122.0,0
-94.0,-944.0,-224.0,-2086.0,-1695.0,1908.0,0
-62.0,-943.0,-271.0,-1808.0,-1997.0,1454.0,0
-50.0,-919.0,-258.0,-1516.0,-1877.0,673.0,0
-71.0,-839.0,-188.0,-921.0,-1449.0,-244.0,0
-100.0,-752.0,-119.0,100.0,-699.0,-1003.0,0
-128.0,-665.0,-63.0,1413.0,-22.0,-1430.0,0
-161.0,-570.0,-18.0,2756.0,398.0,-1738.0,0
-185.0,-473.0,-5.0,3888.0,534.0,-1862.0,0
-178.0,-383.0,-2.0,4591.0,445.0,-1859.0,0
-145.0,-288.0,-10.0,4685.0,213.0,-1810.0,0
-115.0,-224.0,-13.0,4142.0,-64.0,-1778.0,0
-91.0,-175.0,-2.0,3098.0,-267.0,-1763.0,0
-77.0,-149.0,29.0,1823.0,-294.0,-1727.0,0
-63.0,-173.0,67.0,560.0,-178.0,-1619.0,0
-27.0,-224.0,124.0,-524.0,-14.0,-1455.0,0
12.0,-290.0,164.0,-1342.0,135.0,-1292.0,0
57.0,-355.0,190.0,-1868.0,269.0,-1149.0,0
95.0,-405.0,204.0,-2131.0,385.0,-1043.0,0
129.0,-430.0,188.0,-2192.0,499.0,-965.0,0
160.0,-440.0,159.0,-2118.0,625.0,-895.0,0
185.0,-426.0,112.0,-1961.0,762.0,-826.0,0
195.0,-399.0,78.0,-1757.0,910.0,-779.0,0
204.0,-367.0,45.0,-1508.0,1064.0,-737.0,0
212.0,-344.0,12.0,-1239.0,1229.0,-679.0,0
209.0,-313.0,-12.0,-993.0,1393.0,-617.0,0
196.0,-287.0,-43.0,-792.0,1541.0,-553.0,0
192.0,-256.0,-66.0,-624.0,1676.0,-489.0,0
174.0,-228.0,-82.0,-478.0,1807.0,-429.0,0
136.0,-185.0,-91.0,-339.0,1934.0,-369.0,0
101.0,-151.0,-94.0,-169.0,2046.0,-312.0,0
71.0,-117.0,-98.0,54.0,2119.0,-261.0,0
42.0,-84.0,-103.0,303.0,2136.0,-253.0,0
11.0,-51.0,-98.0,540.0,2100.0,-270.0,0
-20.0,-12.0,-86.0,718.0,2015.0,-278.0,0
-53.0,21.0,-70.0,922.0,1898.0,-260.0,0
-75.0,52.0,-50.0,1111.0,1692.0,-221.0,0
-91.0,77.0,-44.0,1251.0,1423.0,-135.0,0
-102.0,86.0,-36.0,1312.0,1131.0,-31.0,0
-91.0,82.0,-33.0,1280.0,868.0,93.0,0
-82.0,63.0,-32.0,1139.0,642.0,230.0,0
-50.0,17.0,-21.0,907.0,465.0,405.0,0
-24.0,-36.0,-14.0,625.0,307.0,557.0,0
-16.0,-71.0,-2.0,345.0,173.0,619.0,0
3.0,-90.0,7.0,115.0,71.0,625.0,0
21.0,-96.0,7.0,-14.0,18.0,615.0,0
34.0,-83.0,0.0,-33.0,36.0,612.0,0
42.0,-49.0,-11.0,36.0,114.0,613.0,0
37.0,-10.0,-19.0,160.0,218.0,626.0,0
32.0,25.0,-32.0,309.0,307.0,654.0,0
27.0,63.0,-44.0,453.0,366.0,693.0,0
21.0,90.0,-54.0,571.0,391.0,739.0,0
15.0,103.0,-54.0,655.0,376.0,774.0,0
-5.0,99.0,-55.0,698.0,333.0,802.0,0
-19.0,90.0,-86.0,671.0,264.0,812.0,0
-29.0,77.0,-217.0,529.0,206.0,820.0,0
-18.0,49.0,-286.0,239.0,260.0,835.0,0
18.0,2.0,-293.0,-58.0,423.0,845.0,0
64.0,-56.0,-244.0,-169.0,603.0,843.0,0
118.0,-106.0,-258.0,-155.0,720.0,772.0,0
156.0,-165.0,-241.0,-293.0,763.0,584.0,0
179.0,-263.0,-125.0,-596.0,615.0,242.0,0
148.0,-386.0,-15.0,-851.0,237.0,-259.0,0
94.0,-508.0,99.0,-983.0,-122.0,-770.0,0
74.0,-630.0,203.0,-990.0,-316.0,-1153.0,0
61.0,-728.0,231.0,-902.0,-478.0,-1453.0,0
64.0,-822.0,87.0,-786.0,-612.0,-1744.0,0
41.0,-832.0,-110.0,-856.0,-614.0,-1979.0,0
-15.0,-831.0,-280.0,-1225.0,-298.0,-2137.0,0
-98.0,-786.0,-364.0,-1816.0,240.0,-1942.0,0
-193.0,-744.0,-348.0,-2388.0,672.0,-1389.0,0
-272.0,-726.0,-287.0,-2683.0,754.0,-541.0,0
-234.0,-683.0,-162.0,-2533.0,486.0,401.0,0
-166.0,-639.0,-86.0,-1710.0,-1.0,1151.0,0
-123.0,-580.0,-26.0,-400.0,-546.0,1538.0,0
-78.0,-519.0,19.0,1074.0,-1063.0,1705.0,0
-49.0,-445.0,47.0,2473.0,-1526.0,1728.0,0
-35.0,-370.0,50.0,3604.0,-1880.0,1649.0,0
-42.0,-301.0,45.0,4282.0,-2055.0,1547.0,0
-38.0,-246.0,33.0,4372.0,-2083.0,1489.0,0
-19.0,-222.0,22.0,3844.0,-2029.0,1487.0,0
-6.0,-199.0,32.0,2773.0,-1928.0,1478.0,0
13.0,-207.0,44.0,1378.0,-1840.0,1455.0,0
18.0,-250.0,58.0,-71.0,-1807.0,1395.0,0
-7.0,-331.0,75.0,-1342.0,-1799.0,1343.0,0
-25.0,-437.0,99.0,-2281.0,-1752.0,1350.0,0
-30.0,-479.0,104.0,-2772.0,-1688.0,1342.0,0
-30.0,-495.0,95.0,-2867.0,-1635.0,1317.0,0
-46.0,-486.0,81.0,-2678.0,-1611.0,1297.0,0
-60.0,-457.0,65.0,-2294.0,-1603.0,1283.0,0
-54.0,-419.0,36.0,-1788.0,-1613.0,1278.0,0
-68.0,-385.0,11.0,-1281.0,-1626.0,1271.0,0
-79.0,-348.0,-3.0,-857.0,-1626.0,1265.0,0
-74.0,-315.0,-39.0,-557.0,-1602.0,1248.0,0
-74.0,-292.0,-71.0,-405.0,-1530.0,1216.0,0
-68.0,-266.0,-94.0,-371.0,-1400.0,1140.0,0
-60.0,-248.0,-110.0,-399.0,-1233.0,1009.0,0
-50.0,-229.0,-100.0,-450.0,-1108.0,828.0,0
-45.0,-211.0,-89.0,-468.0,-1015.0,657.0,0
-28.0,-184.0,-80.0,-438.0,-1015.0,454.0,0
-4.0,-170.0,-74.0,-380.0,-1111.0,263.0,0
17.0,-137.0,-53.0,-310.0,-1261.0,79.0,0
43.0,-112.0,-31.0,-220.0,-1403.0,-83.0,0
66.0,-64.0,-4.0,-97.0,-1495.0,-249.0,0
92.0,-8.0,30.0,106.0,-1505.0,-394.0,0
90.0,26.0,30.0,384.0,-1428.0,-531.0,0
67.0,65.0,24.0,712.0,-1275.0,-637.0,0
40.0,91.0,-14.0,1009.0,-1095.0,-679.0,0
13.0,106.0,-49.0,1175.0,-932.0,-661.0,0
-7.0,124.0,-83.0,1171.0,-807.0,-605.0,0
-19.0,123.0,-112.0,1015.0,-739.0,-538.0,0
-26.0,111.0,-136.0,744.0,-710.0,-480.0,0
-26.0,86.0,-148.0,410.0,-687.0,-422.0,0
-17.0,60.0,-146.0,76.0,-643.0,-330.0,0
-7.0,35.0,-138.0,-173.0,-579.0,-221.0,0
-4.0,18.0,-133.0,-298.0,-509.0,-137.0,0
2.0,7.0,-120.0,-302.0,-430.0,-86.0,0
12.0,-1.0,-114.0,-206.0,-344.0,-81.0,0
24.0,-8.0,-100.0,-33.0,-265.0,-108.0,0
32.0,-10.0,-92.0,176.0,-210.0,-153.0,0
45.0,-4.0,-109.0,367.0,-201.0,-210.0,0
53.0,-9.0,-170.0,464.0,-270.0,-263.0,0
42.0,-9.0,-235.0,383.0,-450.0,-316.0,0
5.0,-15.0,-266.0,173.0,-699.0,-353.0,0
-25.0,-20.0,-258.0,-60.0,-897.0,-332.0,0
-46.0,-36.0,-277.0,-266.0,-903.0,-232.0,0
-46.0,-75.0,-307.0,-490.0,-654.0,-64.0,0
-19.0,-147.0,-294.0,-722.0,-215.0,117.0,0
0.0,-245.0,-224.0,-1030.0,147.0,274.0,0
13.0,-359.0,-111.0,-1261.0,463.0,406.0,0
4.0,-465.0,6.0,-1399.0,556.0,595.0,0
-9.0,-563.0,103.0,-1419.0,438.0,810.0,0
-9.0,-639.0,160.0,-1230.0,194.0,1042.0,0
-2.0,-700.0,125.0,-798.0,-49.0,1237.0,0
4.0,-701.0,12.0,-320.0,-243.0,1367.0,0
22.0,-648.0,-133.0,-72.0,-399.0,1476.0,0
64.0,-606.0,-251.0,-139.0,-503.0,1543.0,0
80.0,-589.0,-302.0,-460.0,-495.0,1413.0,0
61.0,-593.0,-280.0,-864.0,-327.0,1074.0,0
11.0,-598.0,-195.0,-1076.0,31.0,595.0,0
-57.0,-582.0,-98.0,-898.0,488.0,76.0,0
-106.0,-585.0,-26.0,-292.0,890.0,-351.0,0
-126.0,-540.0,10.0,552.0,1128.0,-678.0,0
-133.0,-500.0,21.0,1383.0,1212.0,-930.0,0
-135.0,-460.0,13.0,1986.0,1204.0,-1130.0,0
-125.0,-418.0,1.0,2239.0,1168.0,-1295.0,0
-107.0,-377.0,-21.0,2125.0,1139.0,-1437.0,0
-95.0,-338.0,-34.0,1693.0,1144.0,-1543.0,0
-97.0,-313.0,-31.0,1026.0,1175.0,-1596.0,0
-93.0,-298.0,-20.0,261.0,1217.0,-1583.0,0
-99.0,-306.0,5.0,-464.0,1250.0,-1495.0,0
-75.0,-345.0,34.0,-1066.0,1285.0,-1307.0,0
-33.0,-391.0,56.0,-1515.0,1305.0,-1090.0,0
7.0,-434.0,71.0,-1802.0,1284.0,-929.0,0
39.0,-456.0,80.0,-1926.0,1265.0,-798.0,0
76.0,-469.0,80.0,-1899.0,1287.0,-679.0,0
110.0,-461.0,76.0,-1736.0,1376.0,-559.0,0
132.0,-438.0,66.0,-1535.0,1524.0,-443.0,0
145.0,-403.0,50.0,-1268.0,1674.0,-337.0,0
152.0,-371.0,36.0,-1033.0,1777.0,-236.0,0
158.0,-346.0,23.0,-856.0,1884.0,-158.0,0
157.0,-312.0,-7.0,-732.0,1953.0,-72.0,0
154.0,-276.0,-25.0,-636.0,1995.0,23.0,0
157.0,-243.0,-43.0,-553.0,2013.0,118.0,0
137.0,-210.0,-70.0,-494.0,1971.0,148.0,0
126.0,-173.0,-83.0,-425.0,1962.0,124.0,0
114.0,-139.0,-86.0,-279.0,2062.0,96.0,0
91.0,-103.0,-78.0,-52.0,2210.0,65.0,0
75.0,-59.0,-78.0,258.0,2333.0,34.0,0
41.0,-13.0,-58.0,625.0,2395.0,-8.0,0
2.0,40.0,-53.0,1008.0,2371.0,-36.0,0
-46.0,95.0,-42.0,1342.0,2240.0,-44.0,0
-88.0,141.0,-47.0,1604.0,2022.0,-4.0,0
-114.0,182.0,-59.0,1734.0,1733.0,76.0,0
-136.0,201.0,-70.0,1723.0,1420.0,184.0,0
-131.0,187.0,-87.0,1562.0,1134.0,312.0,0
-85.0,126.0,-103.0,1257.0,902.0,422.0,0
-45.0,66.0,-108.0,850.0,713.0,438.0,0
-20.0,23.0,-106.0,462.0,587.0,383.0,0
0.0,-14.0,-94.0,179.0,521.0,319.0,0
5.0,-30.0,-93.0,18.0,483.0,248.0,0
4.0,-40.0,-85.0,-56.0,451.0,174.0,0
7.0,-44.0,-84.0,-76.0,419.0,117.0,0
6.0,-33.0,-94.0,-52.0,399.0,92.0,0
8.0,-18.0,-104.0,9.0,402.0,116.0,0
9.0,0.0,-140.0,88.0,436.0,190.0,0
7.0,17.0,-211.0,143.0,510.0,295.0,0
10.0,36.0,-285.0,95.0,637.0,420.0,0
35.0,50.0,-327.0,-87.0,832.0,552.0,0
72.0,46.0,-320.0,-312.0,1063.0,667.0,0
125.0,15.0,-312.0,-617.0,1304.0,721.0,0
171.0,-45.0,-291.0,-898.0,1475.0,696.0,0
201.0,-130.0,-237.0,-1144.0,1511.0,592.0,0
213.0,-249.0,-151.0,-1317.0,1233.0,348.0,0
177.0,-387.0,-51.0,-1372.0,682.0,-26.0,0
114.0,-541.0,40.0,-1324.0,71.0,-472.0,0
16.0,-664.0,121.0,-1205.0,-379.0,-949.0,0
-65.0,-772.0,178.0,-927.0,-569.0,-1340.0,0
-144.0,-850.0,97.0,-418.0,-509.0,-1560.0,0
-234.0,-826.0,-68.0,92.0,-247.0,-1724.0,0
-276.0,-814.0,-292.0,295.0,84.0,-1823.0,0
-327.0,-774.0,-423.0,-75.0,334.0,-1885.0,0
-302.0,-748.0,-471.0,-826.0,444.0,-1659.0,0
-230.0,-716.0,-371.0,-1552.0,369.0,-1204.0,0
-100.0,-669.0,-237.0,-1752.0,67.0,-656.0,0
-14.0,-619.0,-136.0,-1250.0,-369.0,-250.0,0
63.0,-561.0,-57.0,-306.0,-785.0,37.0,0
113.0,-496.0,-2.0,822.0,-1120.0,268.0,0
144.0,-430.0,24.0,1923.0,-1365.0,449.0,0
156.0,-368.0,26.0,2778.0,-1496.0,599.0,0
158.0,-308.0,29.0,3230.0,-1496.0,768.0,0
154.0,-253.0,23.0,3250.0,-1390.0,968.0,0
161.0,-217.0,13.0,2874.0,-1234.0,1172.0,0
175.0,-192.0,5.0,2199.0,-1073.0,1339.0,0
189.0,-193.0,8.0,1360.0,-926.0,1445.0,0
189.0,-228.0,25.0,493.0,-802.0,1517.0,0
176.0,-304.0,58.0,-277.0,-727.0,1586.0,0
131.0,-370.0,89.0,-871.0,-727.0,1621.0,0
79.0,-414.0,98.0,-1236.0,-803.0,1619.0,0
17.0,-439.0,105.0,-1410.0,-924.0,1648.0,0
-21.0,-438.0,107.0,-1444.0,-1054.0,1712.0,0
-51.0,-416.0,90.0,-1350.0,-1159.0,1765.0,0
-94.0,-383.0,53.0,-1146.0,-1269.0,1783.0,0
-131.0,-342.0,29.0,-914.0,-1311.0,1762.0,0
-159.0,-302.0,1.0,-697.0,-1291.0,1688.0,0
-184.0,-275.0,-19.0,-516.0,-1230.0,1588.0,0
-228.0,-256.0,-37.0,-373.0,-1127.0,1467.0,0
-242.0,-244.0,-48.0,-254.0,-984.0,1333.0,0
-255.0,-243.0,-54.0,-152.0,-829.0,1173.0,0
-251.0,-223.0,-47.0,-44.0,-715.0,973.0,0
-246.0,-207.0,-52.0,127.0,-695.0,724.0,0
-232.0,-181.0,-63.0,364.0,-757.0,450.0,0
-194.0,-133.0,-78.0,633.0,-886.0,210.0,0
-154.0,-71.0,-85.0,921.0,-1064.0,20.0,0
-92.0,10.0,-100.0,1213.0,-1259.0,-104.0,0
-13.0,113.0,-111.0,1473.0,-1419.0,-161.0,0
63.0,172.0,-129.0,1666.0,-1517.0,-180.0,0
128.0,193.0,-135.0,1742.0,-1527.0,-255.0,0
164.0,191.0,-142.0,1634.0,-1445.0,-405.0,0
175.0,165.0,-135.0,1350.0,-1297.0,-580.0,0
156.0,102.0,-112.0,957.0,-1133.0,-712.0,0
109.0,36.0,-83.0,532.0,-985.0,-770.0,0
89.0,-18.0,-42.0,174.0,-888.0,-717.0,0
69.0,-56.0,-14.0,-26.0,-893.0,-617.0,0
49.0,-76.0,-6.0,-65.0,-983.0,-509.0,0
30.0,-77.0,-7.0,23.0,-1098.0,-387.0,0
16.0,-67.0,-19.0,187.0,-1168.0,-244.0,0
7.0,-56.0,-46.0,379.0,-1153.0,-82.0,0
-3.0,-40.0,-83.0,515.0,-1054.0,70.0,0
-14.0,-22.0,-98.0,645.0,-898.0,175.0,0
-17.0,-8.0,-121.0,721.0,-767.0,196.0,0
-19.0,5.0,-134.0,732.0,-629.0,160.0,0
-11.0,11.0,-131.0,680.0,-548.0,92.0,0
0.0,18.0,-113.0,590.0,-556.0,9.0,0
6.0,16.0,-85.0,489.0,-640.0,-79.0,0
15.0,15.0,-48.0,401.0,-760.0,-163.0,0
29.0,11.0,-24.0,355.0,-859.0,-239.0,0
40.0,12.0,-79.0,348.0,-892.0,-298.0,0
39.0,29.0,-163.0,284.0,-910.0,-352.0,0
15.0,37.0,-254.0,-17.0,-1046.0,-415.0,0
-44.0,27.0,-306.0,-483.0,-1318.0,-456.0,0
-102.0,-11.0,-352.0,-982.0,-1473.0,-359.0,0
-104.0,-69.0,-491.0,-1393.0,-1290.0,-75.0,0
-50.0,-196.0,-492.0,-1894.0,-707.0,367.0,0
17.0,-379.0,-267.0,-2305.0,231.0,887.0,0
26.0,-549.0,-25.0,-2348.0,1050.0,1279.0,0
-4.0,-681.0,130.0,-2192.0,1380.0,1478.0,0
-80.0,-765.0,178.0,-1969.0,1171.0,1520.0,0
-110.0,-810.0,111.0,-1681.0,742.0,1567.0,0
-113.0,-863.0,-32.0,-1449.0,257.0,1599.0,0
-84.0,-840.0,-200.0,-1507.0,-431.0,1526.0,0
-17.0,-887.0,-345.0,-1824.0,-1165.0,1309.0,0
111.0,-974.0,-417.0,-2174.0,-1517.0,878.0,0
161.0,-993.0,-371.0,-2270.0,-1112.0,182.0,0
84.0,-876.0,-234.0,-1777.0,1.0,-649.0,0
-3.0,-755.0,-126.0,-494.0,1243.0,-1265.0,0
-79.0,-638.0,-46.0,1217.0,2060.0,-1543.0,0
-111.0,-542.0,2.0,2600.0,2363.0,-1540.0,0
-105.0,-464.0,22.0,4033.0,2306.0,-1406.0,0
-78.0,-381.0,21.0,4855.0,2097.0,-1304.0,0
-44.0,-306.0,16.0,4909.0,1725.0,-1299.0,0
-22.0,-224.0,15.0,4244.0,1348.0,-1354.0,0
-9.0,-140.0,31.0,3082.0,1108.0,-1408.0,0
-27.0,-81.0,46.0,1703.0,1060.0,-1433.0,0
-53.0,-70.0,58.0,376.0,1196.0,-1406.0,0
-63.0,-127.0,67.0,-756.0,1448.0,-1259.0,0
-11.0,-241.0,82.0,-1662.0,1685.0,-1075.0,0
14.0,-333.0,94.0,-2331.0,1791.0,-995.0,0
45.0,-411.0,100.0,-2702.0,1801.0,-952.0,0
72.0,-462.0,89.0,-2784.0,1782.0,-890.0,0
112.0,-486.0,61.0,-2622.0,1763.0,-820.0,0
132.0,-470.0,29.0,-2293.0,1737.0,-787.0,0
130.0,-443.0,0.0,-1853.0,1734.0,-771.0,0
127.0,-416.0,-19.0,-1360.0,1774.0,-745.0,0
128.0,-384.0,-32.0,-874.0,1854.0,-698.0,0
127.0,-347.0,-48.0,-432.0,1971.0,-644.0,0
112.0,-310.0,-54.0,-47.0,2116.0,-602.0,0
79.0,-265.0,-49.0,290.0,2280.0,-571.0,0
35.0,-215.0,-58.0,590.0,2415.0,-520.0,0
4.0,-169.0,-61.0,866.0,2468.0,-432.0,0
-13.0,-118.0,-60.0,1118.0,2421.0,-361.0,0
-27.0,-70.0,-68.0,1376.0,2332.0,-350.0,0
-39.0,-21.0,-88.0,1624.0,2271.0,-404.0,0
-64.0,45.0,-88.0,1821.0,2239.0,-491.0,0
-92.0,115.0,-82.0,1969.0,2223.0,-548.0,0
-126.0,185.0,-70.0,2079.0,2181.0,-513.0,0
-134.0,224.0,-67.0,2135.0,2091.0,-366.0,0
-132.0,234.0,-64.0,2080.0,1941.0,-136.0,0
-111.0,211.0,-65.0,1910.0,1738.0,120.0,0
-70.0,136.0,-53.0,1530.0,1544.0,346.0,0
-33.0,64.0,-31.0,1016.0,1274.0,489.0,0
5.0,9.0,-19.0,427.0,999.0,553.0,0
18.0,-31.0,-15.0,-82.0,786.0,615.0,0
25.0,-58.0,-13.0,-417.0,662.0,686.0,0
33.0,-82.0,-18.0,-572.0,605.0,731.0,0
44.0,-94.0,-32.0,-581.0,582.0,729.0,0
55.0,-91.0,-41.0,-488.0,590.0,699.0,0
66.0,-74.0,-44.0,-304.0,627.0,674.0,0
71.0,-48.0,-54.0,-46.0,690.0,679.0,0
64.0,-26.0,-57.0,236.0,767.0,714.0,0
48.0,-6.0,-61.0,487.0,840.0,774.0,0
24.0,11.0,-52.0,670.0,897.0,842.0,0
3.0,24.0,-63.0,785.0,935.0,912.0,0
-11.0,38.0,-170.0,811.0,956.0,968.0,0
-2.0,44.0,-224.0,648.0,995.0,995.0,0
13.0,16.0,-290.0,339.0,1050.0,969.0,0
69.0,-29.0,-309.0,-31.0,1146.0,917.0,0
130.0,-81.0,-310.0,-431.0,1232.0,807.0,0
206.0,-186.0,-257.0,-992.0,1136.0,570.0,0
221.0,-323.0,-97.0,-1699.0,625.0,131.0,0
167.0,-481.0,37.0,-2182.0,-232.0,-490.0,0
79.0,-620.0,110.0,-2281.0,-996.0,-1107.0,0
16.0,-744.0,154.0,-2233.0,-1279.0,-1543.0,0
9.0,-874.0,141.0,-2137.0,-1116.0,-1814.0,0
6.0,-969.0,7.0,-1947.0,-689.0,-2081.0,0
-77.0,-1007.0,-221.0,-1772.0,-15.0,-2397.0,0
-210.0,-1032.0,-372.0,-1783.0,789.0,-2585.0,0
-377.0,-995.0,-374.0,-1844.0,1332.0,-2460.0,0
-484.0,-938.0,-307.0,-1694.0,1271.0,-1819.0,0
-454.0,-835.0,-190.0,-1178.0,783.0,-732.0,0
-279.0,-725.0,-119.0,-271.0,-116.0,111.0,0
-168.0,-626.0,-84.0,917.0,-968.0,708.0,0
-91.0,-518.0,-57.0,2111.0,-1541.0,941.0,0
-28.0,-413.0,-29.0,3129.0,-1872.0,1039.0,0
25.0,-304.0,-4.0,3856.0,-2031.0,1073.0,0
50.0,-209.0,10.0,4224.0,-2046.0,1052.0,0
53.0,-113.0,4.0,4195.0,-1954.0,1026.0,0
65.0,-59.0,2.0,3753.0,-1831.0,1054.0,0
93.0,-22.0,3.0,2945.0,-1739.0,1119.0,0
135.0,-16.0,9.0,1884.0,-1696.0,1166.0,0
171.0,-51.0,15.0,686.0,-1677.0,1151.0,0
192.0,-124.0,45.0,-537.0,-1672.0,1092.0,0
166.0,-230.0,85.0,-1662.0,-1667.0,1045.0,0
123.0,-347.0,142.0,-2537.0,-1604.0,1042.0,0
72.0,-458.0,172.0,-2981.0,-1487.0,1030.0,0
21.0,-522.0,150.0,-2960.0,-1363.0,1025.0,0
-14.0,-556.0,105.0,-2682.0,-1270.0,1048.0,0
-52.0,-556.0,46.0,-2338.0,-1246.0,1089.0,0
-74.0,-514.0,-5.0,-2009.0,-1285.0,1148.0,0
-86.0,-454.0,-36.0,-1671.0,-1349.0,1198.0,0
-89.0,-393.0,-66.0,-1307.0,-1391.0,1209.0,0
-99.0,-343.0,-65.0,-926.0,-1366.0,1204.0,0
-115.0,-297.0,-61.0,-506.0,-1314.0,1178.0,0
-135.0,-259.0,-55.0,-79.0,-1250.0,1138.0,0
-138.0,-224.0,-53.0,353.0,-1257.0,1055.0,0
-134.0,-187.0,-71.0,742.0,-1323.0,949.0,0
-119.0,-167.0,-91.0,1003.0,-1383.0,851.0,0
-110.0,-141.0,-101.0,1100.0,-1434.0,752.0,0
-73.0,-110.0,-89.0,1144.0,-1493.0,642.0,0
-27.0,-66.0,-80.0,1213.0,-1639.0,491.0,0
2.0,-13.0,-94.0,1396.0,-1804.0,351.0,0
73.0,56.0,-97.0,1621.0,-1885.0,265.0,0
146.0,118.0,-104.0,1878.0,-1844.0,205.0,0
185.0,165.0,-114.0,2107.0,-1690.0,123.0,0
226.0,194.0,-109.0,2215.0,-1450.0,33.0,0
239.0,183.0,-115.0,2111.0,-1206.0,-132.0,0
218.0,149.0,-113.0,1733.0,-968.0,-347.0,0
141.0,89.0,-95.0,1100.0,-735.0,-512.0,0
88.0,33.0,-52.0,353.0,-490.0,-509.0,0
46.0,-23.0,-10.0,-259.0,-293.0,-394.0,0
14.0,-60.0,11.0,-605.0,-176.0,-285.0,0
-4.0,-81.0,1.0,-695.0,-93.0,-218.0,0
-17.0,-85.0,-21.0,-612.0,-11.0,-168.0,0
-20.0,-82.0,-40.0,-420.0,87.0,-116.0,0
-20.0,-69.0,-71.0,-190.0,182.0,-87.0,0
-17.0,-60.0,-84.0,21.0,218.0,-117.0,0
-7.0,-54.0,-86.0,163.0,180.0,-193.0,0
2.0,-46.0,-75.0,238.0,68.0,-284.0,0
22.0,-43.0,-62.0,286.0,-94.0,-370.0,0
37.0,-40.0,-52.0,340.0,-265.0,-445.0,0
41.0,-35.0,-84.0,422.0,-417.0,-518.0,0
42.0,-25.0,-175.0,508.0,-577.0,-591.0,0
21.0,-28.0,-250.0,468.0,-791.0,-661.0,0
-31.0,-26.0,-244.0,292.0,-1021.0,-721.0,0
-103.0,-24.0,-241.0,28.0,-1122.0,-671.0,0
-138.0,-27.0,-329.0,-339.0,-907.0,-442.0,0
-120.0,-54.0,-422.0,-1008.0,-315.0,-83.0,0
-100.0,-174.0,-365.0,-1726.0,530.0,321.0,0
-77.0,-344.0,-198.0,-2505.0,1210.0,694.0,0
-67.0,-519.0,1.0,-2948.0,1748.0,937.0,0
-75.0,-687.0,160.0,-3076.0,1767.0,1146.0,0
-58.0,-806.0,263.0,-2877.0,1355.0,1318.0,0
-66.0,-883.0,233.0,-2293.0,656.0,1447.0,0
-24.0,-855.0,11.0,-1533.0,-145.0,1603.0,0
8.0,-821.0,-195.0,-1007.0,-890.0,1730.0,0
64.0,-815.0,-314.0,-1018.0,-1354.0,1676.0,0
83.0,-809.0,-328.0,-1361.0,-1401.0,1269.0,0
45.0,-767.0,-253.0,-1641.0,-940.0,564.0,0
-23.0,-699.0,-161.0,-1448.0,-81.0,-183.0,0
-86.0,-641.0,-90.0,-683.0,848.0,-763.0,0
-134.0,-577.0,-38.0,406.0,1539.0,-1166.0,0
-164.0,-508.0,-1.0,1519.0,1910.0,-1408.0,0
-159.0,-451.0,23.0,2417.0,1984.0,-1514.0,0
-136.0,-398.0,25.0,2912.0,1831.0,-1582.0,0
-116.0,-355.0,18.0,2895.0,1547.0,-1681.0,0
-104.0,-314.0,25.0,2378.0,1233.0,-1774.0,0
-97.0,-272.0,46.0,1490.0,980.0,-1810.0,0
-109.0,-246.0,68.0,463.0,819.0,-1788.0,0
-118.0,-231.0,94.0,-503.0,746.0,-1676.0,0
-103.0,-263.0,107.0,-1271.0,737.0,-1471.0,0
-43.0,-320.0,109.0,-1799.0,790.0,-1227.0,0
19.0,-373.0,111.0,-2099.0,886.0,-1032.0,0
69.0,-416.0,104.0,-2186.0,1028.0,-880.0,0
134.0,-426.0,95.0,-2085.0,1199.0,-761.0,0
101.0,-410.0,67.0,-1888.0,1317.0,-712.0,0
129.0,-372.0,43.0,-1649.0,1381.0,-695.0,0
149.0,-331.0,20.0,-1424.0,1458.0,-654.0,0
156.0,-304.0,13.0,-1157.0,1547.0,-594.0,0
162.0,-283.0,12.0,-952.0,1666.0,-541.0,0
164.0,-257.0,-5.0,-813.0,1747.0,-477.0,0
172.0,-240.0,-21.0,-719.0,1788.0,-398.0,0
168.0,-216.0,-37.0,-621.0,1821.0,-301.0,0
173.0,-189.0,-48.0,-465.0,1871.0,-211.0,0
159.0,-152.0,-67.0,-210.0,1952.0,-195.0,0
148.0,-106.0,-68.0,124.0,2056.0,-279.0,0
113.0,-38.0,-73.0,546.0,2170.0,-454.0,0
64.0,35.0,-81.0,1000.0,2242.0,-657.0,0
-4.0,131.0,-68.0,1422.0,2212.0,-778.0,0
-71.0,209.0,-83.0,1787.0,2080.0,-734.0,0
-127.0,267.0,-93.0,2019.0,1853.0,-511.0,0
-161.0,284.0,-127.0,2026.0,1551.0,-166.0,0
-152.0,256.0,-133.0,1733.0,1193.0,201.0,0
-94.0,166.0,-126.0,1184.0,824.0,480.0,0
-43.0,79.0,-92.0,461.0,472.0,585.0,0
-2.0,11.0,-46.0,-207.0,208.0,537.0,0
17.0,-45.0,-17.0,-638.0,87.0,452.0,0
28.0,-86.0,-1.0,-810.0,88.0,397.0,0
34.0,-111.0,4.0,-795.0,148.0,351.0,0
36.0,-120.0,-4.0,-667.0,236.0,292.0,0
30.0,-114.0,-27.0,-480.0,352.0,227.0,0
29.0,-95.0,-50.0,-267.0,495.0,184.0,0
19.0,-67.0,-63.0,-43.0,643.0,190.0,0
10.0,-45.0,-63.0,184.0,763.0,269.0,0
-6.0,-33.0,-58.0,409.0,851.0,389.0,0
-25.0,-18.0,-62.0,602.0,902.0,518.0,0
-39.0,-2.0,-132.0,707.0,919.0,639.0,0
-39.0,33.0,-207.0,698.0,941.0,743.0,0
-31.0,69.0,-315.0,468.0,1036.0,806.0,0
-4.0,100.0,-415.0,13.0,1313.0,878.0,0
118.0,73.0,-504.0,-592.0,1809.0,968.0,0
205.0,-9.0,-533.0,-1199.0,2430.0,974.0,0
292.0,-181.0,-368.0,-1853.0,2706.0,746.0,0
287.0,-396.0,-115.0,-2443.0,2084.0,164.0,0
178.0,-588.0,95.0,-2723.0,694.0,-724.0,0
82.0,-734.0,267.0,-2674.0,-653.0,-1594.0,0
16.0,-825.0,343.0,-2247.0,-1431.0,-2189.0,0
29.0,-945.0,331.0,-1419.0,-1626.0,-2466.0,0
-22.0,-999.0,160.0,-339.0,-1336.0,-2636.0,0
-84.0,-971.0,-197.0,592.0,-576.0,-2687.0,0
-211.0,-893.0,-455.0,723.0,409.0,-2667.0,0
-345.0,-837.0,-568.0,2.0,1217.0,-2469.0,0
-452.0,-793.0,-551.0,-1058.0,1521.0,-1937.0,0
-428.0,-759.0,-383.0,-1872.0,1203.0,-906.0,0
-229.0,-710.0,-207.0,-1917.0,364.0,253.0,0
-96.0,-656.0,-103.0,-1133.0,-685.0,920.0,0
10.0,-585.0,-30.0,143.0,-1576.0,1135.0,0
73.0,-489.0,12.0,1600.0,-2178.0,1088.0,0
93.0,-396.0,30.0,2912.0,-2454.0,979.0,0
94.0,-287.0,26.0,3803.0,-2426.0,965.0,0
101.0,-218.0,7.0,4143.0,-2189.0,1081.0,0
120.0,-156.0,-5.0,3945.0,-1868.0,1273.0,0
166.0,-100.0,11.0,3284.0,-1567.0,1460.0,0
216.0,-85.0,17.0,2315.0,-1363.0,1576.0,0
248.0,-98.0,20.0,1239.0,-1273.0,1572.0,0
253.0,-166.0,30.0,398.0,-1247.0,1486.0,0
190.0,-272.0,45.0,-555.0,-1240.0,1360.0,0
128.0,-350.0,90.0,-1337.0,-1205.0,1290.0,0
69.0,-414.0,115.0,-1848.0,-1175.0,1256.0,0
21.0,-464.0,110.0,-2081.0,-1200.0,1271.0,0
-7.0,-480.0,101.0,-2129.0,-1240.0,1301.0,0
-32.0,-470.0,86.0,-2028.0,-1258.0,1319.0,0
-61.0,-438.0,57.0,-1800.0,-1240.0,1299.0,0
-86.0,-406.0,31.0,-1472.0,-1222.0,1258.0,0
-126.0,-380.0,7.0,-1093.0,-1227.0,1207.0,0
-156.0,-357.0,-19.0,-722.0,-1245.0,1156.0,0
-181.0,-339.0,-42.0,-390.0,-1237.0,1107.0,0
-178.0,-317.0,-58.0,-87.0,-1176.0,1021.0,0
-173.0,-304.0,-72.0,208.0,-1066.0,870.0,0
-173.0,-286.0,-74.0,498.0,-946.0,682.0,0
-164.0,-250.0,-89.0,783.0,-868.0,497.0,0
-140.0,-195.0,-85.0,1063.0,-874.0,349.0,0
-101.0,-110.0,-87.0,1356.0,-967.0,258.0,0
-57.0,-16.0,-92.0,1630.0,-1113.0,209.0,0
5.0,108.0,-100.0,1858.0,-1241.0,190.0,0
61.0,207.0,-112.0,2011.0,-1279.0,192.0,0
110.0,289.0,-120.0,2089.0,-1210.0,123.0,0
122.0,328.0,-158.0,2075.0,-1062.0,-101.0,0
104.0,331.0,-176.0,1834.0,-859.0,-357.0,0
87.0,301.0,-168.0,1369.0,-646.0,-530.0,0
48.0,207.0,-147.0,783.0,-476.0,-639.0,0
25.0,126.0,-99.0,170.0,-365.0,-671.0,0
17.0,46.0,-54.0,-285.0,-345.0,-648.0,0
14.0,-14.0,-21.0,-480.0,-392.0,-595.0,0
14.0,-58.0,-17.0,-535.0,-447.0,-534.0,0
14.0,-94.0,-22.0,-438.0,-466.0,-474.0,0
9.0,-113.0,-39.0,-251.0,-451.0,-422.0,0
6.0,-118.0,-54.0,-26.0,-407.0,-369.0,0
2.0,-119.0,-67.0,211.0,-361.0,-337.0,0
5.0,-113.0,-82.0,447.0,-349.0,-337.0,0
12.0,-105.0,-86.0,662.0,-385.0,-364.0,0
23.0,-99.0,-81.0,856.0,-459.0,-412.0,0
40.0,-85.0,-67.0,1034.0,-542.0,-473.0,0
44.0,-76.0,-72.0,1188.0,-627.0,-542.0,0
36.0,-68.0,-93.0,1309.0,-700.0,-595.0,0
31.0,-38.0,-191.0,1353.0,-781.0,-632.0,0
3.0,-7.0,-273.0,1228.0,-931.0,-666.0,0
-36.0,-1.0,-313.0,901.0,-1130.0,-665.0,0
-97.0,-4.0,-337.0,457.0,-1256.0,-584.0,0
-133.0,-12.0,-365.0,-115.0,-1168.0,-366.0,0
-123.0,-73.0,-426.0,-891.0,-813.0,3.0,0
-71.0,-210.0,-351.0,-1807.0,-209.0,513.0,0
-23.0,-376.0,-112.0,-2511.0,436.0,1039.0,0
-26.0,-533.0,131.0,-2806.0,826.0,1402.0,0
-88.0,-691.0,323.0,-2720.0,860.0,1557.0,0
-131.0,-750.0,313.0,-2286.0,583.0,1617.0,0
-126.0,-793.0,170.0,-1599.0,87.0,1707.0,0
-57.0,-742.0,-28.0,-992.0,-485.0,1811.0,0
36.0,-702.0,-215.0,-752.0,-1078.0,1773.0,0
135.0,-702.0,-309.0,-980.0,-1527.0,1527.0,0
229.0,-746.0,-312.0,-1403.0,-1548.0,1027.0,0
224.0,-746.0,-238.0,-1653.0,-955.0,312.0,0
117.0,-685.0,-146.0,-1382.0,94.0,-415.0,0
29.0,-641.0,-81.0,-750.0,1094.0,-911.0,0
-39.0,-590.0,-28.0,353.0,1626.0,-1208.0,0
-82.0,-532.0,25.0,1564.0,1957.0,-1369.0,0
-106.0,-481.0,58.0,2640.0,2010.0,-1437.0,0
-88.0,-439.0,71.0,3361.0,1872.0,-1471.0,0
-56.0,-387.0,61.0,3565.0,1628.0,-1496.0,0
-34.0,-341.0,41.0,3235.0,1382.0,-1534.0,0
-20.0,-286.0,34.0,2457.0,1213.0,-1578.0,0
-35.0,-234.0,32.0,1422.0,1169.0,-1601.0,0
-62.0,-204.0,47.0,331.0,1258.0,-1557.0,0
-65.0,-233.0,66.0,-643.0,1433.0,-1429.0,0
-16.0,-303.0,75.0,-1394.0,1620.0,-1254.0,0
13.0,-359.0,81.0,-1915.0,1756.0,-1124.0,0
51.0,-400.0,79.0,-2195.0,1852.0,-1019.0,0
79.0,-427.0,59.0,-2265.0,1902.0,-945.0,0
107.0,-427.0,37.0,-2180.0,1916.0,-903.0,0
123.0,-407.0,10.0,-1986.0,1904.0,-896.0,0
127.0,-374.0,-6.0,-1732.0,1878.0,-918.0,0
122.0,-344.0,-2.0,-1432.0,1862.0,-938.0,0
120.0,-318.0,-10.0,-1104.0,1852.0,-930.0,0
122.0,-298.0,-20.0,-785.0,1849.0,-879.0,0
121.0,-270.0,-42.0,-504.0,1849.0,-800.0,0
91.0,-249.0,-54.0,-253.0,1855.0,-689.0,0
67.0,-225.0,-80.0,-3.0,1851.0,-535.0,0
48.0,-185.0,-93.0,287.0,1847.0,-379.0,0
30.0,-142.0,-104.0,641.0,1839.0,-284.0,0
7.0,-97.0,-108.0,1035.0,1827.0,-272.0,0
-20.0,-41.0,-116.0,1420.0,1810.0,-332.0,0
-64.0,41.0,-116.0,1759.0,1776.0,-426.0,0
-100.0,104.0,-112.0,1962.0,1697.0,-484.0,0
-140.0,153.0,-107.0,2127.0,1549.0,-441.0,0
-165.0,181.0,-103.0,2171.0,1374.0,-283.0,0
-176.0,177.0,-101.0,2087.0,1102.0,-91.0,0
-174.0,144.0,-82.0,1852.0,798.0,171.0,0
-157.0,70.0,-39.0,1490.0,500.0,426.0,0
-107.0,-15.0,7.0,1039.0,195.0,647.0,0
-69.0,-82.0,47.0,577.0,-115.0,749.0,0
-52.0,-126.0,60.0,232.0,-343.0,746.0,0
-28.0,-145.0,60.0,56.0,-414.0,718.0,0
-9.0,-154.0,43.0,40.0,-324.0,693.0,0
10.0,-145.0,22.0,137.0,-132.0,647.0,0
28.0,-118.0,-8.0,289.0,97.0,576.0,0
38.0,-82.0,-27.0,461.0,304.0,515.0,0
46.0,-41.0,-40.0,640.0,442.0,487.0,0
43.0,-12.0,-46.0,801.0,501.0,503.0,0
28.0,2.0,-49.0,929.0,499.0,546.0,0
22.0,20.0,-64.0,1014.0,459.0,613.0,0
10.0,37.0,-205.0,1019.0,429.0,673.0,0
32.0,41.0,-237.0,868.0,484.0,728.0,0
60.0,14.0,-308.0,579.0,638.0,763.0,0
117.0,-8.0,-333.0,296.0,928.0,776.0,0
206.0,-40.0,-341.0,-22.0,1326.0,763.0,0
290.0,-109.0,-311.0,-562.0,1534.0,631.0,0
345.0,-227.0,-161.0,-1310.0,1123.0,296.0,0
334.0,-404.0,48.0,-1888.0,108.0,-263.0,0
255.0,-562.0,199.0,-2084.0,-923.0,-901.0,0
155.0,-651.0,253.0,-2103.0,-1500.0,-1411.0,0
131.0,-754.0,232.0,-2066.0,-1607.0,-1669.0,0
128.0,-848.0,100.0,-1965.0,-1406.0,-1833.0,0
80.0,-905.0,-158.0,-1882.0,-797.0,-2033.0,0
-44.0,-900.0,-353.0,-2003.0,293.0,-2159.0,0
-199.0,-839.0,-400.0,-2298.0,1228.0,-1995.0,0
-338.0,-791.0,-347.0,-2438.0,1829.0,-1622.0,0
-439.0,-758.0,-270.0,-2191.0,1595.0,-841.0,0
-376.0,-706.0,-143.0,-1501.0,970.0,174.0,0
-235.0,-656.0,-46.0,-328.0,301.0,974.0,0
-145.0,-563.0,9.0,1086.0,-410.0,1319.0,0
-70.0,-477.0,43.0,2443.0,-1124.0,1433.0,0
-5.0,-392.0,41.0,3559.0,-1718.0,1455.0,0
33.0,-314.0,30.0,4299.0,-2064.0,1406.0,0
54.0,-253.0,13.0,4528.0,-2092.0,1329.0,0
61.0,-204.0,11.0,4199.0,-1868.0,1288.0,0
74.0,-176.0,19.0,3398.0,-1562.0,1317.0,0
95.0,-171.0,25.0,2247.0,-1285.0,1393.0,0
113.0,-189.0,49.0,914.0,-1112.0,1449.0,0
110.0,-250.0,77.0,-416.0,-1073.0,1440.0,0
72.0,-328.0,108.0,-1529.0,-1086.0,1375.0,0
43.0,-398.0,153.0,-2248.0,-1064.0,1316.0,0
19.0,-454.0,173.0,-2496.0,-1023.0,1256.0,0
-1.0,-477.0,167.0,-2366.0,-1009.0,1184.0,0
-15.0,-461.0,137.0,-2019.0,-1033.0,1127.0,0
-38.0,-424.0,100.0,-1598.0,-1053.0,1113.0,0
-49.0,-373.0,61.0,-1198.0,-1057.0,1111.0,0
-66.0,-322.0,36.0,-874.0,-1047.0,1108.0,0
-94.0,-260.0,6.0,-664.0,-1029.0,1098.0,0
-115.0,-217.0,-19.0,-540.0,-1007.0,1081.0,0
-132.0,-195.0,-40.0,-490.0,-970.0,1056.0,0
-151.0,-173.0,-35.0,-470.0,-919.0,1030.0,0
-144.0,-148.0,-53.0,-400.0,-896.0,994.0,0
-132.0,-144.0,-63.0,-329.0,-847.0,990.0,0
-125.0,-140.0,-70.0,-210.0,-834.0,954.0,0
-114.0,-122.0,-71.0,-49.0,-865.0,889.0,0
-90.0,-107.0,-76.0,149.0,-976.0,788.0,0
-55.0,-77.0,-74.0,370.0,-1176.0,656.0,0
-14.0,-40.0,-92.0,633.0,-1418.0,500.0,0
33.0,11.0,-103.0,896.0,-1608.0,381.0,0
93.0,60.0,-110.0,1131.0,-1689.0,270.0,0
143.0,92.0,-117.0,1315.0,-1653.0,128.0,0
168.0,117.0,-124.0,1403.0,-1519.0,-77.0,0
177.0,122.0,-130.0,1316.0,-1314.0,-311.0,0
160.0,82.0,-118.0,1016.0,-1071.0,-501.0,0
110.0,36.0,-88.0,519.0,-809.0,-627.0,0
72.0,-11.0,-30.0,-38.0,-550.0,-632.0,0
46.0,-57.0,14.0,-460.0,-377.0,-546.0,0
20.0,-77.0,22.0,-666.0,-307.0,-435.0,0
0.0,-81.0,4.0,-678.0,-287.0,-322.0,0
-5.0,-77.0,-20.0,-556.0,-245.0,-185.0,0
-20.0,-67.0,-53.0,-375.0,-146.0,-31.0,0
-27.0,-60.0,-78.0,-184.0,-9.0,87.0,0
-33.0,-33.0,-96.0,4.0,121.0,136.0,0
-35.0,-16.0,-107.0,186.0,194.0,128.0,0
-19.0,-12.0,-106.0,341.0,174.0,59.0,0
-4.0,-8.0,-90.0,460.0,58.0,-54.0,0
12.0,-12.0,-71.0,551.0,-124.0,-177.0,0
35.0,-10.0,-60.0,624.0,-330.0,-299.0,0
42.0,-11.0,-105.0,674.0,-518.0,-408.0,0
40.0,-5.0,-218.0,627.0,-726.0,-500.0,0
23.0,-6.0,-274.0,369.0,-999.0,-585.0,0
-20.0,-10.0,-256.0,64.0,-1290.0,-659.0,0
-81.0,-14.0,-248.0,-341.0,-1443.0,-650.0,0
-119.0,-36.0,-311.0,-771.0,-1296.0,-467.0,0
-93.0,-110.0,-388.0,-1385.0,-725.0,-225.0,0
-37.0,-294.0,-255.0,-2179.0,168.0,158.0,0
-2.0,-474.0,-33.0,-2827.0,1062.0,576.0,0
-22.0,-645.0,159.0,-3127.0,1575.0,895.0,0
-53.0,-774.0,297.0,-3084.0,1611.0,1107.0,0
-95.0,-900.0,326.0,-2660.0,1299.0,1281.0,0
-86.0,-928.0,225.0,-1960.0,717.0,1487.0,0
-30.0,-886.0,-18.0,-1228.0,-42.0,1791.0,0
64.0,-851.0,-268.0,-894.0,-791.0,2000.0,0
142.0,-854.0,-401.0,-1093.0,-1296.0,1836.0,0
161.0,-844.0,-388.0,-1491.0,-1281.0,1255.0,0
81.0,-764.0,-254.0,-1604.0,-608.0,434.0,0
6.0,-690.0,-139.0,-1026.0,463.0,-293.0,0
-55.0,-625.0,-69.0,88.0,1459.0,-767.0,0
-96.0,-551.0,-26.0,1377.0,2136.0,-1062.0,0
-109.0,-480.0,-3.0,2523.0,2471.0,-1230.0,0
-96.0,-420.0,18.0,3273.0,2485.0,-1345.0,0
-78.0,-364.0,30.0,3479.0,2226.0,-1498.0,0
-64.0,-312.0,27.0,3135.0,1833.0,-1687.0,0
-71.0,-246.0,32.0,2368.0,1466.0,-1845.0,0
-86.0,-205.0,45.0,1368.0,1225.0,-1937.0,0
-111.0,-179.0,67.0,355.0,1117.0,-1949.0,0
-125.0,-183.0,80.0,-516.0,1073.0,-1867.0,0
-127.0,-219.0,95.0,-1183.0,1093.0,-1656.0,0
-63.0,-291.0,100.0,-1649.0,1180.0,-1345.0,0
-11.0,-349.0,101.0,-1934.0,1300.0,-1100.0,0
17.0,-375.0,98.0,-2043.0,1452.0,-963.0,0
42.0,-375.0,89.0,-2011.0,1610.0,-880.0,0
56.0,-359.0,62.0,-1921.0,1756.0,-815.0,0
72.0,-327.0,55.0,-1777.0,1847.0,-749.0,0
86.0,-289.0,34.0,-1626.0,1929.0,-700.0,0
96.0,-256.0,23.0,-1466.0,1969.0,-627.0,0
92.0,-227.0,4.0,-1314.0,1967.0,-535.0,0
102.0,-213.0,-15.0,-1186.0,1934.0,-417.0,0
115.0,-195.0,-32.0,-1082.0,1859.0,-279.0,0
126.0,-185.0,-46.0,-949.0,1771.0,-176.0,0
125.0,-160.0,-64.0,-760.0,1708.0,-151.0,0
118.0,-130.0,-74.0,-498.0,1699.0,-201.0,0
87.0,-75.0,-68.0,-170.0,1729.0,-313.0,0
50.0,-16.0,-63.0,230.0,1776.0,-422.0,0
-6.0,50.0,-53.0,650.0,1790.0,-469.0,0
-56.0,104.0,-65.0,1058.0,1721.0,-420.0,0
-104.0,142.0,-76.0,1397.0,1547.0,-277.0,0
-129.0,155.0,-93.0,1585.0,1280.0,-78.0,0
-137.0,151.0,-107.0,1566.0,965.0,126.0,0
-115.0,118.0,-106.0,1339.0,652.0,305.0,0
-61.0,43.0,-96.0,956.0,376.0,425.0,0
-23.0,-13.0,-72.0,509.0,159.0,432.0,0
1.0,-47.0,-60.0,154.0,55.0,378.0,0
15.0,-71.0,-48.0,-49.0,62.0,329.0,0
25.0,-88.0,-46.0,-122.0,129.0,280.0,0
31.0,-94.0,-47.0,-96.0,215.0,221.0,0
42.0,-86.0,-62.0,-16.0,302.0,168.0,0
46.0,-71.0,-73.0,98.0,399.0,137.0,0
51.0,-52.0,-80.0,238.0,513.0,150.0,0
54.0,-35.0,-83.0,390.0,616.0,227.0,0
45.0,-26.0,-92.0,518.0,710.0,338.0,0
37.0,-2.0,-187.0,657.0,805.0,484.0,0
43.0,18.0,-239.0,664.0,913.0,641.0,0
66.0,50.0,-338.0,471.0,1114.0,749.0,0
122.0,58.0,-395.0,28.0,1438.0,858.0,0
198.0,30.0,-473.0,-536.0,1888.0,913.0,0
277.0,-40.0,-470.0,-1104.0,2382.0,884.0,0
352.0,-170.0,-334.0,-1621.0,2521.0,708.0,0
356.0,-351.0,-126.0,-1978.0,1970.0,333.0,0
259.0,-558.0,55.0,-2135.0,874.0,-250.0,0
103.0,-717.0,191.0,-2189.0,-241.0,-928.0,0
-26.0,-844.0,286.0,-2092.0,-966.0,-1498.0,0
-102.0,-977.0,274.0,-1619.0,-1190.0,-1815.0,0
-204.0,-1062.0,101.0,-754.0,-877.0,-1974.0,0
-314.0,-1059.0,-233.0,59.0,-154.0,-2054.0,0
-426.0,-1012.0,-505.0,126.0,581.0,-2155.0,0
-541.0,-970.0,-622.0,-546.0,941.0,-2153.0,0
-619.0,-915.0,-522.0,-1407.0,865.0,-1674.0,0
-398.0,-817.0,-290.0,-1707.0,333.0,-607.0,0
-140.0,-700.0,-125.0,-1029.0,-578.0,214.0,0
-3.0,-587.0,-36.0,294.0,-1429.0,517.0,0
86.0,-471.0,8.0,1873.0,-1991.0,526.0,0
124.0,-355.0,28.0,3344.0,-2267.0,473.0,0
139.0,-249.0,21.0,4404.0,-2305.0,515.0,0
132.0,-157.0,16.0,4885.0,-2165.0,697.0,0
135.0,-87.0,4.0,4775.0,-1904.0,1002.0,0
164.0,-38.0,9.0,4194.0,-1634.0,1335.0,0
206.0,-15.0,22.0,3300.0,-1440.0,1565.0,0
235.0,-24.0,27.0,2248.0,-1344.0,1626.0,0
248.0,-59.0,32.0,1146.0,-1307.0,1573.0,0
243.0,-137.0,48.0,289.0,-1293.0,1499.0,0
190.0,-245.0,89.0,-694.0,-1292.0,1457.0,0
130.0,-339.0,144.0,-1511.0,-1284.0,1462.0,0
71.0,-422.0,180.0,-2026.0,-1303.0,1491.0,0
12.0,-468.0,183.0,-2250.0,-1372.0,1554.0,0
-32.0,-485.0,163.0,-2274.0,-1449.0,1637.0,0
-70.0,-472.0,124.0,-2126.0,-1491.0,1711.0,0
-97.0,-417.0,83.0,-1823.0,-1512.0,1748.0,0
-91.0,-358.0,20.0,-1447.0,-1464.0,1757.0,0
-128.0,-321.0,-16.0,-1057.0,-1337.0,1729.0,0
-156.0,-288.0,-44.0,-648.0,-1211.0,1612.0,0
-182.0,-258.0,-56.0,-257.0,-1084.0,1468.0,0
-197.0,-229.0,-59.0,113.0,-956.0,1297.0,0
-207.0,-213.0,-73.0,463.0,-847.0,1092.0,0
-212.0,-189.0,-85.0,747.0,-790.0,853.0,0
-199.0,-148.0,-89.0,958.0,-805.0,615.0,0
-168.0,-115.0,-105.0,1132.0,-924.0,410.0,0
-97.0,-35.0,-92.0,1312.0,-1140.0,230.0,0
-23.0,52.0,-105.0,1559.0,-1377.0,-6.0,0
-16.0,140.0,-149.0,1747.0,-1529.0,-178.0,0
64.0,215.0,-155.0,1846.0,-1516.0,-186.0,0
121.0,256.0,-173.0,1887.0,-1373.0,-237.0,0
156.0,259.0,-198.0,1741.0,-1146.0,-401.0,0
173.0,231.0,-184.0,1341.0,-892.0,-626.0,0
142.0,165.0,-153.0,745.0,-657.0,-843.0,0
96.0,89.0,-93.0,59.0,-430.0,-958.0,0
66.0,15.0,-13.0,-501.0,-261.0,-924.0,0
46.0,-63.0,41.0,-780.0,-217.0,-809.0,0
25.0,-101.0,50.0,-804.0,-248.0,-682.0,0
13.0,-122.0,43.0,-649.0,-283.0,-554.0,0
5.0,-124.0,17.0,-376.0,-271.0,-427.0,0
3.0,-119.0,-18.0,-121.0,-200.0,-309.0,0
0.0,-108.0,-61.0,185.0,-128.0,-224.0,0
-2.0,-89.0,-88.0,448.0,-64.0,-190.0,0
0.0,-69.0,-108.0,649.0,-78.0,-193.0,0
17.0,-60.0,-111.0,784.0,-183.0,-229.0,0
31.0,-54.0,-100.0,864.0,-360.0,-298.0,0
39.0,-51.0,-93.0,912.0,-572.0,-386.0,0
47.0,-42.0,-106.0,944.0,-766.0,-467.0,0
41.0,-31.0,-181.0,931.0,-931.0,-527.0,0
20.0,-15.0,-253.0,775.0,-1110.0,-554.0,0
-22.0,-9.0,-276.0,441.0,-1302.0,-554.0,0
-77.0,-14.0,-279.0,28.0,-1402.0,-492.0,0
-127.0,-23.0,-316.0,-466.0,-1266.0,-320.0,0
-116.0,-75.0,-368.0,-1143.0,-813.0,-1.0,0
-64.0,-204.0,-296.0,-1971.0,-104.0,438.0,0
-15.0,-421.0,-28.0,-2594.0,680.0,902.0,0
-13.0,-606.0,161.0,-2791.0,1243.0,1297.0,0
-56.0,-739.0,275.0,-2646.0,1416.0,1582.0,0
-68.0,-806.0,288.0,-2222.0,1245.0,1807.0,0
-61.0,-834.0,140.0,-1627.0,783.0,1945.0,0
-23.0,-782.0,-80.0,-1233.0,63.0,2001.0,0
59.0,-771.0,-280.0,-1227.0,-785.0,1992.0,0
155.0,-798.0,-380.0,-1535.0,-1372.0,1784.0,0
204.0,-825.0,-374.0,-1825.0,-1345.0,1243.0,0
143.0,-791.0,-292.0,-1756.0,-632.0,449.0,0
43.0,-707.0,-188.0,-1125.0,486.0,-290.0,0
-43.0,-638.0,-113.0,-20.0,1521.0,-831.0,0
-113.0,-568.0,-53.0,1288.0,2179.0,-1194.0,0
-158.0,-501.0,6.0,2549.0,2425.0,-1410.0,0
-177.0,-431.0,42.0,3354.0,2309.0,-1544.0,0
-172.0,-368.0,53.0,3931.0,2032.0,-1636.0,0
-158.0,-311.0,39.0,3931.0,1592.0,-1687.0,0
-140.0,-258.0,27.0,3357.0,1175.0,-1732.0,0
-150.0,-185.0,33.0,2371.0,883.0,-1758.0,0
-173.0,-148.0,51.0,1205.0,756.0,-1730.0,0
-200.0,-140.0,69.0,49.0,784.0,-1641.0,0
-196.0,-183.0,84.0,-948.0,923.0,-1484.0,0
-92.0,-278.0,107.0,-1735.0,1103.0,-1286.0,0
-23.0,-354.0,127.0,-2312.0,1244.0,-1178.0,0
35.0,-412.0,134.0,-2619.0,1358.0,-1114.0,0
81.0,-453.0,125.0,-2663.0,1471.0,-1033.0,0
119.0,-451.0,108.0,-2527.0,1573.0,-958.0,0
142.0,-438.0,80.0,-2259.0,1636.0,-911.0,0
159.0,-406.0,52.0,-1910.0,1654.0,-873.0,0
162.0,-369.0,43.0,-1511.0,1646.0,-830.0,0
167.0,-332.0,28.0,-1092.0,1624.0,-785.0,0
182.0,-297.0,2.0,-702.0,1621.0,-723.0,0
186.0,-259.0,-20.0,-374.0,1673.0,-628.0,0
174.0,-218.0,-44.0,-111.0,1778.0,-524.0,0
143.0,-177.0,-73.0,140.0,1911.0,-416.0,0
114.0,-137.0,-108.0,394.0,2044.0,-285.0,0
87.0,-86.0,-119.0,635.0,2141.0,-174.0,0
69.0,-34.0,-131.0,879.0,2221.0,-156.0,0
40.0,25.0,-117.0,1107.0,2297.0,-254.0,0
9.0,87.0,-111.0,1334.0,2350.0,-408.0,0
-33.0,150.0,-91.0,1544.0,2326.0,-535.0,0
-79.0,190.0,-89.0,1734.0,2210.0,-556.0,0
-110.0,201.0,-100.0,1817.0,1996.0,-440.0,0
-138.0,195.0,-100.0,1701.0,1695.0,-232.0,0
-149.0,154.0,-88.0,1441.0,1352.0,19.0,0
-130.0,77.0,-47.0,938.0,1088.0,275.0,0
-71.0,-3.0,14.0,344.0,755.0,434.0,0
-30.0,-84.0,62.0,-163.0,385.0,487.0,0
-8.0,-130.0,81.0,-450.0,62.0,457.0,0
7.0,-161.0,76.0,-475.0,-116.0,429.0,0
12.0,-175.0,50.0,-287.0,-135.0,398.0,0
16.0,-171.0,10.0,0.0,-39.0,359.0,0
15.0,-143.0,-25.0,289.0,126.0,333.0,0
15.0,-100.0,-52.0,539.0,300.0,359.0,0
5.0,-52.0,-68.0,750.0,451.0,446.0,0
-4.0,-13.0,-63.0,926.0,564.0,580.0,0
-16.0,10.0,-71.0,1071.0,634.0,734.0,0
-35.0,29.0,-196.0,1151.0,664.0,871.0,0
-19.0,40.0,-240.0,1061.0,708.0,980.0,0
0.0,23.0,-314.0,804.0,780.0,1032.0,0
55.0,0.0,-318.0,517.0,901.0,1040.0,0
128.0,-43.0,-313.0,270.0,1056.0,999.0,0
194.0,-105.0,-304.0,-80.0,1095.0,850.0,0
253.0,-226.0,-187.0,-745.0,780.0,508.0,0
245.0,-395.0,-24.0,-1474.0,17.0,-66.0,0
167.0,-563.0,108.0,-1941.0,-891.0,-743.0,0
89.0,-702.0,203.0,-2166.0,-1472.0,-1307.0,0
42.0,-824.0,262.0,-2240.0,-1617.0,-1667.0,0
18.0,-969.0,206.0,-2048.0,-1435.0,-1936.0,0
-9.0,-1023.0,-42.0,-1686.0,-921.0,-2228.0,0
-102.0,-1005.0,-312.0,-1526.0,-53.0,-2470.0,0
-237.0,-942.0,-396.0,-1647.0,874.0,-2438.0,0
-367.0,-880.0,-374.0,-1623.0,1272.0,-2008.0,0
-415.0,-813.0,-280.0,-1290.0,919.0,-1152.0,0
-276.0,-720.0,-171.0,-745.0,101.0,-131.0,0
-109.0,-606.0,-89.0,286.0,-743.0,504.0,0
-23.0,-501.0,-36.0,1472.0,-1226.0,763.0,0
35.0,-401.0,12.0,2575.0,-1616.0,840.0,0
65.0,-303.0,47.0,3461.0,-1864.0,879.0,0
66.0,-215.0,50.0,4029.0,-1977.0,900.0,0
49.0,-142.0,47.0,4216.0,-1927.0,939.0,0
33.0,-79.0,30.0,3981.0,-1768.0,1017.0,0
37.0,-42.0,19.0,3331.0,-1592.0,1132.0,0
64.0,-26.0,6.0,2381.0,-1462.0,1246.0,0
98.0,-38.0,7.0,1247.0,-1366.0,1330.0,0
125.0,-83.0,25.0,59.0,-1285.0,1393.0,0
134.0,-195.0,50.0,-1048.0,-1229.0,1427.0,0
90.0,-321.0,101.0,-2008.0,-1190.0,1399.0,0
32.0,-438.0,168.0,-2685.0,-1170.0,1360.0,0
-2.0,-505.0,178.0,-2936.0,-1207.0,1331.0,0
-28.0,-544.0,163.0,-2834.0,-1282.0,1326.0,0
-44.0,-547.0,126.0,-2534.0,-1339.0,1349.0,0
-46.0,-505.0,80.0,-2149.0,-1377.0,1363.0,0
-52.0,-427.0,27.0,-1772.0,-1353.0,1399.0,0
-60.0,-356.0,-10.0,-1416.0,-1277.0,1411.0,0
-78.0,-294.0,-43.0,-1096.0,-1153.0,1405.0,0
-82.0,-240.0,-72.0,-840.0,-1004.0,1360.0,0
-98.0,-194.0,-80.0,-661.0,-824.0,1294.0,0
-109.0,-163.0,-72.0,-514.0,-646.0,1182.0,0
-139.0,-135.0,-68.0,-379.0,-515.0,1015.0,0
-150.0,-109.0,-70.0,-249.0,-471.0,836.0,0
-167.0,-85.0,-76.0,-162.0,-546.0,671.0,0
-143.0,-57.0,-68.0,-141.0,-747.0,567.0,0
-92.0,-17.0,-57.0,-89.0,-1050.0,474.0,0
-46.0,34.0,-65.0,6.0,-1359.0,374.0,0
13.0,77.0,-74.0,176.0,-1530.0,311.0,0
92.0,118.0,-85.0,388.0,-1613.0,212.0,0
145.0,129.0,-116.0,591.0,-1539.0,-30.0,0
149.0,115.0,-133.0,663.0,-1322.0,-337.0,0
150.0,77.0,-135.0,533.0,-1004.0,-568.0,0
119.0,22.0,-109.0,291.0,-696.0,-770.0,0
80.0,-26.0,-68.0,20.0,-450.0,-907.0,0
60.0,-68.0,-24.0,-139.0,-327.0,-927.0,0
45.0,-88.0,-11.0,-139.0,-330.0,-891.0,0
35.0,-89.0,-13.0,-12.0,-389.0,-826.0,0
25.0,-82.0,-25.0,187.0,-423.0,-732.0,0
9.0,-66.0,-53.0,406.0,-385.0,-624.0,0
-6.0,-51.0,-74.0,601.0,-281.0,-514.0,0
-24.0,-29.0,-93.0,744.0,-133.0,-424.0,0
-35.0,-10.0,-115.0,831.0,20.0,-383.0,0
-37.0,-5.0,-123.0,848.0,141.0,-380.0,0
-27.0,-5.0,-126.0,797.0,195.0,-403.0,0
-14.0,-9.0,-117.0,686.0,162.0,-445.0,0
-3.0,-12.0,-96.0,545.0,45.0,-490.0,0
-1.0,-21.0,-80.0,420.0,-132.0,-527.0,0
3.0,-17.0,-99.0,342.0,-325.0,-555.0,0
2.0,-9.0,-185.0,272.0,-541.0,-578.0,0
-18.0,-12.0,-233.0,102.0,-826.0,-597.0,0
-62.0,-37.0,-251.0,-109.0,-1165.0,-618.0,0
-128.0,-36.0,-272.0,-318.0,-1431.0,-571.0,0
-154.0,-49.0,-387.0,-645.0,-1390.0,-360.0,0
-130.0,-134.0,-461.0,-1252.0,-917.0,15.0,0
-72.0,-294.0,-330.0,-2043.0,-97.0,542.0,0
-6.0,-489.0,-97.0,-2616.0,747.0,1094.0,0
-2.0,-682.0,142.0,-2792.0,1285.0,1473.0,0
-11.0,-827.0,319.0,-2653.0,1401.0,1694.0,0
-45.0,-939.0,367.0,-2104.0,1176.0,1823.0,0
-27.0,-936.0,265.0,-1234.0,548.0,1959.0,0
70.0,-888.0,4.0,-274.0,-264.0,2052.0,0
157.0,-815.0,-257.0,203.0,-1015.0,1972.0,0
242.0,-805.0,-419.0,-19.0,-1440.0,1641.0,0
264.0,-809.0,-426.0,-697.0,-1295.0,1018.0,0
139.0,-717.0,-290.0,-1237.0,-499.0,140.0,0
21.0,-636.0,-177.0,-1034.0,686.0,-599.0,0
-65.0,-564.0,-89.0,-208.0,1769.0,-1041.0,0
-117.0,-494.0,-38.0,899.0,2470.0,-1264.0,0
-144.0,-422.0,5.0,1957.0,2734.0,-1357.0,0
-141.0,-364.0,29.0,2715.0,2610.0,-1410.0,0
-126.0,-312.0,36.0,2999.0,2244.0,-1473.0,0
-112.0,-259.0,17.0,2745.0,1800.0,-1557.0,0
-122.0,-211.0,17.0,2041.0,1401.0,-1667.0,0
-144.0,-167.0,38.0,1115.0,1156.0,-1739.0,0
-179.0,-146.0,63.0,178.0,1068.0,-1704.0,0
-224.0,-148.0,70.0,-615.0,1049.0,-1537.0,0
-229.0,-203.0,72.0,-1232.0,1057.0,-1261.0,0
-150.0,-290.0,70.0,-1715.0,1093.0,-995.0,0
-102.0,-352.0,68.0,-2069.0,1135.0,-885.0,0
-66.0,-388.0,56.0,-2287.0,1208.0,-861.0,0
-21.0,-407.0,46.0,-2378.0,1325.0,-836.0,0
11.0,-394.0,35.0,-2360.0,1460.0,-806.0,0
43.0,-371.0,22.0,-2250.0,1595.0,-782.0,0
57.0,-336.0,28.0,-2071.0,1707.0,-775.0,0
62.0,-304.0,31.0,-1822.0,1787.0,-768.0,0
71.0,-268.0,33.0,-1546.0,1827.0,-727.0,0
87.0,-244.0,21.0,-1297.0,1837.0,-655.0,0
105.0,-223.0,11.0,-1130.0,1833.0,-564.0,0
113.0,-193.0,-13.0,-963.0,1828.0,-417.0,0
130.0,-168.0,-26.0,-847.0,1816.0,-204.0,0
145.0,-135.0,-50.0,-741.0,1796.0,-37.0,0
161.0,-103.0,-36.0,-606.0,1782.0,93.0,0
170.0,-68.0,-33.0,-387.0,1782.0,82.0,0
157.0,-25.0,-18.0,-53.0,1781.0,-65.0,0
113.0,26.0,-9.0,384.0,1743.0,-276.0,0
48.0,76.0,-27.0,878.0,1617.0,-423.0,0
-4.0,113.0,-57.0,1327.0,1391.0,-442.0,0
-48.0,135.0,-101.0,1615.0,1075.0,-329.0,0
-68.0,131.0,-143.0,1687.0,735.0,-160.0,0
-81.0,110.0,-164.0,1510.0,432.0,11.0,0
-54.0,54.0,-168.0,1128.0,206.0,171.0,0
-3.0,-15.0,-137.0,650.0,47.0,297.0,0
14.0,-60.0,-94.0,262.0,-56.0,304.0,0
13.0,-94.0,-65.0,79.0,-69.0,270.0,0
16.0,-117.0,-40.0,84.0,28.0,251.0,0
19.0,-129.0,-30.0,207.0,213.0,251.0,0
24.0,-125.0,-27.0,382.0,439.0,256.0,0
28.0,-110.0,-23.0,566.0,653.0,276.0,0
32.0,-79.0,-17.0,756.0,802.0,316.0,0
34.0,-51.0,-5.0,956.0,856.0,387.0,0
33.0,-40.0,0.0,1159.0,813.0,496.0,0
34.0,-25.0,-40.0,1337.0,724.0,603.0,0
36.0,6.0,-166.0,1402.0,669.0,684.0,0
48.0,39.0,-219.0,1240.0,706.0,736.0,0
61.0,76.0,-362.0,843.0,878.0,757.0,0
125.0,102.0,-426.0,168.0,1226.0,781.0,0
213.0,89.0,-505.0,-644.0,1711.0,794.0,0
302.0,4.0,-495.0,-1449.0,2160.0,735.0,0
372.0,-194.0,-330.0,-1998.0,2138.0,478.0,0
343.0,-429.0,-143.0,-2432.0,1382.0,-101.0,0
203.0,-624.0,32.0,-2597.0,512.0,-885.0,0
66.0,-793.0,192.0,-2587.0,-417.0,-1462.0,0
-50.0,-903.0,298.0,-2290.0,-973.0,-2043.0,0
-153.0,-1028.0,293.0,-1530.0,-1133.0,-2412.0,0
-283.0,-1104.0,91.0,-464.0,-880.0,-2573.0,0
-367.0,-1053.0,-230.0,312.0,-231.0,-2486.0,0
-426.0,-943.0,-450.0,291.0,408.0,-2354.0,0
-561.0,-860.0,-589.0,-472.0,678.0,-2163.0,0
-527.0,-780.0,-496.0,-1422.0,538.0,-1526.0,0
-308.0,-699.0,-319.0,-1842.0,-29.0,-489.0,0
-136.0,-635.0,-181.0,-1383.0,-863.0,335.0,0
2.0,-554.0,-77.0,-257.0,-1619.0,701.0,0
87.0,-461.0,-16.0,1210.0,-2116.0,727.0,0
125.0,-372.0,17.0,2648.0,-2374.0,622.0,0
123.0,-280.0,28.0,3743.0,-2412.0,556.0,0
120.0,-195.0,29.0,4310.0,-2259.0,640.0,0
116.0,-128.0,9.0,4297.0,-1999.0,882.0,0
158.0,-63.0,23.0,3730.0,-1755.0,1212.0,0
209.0,-40.0,25.0,2778.0,-1640.0,1472.0,0
259.0,-53.0,34.0,1642.0,-1642.0,1586.0,0
287.0,-110.0,35.0,547.0,-1686.0,1560.0,0
287.0,-220.0,43.0,-403.0,-1708.0,1448.0,0
213.0,-332.0,67.0,-1192.0,-1646.0,1329.0,0
140.0,-419.0,100.0,-1774.0,-1518.0,1286.0,0
71.0,-488.0,117.0,-2105.0,-1409.0,1329.0,0
12.0,-524.0,102.0,-2215.0,-1344.0,1405.0,0
-33.0,-520.0,96.0,-2152.0,-1292.0,1473.0,0
-45.0,-475.0,58.0,-1927.0,-1263.0,1495.0,0
-56.0,-425.0,36.0,-1579.0,-1215.0,1484.0,0
-86.0,-379.0,13.0,-1234.0,-1174.0,1424.0,0
-106.0,-333.0,-19.0,-787.0,-1126.0,1345.0,0
-127.0,-302.0,-32.0,-399.0,-1037.0,1275.0,0
-142.0,-272.0,-44.0,-61.0,-920.0,1154.0,0
-157.0,-248.0,-49.0,237.0,-782.0,992.0,0
-154.0,-222.0,-61.0,460.0,-641.0,803.0,0
-157.0,-193.0,-73.0,594.0,-529.0,585.0,0
-149.0,-158.0,-94.0,670.0,-484.0,367.0,0
-130.0,-108.0,-88.0,703.0,-537.0,185.0,0
-101.0,-43.0,-79.0,763.0,-684.0,62.0,0
-50.0,58.0,-62.0,897.0,-889.0,-2.0,0
-10.0,151.0,-66.0,1129.0,-1080.0,-23.0,0
45.0,243.0,-72.0,1371.0,-1178.0,-22.0,0
80.0,291.0,-84.0,1573.0,-1171.0,-71.0,0
91.0,304.0,-124.0,1641.0,-1098.0,-219.0,0
75.0,266.0,-155.0,1446.0,-999.0,-401.0,0
29.0,187.0,-166.0,985.0,-924.0,-536.0,0
8.0,105.0,-142.0,360.0,-863.0,-595.0,0
-4.0,25.0,-104.0,-207.0,-828.0,-581.0,0
-4.0,-33.0,-89.0,-553.0,-829.0,-557.0,0
-9.0,-79.0,-87.0,-667.0,-817.0,-530.0,0
1.0,-113.0,-85.0,-593.0,-754.0,-498.0,0
6.0,-132.0,-87.0,-386.0,-626.0,-451.0,0
5.0,-141.0,-86.0,-111.0,-458.0,-415.0,0
3.0,-135.0,-83.0,178.0,-294.0,-405.0,0
2.0,-125.0,-77.0,460.0,-189.0,-427.0,0
5.0,-101.0,-72.0,714.0,-166.0,-462.0,0
30.0,-86.0,-59.0,926.0,-205.0,-501.0,0
50.0,-62.0,-42.0,1116.0,-270.0,-566.0,0
64.0,-52.0,-38.0,1257.0,-337.0,-649.0,0
70.0,-34.0,-38.0,1400.0,-375.0,-726.0,0
68.0,-10.0,-61.0,1482.0,-395.0,-764.0,0
63.0,10.0,-153.0,1456.0,-416.0,-762.0,0
34.0,19.0,-245.0,1233.0,-520.0,-740.0,0
-21.0,9.0,-301.0,815.0,-734.0,-694.0,0
-70.0,-7.0,-310.0,339.0,-944.0,-596.0,0
-82.0,-38.0,-371.0,-176.0,-975.0,-370.0,0
-46.0,-108.0,-422.0,-829.0,-748.0,-14.0,0
12.0,-250.0,-273.0,-1587.0,-226.0,472.0,0
45.0,-422.0,-2.0,-2058.0,449.0,969.0,0
30.0,-588.0,215.0,-2099.0,965.0,1336.0,0
-23.0,-690.0,325.0,-1826.0,1083.0,1533.0,0
-86.0,-730.0,273.0,-1289.0,817.0,1636.0,0
-106.0,-755.0,104.0,-676.0,422.0,1722.0,0
-94.0,-687.0,-99.0,-320.0,-17.0,1812.0,0
-42.0,-706.0,-265.0,-382.0,-561.0,1872.0,0
37.0,-736.0,-342.0,-798.0,-1065.0,1822.0,0
134.0,-759.0,-340.0,-1243.0,-1205.0,1466.0,0
129.0,-751.0,-270.0,-1380.0,-753.0,755.0,0
37.0,-698.0,-163.0,-1015.0,119.0,-19.0,0
-43.0,-655.0,-84.0,-195.0,987.0,-584.0,0
-108.0,-608.0,-29.0,840.0,1544.0,-967.0,0
-143.0,-560.0,9.0,1862.0,1763.0,-1252.0,0
-139.0,-492.0,42.0,2682.0,1735.0,-1459.0,0
-116.0,-432.0,49.0,3160.0,1545.0,-1592.0,0
-92.0,-372.0,43.0,3223.0,1283.0,-1674.0,0
-70.0,-311.0,38.0,2891.0,1061.0,-1715.0,0
-59.0,-247.0,45.0,2266.0,954.0,-1717.0,0
-59.0,-189.0,55.0,1637.0,953.0,-1694.0,0
-75.0,-146.0,74.0,773.0,1016.0,-1640.0,0
-74.0,-126.0,94.0,-95.0,1102.0,-1496.0,0
-23.0,-175.0,107.0,-888.0,1247.0,-1316.0,0
32.0,-246.0,115.0,-1578.0,1402.0,-1125.0,0
74.0,-300.0,127.0,-2128.0,1528.0,-1015.0,0
112.0,-347.0,122.0,-2503.0,1636.0,-901.0,0
134.0,-380.0,104.0,-2698.0,1709.0,-796.0,0
161.0,-390.0,82.0,-2729.0,1746.0,-712.0,0
173.0,-386.0,51.0,-2600.0,1761.0,-630.0,0
188.0,-375.0,21.0,-2340.0,1773.0,-543.0,0
188.0,-360.0,6.0,-2004.0,1789.0,-459.0,0
178.0,-345.0,-15.0,-1624.0,1819.0,-393.0,0
170.0,-322.0,-30.0,-1232.0,1879.0,-326.0,0
145.0,-295.0,-51.0,-843.0,1992.0,-264.0,0
110.0,-254.0,-75.0,-449.0,2160.0,-207.0,0
66.0,-214.0,-104.0,-67.0,2322.0,-129.0,0
38.0,-174.0,-134.0,295.0,2419.0,-47.0,0
14.0,-128.0,-152.0,623.0,2439.0,-18.0,0
-8.0,-81.0,-158.0,922.0,2424.0,-71.0,0
-42.0,-15.0,-138.0,1202.0,2401.0,-206.0,0
-83.0,47.0,-117.0,1479.0,2362.0,-387.0,0
-125.0,107.0,-99.0,1742.0,2260.0,-519.0,0
-162.0,151.0,-89.0,1954.0,2067.0,-540.0,0
-178.0,168.0,-98.0,2036.0,1772.0,-447.0,0
-185.0,164.0,-106.0,1914.0,1405.0,-296.0,0
-177.0,132.0,-118.0,1549.0,1014.0,-117.0,0
-142.0,60.0,-85.0,961.0,653.0,78.0,0
-78.0,-22.0,-36.0,286.0,328.0,245.0,0
-29.0,-86.0,16.0,-264.0,37.0,295.0,0
-13.0,-126.0,55.0,-505.0,-161.0,288.0,0
8.0,-160.0,64.0,-538.0,-215.0,289.0,0
23.0,-174.0,45.0,-340.0,-174.0,276.0,0
33.0,-156.0,15.0,-27.0,-36.0,251.0,0
42.0,-120.0,-13.0,308.0,147.0,227.0,0
50.0,-71.0,-34.0,620.0,325.0,240.0,0
46.0,-25.0,-45.0,903.0,468.0,314.0,0
31.0,2.0,-14.0,1151.0,559.0,451.0,0
12.0,26.0,-42.0,1351.0,594.0,609.0,0
-9.0,27.0,-94.0,1467.0,588.0,762.0,0
-11.0,46.0,-224.0,1424.0,578.0,893.0,0
0.0,27.0,-261.0,1120.0,629.0,991.0,0
32.0,25.0,-339.0,689.0,734.0,1038.0,0
82.0,-25.0,-327.0,298.0,947.0,1067.0,0
179.0,-88.0,-322.0,15.0,1138.0,1036.0,0
278.0,-161.0,-283.0,-483.0,1028.0,826.0,0
347.0,-296.0,-153.0,-1287.0,419.0,364.0,0
319.0,-492.0,26.0,-1916.0,-489.0,-323.0,0
248.0,-638.0,120.0,-2176.0,-1165.0,-1030.0,0
182.0,-760.0,222.0,-2282.0,-1404.0,-1589.0,0
142.0,-903.0,234.0,-2264.0,-1412.0,-2027.0,0
99.0,-1022.0,75.0,-2088.0,-1160.0,-2422.0,0
-2.0,-1054.0,-227.0,-1921.0,-407.0,-2713.0,0
-170.0,-1012.0,-360.0,-1921.0,710.0,-2746.0,0
-349.0,-947.0,-376.0,-1958.0,1517.0,-2424.0,0
-489.0,-881.0,-308.0,-1769.0,1533.0,-1615.0,0
-446.0,-782.0,-176.0,-1230.0,907.0,-379.0,0
-270.0,-695.0,-83.0,-242.0,39.0,736.0,0
-163.0,-593.0,-27.0,1056.0,-801.0,1294.0,0
-102.0,-488.0,46.0,2420.0,-1507.0,1458.0,0
-48.0,-381.0,56.0,3415.0,-2066.0,1441.0,0
-21.0,-267.0,44.0,4368.0,-2354.0,1363.0,0
-18.0,-169.0,34.0,4819.0,-2470.0,1312.0,0
-20.0,-104.0,26.0,4671.0,-2342.0,1305.0,0
-11.0,-41.0,40.0,4014.0,-2126.0,1337.0,0
15.0,-7.0,51.0,3036.0,-1939.0,1388.0,0
50.0,-9.0,50.0,1853.0,-1795.0,1441.0,0
69.0,-39.0,58.0,585.0,-1710.0,1455.0,0
81.0,-126.0,77.0,-623.0,-1713.0,1412.0,0
30.0,-242.0,95.0,-1650.0,-1754.0,1346.0,0
19.0,-324.0,130.0,-2386.0,-1738.0,1319.0,0
7.0,-427.0,140.0,-2716.0,-1681.0,1316.0,0
-8.0,-455.0,113.0,-2695.0,-1621.0,1330.0,0
-8.0,-457.0,93.0,-2493.0,-1606.0,1354.0,0
-9.0,-424.0,43.0,-2229.0,-1638.0,1394.0,0
-6.0,-369.0,15.0,-1959.0,-1660.0,1432.0,0
-7.0,-314.0,-25.0,-1663.0,-1663.0,1442.0,0
-5.0,-270.0,-57.0,-1374.0,-1626.0,1452.0,0
-20.0,-244.0,-70.0,-1122.0,-1530.0,1492.0,0
-4.0,-223.0,-79.0,-885.0,-1430.0,1494.0,0
-8.0,-204.0,-88.0,-668.0,-1329.0,1449.0,0
-26.0,-183.0,-100.0,-473.0,-1271.0,1330.0,0
-25.0,-149.0,-107.0,-308.0,-1255.0,1164.0,0
-21.0,-131.0,-144.0,-185.0,-1251.0,1005.0,0
-13.0,-122.0,-130.0,-88.0,-1246.0,883.0,0
34.0,-76.0,-101.0,9.0,-1248.0,724.0,0
58.0,-38.0,-131.0,151.0,-1204.0,540.0,0
85.0,-5.0,-100.0,300.0,-1116.0,295.0,0
121.0,22.0,-97.0,419.0,-955.0,42.0,0
134.0,38.0,-89.0,451.0,-718.0,-193.0,0
142.0,39.0,-69.0,430.0,-471.0,-422.0,0
106.0,10.0,-68.0,337.0,-290.0,-617.0,0
73.0,-30.0,-44.0,202.0,-97.0,-716.0,0
40.0,-87.0,-32.0,50.0,40.0,-785.0,0
21.0,-125.0,-18.0,-57.0,117.0,-762.0,0
9.0,-138.0,-9.0,-29.0,138.0,-693.0,0
-7.0,-127.0,-22.0,173.0,134.0,-633.0,0
-16.0,-100.0,-42.0,496.0,131.0,-559.0,0
-35.0,-50.0,-64.0,848.0,134.0,-476.0,0
-40.0,0.0,-107.0,1140.0,134.0,-405.0,0
-38.0,40.0,-118.0,1306.0,146.0,-350.0,0
-38.0,66.0,-148.0,1334.0,157.0,-307.0,0
-25.0,80.0,-148.0,1218.0,149.0,-286.0,0
-10.0,86.0,-162.0,992.0,115.0,-294.0,0
-2.0,86.0,-142.0,707.0,63.0,-328.0,0
4.0,77.0,-121.0,417.0,1.0,-367.0,0
3.0,72.0,-82.0,170.0,-64.0,-396.0,0
-5.0,66.0,-137.0,-18.0,-137.0,-402.0,0
-20.0,45.0,-209.0,-199.0,-248.0,-388.0,0
-41.0,13.0,-248.0,-404.0,-428.0,-364.0,0
-83.0,-8.0,-274.0,-596.0,-635.0,-323.0,0
-114.0,-22.0,-302.0,-832.0,-738.0,-201.0,0
-119.0,-65.0,-371.0,-1198.0,-604.0,40.0,0
-84.0,-143.0,-380.0,-1739.0,-220.0,357.0,0
-50.0,-295.0,-256.0,-2303.0,330.0,740.0,0
-2.0,-483.0,0.0,-2582.0,804.0,1128.0,0
3.0,-648.0,209.0,-2451.0,995.0,1417.0,0
-16.0,-745.0,355.0,-1999.0,823.0,1612.0,0
-33.0,-818.0,358.0,-1274.0,315.0,1686.0,0
-57.0,-827.0,184.0,-606.0,-321.0,1759.0,0
-11.0,-751.0,-53.0,38.0,-741.0,1878.0,0
36.0,-757.0,-286.0,79.0,-1093.0,1919.0,0
116.0,-768.0,-413.0,-510.0,-1280.0,1754.0,0
149.0,-828.0,-408.0,-1387.0,-1153.0,1261.0,0
83.0,-804.0,-290.0,-2064.0,-498.0,495.0,0
-21.0,-747.0,-155.0,-1989.0,518.0,-311.0,0
-86.0,-694.0,-61.0,-1149.0,1446.0,-909.0,0
-151.0,-607.0,2.0,120.0,2002.0,-1291.0,0
-160.0,-552.0,21.0,1439.0,2178.0,-1497.0,0
-149.0,-488.0,52.0,2478.0,2067.0,-1582.0,0
-126.0,-430.0,53.0,3000.0,1775.0,-1648.0,0
-119.0,-363.0,44.0,2958.0,1420.0,-1727.0,0
-136.0,-298.0,51.0,2439.0,1101.0,-1806.0,0
-128.0,-254.0,47.0,1637.0,874.0,-1815.0,0
-142.0,-206.0,50.0,727.0,769.0,-1727.0,0
-160.0,-186.0,66.0,-156.0,753.0,-1571.0,0
-153.0,-213.0,77.0,-942.0,798.0,-1339.0,0
-69.0,-291.0,86.0,-1612.0,905.0,-1064.0,0
-9.0,-350.0,88.0,-2132.0,1035.0,-904.0,0
35.0,-390.0,90.0,-2448.0,1187.0,-826.0,0
79.0,-410.0,72.0,-2546.0,1373.0,-758.0,0
107.0,-415.0,63.0,-2456.0,1576.0,-686.0,0
122.0,-400.0,60.0,-2245.0,1724.0,-636.0,0
121.0,-378.0,58.0,-1929.0,1794.0,-584.0,0
129.0,-354.0,39.0,-1572.0,1799.0,-514.0,0
140.0,-327.0,21.0,-1231.0,1780.0,-420.0,0
141.0,-289.0,-7.0,-955.0,1716.0,-357.0,0
154.0,-258.0,-12.0,-736.0,1653.0,-310.0,0
164.0,-233.0,-19.0,-509.0,1680.0,-211.0,0
161.0,-199.0,-33.0,-310.0,1754.0,-82.0,0
168.0,-174.0,-51.0,-30.0,1826.0,34.0,0
173.0,-139.0,-67.0,287.0,1922.0,79.0,0
165.0,-88.0,-68.0,649.0,2034.0,31.0,0
133.0,-23.0,-78.0,1043.0,2144.0,-125.0,0
79.0,56.0,-75.0,1420.0,2187.0,-337.0,0
7.0,138.0,-79.0,1740.0,2120.0,-464.0,0
-59.0,210.0,-80.0,1955.0,1931.0,-424.0,0
-112.0,238.0,-110.0,1992.0,1674.0,-216.0,0
-136.0,240.0,-124.0,1800.0,1398.0,86.0,0
-136.0,193.0,-119.0,1357.0,1126.0,394.0,0
-79.0,100.0,-96.0,736.0,865.0,620.0,0
-45.0,33.0,-58.0,94.0,615.0,668.0,0
-26.0,-17.0,-29.0,-342.0,442.0,623.0,0
-15.0,-56.0,-21.0,-510.0,382.0,576.0,0
-6.0,-74.0,-14.0,-487.0,391.0,509.0,0
-6.0,-85.0,-40.0,-353.0,416.0,411.0,0
-1.0,-70.0,-55.0,-184.0,438.0,310.0,0
-3.0,-47.0,-76.0,-26.0,451.0,246.0,0
-2.0,-25.0,-87.0,111.0,464.0,244.0,0
-12.0,-6.0,-93.0,231.0,479.0,298.0,0
-21.0,1.0,-91.0,341.0,490.0,399.0,0
-42.0,-4.0,-80.0,441.0,496.0,507.0,0
-50.0,-11.0,-93.0,510.0,481.0,602.0,0
-56.0,6.0,-194.0,503.0,475.0,680.0,0
-34.0,12.0,-247.0,347.0,540.0,746.0,0
-8.0,20.0,-332.0,75.0,731.0,780.0,0
62.0,19.0,-353.0,-294.0,1084.0,811.0,0
147.0,-17.0,-452.0,-709.0,1590.0,801.0,0
224.0,-107.0,-491.0,-1229.0,2102.0,672.0,0
284.0,-268.0,-320.0,-1708.0,2088.0,321.0,0
249.0,-475.0,-115.0,-2157.0,1433.0,-340.0,0
133.0,-642.0,51.0,-2333.0,127.0,-985.0,0
59.0,-761.0,172.0,-2291.0,-973.0,-1596.0,0
52.0,-862.0,239.0,-1998.0,-1499.0,-1900.0,0
8.0,-969.0,191.0,-1405.0,-1462.0,-2039.0,0
-60.0,-1012.0,-26.0,-619.0,-971.0,-2047.0,0
-168.0,-989.0,-261.0,-125.0,-198.0,-2005.0,0
-261.0,-948.0,-422.0,-227.0,557.0,-1733.0,0
-318.0,-890.0,-421.0,-782.0,943.0,-1280.0,0
-285.0,-826.0,-323.0,-1291.0,776.0,-603.0,0
-165.0,-738.0,-216.0,-1260.0,166.0,102.0,0
-68.0,-657.0,-122.0,-556.0,-497.0,559.0,0
7.0,-563.0,-42.0,597.0,-1003.0,744.0,0
56.0,-475.0,22.0,1896.0,-1327.0,754.0,0
64.0,-390.0,57.0,3078.0,-1517.0,714.0,0
54.0,-302.0,74.0,3936.0,-1596.0,712.0,0
43.0,-217.0,78.0,4342.0,-1571.0,805.0,0
57.0,-147.0,65.0,4273.0,-1486.0,988.0,0
75.0,-87.0,47.0,3751.0,-1420.0,1185.0,0
90.0,-42.0,29.0,2869.0,-1418.0,1364.0,0
93.0,-37.0,13.0,1771.0,-1458.0,1508.0,0
91.0,-63.0,21.0,635.0,-1519.0,1589.0,0
81.0,-156.0,22.0,-416.0,-1569.0,1580.0,0
-15.0,-282.0,68.0,-1387.0,-1556.0,1511.0,0
-67.0,-375.0,117.0,-2105.0,-1544.0,1444.0,0
-89.0,-435.0,130.0,-2479.0,-1597.0,1366.0,0
-102.0,-457.0,136.0,-2590.0,-1654.0,1289.0,0
-124.0,-443.0,102.0,-2511.0,-1654.0,1223.0,0
-124.0,-401.0,61.0,-2322.0,-1628.0,1131.0,0
-120.0,-353.0,16.0,-1974.0,-1577.0,1023.0,0
-126.0,-311.0,-30.0,-1588.0,-1461.0,911.0,0
-125.0,-276.0,-62.0,-1228.0,-1312.0,812.0,0
-122.0,-255.0,-86.0,-901.0,-1188.0,667.0,0
-117.0,-231.0,-111.0,-580.0,-1132.0,490.0,0
-105.0,-202.0,-128.0,-283.0,-1134.0,270.0,0
-102.0,-167.0,-146.0,-18.0,-1177.0,10.0,0
-97.0,-117.0,-137.0,212.0,-1247.0,-213.0,0
-76.0,-57.0,-141.0,442.0,-1338.0,-327.0,0
-29.0,10.0,-114.0,672.0,-1412.0,-322.0,0
30.0,91.0,-97.0,940.0,-1402.0,-269.0,0
97.0,141.0,-92.0,1228.0,-1295.0,-225.0,0
141.0,163.0,-107.0,1456.0,-1107.0,-268.0,0
166.0,169.0,-116.0,1522.0,-877.0,-408.0,0
153.0,143.0,-126.0,1389.0,-662.0,-576.0,0
110.0,82.0,-117.0,1070.0,-495.0,-705.0,0
72.0,27.0,-90.0,631.0,-380.0,-746.0,0
61.0,-36.0,-59.0,232.0,-332.0,-668.0,0
40.0,-72.0,-42.0,11.0,-359.0,-579.0,0
35.0,-99.0,-42.0,-12.0,-408.0,-487.0,0
28.0,-105.0,-58.0,127.0,-422.0,-398.0,0
28.0,-97.0,-78.0,368.0,-362.0,-303.0,0
21.0,-83.0,-98.0,633.0,-233.0,-214.0,0
16.0,-65.0,-114.0,878.0,-75.0,-172.0,0
10.0,-47.0,-126.0,1087.0,59.0,-202.0,0
13.0,-34.0,-126.0,1230.0,138.0,-277.0,0
24.0,-22.0,-117.0,1302.0,150.0,-368.0,0
33.0,-17.0,-93.0,1309.0,105.0,-451.0,0
42.0,-17.0,-62.0,1289.0,16.0,-503.0,0
51.0,-15.0,-52.0,1266.0,-72.0,-526.0,0
49.0,-7.0,-103.0,1237.0,-184.0,-529.0,0
17.0,11.0,-186.0,1115.0,-332.0,-520.0,0
-24.0,6.0,-230.0,839.0,-567.0,-508.0,0
-96.0,-5.0,-244.0,534.0,-824.0,-471.0,0
-152.0,-3.0,-311.0,221.0,-934.0,-340.0,0
-173.0,-28.0,-443.0,-249.0,-794.0,-88.0,0
-164.0,-132.0,-436.0,-1003.0,-389.0,243.0,0
-130.0,-318.0,-239.0,-1755.0,258.0,648.0,0
-82.0,-504.0,24.0,-2223.0,884.0,1087.0,0
-57.0,-658.0,223.0,-2418.0,1188.0,1459.0,0
-51.0,-789.0,304.0,-2329.0,1042.0,1672.0,0
-64.0,-826.0,267.0,-1940.0,648.0,1779.0,0
-17.0,-813.0,84.0,-1363.0,176.0,1898.0,0
35.0,-815.0,-138.0,-1024.0,-452.0,1907.0,0
107.0,-824.0,-305.0,-1154.0,-1176.0,1749.0,0
170.0,-899.0,-370.0,-1538.0,-1569.0,1326.0,0
157.0,-914.0,-319.0,-1842.0,-1245.0,609.0,0
55.0,-832.0,-215.0,-1594.0,-249.0,-220.0,0
-27.0,-754.0,-144.0,-631.0,887.0,-837.0,0
-103.0,-670.0,-84.0,721.0,1701.0,-1225.0,0
-163.0,-587.0,-23.0,2127.0,2073.0,-1432.0,0
-179.0,-483.0,30.0,3331.0,2071.0,-1502.0,0
-170.0,-401.0,37.0,4084.0,1828.0,-1524.0,0
-157.0,-324.0,29.0,4215.0,1469.0,-1537.0,0
-133.0,-253.0,23.0,3709.0,1073.0,-1587.0,0
-128.0,-173.0,24.0,2725.0,743.0,-1671.0,0
-158.0,-101.0,51.0,1518.0,561.0,-1730.0,0
-186.0,-70.0,73.0,566.0,543.0,-1686.0,0
-203.0,-86.0,86.0,-481.0,627.0,-1494.0,0
-113.0,-188.0,98.0,-1338.0,820.0,-1292.0,0
-43.0,-287.0,118.0,-2029.0,997.0,-1154.0,0
23.0,-366.0,126.0,-2474.0,1155.0,-1093.0,0
83.0,-418.0,124.0,-2653.0,1321.0,-1043.0,0
123.0,-444.0,108.0,-2624.0,1452.0,-1014.0,0
145.0,-449.0,87.0,-2447.0,1521.0,-1018.0,0
159.0,-432.0,69.0,-2162.0,1535.0,-1041.0,0
164.0,-399.0,51.0,-1769.0,1521.0,-1044.0,0
167.0,-371.0,27.0,-1320.0,1496.0,-997.0,0
170.0,-340.0,-3.0,-913.0,1466.0,-924.0,0
180.0,-304.0,-35.0,-593.0,1467.0,-826.0,0
166.0,-253.0,-70.0,-339.0,1530.0,-689.0,0
139.0,-209.0,-89.0,-94.0,1666.0,-519.0,0
105.0,-166.0,-102.0,179.0,1855.0,-327.0,0
80.0,-124.0,-116.0,474.0,2038.0,-142.0,0
62.0,-78.0,-117.0,800.0,2166.0,-20.0,0
49.0,-30.0,-115.0,1135.0,2244.0,-10.0,0
30.0,27.0,-110.0,1445.0,2259.0,-123.0,0
-8.0,96.0,-102.0,1734.0,2184.0,-294.0,0
-43.0,159.0,-95.0,1983.0,2010.0,-411.0,0
-77.0,196.0,-117.0,2145.0,1771.0,-407.0,0
-106.0,212.0,-136.0,2119.0,1502.0,-261.0,0
-116.0,198.0,-151.0,1855.0,1229.0,-14.0,0
-112.0,138.0,-130.0,1326.0,958.0,266.0,0
-45.0,43.0,-70.0,619.0,664.0,501.0,0
-5.0,-30.0,-12.0,-51.0,326.0,584.0,0
20.0,-92.0,26.0,-440.0,51.0,590.0,0
31.0,-132.0,42.0,-680.0,-80.0,583.0,0
46.0,-163.0,47.0,-667.0,-75.0,557.0,0
52.0,-171.0,46.0,-456.0,46.0,516.0,0
53.0,-144.0,20.0,-128.0,242.0,456.0,0
51.0,-104.0,3.0,240.0,463.0,419.0,0
41.0,-54.0,-19.0,596.0,655.0,438.0,0
24.0,-14.0,-25.0,902.0,787.0,524.0,0
5.0,10.0,-19.0,1130.0,856.0,646.0,0
-22.0,29.0,-3.0,1273.0,855.0,760.0,0
-50.0,39.0,16.0,1338.0,789.0,850.0,0
-67.0,43.0,25.0,1332.0,657.0,912.0,0
-86.0,41.0,-73.0,1242.0,470.0,941.0,0
-73.0,31.0,-123.0,1012.0,309.0,966.0,0
-49.0,-18.0,-207.0,709.0,208.0,962.0,0
8.0,-70.0,-270.0,517.0,228.0,903.0,0
82.0,-95.0,-372.0,344.0,378.0,806.0,0
159.0,-144.0,-428.0,-178.0,565.0,620.0,0
199.0,-262.0,-311.0,-1047.0,488.0,212.0,0
187.0,-437.0,-122.0,-1789.0,28.0,-412.0,0
127.0,-577.0,8.0,-2206.0,-494.0,-1070.0,0
85.0,-672.0,114.0,-2474.0,-775.0,-1578.0,0
97.0,-794.0,143.0,-2612.0,-941.0,-1915.0,0
128.0,-909.0,22.0,-2550.0,-1032.0,-2178.0,0
110.0,-983.0,-165.0,-2444.0,-772.0,-2390.0,0
25.0,-1006.0,-290.0,-2432.0,12.0,-2384.0,0
-131.0,-970.0,-312.0,-2328.0,860.0,-2059.0,0
-282.0,-922.0,-242.0,-1922.0,1155.0,-1382.0,0
-336.0,-854.0,-138.0,-1146.0,770.0,-411.0,0
-221.0,-761.0,-67.0,11.0,45.0,604.0,0
-121.0,-650.0,-20.0,1108.0,-597.0,1241.0,0
-64.0,-532.0,26.0,2422.0,-964.0,1514.0,0
-23.0,-419.0,64.0,3533.0,-1348.0,1602.0,0
0.0,-309.0,78.0,4350.0,-1675.0,1599.0,0
0.0,-201.0,76.0,4753.0,-1837.0,1553.0,0
-5.0,-121.0,66.0,4665.0,-1783.0,1516.0,0
-5.0,-56.0,69.0,4057.0,-1617.0,1492.0,0
2.0,-8.0,83.0,3046.0,-1471.0,1471.0,0
3.0,6.0,80.0,1826.0,-1392.0,1454.0,0
-4.0,0.0,77.0,557.0,-1372.0,1438.0,0
-16.0,-68.0,65.0,-657.0,-1396.0,1442.0,0
-67.0,-240.0,60.0,-1770.0,-1432.0,1430.0,0
-83.0,-345.0,114.0,-2700.0,-1443.0,1351.0,0
-92.0,-420.0,144.0,-3218.0,-1500.0,1225.0,0
-88.0,-464.0,140.0,-3309.0,-1574.0,1109.0,0
-80.0,-469.0,119.0,-3105.0,-1614.0,1042.0,0
-71.0,-442.0,73.0,-2740.0,-1613.0,1008.0,0
-59.0,-390.0,33.0,-2318.0,-1568.0,994.0,0
-53.0,-333.0,-16.0,-1897.0,-1480.0,982.0,0
-50.0,-288.0,-49.0,-1524.0,-1349.0,978.0,0
-49.0,-250.0,-71.0,-1222.0,-1233.0,952.0,0
-50.0,-216.0,-82.0,-971.0,-1181.0,899.0,0
-43.0,-183.0,-91.0,-738.0,-1217.0,841.0,0
-49.0,-162.0,-103.0,-540.0,-1323.0,750.0,0
-60.0,-137.0,-101.0,-383.0,-1458.0,591.0,0
-62.0,-113.0,-98.0,-233.0,-1621.0,408.0,0
-44.0,-90.0,-102.0,-68.0,-1790.0,253.0,0
-3.0,-62.0,-95.0,116.0,-1891.0,143.0,0
41.0,-37.0,-103.0,329.0,-1885.0,68.0,0
85.0,-3.0,-102.0,547.0,-1765.0,12.0,0
134.0,16.0,-100.0,716.0,-1565.0,-52.0,0
148.0,20.0,-94.0,897.0,-1385.0,-158.0,0
135.0,10.0,-91.0,1004.0,-1160.0,-297.0,0
104.0,-12.0,-93.0,1002.0,-936.0,-413.0,0
58.0,-50.0,-86.0,868.0,-706.0,-530.0,0
32.0,-78.0,-74.0,640.0,-486.0,-562.0,0
11.0,-95.0,-65.0,419.0,-299.0,-496.0,0
2.0,-100.0,-61.0,299.0,-155.0,-412.0,0
0.0,-86.0,-67.0,308.0,-30.0,-344.0,0
-3.0,-63.0,-82.0,422.0,93.0,-269.0,0
-5.0,-35.0,-92.0,578.0,207.0,-196.0,0
-8.0,-9.0,-100.0,720.0,292.0,-164.0,0
-8.0,9.0,-106.0,838.0,335.0,-172.0,0
4.0,16.0,-108.0,921.0,323.0,-209.0,0
14.0,26.0,-104.0,935.0,243.0,-275.0,0
28.0,28.0,-110.0,869.0,104.0,-351.0,0
32.0,25.0,-171.0,730.0,-96.0,-426.0,0
19.0,25.0,-240.0,470.0,-373.0,-487.0,0
-5.0,13.0,-234.0,121.0,-688.0,-526.0,0
-56.0,-7.0,-206.0,-159.0,-938.0,-514.0,0
-93.0,-24.0,-241.0,-351.0,-1007.0,-400.0,0
-105.0,-56.0,-338.0,-624.0,-851.0,-200.0,0
-114.0,-135.0,-373.0,-1145.0,-503.0,5.0,0
-94.0,-255.0,-251.0,-1770.0,-44.0,183.0,0
-69.0,-411.0,-64.0,-2257.0,402.0,407.0,0
-40.0,-580.0,129.0,-2562.0,712.0,736.0,0
-8.0,-744.0,272.0,-2596.0,790.0,1114.0,0
8.0,-843.0,345.0,-2220.0,654.0,1474.0,0
34.0,-869.0,257.0,-1639.0,277.0,1749.0,0
86.0,-869.0,27.0,-865.0,-277.0,1936.0,0
129.0,-827.0,-214.0,-518.0,-720.0,1989.0,0
150.0,-815.0,-347.0,-744.0,-1118.0,1810.0,0
99.0,-807.0,-362.0,-1234.0,-1141.0,1233.0,0
-11.0,-734.0,-270.0,-1519.0,-616.0,464.0,0
-88.0,-681.0,-180.0,-1198.0,298.0,-211.0,0
-142.0,-630.0,-115.0,-332.0,1211.0,-724.0,0
-185.0,-572.0,-68.0,783.0,1881.0,-1122.0,0
-217.0,-493.0,-8.0,1828.0,2222.0,-1417.0,0
-224.0,-432.0,23.0,2554.0,2213.0,-1652.0,0
-220.0,-379.0,40.0,2816.0,1938.0,-1842.0,0
-215.0,-331.0,35.0,2570.0,1541.0,-2019.0,0
-217.0,-287.0,34.0,1925.0,1164.0,-2176.0,0
-241.0,-240.0,43.0,1075.0,872.0,-2294.0,0
-258.0,-196.0,54.0,186.0,662.0,-2305.0,0
-260.0,-205.0,56.0,-654.0,527.0,-2143.0,0
-207.0,-259.0,55.0,-1406.0,503.0,-1805.0,0
-92.0,-337.0,62.0,-2012.0,548.0,-1470.0,0
-27.0,-397.0,74.0,-2415.0,625.0,-1294.0,0
20.0,-437.0,87.0,-2605.0,785.0,-1179.0,0
60.0,-465.0,100.0,-2587.0,984.0,-1082.0,0
96.0,-460.0,112.0,-2369.0,1176.0,-1007.0,0
126.0,-426.0,120.0,-1995.0,1327.0,-951.0,0
137.0,-389.0,126.0,-1522.0,1430.0,-886.0,0
156.0,-350.0,119.0,-1025.0,1464.0,-812.0,0
184.0,-306.0,97.0,-608.0,1446.0,-724.0,0
218.0,-271.0,63.0,-314.0,1416.0,-626.0,0
252.0,-214.0,29.0,-126.0,1400.0,-521.0,0
260.0,-168.0,-4.0,11.0,1429.0,-405.0,0
273.0,-121.0,-35.0,133.0,1506.0,-261.0,0
291.0,-73.0,-68.0,229.0,1598.0,-120.0,0
296.0,-27.0,-84.0,367.0,1683.0,-77.0,0
273.0,49.0,-88.0,535.0,1811.0,-154.0,0
220.0,131.0,-92.0,772.0,1946.0,-363.0,0
133.0,224.0,-96.0,1061.0,2044.0,-566.0,0
28.0,303.0,-120.0,1373.0,2084.0,-606.0,0
-55.0,326.0,-133.0,1600.0,2045.0,-398.0,0
-115.0,315.0,-154.0,1621.0,1928.0,-4.0,0
-144.0,264.0,-166.0,1354.0,1732.0,439.0,0
-127.0,169.0,-151.0,825.0,1473.0,795.0,0
-86.0,69.0,-113.0,132.0,1152.0,954.0,0
-64.0,-19.0,-66.0,-506.0,814.0,924.0,0
-38.0,-86.0,-36.0,-917.0,524.0,810.0,0
-21.0,-131.0,-27.0,-1067.0,304.0,686.0,0
-2.0,-162.0,-16.0,-991.0,152.0,577.0,0
3.0,-172.0,-18.0,-745.0,47.0,464.0,0
9.0,-169.0,-43.0,-426.0,-12.0,361.0,0
15.0,-147.0,-62.0,-118.0,-18.0,288.0,0
13.0,-121.0,-85.0,160.0,44.0,259.0,0
12.0,-99.0,-95.0,420.0,154.0,285.0,0
1.0,-81.0,-92.0,668.0,272.0,357.0,0
-15.0,-67.0,-73.0,915.0,376.0,450.0,0
-30.0,-59.0,-47.0,1162.0,452.0,552.0,0
-47.0,-47.0,-24.0,1397.0,496.0,637.0,0
-59.0,-19.0,-86.0,1573.0,506.0,692.0,0
-54.0,2.0,-120.0,1607.0,521.0,734.0,0
-42.0,9.0,-204.0,1491.0,571.0,748.0,0
-7.0,29.0,-333.0,1181.0,810.0,719.0,0
75.0,32.0,-416.0,734.0,1347.0,663.0,0
145.0,-22.0,-568.0,-91.0,1952.0,518.0,0
183.0,-158.0,-471.0,-1283.0,2471.0,173.0,0
135.0,-355.0,-208.0,-2458.0,1982.0,-331.0,0
20.0,-528.0,-13.0,-3118.0,445.0,-1125.0,0
-42.0,-652.0,154.0,-3203.0,-1088.0,-1727.0,0
-24.0,-776.0,251.0,-2824.0,-1897.0,-1960.0,0
18.0,-873.0,270.0,-2086.0,-2018.0,-2045.0,0
3.0,-946.0,90.0,-1093.0,-1661.0,-2171.0,0
-60.0,-932.0,-172.0,-215.0,-892.0,-2255.0,0
-144.0,-909.0,-391.0,95.0,127.0,-2223.0,0
-269.0,-859.0,-441.0,-284.0,1020.0,-2018.0,0
-355.0,-801.0,-405.0,-992.0,1380.0,-1545.0,0
-326.0,-751.0,-285.0,-1533.0,1033.0,-733.0,0
-154.0,-694.0,-158.0,-1485.0,191.0,227.0,0
-22.0,-627.0,-89.0,-726.0,-745.0,791.0,0
63.0,-547.0,-22.0,431.0,-1472.0,960.0,0
116.0,-460.0,25.0,1676.0,-1947.0,915.0,0
125.0,-372.0,46.0,2758.0,-2165.0,834.0,0
120.0,-295.0,52.0,3457.0,-2108.0,835.0,0
121.0,-233.0,52.0,3679.0,-1854.0,957.0,0
143.0,-187.0,48.0,3396.0,-1527.0,1143.0,0
166.0,-157.0,42.0,2694.0,-1241.0,1346.0,0
194.0,-145.0,51.0,1713.0,-1060.0,1523.0,0
223.0,-156.0,64.0,701.0,-1011.0,1611.0,0
229.0,-200.0,86.0,-153.0,-1046.0,1574.0,0
135.0,-297.0,88.0,-814.0,-1090.0,1486.0,0
70.0,-362.0,110.0,-1330.0,-1055.0,1492.0,0
21.0,-396.0,117.0,-1632.0,-1026.0,1546.0,0
12.0,-408.0,106.0,-1748.0,-1025.0,1597.0,0
-53.0,-401.0,95.0,-1742.0,-986.0,1653.0,0
-68.0,-374.0,78.0,-1641.0,-948.0,1658.0,0
-94.0,-333.0,56.0,-1439.0,-943.0,1621.0,0
-121.0,-300.0,31.0,-1201.0,-944.0,1576.0,0
-136.0,-275.0,0.0,-961.0,-943.0,1522.0,0
-143.0,-251.0,-29.0,-767.0,-907.0,1435.0,0
-131.0,-239.0,-58.0,-623.0,-789.0,1323.0,0
-130.0,-230.0,-85.0,-518.0,-573.0,1140.0,0
-154.0,-220.0,-113.0,-423.0,-307.0,868.0,0
-168.0,-188.0,-113.0,-331.0,-93.0,591.0,0
-161.0,-150.0,-105.0,-179.0,-65.0,377.0,0
-131.0,-74.0,-71.0,59.0,-233.0,233.0,0
-81.0,16.0,-43.0,418.0,-495.0,167.0,0
-18.0,111.0,-37.0,835.0,-751.0,132.0,0
45.0,199.0,-66.0,1204.0,-920.0,37.0,0
81.0,246.0,-93.0,1432.0,-980.0,-150.0,0
101.0,250.0,-136.0,1446.0,-965.0,-398.0,0
111.0,221.0,-163.0,1208.0,-880.0,-629.0,0
77.0,131.0,-184.0,769.0,-775.0,-814.0,0
65.0,57.0,-166.0,202.0,-662.0,-906.0,0
73.0,-10.0,-137.0,-263.0,-580.0,-902.0,0
77.0,-62.0,-115.0,-502.0,-524.0,-867.0,0
77.0,-96.0,-93.0,-518.0,-451.0,-821.0,0
65.0,-115.0,-69.0,-361.0,-328.0,-753.0,0
59.0,-122.0,-51.0,-89.0,-164.0,-669.0,0
35.0,-119.0,-39.0,236.0,4.0,-606.0,0
17.0,-105.0,-28.0,568.0,140.0,-560.0,0
8.0,-90.0,-31.0,871.0,207.0,-530.0,0
7.0,-71.0,-23.0,1131.0,193.0,-516.0,0
6.0,-52.0,-19.0,1331.0,103.0,-518.0,0
8.0,-38.0,-9.0,1436.0,-37.0,-528.0,0
9.0,-23.0,-10.0,1494.0,-165.0,-525.0,0
8.0,-10.0,-18.0,1490.0,-316.0,-504.0,0
1.0,5.0,-61.0,1426.0,-431.0,-484.0,0
-6.0,15.0,-171.0,1257.0,-539.0,-454.0,0
-33.0,26.0,-264.0,909.0,-734.0,-444.0,0
-96.0,24.0,-316.0,424.0,-1058.0,-457.0,0
-183.0,29.0,-375.0,-98.0,-1353.0,-423.0,0
-242.0,14.0,-481.0,-690.0,-1367.0,-216.0,0
-242.0,-82.0,-537.0,-1448.0,-1015.0,200.0,0
-187.0,-276.0,-393.0,-2189.0,-370.0,791.0,0
-93.0,-469.0,-125.0,-2587.0,328.0,1414.0,0
-62.0,-630.0,79.0,-2611.0,718.0,1835.0,0
-69.0,-724.0,226.0,-2393.0,689.0,2027.0,0
-93.0,-801.0,235.0,-1875.0,320.0,2060.0,0
-89.0,-828.0,131.0,-1185.0,-146.0,2095.0,0
-32.0,-799.0,-39.0,-590.0,-687.0,2132.0,0
92.0,-832.0,-226.0,-387.0,-1371.0,1969.0,0
186.0,-892.0,-377.0,-699.0,-1916.0,1442.0,0
237.0,-977.0,-416.0,-1292.0,-1855.0,564.0,0
161.0,-955.0,-319.0,-1746.0,-984.0,-520.0,0
35.0,-830.0,-169.0,-1475.0,345.0,-1411.0,0
-43.0,-727.0,-80.0,-432.0,1472.0,-1879.0,0
-99.0,-633.0,-14.0,1048.0,2062.0,-1987.0,0
-131.0,-551.0,13.0,2569.0,2184.0,-1889.0,0
-123.0,-467.0,28.0,3750.0,1994.0,-1721.0,0
-116.0,-383.0,38.0,4285.0,1581.0,-1605.0,0
-116.0,-297.0,43.0,4068.0,1017.0,-1579.0,0
-124.0,-188.0,50.0,3230.0,477.0,-1595.0,0
-138.0,-98.0,61.0,2320.0,195.0,-1593.0,0
-156.0,-51.0,77.0,1121.0,190.0,-1515.0,0
-158.0,-70.0,94.0,19.0,371.0,-1396.0,0
-70.0,-177.0,103.0,-927.0,668.0,-1195.0,0
-12.0,-261.0,117.0,-1706.0,971.0,-1096.0,0
40.0,-333.0,129.0,-2238.0,1264.0,-1055.0,0
80.0,-383.0,125.0,-2506.0,1506.0,-1042.0,0
121.0,-415.0,108.0,-2576.0,1657.0,-1049.0,0
157.0,-414.0,83.0,-2502.0,1724.0,-1053.0,0
186.0,-400.0,55.0,-2323.0,1734.0,-1027.0,0
201.0,-386.0,38.0,-2077.0,1716.0,-957.0,0
212.0,-368.0,12.0,-1788.0,1673.0,-833.0,0
215.0,-339.0,-20.0,-1511.0,1608.0,-675.0,0
212.0,-314.0,-52.0,-1251.0,1582.0,-499.0,0
192.0,-277.0,-75.0,-968.0,1629.0,-336.0,0
151.0,-236.0,-104.0,-625.0,1749.0,-202.0,0
122.0,-187.0,-126.0,-243.0,1897.0,-89.0,0
85.0,-133.0,-137.0,154.0,2034.0,-9.0,0
59.0,-83.0,-143.0,550.0,2152.0,26.0,0
28.0,-10.0,-128.0,934.0,2242.0,-5.0,0
-5.0,63.0,-113.0,1325.0,2277.0,-76.0,0
-59.0,138.0,-95.0,1693.0,2206.0,-139.0,0
-104.0,195.0,-90.0,1998.0,2028.0,-117.0,0
-148.0,225.0,-102.0,2152.0,1759.0,23.0,0
-167.0,230.0,-118.0,2080.0,1448.0,249.0,0
-172.0,196.0,-128.0,1729.0,1125.0,494.0,0
-161.0,121.0,-114.0,1128.0,829.0,713.0,0
-112.0,27.0,-68.0,395.0,546.0,847.0,0
-75.0,-53.0,-19.0,-234.0,263.0,836.0,0
-44.0,-121.0,17.0,-560.0,39.0,737.0,0
-29.0,-153.0,29.0,-694.0,-60.0,639.0,0
-19.0,-165.0,21.0,-557.0,-83.0,568.0,0
-3.0,-159.0,-2.0,-261.0,-31.0,481.0,0
-1.0,-130.0,-24.0,73.0,69.0,397.0,0
17.0,-99.0,-52.0,381.0,168.0,319.0,0
21.0,-47.0,-71.0,660.0,256.0,284.0,0
17.0,-15.0,-86.0,908.0,343.0,319.0,0
16.0,16.0,-82.0,1096.0,423.0,401.0,0
-4.0,31.0,-67.0,1220.0,481.0,477.0,0
-19.0,45.0,-44.0,1276.0,503.0,527.0,0
-38.0,50.0,-43.0,1266.0,479.0,550.0,0
-44.0,57.0,-130.0,1176.0,413.0,565.0,0
-24.0,56.0,-164.0,931.0,374.0,593.0,0
8.0,22.0,-199.0,632.0,374.0,616.0,0
62.0,-2.0,-212.0,408.0,400.0,606.0,0
131.0,-38.0,-291.0,156.0,483.0,566.0,0
190.0,-98.0,-333.0,-386.0,551.0,449.0,0
223.0,-226.0,-214.0,-1184.0,336.0,132.0,0
173.0,-433.0,-14.0,-1836.0,-185.0,-400.0,0
132.0,-577.0,104.0,-2108.0,-636.0,-953.0,0
111.0,-686.0,171.0,-2133.0,-755.0,-1351.0,0
145.0,-789.0,197.0,-2022.0,-721.0,-1600.0,0
159.0,-862.0,99.0,-1832.0,-693.0,-1881.0,0
133.0,-909.0,-113.0,-1703.0,-484.0,-2142.0,0
43.0,-938.0,-290.0,-1838.0,95.0,-2197.0,0
-73.0,-942.0,-377.0,-2162.0,799.0,-1876.0,0
-197.0,-942.0,-347.0,-2334.0,1155.0,-1214.0,0
-254.0,-917.0,-265.0,-2052.0,899.0,-352.0,0
-175.0,-841.0,-144.0,-1221.0,236.0,498.0,0
-119.0,-750.0,-71.0,-175.0,-431.0,1018.0,0
-82.0,-644.0,-10.0,1294.0,-823.0,1229.0,0
-60.0,-537.0,60.0,2646.0,-1160.0,1259.0,0
-59.0,-432.0,101.0,3699.0,-1383.0,1222.0,0
-60.0,-332.0,112.0,4326.0,-1507.0,1198.0,0
-55.0,-251.0,106.0,4472.0,-1554.0,1212.0,0
-46.0,-175.0,94.0,4127.0,-1515.0,1234.0,0
-24.0,-116.0,83.0,3351.0,-1408.0,1227.0,0
-24.0,-96.0,67.0,2275.0,-1321.0,1189.0,0
-40.0,-96.0,60.0,1077.0,-1284.0,1161.0,0
-63.0,-139.0,50.0,-62.0,-1269.0,1189.0,0
-82.0,-270.0,43.0,-1055.0,-1284.0,1265.0,0
-104.0,-373.0,77.0,-1910.0,-1337.0,1260.0,0
-118.0,-446.0,99.0,-2449.0,-1459.0,1174.0,0
-119.0,-493.0,95.0,-2637.0,-1634.0,1083.0,0
-116.0,-488.0,72.0,-2534.0,-1806.0,1021.0,0
-96.0,-454.0,30.0,-2235.0,-1921.0,1002.0,0
-75.0,-394.0,-22.0,-1825.0,-1955.0,998.0,0
-57.0,-334.0,-67.0,-1383.0,-1887.0,1008.0,0
-40.0,-282.0,-82.0,-969.0,-1726.0,1032.0,0
-31.0,-240.0,-89.0,-585.0,-1566.0,1015.0,0
-22.0,-203.0,-93.0,-237.0,-1470.0,939.0,0
-25.0,-166.0,-85.0,58.0,-1430.0,810.0,0
-22.0,-125.0,-83.0,327.0,-1440.0,666.0,0
-22.0,-88.0,-79.0,545.0,-1470.0,556.0,0
19.0,-48.0,-81.0,765.0,-1529.0,466.0,0
63.0,13.0,-71.0,962.0,-1569.0,400.0,0
116.0,61.0,-73.0,1165.0,-1560.0,348.0,0
161.0,114.0,-81.0,1333.0,-1485.0,291.0,0
202.0,136.0,-92.0,1410.0,-1312.0,227.0,0
211.0,140.0,-103.0,1417.0,-1084.0,78.0,0
186.0,126.0,-116.0,1272.0,-882.0,-145.0,0
130.0,68.0,-125.0,946.0,-628.0,-336.0,0
76.0,0.0,-94.0,445.0,-395.0,-536.0,0
34.0,-58.0,-55.0,-82.0,-242.0,-630.0,0
7.0,-103.0,-29.0,-446.0,-199.0,-637.0,0
-15.0,-121.0,-20.0,-592.0,-224.0,-612.0,0
-33.0,-122.0,-18.0,-528.0,-257.0,-588.0,0
-50.0,-106.0,-28.0,-290.0,-255.0,-540.0,0
-60.0,-81.0,-54.0,50.0,-211.0,-465.0,0
-68.0,-49.0,-84.0,392.0,-140.0,-393.0,0
-70.0,-21.0,-104.0,665.0,-65.0,-355.0,0
-64.0,1.0,-123.0,834.0,-8.0,-346.0,0
-56.0,7.0,-123.0,886.0,-2.0,-365.0,0
-39.0,11.0,-124.0,840.0,-60.0,-405.0,0
-14.0,17.0,-100.0,726.0,-155.0,-452.0,0
7.0,12.0,-81.0,598.0,-260.0,-497.0,0
22.0,13.0,-59.0,498.0,-354.0,-533.0,0
29.0,11.0,-45.0,443.0,-414.0,-555.0,0
31.0,7.0,-79.0,446.0,-438.0,-547.0,0
24.0,0.0,-174.0,454.0,-479.0,-522.0,0
-1.0,-24.0,-227.0,406.0,-607.0,-498.0,0
-50.0,-51.0,-239.0,329.0,-822.0,-471.0,0
-107.0,-65.0,-246.0,217.0,-984.0,-361.0,0
-131.0,-76.0,-345.0,-25.0,-873.0,-93.0,0
-115.0,-129.0,-442.0,-652.0,-419.0,301.0,0
-56.0,-267.0,-326.0,-1578.0,283.0,783.0,0
-7.0,-438.0,-82.0,-2290.0,937.0,1254.0,0
0.0,-614.0,155.0,-2577.0,1191.0,1530.0,0
-27.0,-755.0,331.0,-2615.0,981.0,1643.0,0
-78.0,-893.0,394.0,-2235.0,555.0,1707.0,0
-105.0,-916.0,304.0,-1504.0,-181.0,1737.0,0
-56.0,-919.0,15.0,-721.0,-964.0,1846.0,0
32.0,-890.0,-261.0,-522.0,-1597.0,1996.0,0
180.0,-936.0,-427.0,-1004.0,-1829.0,1832.0,0
182.0,-906.0,-364.0,-1689.0,-1484.0,1136.0,0
54.0,-808.0,-216.0,-1844.0,-528.0,95.0,0
-41.0,-727.0,-84.0,-1148.0,694.0,-776.0,0
-107.0,-643.0,3.0,141.0,1664.0,-1314.0,0
-140.0,-555.0,61.0,1631.0,2193.0,-1600.0,0
-140.0,-464.0,99.0,2935.0,2314.0,-1708.0,0
-118.0,-384.0,110.0,3747.0,2100.0,-1720.0,0
-82.0,-325.0,106.0,3891.0,1687.0,-1701.0,0
-64.0,-264.0,95.0,3379.0,1247.0,-1709.0,0
-55.0,-209.0,83.0,2386.0,918.0,-1752.0,0
-70.0,-167.0,85.0,1171.0,776.0,-1819.0,0
-112.0,-138.0,94.0,-23.0,805.0,-1825.0,0
-136.0,-158.0,104.0,-1022.0,952.0,-1675.0,0
-129.0,-229.0,102.0,-1791.0,1115.0,-1388.0,0
-50.0,-311.0,103.0,-2350.0,1242.0,-1100.0,0
1.0,-375.0,100.0,-2705.0,1322.0,-967.0,0
39.0,-402.0,90.0,-2836.0,1439.0,-903.0,0
73.0,-407.0,78.0,-2767.0,1624.0,-835.0,0
108.0,-381.0,57.0,-2571.0,1826.0,-768.0,0
123.0,-362.0,60.0,-2304.0,1997.0,-703.0,0
122.0,-326.0,57.0,-1995.0,2091.0,-639.0,0
134.0,-296.0,36.0,-1668.0,2081.0,-585.0,0
143.0,-270.0,15.0,-1387.0,2070.0,-498.0,0
151.0,-245.0,-4.0,-1069.0,2042.0,-402.0,0
171.0,-221.0,-25.0,-844.0,1981.0,-334.0,0
193.0,-194.0,-57.0,-647.0,1937.0,-291.0,0
205.0,-166.0,-79.0,-448.0,1966.0,-276.0,0
214.0,-126.0,-81.0,-237.0,2055.0,-342.0,0
196.0,-81.0,-79.0,24.0,2167.0,-492.0,0
158.0,-19.0,-82.0,370.0,2259.0,-679.0,0
90.0,49.0,-76.0,775.0,2276.0,-825.0,0
7.0,104.0,-94.0,1192.0,2185.0,-838.0,0
-72.0,145.0,-120.0,1516.0,1981.0,-673.0,0
-125.0,149.0,-152.0,1643.0,1691.0,-374.0,0
-158.0,137.0,-171.0,1506.0,1348.0,-16.0,0
-167.0,103.0,-174.0,1148.0,1008.0,325.0,0
-118.0,23.0,-151.0,643.0,696.0,607.0,0
-80.0,-42.0,-97.0,136.0,410.0,731.0,0
-55.0,-76.0,-60.0,-181.0,195.0,742.0,0
-39.0,-99.0,-34.0,-245.0,91.0,730.0,0
-19.0,-109.0,-35.0,-112.0,95.0,706.0,0
-10.0,-98.0,-32.0,120.0,168.0,647.0,0
2.0,-70.0,-47.0,363.0,292.0,563.0,0
8.0,-41.0,-68.0,565.0,442.0,482.0,0
11.0,-10.0,-84.0,719.0,591.0,433.0,0
7.0,22.0,-94.0,830.0,700.0,443.0,0
1.0,47.0,-104.0,887.0,759.0,501.0,0
-4.0,57.0,-109.0,871.0,793.0,568.0,0
-16.0,67.0,-147.0,756.0,822.0,622.0,0
-15.0,85.0,-250.0,499.0,889.0,669.0,0
1.0,104.0,-322.0,21.0,1062.0,700.0,0
27.0,109.0,-432.0,-582.0,1435.0,746.0,0
104.0,70.0,-450.0,-1135.0,2030.0,828.0,0
194.0,2.0,-439.0,-1408.0,2662.0,864.0,0
281.0,-125.0,-328.0,-1661.0,2865.0,737.0,0
326.0,-369.0,-23.0,-1837.0,2308.0,423.0,0
239.0,-577.0,145.0,-1722.0,944.0,-263.0,0
79.0,-695.0,270.0,-1409.0,-455.0,-1065.0,0
-30.0,-779.0,325.0,-1010.0,-1311.0,-1718.0,0
-68.0,-859.0,294.0,-493.0,-1601.0,-2096.0,0
-102.0,-876.0,141.0,135.0,-1530.0,-2338.0,0
-144.0,-897.0,-112.0,665.0,-1092.0,-2509.0,0
-269.0,-887.0,-306.0,684.0,-202.0,-2568.0,0
-383.0,-864.0,-406.0,61.0,874.0,-2363.0,0
-480.0,-835.0,-408.0,-1014.0,1527.0,-1854.0,0
-513.0,-837.0,-343.0,-2076.0,1428.0,-962.0,0
-326.0,-801.0,-178.0,-2588.0,682.0,155.0,0
-169.0,-742.0,-72.0,-2133.0,-401.0,828.0,0
-48.0,-645.0,4.0,-938.0,-1442.0,998.0,0
38.0,-530.0,42.0,628.0,-2232.0,915.0,0
100.0,-415.0,42.0,2195.0,-2673.0,811.0,0
116.0,-314.0,27.0,3444.0,-2730.0,798.0,0
122.0,-228.0,1.0,4149.0,-2456.0,919.0,0
123.0,-166.0,-9.0,4202.0,-1996.0,1145.0,0
155.0,-104.0,6.0,3663.0,-1541.0,1396.0,0
197.0,-77.0,36.0,2706.0,-1232.0,1571.0,0
228.0,-78.0,60.0,1554.0,-1102.0,1604.0,0
227.0,-115.0,79.0,369.0,-1097.0,1518.0,0
207.0,-190.0,112.0,-704.0,-1163.0,1389.0,0
140.0,-295.0,136.0,-1545.0,-1237.0,1310.0,0
88.0,-381.0,160.0,-2113.0,-1269.0,1293.0,0
38.0,-440.0,165.0,-2413.0,-1305.0,1298.0,0
5.0,-469.0,139.0,-2518.0,-1370.0,1324.0,0
-38.0,-474.0,123.0,-2506.0,-1426.0,1354.0,0
-45.0,-433.0,92.0,-2357.0,-1471.0,1352.0,0
-87.0,-381.0,50.0,-2058.0,-1507.0,1287.0,0
-87.0,-339.0,3.0,-1706.0,-1526.0,1223.0,0
-89.0,-312.0,-34.0,-1358.0,-1458.0,1186.0,0
-116.0,-289.0,-55.0,-1015.0,-1337.0,1119.0,0
-129.0,-266.0,-64.0,-685.0,-1188.0,1025.0,0
-142.0,-249.0,-73.0,-365.0,-1043.0,872.0,0
-152.0,-231.0,-80.0,-55.0,-911.0,663.0,0
-166.0,-202.0,-88.0,218.0,-824.0,443.0,0
-136.0,-149.0,-85.0,421.0,-835.0,278.0,0
-92.0,-78.0,-78.0,569.0,-933.0,156.0,0
-34.0,12.0,-82.0,693.0,-1045.0,88.0,0
33.0,105.0,-88.0,805.0,-1088.0,56.0,0
101.0,183.0,-94.0,883.0,-1005.0,6.0,0
144.0,236.0,-105.0,901.0,-822.0,-133.0,0
142.0,243.0,-141.0,805.0,-585.0,-354.0,0
114.0,221.0,-152.0,518.0,-344.0,-576.0,0
65.0,139.0,-156.0,83.0,-169.0,-689.0,0
51.0,62.0,-133.0,-424.0,-90.0,-685.0,0
45.0,-7.0,-96.0,-808.0,-119.0,-623.0,0
31.0,-49.0,-79.0,-931.0,-217.0,-546.0,0
30.0,-93.0,-74.0,-800.0,-315.0,-454.0,0
23.0,-109.0,-85.0,-486.0,-363.0,-357.0,0
3.0,-112.0,-101.0,-100.0,-348.0,-268.0,0
0.0,-102.0,-114.0,266.0,-280.0,-180.0,0
-6.0,-83.0,-131.0,554.0,-201.0,-112.0,0
-8.0,-60.0,-127.0,758.0,-159.0,-86.0,0
3.0,-47.0,-120.0,903.0,-185.0,-119.0,0
23.0,-29.0,-105.0,1015.0,-275.0,-195.0,0
46.0,-23.0,-89.0,1117.0,-383.0,-277.0,0
59.0,-20.0,-78.0,1190.0,-473.0,-346.0,0
64.0,-23.0,-70.0,1272.0,-524.0,-397.0,0
60.0,-14.0,-116.0,1326.0,-528.0,-446.0,0
46.0,9.0,-214.0,1286.0,-540.0,-485.0,0
22.0,8.0,-310.0,1047.0,-659.0,-542.0,0
-22.0,-8.0,-337.0,710.0,-866.0,-587.0,0
-85.0,-32.0,-317.0,418.0,-981.0,-541.0,0
-124.0,-65.0,-375.0,112.0,-916.0,-349.0,0
-108.0,-169.0,-355.0,-336.0,-567.0,-16.0,0
-70.0,-343.0,-150.0,-718.0,36.0,463.0,0
-31.0,-528.0,94.0,-869.0,573.0,1004.0,0
-29.0,-655.0,256.0,-917.0,863.0,1443.0,0
-63.0,-764.0,312.0,-899.0,954.0,1724.0,0
-95.0,-763.0,278.0,-738.0,947.0,1915.0,0
-103.0,-789.0,167.0,-439.0,670.0,2037.0,0
-96.0,-788.0,-38.0,-312.0,-24.0,2050.0,0
-21.0,-837.0,-284.0,-602.0,-846.0,1936.0,0
79.0,-885.0,-360.0,-1245.0,-1343.0,1575.0,0
77.0,-883.0,-323.0,-1844.0,-1144.0,822.0,0
-8.0,-823.0,-219.0,-1889.0,-288.0,-113.0,0
-77.0,-753.0,-131.0,-1199.0,741.0,-815.0,0
-128.0,-674.0,-48.0,18.0,1527.0,-1228.0,0
-172.0,-586.0,16.0,1460.0,1915.0,-1429.0,0
-187.0,-512.0,61.0,2814.0,1927.0,-1499.0,0
-175.0,-439.0,76.0,3830.0,1653.0,-1519.0,0
-150.0,-373.0,67.0,4304.0,1225.0,-1545.0,0
-126.0,-294.0,54.0,4131.0,791.0,-1624.0,0
-112.0,-208.0,65.0,3393.0,454.0,-1745.0,0
-106.0,-106.0,79.0,2346.0,303.0,-1830.0,0
-97.0,-50.0,85.0,1246.0,376.0,-1827.0,0
-90.0,-26.0,94.0,205.0,603.0,-1747.0,0
-58.0,-61.0,85.0,-730.0,894.0,-1614.0,0
12.0,-154.0,80.0,-1416.0,1178.0,-1523.0,0
45.0,-246.0,87.0,-2200.0,1370.0,-1474.0,0
92.0,-315.0,95.0,-2769.0,1559.0,-1439.0,0
133.0,-367.0,92.0,-3067.0,1684.0,-1408.0,0
157.0,-378.0,83.0,-3117.0,1752.0,-1369.0,0
165.0,-368.0,76.0,-2954.0,1780.0,-1296.0,0
163.0,-342.0,50.0,-2610.0,1750.0,-1182.0,0
157.0,-312.0,14.0,-2169.0,1659.0,-1035.0,0
157.0,-284.0,-23.0,-1712.0,1536.0,-865.0,0
143.0,-254.0,-54.0,-1269.0,1429.0,-670.0,0
123.0,-229.0,-82.0,-822.0,1395.0,-458.0,0
115.0,-204.0,-100.0,-364.0,1453.0,-224.0,0
101.0,-174.0,-106.0,90.0,1582.0,-8.0,0
95.0,-141.0,-109.0,532.0,1735.0,155.0,0
85.0,-104.0,-107.0,945.0,1878.0,210.0,0
71.0,-57.0,-102.0,1306.0,1963.0,152.0,0
35.0,-3.0,-92.0,1597.0,1938.0,13.0,0
-16.0,42.0,-84.0,1823.0,1805.0,-119.0,0
-71.0,87.0,-90.0,1940.0,1582.0,-156.0,0
-107.0,109.0,-84.0,1920.0,1298.0,-80.0,0
-127.0,106.0,-74.0,1758.0,1006.0,101.0,0
-139.0,66.0,-37.0,1470.0,730.0,324.0,0
-79.0,-7.0,-7.0,1099.0,475.0,525.0,0
-37.0,-55.0,22.0,705.0,210.0,606.0,0
-10.0,-77.0,35.0,408.0,3.0,594.0,0
2.0,-89.0,22.0,286.0,-69.0,566.0,0
7.0,-84.0,13.0,317.0,4.0,524.0,0
16.0,-64.0,-10.0,426.0,160.0,462.0,0
21.0,-27.0,-30.0,557.0,335.0,406.0,0
31.0,14.0,-40.0,652.0,481.0,389.0,0
35.0,52.0,-57.0,756.0,576.0,414.0,0
28.0,69.0,-62.0,832.0,616.0,465.0,0
16.0,76.0,-50.0,860.0,641.0,515.0,0
2.0,71.0,-30.0,841.0,644.0,570.0,0
-17.0,61.0,1.0,787.0,609.0,609.0,0
-39.0,49.0,16.0,725.0,525.0,632.0,0
-50.0,35.0,-82.0,657.0,400.0,646.0,0
-28.0,17.0,-148.0,453.0,322.0,648.0,0
0.0,-29.0,-230.0,109.0,320.0,600.0,0
55.0,-96.0,-254.0,-137.0,430.0,515.0,0
143.0,-150.0,-287.0,-208.0,621.0,424.0,0
203.0,-207.0,-316.0,-420.0,746.0,284.0,0
246.0,-322.0,-229.0,-1041.0,559.0,-50.0,0
205.0,-486.0,-129.0,-1737.0,-65.0,-633.0,0
110.0,-619.0,-5.0,-2223.0,-830.0,-1308.0,0
55.0,-741.0,85.0,-2556.0,-1316.0,-1828.0,0
57.0,-866.0,137.0,-2700.0,-1432.0,-2126.0,0
82.0,-987.0,76.0,-2567.0,-1258.0,-2307.0,0
51.0,-1085.0,-105.0,-2247.0,-685.0,-2436.0,0
-43.0,-1080.0,-276.0,-1954.0,331.0,-2358.0,0
-217.0,-1040.0,-345.0,-1798.0,1275.0,-1926.0,0
-369.0,-982.0,-304.0,-1654.0,1543.0,-1026.0,0
-366.0,-884.0,-205.0,-1195.0,894.0,181.0,0
-250.0,-778.0,-137.0,-177.0,-247.0,1145.0,0
-156.0,-654.0,-95.0,1221.0,-1225.0,1562.0,0
-73.0,-515.0,-44.0,2664.0,-1764.0,1613.0,0
-1.0,-387.0,11.0,3923.0,-1952.0,1480.0,0
44.0,-266.0,41.0,4802.0,-1956.0,1276.0,0
54.0,-145.0,27.0,5130.0,-1849.0,1106.0,0
54.0,-64.0,40.0,4810.0,-1671.0,1017.0,0
67.0,7.0,70.0,3944.0,-1505.0,1011.0,0
99.0,50.0,99.0,3005.0,-1425.0,1052.0,0
112.0,58.0,107.0,1703.0,-1449.0,1077.0,0
117.0,22.0,106.0,399.0,-1533.0,1092.0,0
77.0,-109.0,70.0,-802.0,-1596.0,1089.0,0
23.0,-242.0,105.0,-1919.0,-1573.0,1077.0,0
-25.0,-356.0,137.0,-2814.0,-1492.0,1079.0,0
-65.0,-440.0,138.0,-3313.0,-1443.0,1081.0,0
-87.0,-494.0,106.0,-3464.0,-1452.0,1109.0,0
-102.0,-505.0,56.0,-3398.0,-1507.0,1185.0,0
-101.0,-478.0,15.0,-3177.0,-1588.0,1278.0,0
-90.0,-424.0,-37.0,-2834.0,-1653.0,1366.0,0
-83.0,-375.0,-66.0,-2386.0,-1662.0,1412.0,0
-89.0,-320.0,-86.0,-1843.0,-1626.0,1403.0,0
-95.0,-274.0,-83.0,-1276.0,-1563.0,1359.0,0
-101.0,-224.0,-83.0,-693.0,-1535.0,1293.0,0
-85.0,-186.0,-85.0,-134.0,-1577.0,1218.0,0
-63.0,-150.0,-105.0,311.0,-1635.0,1136.0,0
-65.0,-129.0,-115.0,609.0,-1656.0,1005.0,0
-48.0,-104.0,-128.0,792.0,-1674.0,841.0,0
3.0,-72.0,-116.0,858.0,-1679.0,684.0,0
60.0,-31.0,-115.0,901.0,-1657.0,532.0,0
120.0,8.0,-107.0,987.0,-1582.0,397.0,0
185.0,44.0,-111.0,1126.0,-1455.0,246.0,0
222.0,66.0,-124.0,1282.0,-1275.0,55.0,0
226.0,78.0,-145.0,1356.0,-1044.0,-169.0,0
217.0,59.0,-136.0,1274.0,-785.0,-381.0,0
159.0,9.0,-136.0,1006.0,-525.0,-540.0,0
106.0,-45.0,-112.0,550.0,-280.0,-601.0,0
58.0,-93.0,-76.0,71.0,-105.0,-547.0,0
22.0,-117.0,-51.0,-256.0,-16.0,-451.0,0
-6.0,-129.0,-33.0,-352.0,29.0,-375.0,0
-25.0,-128.0,-27.0,-268.0,71.0,-316.0,0
-42.0,-113.0,-39.0,-7.0,115.0,-262.0,0
-54.0,-94.0,-57.0,336.0,177.0,-228.0,0
-54.0,-68.0,-77.0,680.0,240.0,-210.0,0
-47.0,-46.0,-84.0,973.0,288.0,-235.0,0
-40.0,-31.0,-84.0,1193.0,306.0,-294.0,0
-24.0,-20.0,-75.0,1330.0,264.0,-372.0,0
0.0,-10.0,-52.0,1404.0,171.0,-465.0,0
14.0,-6.0,-25.0,1459.0,64.0,-558.0,0
27.0,5.0,-12.0,1514.0,-16.0,-654.0,0
35.0,12.0,-66.0,1560.0,-53.0,-738.0,0
31.0,14.0,-147.0,1509.0,-104.0,-800.0,0
3.0,-7.0,-196.0,1297.0,-274.0,-855.0,0
-57.0,-27.0,-172.0,1023.0,-528.0,-880.0,0
-124.0,-36.0,-147.0,718.0,-692.0,-786.0,0
-132.0,-59.0,-250.0,263.0,-609.0,-533.0,0
-105.0,-117.0,-357.0,-626.0,-253.0,-195.0,0
-58.0,-243.0,-281.0,-1845.0,437.0,250.0,0
-11.0,-405.0,-100.0,-2913.0,1172.0,704.0,0
-6.0,-563.0,73.0,-3629.0,1549.0,1025.0,0
-42.0,-691.0,190.0,-3965.0,1543.0,1254.0,0
-65.0,-813.0,231.0,-3855.0,1282.0,1491.0,0
-86.0,-881.0,131.0,-3379.0,776.0,1692.0,0
-62.0,-894.0,-72.0,-2734.0,38.0,1826.0,0
21.0,-922.0,-250.0,-2292.0,-716.0,1836.0,0
103.0,-933.0,-340.0,-2107.0,-1050.0,1564.0,0
120.0,-903.0,-310.0,-1886.0,-728.0,918.0,0
61.0,-826.0,-211.0,-1318.0,102.0,80.0,0
2.0,-745.0,-134.0,-287.0,1076.0,-652.0,0
-58.0,-659.0,-74.0,992.0,1875.0,-1163.0,0
-96.0,-569.0,-18.0,2000.0,2343.0,-1473.0,0
-107.0,-478.0,18.0,3050.0,2460.0,-1620.0,0
-90.0,-402.0,42.0,3708.0,2338.0,-1661.0,0
-63.0,-337.0,47.0,3868.0,2022.0,-1692.0,0
-49.0,-277.0,45.0,3517.0,1631.0,-1739.0,0
-49.0,-221.0,53.0,2745.0,1280.0,-1795.0,0
-56.0,-180.0,67.0,1702.0,1063.0,-1827.0,0
-65.0,-152.0,69.0,561.0,1001.0,-1788.0,0
-82.0,-154.0,88.0,-504.0,1078.0,-1615.0,0
-62.0,-208.0,102.0,-1350.0,1250.0,-1303.0,0
5.0,-304.0,116.0,-1920.0,1436.0,-1028.0,0
38.0,-344.0,122.0,-2232.0,1597.0,-900.0,0
68.0,-364.0,118.0,-2311.0,1750.0,-821.0,0
91.0,-359.0,108.0,-2204.0,1898.0,-746.0,0
103.0,-336.0,101.0,-1981.0,2021.0,-681.0,0
113.0,-309.0,76.0,-1720.0,2096.0,-633.0,0
123.0,-272.0,47.0,-1496.0,2102.0,-586.0,0
130.0,-238.0,20.0,-1349.0,2072.0,-517.0,0
138.0,-211.0,-5.0,-1256.0,2041.0,-422.0,0
142.0,-190.0,-19.0,-1182.0,2022.0,-297.0,0
145.0,-173.0,-32.0,-1074.0,2012.0,-153.0,0
145.0,-158.0,-52.0,-912.0,2010.0,-19.0,0
132.0,-136.0,-63.0,-683.0,2027.0,68.0,0
117.0,-104.0,-62.0,-377.0,2054.0,81.0,0
94.0,-64.0,-56.0,-1.0,2084.0,7.0,0
54.0,-12.0,-49.0,421.0,2105.0,-107.0,0
-1.0,38.0,-54.0,825.0,2080.0,-205.0,0
-56.0,89.0,-61.0,1168.0,1987.0,-224.0,0
-111.0,129.0,-85.0,1386.0,1814.0,-138.0,0
-147.0,143.0,-110.0,1427.0,1561.0,27.0,0
-156.0,129.0,-126.0,1273.0,1324.0,219.0,0
-127.0,72.0,-127.0,894.0,1020.0,356.0,0
-64.0,-7.0,-111.0,376.0,746.0,454.0,0
-25.0,-53.0,-77.0,-129.0,520.0,425.0,0
-2.0,-91.0,-47.0,-409.0,379.0,365.0,0
11.0,-113.0,-32.0,-411.0,315.0,307.0,0
21.0,-122.0,-28.0,-217.0,301.0,235.0,0
31.0,-114.0,-37.0,54.0,314.0,154.0,0
44.0,-86.0,-64.0,327.0,350.0,86.0,0
47.0,-56.0,-79.0,563.0,416.0,59.0,0
46.0,-17.0,-100.0,759.0,501.0,93.0,0
37.0,8.0,-114.0,904.0,596.0,188.0,0
20.0,17.0,-106.0,993.0,694.0,324.0,0
1.0,21.0,-79.0,1040.0,773.0,459.0,0
-24.0,28.0,-48.0,1052.0,799.0,578.0,0
-44.0,33.0,-78.0,1007.0,777.0,666.0,0
-41.0,42.0,-130.0,838.0,756.0,721.0,0
-8.0,44.0,-225.0,494.0,817.0,742.0,0
53.0,40.0,-322.0,-20.0,1068.0,724.0,0
146.0,-15.0,-364.0,-584.0,1488.0,675.0,0
224.0,-92.0,-441.0,-1048.0,1977.0,547.0,0
288.0,-226.0,-333.0,-1611.0,2084.0,273.0,0
265.0,-401.0,-164.0,-2180.0,1330.0,-252.0,0
154.0,-562.0,-23.0,-2516.0,-4.0,-967.0,0
52.0,-695.0,113.0,-2612.0,-1094.0,-1583.0,0
-5.0,-797.0,217.0,-2418.0,-1541.0,-1957.0,0
-53.0,-912.0,270.0,-1862.0,-1493.0,-2121.0,0
-132.0,-1005.0,180.0,-995.0,-1147.0,-2223.0,0
-207.0,-1004.0,-87.0,-282.0,-495.0,-2205.0,0
-334.0,-1004.0,-334.0,125.0,164.0,-2023.0,0
-433.0,-959.0,-449.0,-253.0,863.0,-1710.0,0
-480.0,-901.0,-407.0,-1014.0,1013.0,-1110.0,0
-348.0,-820.0,-255.0,-1507.0,436.0,-282.0,0
-174.0,-741.0,-137.0,-1228.0,-556.0,441.0,0
-34.0,-644.0,-54.0,-235.0,-1476.0,757.0,0
59.0,-531.0,7.0,1131.0,-2117.0,766.0,0
99.0,-419.0,40.0,2498.0,-2482.0,653.0,0
112.0,-293.0,49.0,3552.0,-2560.0,591.0,0
100.0,-212.0,47.0,4098.0,-2382.0,646.0,0
111.0,-142.0,54.0,4091.0,-2072.0,809.0,0
145.0,-82.0,51.0,3590.0,-1778.0,1036.0,0
180.0,-51.0,51.0,2745.0,-1592.0,1246.0,0
211.0,-57.0,45.0,1722.0,-1527.0,1386.0,0
221.0,-105.0,48.0,667.0,-1526.0,1393.0,0
182.0,-205.0,52.0,-331.0,-1523.0,1290.0,0
115.0,-303.0,93.0,-1230.0,-1460.0,1186.0,0
64.0,-388.0,129.0,-1894.0,-1389.0,1157.0,0
35.0,-449.0,142.0,-2262.0,-1389.0,1148.0,0
3.0,-480.0,129.0,-2401.0,-1438.0,1162.0,0
-39.0,-470.0,105.0,-2349.0,-1512.0,1178.0,0
-63.0,-426.0,72.0,-2114.0,-1576.0,1191.0,0
-88.0,-377.0,25.0,-1750.0,-1612.0,1193.0,0
-103.0,-334.0,-19.0,-1378.0,-1601.0,1190.0,0
-114.0,-303.0,-47.0,-1071.0,-1535.0,1172.0,0
-124.0,-274.0,-72.0,-825.0,-1450.0,1120.0,0
-132.0,-259.0,-84.0,-640.0,-1383.0,1044.0,0
-139.0,-224.0,-91.0,-518.0,-1353.0,926.0,0
-134.0,-193.0,-94.0,-355.0,-1357.0,771.0,0
-145.0,-154.0,-117.0,-180.0,-1375.0,629.0,0
-103.0,-97.0,-100.0,-18.0,-1392.0,524.0,0
-44.0,-23.0,-106.0,168.0,-1373.0,498.0,0
18.0,40.0,-102.0,391.0,-1280.0,477.0,0
87.0,101.0,-103.0,626.0,-1098.0,428.0,0
146.0,135.0,-121.0,854.0,-844.0,293.0,0
169.0,146.0,-138.0,1030.0,-565.0,27.0,0
156.0,136.0,-158.0,1077.0,-323.0,-279.0,0
124.0,95.0,-173.0,944.0,-153.0,-495.0,0
96.0,39.0,-159.0,660.0,-77.0,-619.0,0
89.0,-9.0,-135.0,337.0,-82.0,-659.0,0
84.0,-43.0,-98.0,114.0,-142.0,-651.0,0
78.0,-64.0,-84.0,49.0,-200.0,-621.0,0
67.0,-73.0,-70.0,129.0,-202.0,-569.0,0
46.0,-70.0,-71.0,318.0,-139.0,-503.0,0
30.0,-63.0,-77.0,556.0,-39.0,-439.0,0
17.0,-52.0,-86.0,781.0,58.0,-384.0,0
-1.0,-25.0,-101.0,951.0,127.0,-344.0,0
-7.0,-5.0,-107.0,1042.0,151.0,-319.0,0
0.0,8.0,-109.0,1070.0,135.0,-311.0,0
11.0,12.0,-106.0,1062.0,85.0,-325.0,0
11.0,17.0,-92.0,1047.0,20.0,-360.0,0
14.0,20.0,-86.0,1045.0,-48.0,-411.0,0
10.0,27.0,-124.0,1044.0,-115.0,-455.0,0
0.0,40.0,-180.0,941.0,-216.0,-492.0,0
-21.0,37.0,-238.0,679.0,-371.0,-528.0,0
-62.0,26.0,-283.0,423.0,-528.0,-543.0,0
-115.0,18.0,-315.0,70.0,-620.0,-470.0,0
-159.0,-14.0,-383.0,-379.0,-664.0,-291.0,0
-161.0,-105.0,-379.0,-948.0,-630.0,-85.0,0
-128.0,-276.0,-211.0,-1432.0,-346.0,253.0,0
-65.0,-464.0,41.0,-1634.0,135.0,673.0,0
8.0,-618.0,262.0,-1588.0,566.0,1102.0,0
23.0,-730.0,353.0,-1342.0,658.0,1372.0,0
15.0,-772.0,284.0,-996.0,429.0,1507.0,0
34.0,-762.0,94.0,-668.0,116.0,1608.0,0
68.0,-765.0,-114.0,-638.0,-240.0,1668.0,0
117.0,-766.0,-293.0,-1044.0,-649.0,1649.0,0
159.0,-845.0,-366.0,-1646.0,-1020.0,1543.0,0
170.0,-875.0,-346.0,-2190.0,-938.0,1243.0,0
77.0,-840.0,-256.0,-2265.0,-192.0,643.0,0
-36.0,-764.0,-145.0,-1621.0,798.0,-49.0,0
-108.0,-700.0,-49.0,-389.0,1545.0,-551.0,0
-162.0,-631.0,20.0,1098.0,1876.0,-852.0,0
-179.0,-560.0,58.0,2498.0,1861.0,-1062.0,0
-180.0,-479.0,83.0,3553.0,1629.0,-1249.0,0
-167.0,-404.0,67.0,4079.0,1297.0,-1432.0,0
-155.0,-325.0,50.0,4012.0,936.0,-1623.0,0
-139.0,-242.0,37.0,3415.0,645.0,-1779.0,0
-138.0,-160.0,37.0,2441.0,483.0,-1877.0,0
-145.0,-101.0,40.0,1267.0,456.0,-1898.0,0
-159.0,-78.0,48.0,75.0,550.0,-1837.0,0
-157.0,-114.0,51.0,-1011.0,754.0,-1659.0,0
-57.0,-233.0,63.0,-1935.0,1003.0,-1408.0,0
20.0,-332.0,95.0,-2527.0,1185.0,-1235.0,0
73.0,-409.0,109.0,-2977.0,1289.0,-1099.0,0
123.0,-471.0,123.0,-3098.0,1384.0,-977.0,0
150.0,-490.0,108.0,-2940.0,1431.0,-908.0,0
176.0,-485.0,99.0,-2570.0,1423.0,-846.0,0
188.0,-450.0,75.0,-2064.0,1365.0,-783.0,0
181.0,-416.0,57.0,-1499.0,1281.0,-701.0,0
185.0,-385.0,43.0,-936.0,1211.0,-596.0,0
194.0,-349.0,23.0,-416.0,1178.0,-475.0,0
193.0,-314.0,1.0,49.0,1200.0,-341.0,0
179.0,-278.0,-18.0,466.0,1298.0,-203.0,0
145.0,-237.0,-38.0,850.0,1451.0,-78.0,0
99.0,-192.0,-62.0,1196.0,1619.0,19.0,0
74.0,-147.0,-83.0,1486.0,1749.0,92.0,0
52.0,-97.0,-97.0,1724.0,1815.0,93.0,0
33.0,-43.0,-104.0,1923.0,1846.0,-23.0,0
4.0,27.0,-95.0,2097.0,1891.0,-232.0,0
-36.0,118.0,-79.0,2277.0,1950.0,-451.0,0
-74.0,193.0,-68.0,2494.0,1995.0,-583.0,0
-112.0,238.0,-89.0,2685.0,1969.0,-564.0,0
-123.0,248.0,-126.0,2655.0,1835.0,-413.0,0
-108.0,239.0,-144.0,2326.0,1616.0,-237.0,0
-109.0,214.0,-138.0,1711.0,1373.0,-116.0,0
-77.0,155.0,-128.0,909.0,1150.0,-22.0,0
-20.0,92.0,-75.0,-8.0,907.0,47.0,0
12.0,36.0,-19.0,-780.0,649.0,58.0,0
32.0,-21.0,13.0,-1190.0,444.0,38.0,0
38.0,-64.0,18.0,-1248.0,311.0,1.0,0
43.0,-95.0,9.0,-1112.0,250.0,-29.0,0
49.0,-118.0,-14.0,-816.0,249.0,-48.0,0
51.0,-116.0,-35.0,-471.0,289.0,-54.0,0
38.0,-106.0,-58.0,-140.0,387.0,-38.0,0
31.0,-86.0,-76.0,152.0,522.0,27.0,0
14.0,-74.0,-83.0,404.0,665.0,141.0,0
-15.0,-46.0,-56.0,624.0,775.0,290.0,0
-48.0,-35.0,-21.0,811.0,820.0,451.0,0
-86.0,-31.0,9.0,961.0,788.0,602.0,0
-117.0,-30.0,0.0,1072.0,677.0,733.0,0
-118.0,-19.0,-123.0,1100.0,519.0,846.0,0
-81.0,-32.0,-160.0,936.0,388.0,928.0,0
-28.0,-59.0,-250.0,692.0,304.0,949.0,0
67.0,-105.0,-268.0,431.0,358.0,911.0,0
140.0,-150.0,-388.0,81.0,471.0,758.0,0
189.0,-234.0,-383.0,-716.0,467.0,450.0,0
205.0,-392.0,-221.0,-1939.0,56.0,-66.0,0
132.0,-553.0,-75.0,-2984.0,-791.0,-753.0,0
62.0,-711.0,55.0,-3552.0,-1519.0,-1327.0,0
25.0,-838.0,163.0,-3663.0,-1765.0,-1605.0,0
56.0,-989.0,206.0,-3254.0,-1605.0,-1733.0,0
41.0,-1105.0,93.0,-2364.0,-1134.0,-1986.0,0
-50.0,-1132.0,-143.0,-1348.0,-350.0,-2367.0,0
-215.0,-1102.0,-301.0,-657.0,559.0,-2577.0,0
-409.0,-1018.0,-304.0,-341.0,1100.0,-2281.0,0
-511.0,-904.0,-226.0,-41.0,849.0,-1417.0,0
-391.0,-776.0,-129.0,531.0,-89.0,-298.0,0
-203.0,-674.0,-73.0,1463.0,-1160.0,481.0,0
-75.0,-561.0,-42.0,2512.0,-1915.0,777.0,0
18.0,-443.0,0.0,3273.0,-2307.0,792.0,0
72.0,-296.0,39.0,3998.0,-2428.0,694.0,0
78.0,-204.0,59.0,4364.0,-2412.0,616.0,0
71.0,-123.0,73.0,4266.0,-2298.0,582.0,0
74.0,-68.0,77.0,3731.0,-2173.0,625.0,0
93.0,-25.0,81.0,2872.0,-2073.0,714.0,0
124.0,-17.0,83.0,1842.0,-2014.0,796.0,0
130.0,-37.0,74.0,766.0,-2000.0,851.0,0
130.0,-92.0,67.0,-244.0,-2012.0,913.0,0
95.0,-193.0,63.0,-1095.0,-2007.0,1003.0,0
50.0,-307.0,81.0,-1749.0,-1914.0,1094.0,0
12.0,-389.0,107.0,-2158.0,-1729.0,1133.0,0
-22.0,-446.0,115.0,-2253.0,-1568.0,1138.0,0
-51.0,-470.0,96.0,-2120.0,-1492.0,1172.0,0
-75.0,-466.0,67.0,-1884.0,-1494.0,1257.0,0
-89.0,-428.0,38.0,-1600.0,-1569.0,1354.0,0
-89.0,-383.0,10.0,-1318.0,-1659.0,1433.0,0
-93.0,-331.0,-9.0,-1056.0,-1713.0,1481.0,0
-105.0,-294.0,-22.0,-815.0,-1719.0,1477.0,0
-98.0,-249.0,-43.0,-571.0,-1681.0,1442.0,0
-89.0,-213.0,-69.0,-326.0,-1617.0,1371.0,0
-75.0,-190.0,-91.0,-108.0,-1518.0,1257.0,0
-78.0,-170.0,-121.0,57.0,-1411.0,1084.0,0
-80.0,-146.0,-147.0,171.0,-1312.0,913.0,0
-57.0,-109.0,-164.0,240.0,-1251.0,766.0,0
-6.0,-64.0,-171.0,290.0,-1226.0,659.0,0
55.0,-18.0,-153.0,361.0,-1221.0,567.0,0
131.0,39.0,-127.0,472.0,-1194.0,463.0,0
197.0,77.0,-107.0,605.0,-1110.0,307.0,0
242.0,93.0,-103.0,745.0,-1004.0,78.0,0
257.0,96.0,-94.0,759.0,-819.0,-198.0,0
250.0,75.0,-84.0,608.0,-586.0,-428.0,0
192.0,34.0,-79.0,344.0,-346.0,-692.0,0
130.0,-10.0,-59.0,17.0,-105.0,-899.0,0
89.0,-46.0,-33.0,-250.0,97.0,-968.0,0
58.0,-79.0,-17.0,-329.0,216.0,-950.0,0
22.0,-88.0,-7.0,-204.0,264.0,-898.0,0
3.0,-82.0,-19.0,81.0,287.0,-832.0,0
-8.0,-70.0,-32.0,448.0,320.0,-763.0,0
-23.0,-47.0,-62.0,809.0,385.0,-705.0,0
-31.0,-26.0,-83.0,1098.0,473.0,-647.0,0
-34.0,-14.0,-99.0,1284.0,563.0,-590.0,0
-35.0,-6.0,-104.0,1360.0,620.0,-558.0,0
-38.0,-4.0,-100.0,1345.0,612.0,-553.0,0
-34.0,4.0,-85.0,1262.0,532.0,-566.0,0
-24.0,8.0,-68.0,1152.0,384.0,-591.0,0
-16.0,12.0,-48.0,1059.0,187.0,-622.0,0
-14.0,17.0,-35.0,1003.0,-13.0,-641.0,0
-16.0,18.0,-60.0,979.0,-171.0,-643.0,0
-26.0,15.0,-101.0,922.0,-292.0,-628.0,0
-45.0,-6.0,-174.0,791.0,-423.0,-621.0,0
-87.0,-26.0,-189.0,603.0,-581.0,-629.0,0
-153.0,-44.0,-190.0,314.0,-714.0,-577.0,0
-211.0,-57.0,-266.0,-141.0,-716.0,-381.0,0
-225.0,-109.0,-356.0,-956.0,-514.0,-30.0,0
-182.0,-239.0,-345.0,-2068.0,0.0,485.0,0
-76.0,-434.0,-158.0,-2901.0,733.0,1090.0,0
6.0,-623.0,102.0,-3529.0,1167.0,1568.0,0
42.0,-847.0,336.0,-3558.0,1217.0,1833.0,0
67.0,-971.0,393.0,-3067.0,700.0,1961.0,0
86.0,-1027.0,262.0,-2222.0,-205.0,2035.0,0
157.0,-1031.0,-40.0,-1377.0,-1149.0,2081.0,0
207.0,-980.0,-290.0,-1050.0,-1836.0,1957.0,0
269.0,-1029.0,-404.0,-1296.0,-2008.0,1617.0,0
229.0,-1019.0,-364.0,-1758.0,-1519.0,994.0,0
88.0,-885.0,-231.0,-1788.0,-392.0,97.0,0
-25.0,-761.0,-126.0,-1034.0,989.0,-692.0,0
-117.0,-643.0,-43.0,207.0,2063.0,-1159.0,0
-167.0,-541.0,20.0,1560.0,2540.0,-1382.0,0
-176.0,-447.0,56.0,2683.0,2438.0,-1482.0,0
-164.0,-371.0,62.0,3323.0,1968.0,-1565.0,0
-160.0,-300.0,66.0,3330.0,1344.0,-1676.0,0
-154.0,-233.0,76.0,2753.0,704.0,-1778.0,0
-171.0,-172.0,88.0,1818.0,177.0,-1857.0,0
-208.0,-117.0,92.0,799.0,-126.0,-1861.0,0
-249.0,-100.0,101.0,-89.0,-212.0,-1751.0,0
-269.0,-127.0,102.0,-744.0,-171.0,-1522.0,0
-175.0,-250.0,91.0,-1166.0,-90.0,-1252.0,0
-107.0,-326.0,81.0,-1423.0,-39.0,-1128.0,0
-55.0,-382.0,75.0,-1530.0,37.0,-1102.0,0
-14.0,-416.0,71.0,-1515.0,186.0,-1084.0,0
0.0,-428.0,73.0,-1417.0,349.0,-1097.0,0
-5.0,-406.0,81.0,-1261.0,466.0,-1138.0,0
-6.0,-372.0,86.0,-1047.0,519.0,-1184.0,0
1.0,-333.0,71.0,-814.0,505.0,-1208.0,0
24.0,-292.0,52.0,-664.0,445.0,-1195.0,0
51.0,-260.0,29.0,-563.0,390.0,-1133.0,0
82.0,-235.0,9.0,-545.0,350.0,-1024.0,0
122.0,-217.0,0.0,-575.0,368.0,-893.0,0
158.0,-207.0,-7.0,-617.0,447.0,-679.0,0
194.0,-204.0,-25.0,-627.0,565.0,-424.0,0
222.0,-204.0,-39.0,-570.0,697.0,-186.0,0
219.0,-184.0,-45.0,-415.0,809.0,-34.0,0
197.0,-137.0,-46.0,-86.0,883.0,8.0,0
165.0,-73.0,-45.0,431.0,896.0,-67.0,0
98.0,27.0,-51.0,1115.0,841.0,-241.0,0
-6.0,149.0,-91.0,1818.0,694.0,-362.0,0
-69.0,228.0,-138.0,2333.0,463.0,-296.0,0
-84.0,269.0,-182.0,2532.0,220.0,-68.0,0
-75.0,277.0,-201.0,2370.0,31.0,187.0,0
-53.0,269.0,-201.0,1924.0,-91.0,372.0,0
-11.0,204.0,-204.0,1346.0,-172.0,463.0,0
21.0,135.0,-169.0,677.0,-209.0,441.0,0
30.0,79.0,-135.0,103.0,-177.0,363.0,0
33.0,27.0,-100.0,-235.0,-97.0,283.0,0
28.0,-14.0,-75.0,-336.0,-29.0,199.0,0
22.0,-42.0,-64.0,-257.0,-4.0,107.0,0
6.0,-59.0,-67.0,-79.0,4.0,37.0,0
1.0,-64.0,-75.0,128.0,20.0,-2.0,0
-1.0,-62.0,-96.0,298.0,58.0,-16.0,0
-1.0,-53.0,-103.0,390.0,112.0,-15.0,0
0.0,-47.0,-100.0,425.0,166.0,9.0,0
-3.0,-37.0,-96.0,428.0,197.0,44.0,0
-5.0,-27.0,-78.0,415.0,204.0,91.0,0
-12.0,-19.0,-65.0,393.0,186.0,134.0,0
-8.0,-13.0,-75.0,333.0,153.0,162.0,0
1.0,1.0,-115.0,219.0,88.0,172.0,0
19.0,4.0,-180.0,25.0,18.0,149.0,0
58.0,-20.0,-348.0,-215.0,22.0,74.0,0
110.0,-72.0,-528.0,-497.0,156.0,-26.0,0
153.0,-154.0,-669.0,-919.0,485.0,-160.0,0
165.0,-324.0,-509.0,-1741.0,834.0,-449.0,0
25.0,-555.0,-232.0,-2623.0,646.0,-1049.0,0
-179.0,-758.0,40.0,-3042.0,-13.0,-1722.0,0
-285.0,-939.0,236.0,-2851.0,-598.0,-2080.0,0
-360.0,-1107.0,336.0,-2154.0,-922.0,-2203.0,0
-424.0,-1170.0,226.0,-1084.0,-925.0,-2309.0,0
-406.0,-1142.0,-49.0,-178.0,-808.0,-2430.0,0
-346.0,-1062.0,-233.0,42.0,-671.0,-2454.0,0
-249.0,-933.0,-204.0,-213.0,-583.0,-2197.0,0
-97.0,-792.0,-112.0,-323.0,-767.0,-1636.0,0
29.0,-673.0,-53.0,32.0,-1248.0,-1010.0,0
116.0,-560.0,-38.0,706.0,-1756.0,-549.0,0
166.0,-458.0,-45.0,1438.0,-2114.0,-220.0,0
192.0,-349.0,-16.0,2022.0,-2296.0,68.0,0
190.0,-287.0,25.0,2388.0,-2388.0,348.0,0
174.0,-236.0,42.0,2544.0,-2459.0,590.0,0
155.0,-191.0,46.0,2488.0,-2482.0,791.0,0
148.0,-173.0,55.0,2237.0,-2405.0,963.0,0
145.0,-179.0,72.0,1842.0,-2244.0,1083.0,0
123.0,-202.0,96.0,1352.0,-2056.0,1119.0,0
102.0,-249.0,124.0,810.0,-1922.0,1078.0,0
81.0,-296.0,145.0,367.0,-1867.0,1004.0,0
48.0,-352.0,152.0,-141.0,-1849.0,919.0,0
13.0,-417.0,150.0,-566.0,-1835.0,854.0,0
-16.0,-476.0,141.0,-924.0,-1819.0,774.0,0
-53.0,-508.0,120.0,-1202.0,-1814.0,692.0,0
-81.0,-538.0,113.0,-1352.0,-1848.0,618.0,0
-106.0,-546.0,92.0,-1362.0,-1902.0,545.0,0
-115.0,-525.0,55.0,-1251.0,-1941.0,472.0,0
-129.0,-503.0,23.0,-1110.0,-1884.0,446.0,0
-147.0,-469.0,3.0,-943.0,-1778.0,418.0,0
-159.0,-431.0,-5.0,-712.0,-1642.0,403.0,0
-162.0,-384.0,-19.0,-411.0,-1482.0,383.0,0
-161.0,-351.0,-41.0,-70.0,-1311.0,347.0,0
-154.0,-306.0,-71.0,261.0,-1133.0,282.0,0
-144.0,-265.0,-104.0,540.0,-954.0,193.0,0
-143.0,-200.0,-114.0,763.0,-776.0,110.0,0
-147.0,-137.0,-118.0,964.0,-614.0,106.0,0
-114.0,-54.0,-120.0,1151.0,-546.0,235.0,0
-66.0,47.0,-109.0,1303.0,-586.0,470.0,0
9.0,163.0,-87.0,1436.0,-708.0,726.0,0
78.0,249.0,-115.0,1582.0,-874.0,848.0,0
155.0,297.0,-148.0,1553.0,-1016.0,784.0,0
211.0,322.0,-131.0,1248.0,-1083.0,555.0,0
248.0,317.0,-114.0,819.0,-1030.0,175.0,0
230.0,270.0,-114.0,346.0,-898.0,-240.0,0
157.0,191.0,-111.0,-119.0,-778.0,-555.0,0
96.0,105.0,-77.0,-522.0,-687.0,-699.0,0
66.0,37.0,-52.0,-717.0,-659.0,-744.0,0
56.0,-5.0,-46.0,-701.0,-694.0,-783.0,0
63.0,-30.0,-54.0,-518.0,-727.0,-854.0,0
64.0,-34.0,-77.0,-238.0,-703.0,-936.0,0
63.0,-19.0,-91.0,66.0,-575.0,-998.0,0
50.0,-11.0,-111.0,345.0,-365.0,-1044.0,0
39.0,-5.0,-121.0,554.0,-127.0,-1075.0,0
12.0,-3.0,-129.0,674.0,82.0,-1111.0,0
0.0,-9.0,-121.0,701.0,232.0,-1133.0,0
-16.0,-13.0,-109.0,668.0,297.0,-1134.0,0
-23.0,-15.0,-90.0,625.0,273.0,-1105.0,0
-30.0,-24.0,-67.0,612.0,169.0,-1060.0,0
-34.0,-26.0,-41.0,651.0,10.0,-1003.0,0
-37.0,-24.0,-24.0,744.0,-186.0,-935.0,0
-45.0,-14.0,-22.0,854.0,-400.0,-855.0,0
-46.0,-4.0,-40.0,931.0,-613.0,-766.0,0
-62.0,6.0,-88.0,909.0,-848.0,-674.0,0
-95.0,6.0,-148.0,778.0,-1115.0,-579.0,0
-149.0,4.0,-210.0,536.0,-1361.0,-450.0,0
-180.0,4.0,-325.0,40.0,-1483.0,-245.0,0
-225.0,-28.0,-466.0,-841.0,-1502.0,48.0,0
-256.0,-138.0,-521.0,-1921.0,-1481.0,465.0,0
-235.0,-388.0,-378.0,-2835.0,-1263.0,1048.0,0
-154.0,-642.0,-84.0,-3422.0,-800.0,1760.0,0
-56.0,-846.0,163.0,-3642.0,-461.0,2318.0,0
-27.0,-995.0,321.0,-3441.0,-725.0,2510.0,0
18.0,-1068.0,320.0,-2696.0,-1525.0,2482.0,0
39.0,-1077.0,112.0,-1609.0,-2457.0,2313.0,0
108.0,-1020.0,-157.0,-736.0,-3106.0,2128.0,0
231.0,-1034.0,-340.0,-543.0,-3396.0,1774.0,0
326.0,-1055.0,-396.0,-860.0,-3391.0,1033.0,0
321.0,-1065.0,-320.0,-1246.0,-3055.0,39.0,0
172.0,-942.0,-156.0,-1101.0,-2099.0,-645.0,0
31.0,-815.0,-43.0,-108.0,-864.0,-1157.0,0
-84.0,-686.0,26.0,1418.0,96.0,-1375.0,0
-174.0,-579.0,57.0,2995.0,581.0,-1359.0,0
-201.0,-489.0,67.0,4153.0,614.0,-1190.0,0
-192.0,-412.0,64.0,4556.0,250.0,-1057.0,0
-182.0,-333.0,45.0,4119.0,-322.0,-1063.0,0
-183.0,-246.0,43.0,3078.0,-819.0,-1146.0,0
-240.0,-133.0,64.0,1831.0,-1055.0,-1167.0,0
-281.0,-99.0,74.0,736.0,-1048.0,-1021.0,0
-315.0,-121.0,71.0,-117.0,-934.0,-766.0,0
-283.0,-191.0,68.0,-763.0,-789.0,-503.0,0
-194.0,-285.0,69.0,-1260.0,-679.0,-412.0,0
-144.0,-342.0,77.0,-1627.0,-643.0,-552.0,0
-86.0,-379.0,81.0,-1824.0,-617.0,-744.0,0
-25.0,-401.0,81.0,-1852.0,-596.0,-931.0,0
32.0,-404.0,63.0,-1754.0,-561.0,-1114.0,0
80.0,-384.0,42.0,-1578.0,-487.0,-1287.0,0
124.0,-360.0,18.0,-1368.0,-358.0,-1417.0,0
164.0,-343.0,-2.0,-1173.0,-182.0,-1466.0,0
196.0,-340.0,-13.0,-1033.0,4.0,-1431.0,0
204.0,-334.0,-19.0,-949.0,151.0,-1324.0,0
209.0,-332.0,-25.0,-905.0,237.0,-1171.0,0
212.0,-328.0,-32.0,-869.0,291.0,-974.0,0
208.0,-319.0,-31.0,-774.0,378.0,-750.0,0
185.0,-292.0,-29.0,-553.0,532.0,-518.0,0
142.0,-260.0,-43.0,-274.0,739.0,-295.0,0
77.0,-215.0,-77.0,159.0,925.0,-85.0,0
38.0,-184.0,-102.0,608.0,1133.0,67.0,0
-4.0,-155.0,-117.0,1020.0,1263.0,214.0,0
-32.0,-111.0,-121.0,1366.0,1268.0,316.0,0
-57.0,-58.0,-117.0,1662.0,1127.0,353.0,0
-84.0,5.0,-112.0,1968.0,887.0,308.0,0
-110.0,73.0,-113.0,2261.0,592.0,231.0,0
-126.0,132.0,-121.0,2495.0,286.0,198.0,0
-134.0,171.0,-125.0,2620.0,2.0,262.0,0
-132.0,188.0,-132.0,2614.0,-227.0,399.0,0
-115.0,177.0,-144.0,2418.0,-417.0,561.0,0
-70.0,130.0,-138.0,2024.0,-607.0,701.0,0
4.0,66.0,-116.0,1481.0,-813.0,755.0,0
44.0,23.0,-89.0,923.0,-1006.0,714.0,0
75.0,-5.0,-62.0,486.0,-1119.0,657.0,0
89.0,-21.0,-40.0,222.0,-1169.0,587.0,0
90.0,-22.0,-27.0,103.0,-1182.0,509.0,0
83.0,-13.0,-27.0,76.0,-1180.0,442.0,0
80.0,6.0,-30.0,98.0,-1171.0,395.0,0
66.0,29.0,-44.0,144.0,-1145.0,367.0,0
54.0,51.0,-52.0,189.0,-1102.0,367.0,0
45.0,68.0,-55.0,237.0,-1043.0,391.0,0
31.0,75.0,-45.0,278.0,-974.0,421.0,0
17.0,74.0,-26.0,312.0,-913.0,442.0,0
-4.0,69.0,-9.0,360.0,-862.0,476.0,0
-18.0,63.0,-50.0,418.0,-839.0,534.0,0
-41.0,54.0,-108.0,427.0,-843.0,605.0,0
-55.0,22.0,-134.0,379.0,-903.0,660.0,0
-53.0,-5.0,-158.0,379.0,-1008.0,668.0,0
-60.0,-14.0,-391.0,396.0,-1041.0,617.0,0
-63.0,-35.0,-585.0,-169.0,-878.0,535.0,0
-53.0,-179.0,-450.0,-1513.0,-539.0,389.0,0
-123.0,-414.0,-80.0,-2797.0,-430.0,106.0,0
-247.0,-629.0,192.0,-3235.0,-398.0,-202.0,0
-301.0,-803.0,329.0,-3048.0,-323.0,-365.0,0
-312.0,-960.0,388.0,-2655.0,-555.0,-500.0,0
-273.0,-1016.0,263.0,-2165.0,-1143.0,-778.0,0
-137.0,-950.0,-47.0,-1841.0,-1861.0,-1149.0,0
16.0,-886.0,-336.0,-2018.0,-2171.0,-1505.0,0
123.0,-892.0,-371.0,-2587.0,-1831.0,-1635.0,0
158.0,-898.0,-312.0,-3009.0,-1058.0,-1555.0,0
117.0,-858.0,-200.0,-2838.0,-325.0,-1321.0,0
93.0,-813.0,-108.0,-1941.0,-41.0,-865.0,0
88.0,-754.0,-48.0,-549.0,-240.0,-283.0,0
74.0,-676.0,-13.0,966.0,-663.0,203.0,0
67.0,-594.0,24.0,2318.0,-1046.0,545.0,0
66.0,-505.0,66.0,3341.0,-1302.0,761.0,0
65.0,-415.0,93.0,3936.0,-1425.0,876.0,0
56.0,-332.0,105.0,4066.0,-1397.0,907.0,0
42.0,-265.0,121.0,3744.0,-1229.0,896.0,0
32.0,-220.0,126.0,3056.0,-1003.0,851.0,0
3.0,-190.0,131.0,2123.0,-831.0,773.0,0
-24.0,-179.0,134.0,1065.0,-767.0,690.0,0
-59.0,-192.0,131.0,28.0,-816.0,611.0,0
-83.0,-246.0,120.0,-891.0,-912.0,546.0,0
-108.0,-314.0,106.0,-1641.0,-1000.0,479.0,0
-133.0,-373.0,109.0,-2188.0,-1047.0,382.0,0
-182.0,-422.0,111.0,-2438.0,-1078.0,272.0,0
-217.0,-443.0,111.0,-2487.0,-1105.0,187.0,0
-254.0,-447.0,103.0,-2262.0,-1144.0,142.0,0
-278.0,-442.0,90.0,-1839.0,-1188.0,113.0,0
-291.0,-413.0,74.0,-1324.0,-1244.0,102.0,0
-309.0,-380.0,49.0,-800.0,-1308.0,93.0,0
-313.0,-336.0,25.0,-347.0,-1357.0,81.0,0
-311.0,-304.0,-12.0,-9.0,-1381.0,59.0,0
-290.0,-268.0,-51.0,185.0,-1382.0,3.0,0
-270.0,-240.0,-87.0,224.0,-1372.0,-84.0,0
-247.0,-205.0,-122.0,138.0,-1375.0,-180.0,0
-220.0,-168.0,-133.0,-31.0,-1434.0,-271.0,0
-193.0,-128.0,-132.0,-198.0,-1573.0,-317.0,0
-147.0,-80.0,-116.0,-289.0,-1791.0,-292.0,0
-79.0,-32.0,-104.0,-247.0,-2047.0,-262.0,0
-2.0,23.0,-84.0,-75.0,-2273.0,-246.0,0
32.0,79.0,-86.0,193.0,-2393.0,-247.0,0
107.0,120.0,-88.0,452.0,-2365.0,-191.0,0
163.0,144.0,-88.0,674.0,-2228.0,-239.0,0
189.0,166.0,-107.0,803.0,-2020.0,-418.0,0
135.0,163.0,-127.0,783.0,-1780.0,-631.0,0
109.0,139.0,-133.0,558.0,-1526.0,-739.0,0
76.0,105.0,-138.0,226.0,-1331.0,-837.0,0
64.0,64.0,-126.0,-103.0,-1202.0,-929.0,0
67.0,28.0,-118.0,-320.0,-1126.0,-996.0,0
82.0,3.0,-120.0,-398.0,-1057.0,-1024.0,0
94.0,-10.0,-119.0,-364.0,-962.0,-1030.0,0
101.0,-11.0,-117.0,-268.0,-848.0,-1021.0,0
103.0,-6.0,-116.0,-140.0,-723.0,-993.0,0
99.0,-5.0,-108.0,-27.0,-608.0,-949.0,0
97.0,9.0,-105.0,103.0,-531.0,-899.0,0
95.0,15.0,-99.0,200.0,-451.0,-857.0,0
92.0,17.0,-90.0,239.0,-390.0,-805.0,0
89.0,23.0,-85.0,210.0,-348.0,-753.0,0
82.0,26.0,-75.0,135.0,-308.0,-700.0,0
82.0,26.0,-63.0,52.0,-263.0,-639.0,0
74.0,15.0,-50.0,-10.0,-226.0,-577.0,0
50.0,7.0,-55.0,-29.0,-217.0,-514.0,0
25.0,-12.0,-80.0,-17.0,-253.0,-437.0,0
3.0,-18.0,-114.0,-10.0,-327.0,-339.0,0
-23.0,-29.0,-156.0,-28.0,-424.0,-213.0,0
-48.0,-43.0,-209.0,-100.0,-528.0,-61.0,0
-79.0,-53.0,-278.0,-291.0,-601.0,107.0,0
-105.0,-71.0,-357.0,-660.0,-607.0,287.0,0
-138.0,-98.0,-460.0,-1249.0,-508.0,479.0,0
-173.0,-161.0,-523.0,-2011.0,-284.0,721.0,0
-196.0,-275.0,-472.0,-2776.0,-25.0,1037.0,0
-201.0,-439.0,-316.0,-3348.0,71.0,1416.0,0
-159.0,-585.0,-142.0,-3603.0,-180.0,1793.0,0
-140.0,-727.0,-14.0,-3500.0,-791.0,1999.0,0
-136.0,-820.0,42.0,-3078.0,-1496.0,2038.0,0
-142.0,-884.0,19.0,-2439.0,-2061.0,1978.0,0
-138.0,-892.0,-49.0,-1762.0,-2468.0,1772.0,0
-141.0,-919.0,-151.0,-1190.0,-2688.0,1446.0,0
-128.0,-906.0,-186.0,-912.0,-2680.0,979.0,0
-118.0,-904.0,-189.0,-723.0,-2446.0,346.0,0
-122.0,-871.0,-158.0,-410.0,-1991.0,-409.0,0
-170.0,-787.0,-124.0,30.0,-1377.0,-1165.0,0
-189.0,-720.0,-88.0,761.0,-904.0,-1717.0,0
-184.0,-655.0,-51.0,1540.0,-492.0,-2007.0,0
-166.0,-587.0,-20.0,2215.0,-326.0,-2239.0,0
-133.0,-527.0,10.0,2627.0,-343.0,-2352.0,0
-94.0,-475.0,47.0,2659.0,-427.0,-2357.0,0
-63.0,-433.0,73.0,2294.0,-500.0,-2266.0,0
-29.0,-405.0,92.0,1596.0,-533.0,-2107.0,0
0.0,-385.0,109.0,723.0,-518.0,-1902.0,0
29.0,-389.0,122.0,-138.0,-464.0,-1674.0,0
64.0,-407.0,105.0,-832.0,-394.0,-1461.0,0
93.0,-435.0,79.0,-1306.0,-320.0,-1281.0,0
122.0,-446.0,44.0,-1587.0,-243.0,-1128.0,0
145.0,-458.0,18.0,-1714.0,-136.0,-962.0,0
164.0,-457.0,11.0,-1724.0,15.0,-785.0,0
180.0,-440.0,11.0,-1651.0,194.0,-573.0,0
195.0,-443.0,17.0,-1509.0,390.0,-324.0,0
175.0,-426.0,12.0,-1293.0,598.0,-84.0,0
202.0,-387.0,14.0,-1095.0,779.0,100.0,0
207.0,-353.0,22.0,-938.0,1010.0,200.0,0
206.0,-315.0,33.0,-780.0,1316.0,230.0,0
192.0,-274.0,33.0,-605.0,1628.0,183.0,0
174.0,-235.0,27.0,-406.0,1860.0,66.0,0
144.0,-203.0,3.0,-210.0,1962.0,-105.0,0
115.0,-171.0,-28.0,-11.0,1957.0,-301.0,0
84.0,-132.0,-73.0,183.0,1882.0,-473.0,0
49.0,-83.0,-97.0,374.0,1779.0,-612.0,0
16.0,-30.0,-115.0,578.0,1671.0,-697.0,0
-23.0,37.0,-123.0,808.0,1578.0,-741.0,0
-67.0,110.0,-125.0,986.0,1504.0,-719.0,0
-110.0,173.0,-130.0,1149.0,1460.0,-592.0,0
-147.0,222.0,-129.0,1193.0,1413.0,-360.0,0
-159.0,231.0,-124.0,1126.0,1368.0,-121.0,0
-152.0,217.0,-129.0,937.0,1299.0,190.0,0
-101.0,138.0,-127.0,635.0,1172.0,429.0,0
-84.0,71.0,-108.0,261.0,982.0,520.0,0
-68.0,-1.0,-78.0,-30.0,800.0,531.0,0
-47.0,-56.0,-61.0,-158.0,652.0,505.0,0
-16.0,-110.0,-35.0,-128.0,533.0,441.0,0
6.0,-135.0,-25.0,23.0,451.0,354.0,0
30.0,-151.0,-27.0,246.0,402.0,249.0,0
47.0,-147.0,-42.0,500.0,370.0,132.0,0
65.0,-130.0,-67.0,750.0,358.0,17.0,0
78.0,-101.0,-90.0,946.0,367.0,-74.0,0
89.0,-65.0,-109.0,1056.0,393.0,-123.0,0
92.0,-32.0,-126.0,1075.0,412.0,-134.0,0
81.0,-3.0,-145.0,1025.0,403.0,-109.0,0
72.0,22.0,-165.0,950.0,382.0,-34.0,0
62.0,48.0,-180.0,878.0,384.0,92.0,0
61.0,70.0,-224.0,788.0,420.0,232.0,0
57.0,104.0,-287.0,619.0,491.0,360.0,0
74.0,125.0,-320.0,331.0,623.0,476.0,0
105.0,124.0,-323.0,-54.0,806.0,547.0,0
130.0,101.0,-326.0,-464.0,980.0,544.0,0
158.0,41.0,-329.0,-844.0,1083.0,466.0,0
155.0,-71.0,-295.0,-1207.0,1020.0,274.0,0
95.0,-217.0,-210.0,-1532.0,710.0,-58.0,0
-30.0,-396.0,-16.0,-1700.0,202.0,-448.0,0
-115.0,-546.0,116.0,-1611.0,-325.0,-781.0,0
-166.0,-660.0,214.0,-1256.0,-608.0,-987.0,0
-201.0,-756.0,247.0,-645.0,-694.0,-1089.0,0
-251.0,-796.0,181.0,51.0,-529.0,-1147.0,0
-265.0,-763.0,6.0,523.0,-255.0,-1174.0,0
-226.0,-749.0,-173.0,491.0,-88.0,-1079.0,0
-146.0,-718.0,-283.0,-115.0,-94.0,-871.0,0
-97.0,-692.0,-304.0,-983.0,-238.0,-601.0,0
-50.0,-658.0,-251.0,-1653.0,-484.0,-247.0,0
3.0,-619.0,-136.0,-1794.0,-829.0,120.0,0
68.0,-598.0,-62.0,-1267.0,-1246.0,449.0,0
127.0,-576.0,-14.0,-298.0,-1647.0,674.0,0
146.0,-552.0,21.0,865.0,-1934.0,840.0,0
127.0,-520.0,29.0,1997.0,-2072.0,1016.0,0
91.0,-496.0,28.0,2900.0,-2092.0,1223.0,0
80.0,-483.0,27.0,3415.0,-2051.0,1448.0,0
86.0,-472.0,23.0,3429.0,-1971.0,1641.0,0
103.0,-460.0,23.0,2948.0,-1851.0,1763.0,0
107.0,-455.0,30.0,2101.0,-1705.0,1781.0,0
80.0,-458.0,37.0,1063.0,-1573.0,1749.0,0
62.0,-492.0,62.0,44.0,-1478.0,1753.0,0
41.0,-523.0,70.0,-757.0,-1431.0,1786.0,0
16.0,-520.0,82.0,-1235.0,-1446.0,1768.0,0
-10.0,-510.0,79.0,-1379.0,-1483.0,1719.0,0
-51.0,-482.0,70.0,-1240.0,-1521.0,1657.0,0
-71.0,-439.0,53.0,-897.0,-1581.0,1581.0,0
-127.0,-389.0,37.0,-476.0,-1642.0,1508.0,0
-135.0,-324.0,15.0,-60.0,-1684.0,1442.0,0
-151.0,-280.0,3.0,287.0,-1683.0,1385.0,0
-175.0,-234.0,-21.0,553.0,-1654.0,1277.0,0
-196.0,-191.0,-44.0,698.0,-1575.0,1133.0,0
-217.0,-150.0,-65.0,788.0,-1479.0,975.0,0
-222.0,-117.0,-90.0,778.0,-1345.0,871.0,0
-221.0,-95.0,-113.0,682.0,-1237.0,739.0,0
-217.0,-69.0,-145.0,526.0,-1195.0,581.0,0
-192.0,-32.0,-157.0,349.0,-1237.0,398.0,0
-158.0,15.0,-162.0,224.0,-1344.0,200.0,0
-97.0,83.0,-150.0,214.0,-1495.0,8.0,0
-40.0,130.0,-147.0,361.0,-1653.0,-152.0,0
14.0,140.0,-152.0,609.0,-1780.0,-284.0,0
68.0,132.0,-149.0,798.0,-1826.0,-389.0,0
91.0,83.0,-130.0,876.0,-1781.0,-512.0,0
84.0,20.0,-101.0,860.0,-1681.0,-650.0,0
47.0,-40.0,-84.0,767.0,-1572.0,-782.0,0
28.0,-83.0,-61.0,654.0,-1483.0,-829.0,0
24.0,-119.0,-51.0,571.0,-1453.0,-810.0,0
29.0,-133.0,-49.0,526.0,-1462.0,-778.0,0
36.0,-136.0,-49.0,522.0,-1458.0,-751.0,0
40.0,-125.0,-56.0,554.0,-1394.0,-719.0,0
47.0,-114.0,-53.0,631.0,-1268.0,-675.0,0
50.0,-93.0,-57.0,747.0,-1099.0,-624.0,0
51.0,-73.0,-59.0,889.0,-918.0,-579.0,0
53.0,-48.0,-67.0,1047.0,-737.0,-535.0,0
54.0,-24.0,-76.0,1191.0,-572.0,-505.0,0
49.0,8.0,-91.0,1303.0,-439.0,-493.0,0
54.0,35.0,-105.0,1348.0,-358.0,-488.0,0
62.0,72.0,-99.0,1323.0,-329.0,-474.0,0
71.0,93.0,-85.0,1245.0,-340.0,-461.0,0
78.0,103.0,-66.0,1132.0,-356.0,-452.0,0
82.0,104.0,-54.0,1028.0,-353.0,-455.0,0
71.0,95.0,-92.0,881.0,-338.0,-450.0,0
56.0,71.0,-155.0,673.0,-369.0,-439.0,0
19.0,44.0,-204.0,405.0,-532.0,-421.0,0
-32.0,22.0,-202.0,96.0,-818.0,-372.0,0
-71.0,-10.0,-215.0,-243.0,-1074.0,-241.0,0
-86.0,-59.0,-276.0,-562.0,-1072.0,-28.0,0
-65.0,-119.0,-344.0,-980.0,-639.0,259.0,0
-38.0,-221.0,-298.0,-1546.0,175.0,587.0,0
-42.0,-350.0,-152.0,-2046.0,981.0,899.0,0
-61.0,-476.0,13.0,-2318.0,1331.0,1164.0,0
-97.0,-592.0,119.0,-2354.0,1146.0,1358.0,0
-122.0,-710.0,162.0,-2190.0,700.0,1549.0,0
-128.0,-795.0,121.0,-1918.0,173.0,1736.0,0
-113.0,-812.0,1.0,-1706.0,-424.0,1849.0,0
-90.0,-846.0,-137.0,-1660.0,-1105.0,1735.0,0
-50.0,-884.0,-258.0,-1791.0,-1624.0,1346.0,0
-5.0,-939.0,-293.0,-1957.0,-1665.0,718.0,0
11.0,-927.0,-250.0,-1910.0,-1095.0,-75.0,0
-37.0,-857.0,-175.0,-1321.0,-35.0,-927.0,0
-73.0,-795.0,-100.0,-185.0,1056.0,-1580.0,0
-89.0,-724.0,-39.0,1213.0,1751.0,-1968.0,0
-74.0,-648.0,0.0,2544.0,1961.0,-2153.0,0
-39.0,-572.0,23.0,3525.0,1820.0,-2202.0,0
11.0,-498.0,30.0,3973.0,1535.0,-2186.0,0
59.0,-418.0,39.0,3816.0,1266.0,-2140.0,0
88.0,-343.0,50.0,3123.0,1084.0,-2076.0,0
106.0,-268.0,76.0,2096.0,1033.0,-2000.0,0
116.0,-211.0,98.0,998.0,1127.0,-1886.0,0
125.0,-200.0,105.0,17.0,1339.0,-1703.0,0
152.0,-242.0,105.0,-654.0,1609.0,-1463.0,0
161.0,-278.0,97.0,-1348.0,1857.0,-1233.0,0
176.0,-309.0,82.0,-1842.0,2007.0,-1026.0,0
176.0,-320.0,61.0,-2120.0,2134.0,-877.0,0
179.0,-317.0,34.0,-2199.0,2209.0,-697.0,0
170.0,-295.0,-7.0,-2129.0,2250.0,-520.0,0
154.0,-272.0,-36.0,-1961.0,2280.0,-347.0,0
139.0,-251.0,-73.0,-1735.0,2311.0,-183.0,0
110.0,-234.0,-108.0,-1487.0,2358.0,-33.0,0
89.0,-220.0,-127.0,-1255.0,2418.0,113.0,0
62.0,-197.0,-139.0,-1028.0,2477.0,234.0,0
29.0,-172.0,-144.0,-768.0,2516.0,316.0,0
-1.0,-142.0,-144.0,-472.0,2516.0,349.0,0
-47.0,-106.0,-129.0,-161.0,2474.0,335.0,0
-75.0,-58.0,-105.0,176.0,2401.0,313.0,0
-119.0,-14.0,-85.0,534.0,2320.0,284.0,0
-147.0,25.0,-74.0,881.0,2224.0,271.0,0
-168.0,70.0,-58.0,1161.0,2077.0,284.0,0
-191.0,97.0,-57.0,1355.0,1846.0,308.0,0
-185.0,102.0,-57.0,1408.0,1536.0,321.0,0
-169.0,101.0,-59.0,1336.0,1257.0,358.0,0
-129.0,78.0,-65.0,1148.0,1049.0,400.0,0
-102.0,31.0,-59.0,845.0,913.0,419.0,0
-79.0,-19.0,-46.0,473.0,830.0,425.0,0
-58.0,-65.0,-20.0,112.0,756.0,389.0,0
-39.0,-84.0,-9.0,-147.0,677.0,326.0,0
-20.0,-94.0,-13.0,-259.0,599.0,271.0,0
-6.0,-90.0,-20.0,-239.0,523.0,233.0,0
10.0,-73.0,-40.0,-130.0,461.0,204.0,0
27.0,-56.0,-55.0,35.0,428.0,187.0,0
37.0,-31.0,-73.0,234.0,427.0,181.0,0
36.0,-6.0,-88.0,406.0,458.0,198.0,0
33.0,14.0,-101.0,637.0,492.0,256.0,0
19.0,32.0,-103.0,862.0,515.0,342.0,0
1.0,45.0,-82.0,1038.0,489.0,419.0,0
-22.0,45.0,-47.0,1150.0,402.0,503.0,0
-45.0,47.0,-13.0,1191.0,268.0,565.0,0
-69.0,39.0,-4.0,1159.0,102.0,604.0,0
-88.0,35.0,-54.0,1044.0,-51.0,619.0,0
-88.0,14.0,-162.0,803.0,-127.0,624.0,0
-70.0,-14.0,-230.0,442.0,-68.0,635.0,0
-22.0,-55.0,-229.0,128.0,115.0,652.0,0
61.0,-119.0,-173.0,30.0,338.0,666.0,0
140.0,-191.0,-189.0,145.0,502.0,603.0,0
198.0,-248.0,-156.0,159.0,530.0,427.0,0
204.0,-339.0,-131.0,-134.0,196.0,71.0,0
167.0,-446.0,-81.0,-625.0,-474.0,-461.0,0
117.0,-564.0,39.0,-1127.0,-1053.0,-1001.0,0
88.0,-688.0,133.0,-1418.0,-1291.0,-1505.0,0
76.0,-813.0,153.0,-1524.0,-1222.0,-1892.0,0
70.0,-939.0,74.0,-1572.0,-913.0,-2148.0,0
36.0,-1029.0,-98.0,-1769.0,-317.0,-2211.0,0
-32.0,-1070.0,-250.0,-2160.0,458.0,-1988.0,0
-131.0,-1027.0,-283.0,-2583.0,1003.0,-1446.0,0
-229.0,-961.0,-261.0,-2643.0,923.0,-512.0,0
-171.0,-853.0,-157.0,-2127.0,306.0,630.0,0
-97.0,-750.0,-82.0,-963.0,-505.0,1319.0,0
-49.0,-639.0,-20.0,573.0,-1201.0,1516.0,0
-15.0,-518.0,25.0,2134.0,-1678.0,1479.0,0
4.0,-412.0,58.0,3425.0,-1916.0,1380.0,0
17.0,-310.0,59.0,4258.0,-1901.0,1296.0,0
23.0,-206.0,61.0,4524.0,-1711.0,1241.0,0
27.0,-142.0,70.0,4286.0,-1485.0,1231.0,0
36.0,-100.0,73.0,3499.0,-1349.0,1275.0,0
58.0,-78.0,88.0,2324.0,-1266.0,1338.0,0
79.0,-91.0,83.0,987.0,-1257.0,1374.0,0
80.0,-162.0,67.0,-356.0,-1275.0,1393.0,0
52.0,-279.0,67.0,-1613.0,-1281.0,1401.0,0
13.0,-367.0,96.0,-2709.0,-1270.0,1370.0,0
-5.0,-435.0,115.0,-3449.0,-1302.0,1339.0,0
-37.0,-474.0,124.0,-3766.0,-1361.0,1311.0,0
-52.0,-486.0,122.0,-3703.0,-1419.0,1280.0,0
-73.0,-464.0,111.0,-3401.0,-1479.0,1243.0,0
-87.0,-431.0,90.0,-2984.0,-1514.0,1230.0,0
-108.0,-390.0,63.0,-2504.0,-1504.0,1216.0,0
-131.0,-360.0,37.0,-2012.0,-1469.0,1169.0,0
-150.0,-310.0,-4.0,-1546.0,-1422.0,1095.0,0
-146.0,-282.0,-33.0,-1134.0,-1363.0,1009.0,0
-139.0,-250.0,-82.0,-761.0,-1358.0,863.0,0
-146.0,-229.0,-116.0,-472.0,-1414.0,644.0,0
-169.0,-190.0,-151.0,-247.0,-1560.0,441.0,0
-158.0,-151.0,-153.0,-82.0,-1809.0,297.0,0
-128.0,-101.0,-156.0,96.0,-2104.0,192.0,0
-76.0,-51.0,-142.0,348.0,-2351.0,123.0,0
-16.0,30.0,-127.0,682.0,-2452.0,53.0,0
49.0,100.0,-124.0,1029.0,-2357.0,-12.0,0
128.0,153.0,-105.0,1350.0,-2105.0,-74.0,0
180.0,169.0,-123.0,1608.0,-1784.0,-222.0,0
190.0,166.0,-149.0,1646.0,-1432.0,-455.0,0
150.0,143.0,-159.0,1411.0,-1088.0,-689.0,0
87.0,81.0,-162.0,949.0,-786.0,-798.0,0
62.0,24.0,-141.0,409.0,-558.0,-734.0,0
48.0,-17.0,-118.0,-2.0,-440.0,-606.0,0
38.0,-50.0,-111.0,-160.0,-397.0,-483.0,0
30.0,-59.0,-104.0,-161.0,-367.0,-370.0,0
30.0,-58.0,-99.0,-9.0,-329.0,-246.0,0
32.0,-46.0,-96.0,206.0,-267.0,-144.0,0
31.0,-29.0,-99.0,417.0,-211.0,-37.0,0
44.0,-12.0,-98.0,580.0,-177.0,24.0,0
51.0,5.0,-99.0,688.0,-177.0,35.0,0
62.0,9.0,-95.0,748.0,-199.0,3.0,0
74.0,12.0,-75.0,765.0,-233.0,-54.0,0
91.0,9.0,-65.0,746.0,-260.0,-115.0,0
95.0,9.0,-39.0,695.0,-277.0,-155.0,0
103.0,10.0,-12.0,624.0,-277.0,-179.0,0
96.0,8.0,0.0,564.0,-254.0,-201.0,0
83.0,9.0,-53.0,524.0,-227.0,-223.0,0
60.0,17.0,-145.0,414.0,-266.0,-248.0,0
24.0,18.0,-213.0,174.0,-470.0,-293.0,0
-37.0,13.0,-225.0,-140.0,-818.0,-331.0,0
-93.0,29.0,-300.0,-561.0,-1106.0,-299.0,0
-109.0,11.0,-443.0,-1217.0,-1085.0,-107.0,0
-105.0,-69.0,-516.0,-2154.0,-670.0,262.0,0
-74.0,-235.0,-413.0,-3019.0,55.0,715.0,0
-70.0,-415.0,-187.0,-3354.0,741.0,1087.0,0
-102.0,-596.0,37.0,-3163.0,1052.0,1302.0,0
-147.0,-713.0,177.0,-2672.0,909.0,1393.0,0
-224.0,-808.0,220.0,-1963.0,439.0,1392.0,0
-243.0,-822.0,140.0,-1122.0,-87.0,1422.0,0
-193.0,-841.0,-25.0,-400.0,-613.0,1402.0,0
-103.0,-819.0,-172.0,-150.0,-1152.0,1213.0,0
-11.0,-823.0,-272.0,-316.0,-1583.0,801.0,0
55.0,-848.0,-323.0,-612.0,-1590.0,256.0,0
74.0,-853.0,-293.0,-1004.0,-1011.0,-335.0,0
19.0,-795.0,-199.0,-1142.0,-212.0,-947.0,0
-40.0,-737.0,-116.0,-738.0,831.0,-1289.0,0
-74.0,-679.0,-56.0,100.0,1532.0,-1521.0,0
-80.0,-614.0,-20.0,1104.0,1799.0,-1591.0,0
-58.0,-553.0,0.0,1980.0,1758.0,-1582.0,0
-25.0,-487.0,22.0,2496.0,1563.0,-1576.0,0
-11.0,-418.0,35.0,2551.0,1322.0,-1590.0,0
-2.0,-345.0,47.0,2186.0,1108.0,-1603.0,0
0.0,-269.0,67.0,1552.0,969.0,-1557.0,0
4.0,-218.0,74.0,828.0,917.0,-1441.0,0
7.0,-183.0,78.0,140.0,943.0,-1288.0,0
22.0,-185.0,73.0,-421.0,1039.0,-1104.0,0
59.0,-241.0,60.0,-851.0,1184.0,-932.0,0
75.0,-274.0,51.0,-1191.0,1367.0,-806.0,0
93.0,-298.0,44.0,-1442.0,1585.0,-687.0,0
110.0,-307.0,38.0,-1598.0,1809.0,-571.0,0
121.0,-310.0,36.0,-1674.0,1997.0,-453.0,0
121.0,-305.0,34.0,-1668.0,2134.0,-338.0,0
114.0,-293.0,23.0,-1592.0,2214.0,-210.0,0
108.0,-285.0,2.0,-1469.0,2230.0,-67.0,0
93.0,-263.0,-24.0,-1325.0,2195.0,79.0,0
86.0,-254.0,-34.0,-1155.0,2133.0,230.0,0
81.0,-232.0,-55.0,-912.0,2062.0,350.0,0
75.0,-206.0,-68.0,-594.0,1993.0,410.0,0
71.0,-175.0,-83.0,-227.0,1938.0,393.0,0
67.0,-130.0,-90.0,174.0,1903.0,311.0,0
53.0,-86.0,-99.0,616.0,1906.0,193.0,0
23.0,-23.0,-85.0,1059.0,1897.0,88.0,0
-10.0,34.0,-82.0,1396.0,1844.0,21.0,0
-49.0,97.0,-83.0,1728.0,1754.0,31.0,0
-76.0,141.0,-93.0,1905.0,1585.0,97.0,0
-82.0,159.0,-97.0,1888.0,1385.0,224.0,0
-70.0,150.0,-104.0,1678.0,1176.0,361.0,0
-37.0,91.0,-99.0,1317.0,975.0,456.0,0
-4.0,36.0,-93.0,858.0,801.0,468.0,0
18.0,2.0,-78.0,456.0,688.0,440.0,0
38.0,-33.0,-76.0,222.0,645.0,406.0,0
45.0,-51.0,-70.0,135.0,644.0,360.0,0
42.0,-56.0,-71.0,142.0,665.0,299.0,0
40.0,-57.0,-71.0,205.0,697.0,232.0,0
36.0,-49.0,-73.0,286.0,737.0,177.0,0
33.0,-34.0,-79.0,391.0,777.0,147.0,0
12.0,-17.0,-76.0,520.0,805.0,160.0,0
-6.0,-5.0,-66.0,674.0,802.0,226.0,0
-21.0,5.0,-65.0,841.0,771.0,336.0,0
-36.0,11.0,-91.0,970.0,724.0,459.0,0
-39.0,26.0,-179.0,986.0,700.0,557.0,0
-29.0,36.0,-258.0,805.0,768.0,620.0,0
2.0,44.0,-328.0,425.0,970.0,670.0,0
65.0,37.0,-326.0,-100.0,1264.0,699.0,0
156.0,-19.0,-358.0,-617.0,1597.0,662.0,0
228.0,-116.0,-328.0,-1063.0,1897.0,520.0,0
258.0,-250.0,-181.0,-1493.0,1844.0,225.0,0
202.0,-429.0,-14.0,-1755.0,1200.0,-276.0,0
91.0,-590.0,112.0,-1798.0,197.0,-875.0,0
-1.0,-725.0,206.0,-1711.0,-645.0,-1400.0,0
-53.0,-824.0,239.0,-1533.0,-1034.0,-1701.0,0
-99.0,-898.0,190.0,-1090.0,-1006.0,-1794.0,0
-159.0,-886.0,-8.0,-517.0,-615.0,-1783.0,0
-207.0,-872.0,-287.0,-218.0,2.0,-1722.0,0
-271.0,-878.0,-470.0,-572.0,606.0,-1566.0,0
-312.0,-876.0,-488.0,-1419.0,942.0,-1216.0,0
-284.0,-834.0,-363.0,-2166.0,823.0,-662.0,0
-157.0,-777.0,-178.0,-2206.0,271.0,25.0,0
-47.0,-705.0,-68.0,-1298.0,-426.0,505.0,0
36.0,-627.0,1.0,193.0,-1029.0,695.0,0
85.0,-532.0,43.0,1817.0,-1488.0,693.0,0
100.0,-440.0,48.0,3234.0,-1754.0,641.0,0
89.0,-350.0,46.0,4187.0,-1781.0,652.0,0
75.0,-260.0,20.0,4558.0,-1643.0,766.0,0
85.0,-203.0,14.0,4316.0,-1453.0,962.0,0
110.0,-161.0,8.0,3556.0,-1289.0,1166.0,0
131.0,-128.0,17.0,2482.0,-1151.0,1330.0,0
150.0,-139.0,33.0,1310.0,-1064.0,1449.0,0
144.0,-193.0,62.0,207.0,-1033.0,1520.0,0
77.0,-299.0,83.0,-736.0,-1042.0,1522.0,0
26.0,-377.0,128.0,-1472.0,-1085.0,1493.0,0
-25.0,-433.0,152.0,-1880.0,-1197.0,1465.0,0
-91.0,-460.0,135.0,-1991.0,-1345.0,1449.0,0
-94.0,-444.0,112.0,-1896.0,-1470.0,1441.0,0
-114.0,-406.0,81.0,-1651.0,-1515.0,1421.0,0
-139.0,-360.0,36.0,-1280.0,-1506.0,1349.0,0
-160.0,-304.0,-29.0,-880.0,-1462.0,1225.0,0
-144.0,-258.0,-63.0,-581.0,-1318.0,1124.0,0
-148.0,-226.0,-82.0,-381.0,-1135.0,1010.0,0
-165.0,-194.0,-96.0,-264.0,-1029.0,848.0,0
-174.0,-171.0,-115.0,-149.0,-1022.0,646.0,0
-189.0,-149.0,-120.0,-45.0,-1085.0,482.0,0
-182.0,-114.0,-141.0,80.0,-1200.0,314.0,0
-144.0,-76.0,-131.0,248.0,-1354.0,205.0,0
-103.0,-33.0,-133.0,507.0,-1533.0,149.0,0
-29.0,28.0,-135.0,802.0,-1688.0,141.0,0
56.0,99.0,-129.0,1126.0,-1774.0,142.0,0
137.0,147.0,-127.0,1458.0,-1753.0,122.0,0
197.0,160.0,-145.0,1725.0,-1607.0,21.0,0
227.0,155.0,-154.0,1759.0,-1363.0,-177.0,0
216.0,126.0,-142.0,1541.0,-1083.0,-430.0,0
146.0,66.0,-125.0,1153.0,-818.0,-651.0,0
97.0,3.0,-81.0,688.0,-572.0,-733.0,0
68.0,-50.0,-40.0,331.0,-432.0,-693.0,0
35.0,-94.0,-17.0,163.0,-422.0,-608.0,0
20.0,-120.0,-12.0,168.0,-496.0,-511.0,0
8.0,-126.0,-19.0,294.0,-573.0,-402.0,0
-1.0,-115.0,-32.0,498.0,-595.0,-301.0,0
-3.0,-87.0,-56.0,727.0,-527.0,-206.0,0
-16.0,-58.0,-90.0,924.0,-371.0,-119.0,0
-21.0,-38.0,-115.0,1038.0,-170.0,-62.0,0
-22.0,-12.0,-140.0,1080.0,6.0,-50.0,0
-12.0,-4.0,-148.0,1065.0,92.0,-68.0,0
-2.0,-4.0,-128.0,1014.0,45.0,-107.0,0
11.0,-5.0,-94.0,969.0,-135.0,-167.0,0
23.0,-12.0,-54.0,963.0,-376.0,-248.0,0
32.0,-16.0,-19.0,1013.0,-595.0,-318.0,0
38.0,-10.0,-20.0,1089.0,-747.0,-375.0,0
35.0,7.0,-106.0,1121.0,-847.0,-421.0,0
11.0,10.0,-191.0,1024.0,-988.0,-460.0,0
-30.0,-3.0,-239.0,745.0,-1160.0,-507.0,0
-107.0,-17.0,-247.0,414.0,-1356.0,-513.0,0
-169.0,-42.0,-308.0,36.0,-1367.0,-381.0,0
-156.0,-96.0,-407.0,-577.0,-1068.0,-58.0,0
-111.0,-239.0,-284.0,-1484.0,-403.0,404.0,0
-47.0,-430.0,-5.0,-2173.0,412.0,919.0,0
-24.0,-592.0,185.0,-2396.0,918.0,1289.0,0
-39.0,-699.0,246.0,-2354.0,1012.0,1469.0,0
-79.0,-781.0,211.0,-2201.0,823.0,1546.0,0
-114.0,-827.0,112.0,-1982.0,468.0,1624.0,0
-92.0,-885.0,-112.0,-1881.0,-139.0,1706.0,0
-20.0,-905.0,-265.0,-2071.0,-907.0,1595.0,0
